{
"type": "FeatureCollection",
"name": "Demm",
"crs": { "type": "name", "properties": { "name": "urn:ogc:def:crs:OGC:1.3:CRS84" } },
"xy_coordinate_resolution": 1e-05,
"features": [
{ "type": "Feature", "properties": { "OBJECTID": 1, "gridcode": 1, "Shape_Length": 17243.889978287792, "Shape_Area": 2827633.2840510961 }, "geometry": { "type": "MultiPolygon", "coordinates": [ [ [ [ 109.26718, 13.76968 ], [ 109.26737, 13.77034 ], [ 109.26751, 13.77125 ], [ 109.26726, 13.77166 ], [ 109.26737, 13.77215 ], [ 109.26718, 13.77201 ], [ 109.26688, 13.77151 ], [ 109.26704, 13.7705 ], [ 109.26661, 13.77017 ], [ 109.26674, 13.76962 ], [ 109.26718, 13.76968 ] ] ], [ [ [ 109.26717, 13.77387 ], [ 109.26717, 13.77396 ], [ 109.26708, 13.77396 ], [ 109.26708, 13.77387 ], [ 109.26717, 13.77387 ] ] ], [ [ [ 109.28236, 13.77656 ], [ 109.28214, 13.77655 ], [ 109.282, 13.77606 ], [ 109.28355, 13.77468 ], [ 109.284, 13.77462 ], [ 109.28404, 13.77467 ], [ 109.28416, 13.77478 ], [ 109.28467, 13.77502 ], [ 109.28421, 13.77586 ], [ 109.28362, 13.77622 ], [ 109.28284, 13.77619 ], [ 109.28236, 13.77656 ] ] ], [ [ [ 109.26767, 13.77448 ], [ 109.26776, 13.77546 ], [ 109.2679, 13.77583 ], [ 109.26804, 13.77609 ], [ 109.26817, 13.77637 ], [ 109.26809, 13.77718 ], [ 109.2677, 13.77785 ], [ 109.26731, 13.77754 ], [ 109.26713, 13.77629 ], [ 109.26701, 13.77609 ], [ 109.26694, 13.77546 ], [ 109.26722, 13.775 ], [ 109.26733, 13.77462 ], [ 109.26717, 13.77405 ], [ 109.26767, 13.77448 ] ] ], [ [ [ 109.28207, 13.77801 ], [ 109.2817, 13.77817 ], [ 109.28152, 13.7778 ], [ 109.28153, 13.77755 ], [ 109.28185, 13.7775 ], [ 109.28207, 13.77801 ] ] ], [ [ [ 109.27239, 13.77752 ], [ 109.27255, 13.77856 ], [ 109.27269, 13.77911 ], [ 109.27254, 13.77964 ], [ 109.27244, 13.78164 ], [ 109.27213, 13.78202 ], [ 109.27216, 13.7825 ], [ 109.27167, 13.78316 ], [ 109.27141, 13.7837 ], [ 109.2713, 13.78488 ], [ 109.27112, 13.78585 ], [ 109.27037, 13.78668 ], [ 109.27017, 13.78685 ], [ 109.26947, 13.78694 ], [ 109.26858, 13.78619 ], [ 109.26802, 13.78523 ], [ 109.26765, 13.78386 ], [ 109.26738, 13.78327 ], [ 109.26749, 13.78316 ], [ 109.26899, 13.78238 ], [ 109.26911, 13.78155 ], [ 109.26948, 13.78104 ], [ 109.26919, 13.78049 ], [ 109.26867, 13.77974 ], [ 109.26856, 13.77944 ], [ 109.26843, 13.77885 ], [ 109.26874, 13.77876 ], [ 109.26926, 13.7782 ], [ 109.26998, 13.77776 ], [ 109.27133, 13.77736 ], [ 109.27212, 13.77695 ], [ 109.27239, 13.77752 ] ] ], [ [ [ 109.28941, 13.86175 ], [ 109.28858, 13.863 ], [ 109.28843, 13.86371 ], [ 109.28796, 13.86387 ], [ 109.28774, 13.86354 ], [ 109.2874, 13.86302 ], [ 109.28681, 13.86255 ], [ 109.28576, 13.86243 ], [ 109.28562, 13.86217 ], [ 109.28531, 13.86137 ], [ 109.28478, 13.86119 ], [ 109.28442, 13.86135 ], [ 109.28373, 13.8617 ], [ 109.28304, 13.86172 ], [ 109.28178, 13.86102 ], [ 109.28152, 13.85986 ], [ 109.28166, 13.85943 ], [ 109.28183, 13.85899 ], [ 109.28077, 13.85874 ], [ 109.28047, 13.8583 ], [ 109.28057, 13.85761 ], [ 109.28081, 13.85704 ], [ 109.28089, 13.85554 ], [ 109.28059, 13.85481 ], [ 109.2805, 13.85436 ], [ 109.28032, 13.85367 ], [ 109.28043, 13.853 ], [ 109.28113, 13.85147 ], [ 109.28145, 13.85057 ], [ 109.28176, 13.84926 ], [ 109.28218, 13.84849 ], [ 109.28232, 13.84728 ], [ 109.28306, 13.84616 ], [ 109.28352, 13.84543 ], [ 109.2839, 13.84499 ], [ 109.28418, 13.84462 ], [ 109.28474, 13.84392 ], [ 109.28452, 13.84368 ], [ 109.28401, 13.84321 ], [ 109.28417, 13.84237 ], [ 109.28429, 13.842 ], [ 109.28447, 13.84167 ], [ 109.28473, 13.84079 ], [ 109.28504, 13.84038 ], [ 109.2856, 13.83976 ], [ 109.28611, 13.83893 ], [ 109.28681, 13.83846 ], [ 109.2879, 13.83787 ], [ 109.28802, 13.83787 ], [ 109.28872, 13.83806 ], [ 109.28911, 13.83807 ], [ 109.28933, 13.83788 ], [ 109.28951, 13.83707 ], [ 109.2896, 13.83662 ], [ 109.28971, 13.83621 ], [ 109.28969, 13.83562 ], [ 109.28981, 13.83481 ], [ 109.29027, 13.83381 ], [ 109.29038, 13.83266 ], [ 109.29074, 13.83192 ], [ 109.29121, 13.83106 ], [ 109.29107, 13.83023 ], [ 109.29085, 13.83012 ], [ 109.29003, 13.82996 ], [ 109.28984, 13.82941 ], [ 109.29013, 13.8288 ], [ 109.29056, 13.82903 ], [ 109.29077, 13.82888 ], [ 109.29068, 13.8284 ], [ 109.29048, 13.82792 ], [ 109.29051, 13.82729 ], [ 109.29036, 13.82591 ], [ 109.29069, 13.82525 ], [ 109.29167, 13.8252 ], [ 109.29192, 13.8256 ], [ 109.2924, 13.82744 ], [ 109.29286, 13.82821 ], [ 109.29359, 13.82836 ], [ 109.29484, 13.82832 ], [ 109.29486, 13.82893 ], [ 109.29433, 13.82987 ], [ 109.29391, 13.83014 ], [ 109.29354, 13.83037 ], [ 109.29351, 13.83099 ], [ 109.29392, 13.83257 ], [ 109.29379, 13.83294 ], [ 109.29357, 13.83354 ], [ 109.29377, 13.83448 ], [ 109.29379, 13.83504 ], [ 109.29368, 13.83638 ], [ 109.29352, 13.83707 ], [ 109.29411, 13.83842 ], [ 109.2943, 13.83932 ], [ 109.2942, 13.83966 ], [ 109.29384, 13.84031 ], [ 109.29407, 13.84097 ], [ 109.29388, 13.84209 ], [ 109.29364, 13.84234 ], [ 109.29336, 13.84235 ], [ 109.29326, 13.84216 ], [ 109.29301, 13.84163 ], [ 109.29259, 13.84134 ], [ 109.29147, 13.84161 ], [ 109.29093, 13.84189 ], [ 109.29022, 13.84185 ], [ 109.29009, 13.84209 ], [ 109.28968, 13.84332 ], [ 109.28933, 13.84409 ], [ 109.28938, 13.84542 ], [ 109.28899, 13.8464 ], [ 109.28874, 13.84738 ], [ 109.28851, 13.84773 ], [ 109.28771, 13.8486 ], [ 109.28748, 13.84921 ], [ 109.28738, 13.84962 ], [ 109.28691, 13.85061 ], [ 109.28681, 13.85101 ], [ 109.28653, 13.85176 ], [ 109.28643, 13.85309 ], [ 109.28603, 13.85371 ], [ 109.28587, 13.85404 ], [ 109.28516, 13.85503 ], [ 109.28476, 13.85597 ], [ 109.28458, 13.85678 ], [ 109.28513, 13.85716 ], [ 109.28637, 13.85731 ], [ 109.28738, 13.85784 ], [ 109.28797, 13.85767 ], [ 109.28873, 13.85737 ], [ 109.28943, 13.85714 ], [ 109.29065, 13.85726 ], [ 109.29056, 13.85769 ], [ 109.29039, 13.8583 ], [ 109.29062, 13.85895 ], [ 109.29018, 13.85956 ], [ 109.29005, 13.85994 ], [ 109.28952, 13.86068 ], [ 109.28941, 13.86175 ] ] ] ] } },
{ "type": "Feature", "properties": { "OBJECTID": 2, "gridcode": 2, "Shape_Length": 52461.799809919539, "Shape_Area": 5692372.7854224779 }, "geometry": { "type": "MultiPolygon", "coordinates": [ [ [ [ 109.28501, 13.76417 ], [ 109.28493, 13.76461 ], [ 109.2844, 13.76472 ], [ 109.28454, 13.76394 ], [ 109.28482, 13.76387 ], [ 109.28501, 13.76417 ] ] ], [ [ [ 109.26557, 13.7659 ], [ 109.26507, 13.76582 ], [ 109.26441, 13.7653 ], [ 109.264, 13.76456 ], [ 109.26368, 13.76413 ], [ 109.26314, 13.76313 ], [ 109.26273, 13.7628 ], [ 109.26212, 13.76204 ], [ 109.26146, 13.76152 ], [ 109.2612, 13.76119 ], [ 109.2605, 13.7609 ], [ 109.26036, 13.76072 ], [ 109.26048, 13.76041 ], [ 109.26057, 13.76003 ], [ 109.26062, 13.7599 ], [ 109.26095, 13.75995 ], [ 109.26149, 13.76041 ], [ 109.26184, 13.7605 ], [ 109.26289, 13.76028 ], [ 109.26354, 13.76034 ], [ 109.26389, 13.76068 ], [ 109.2637, 13.7615 ], [ 109.26361, 13.76223 ], [ 109.26419, 13.76354 ], [ 109.26445, 13.76466 ], [ 109.2651, 13.76522 ], [ 109.26557, 13.7659 ] ] ], [ [ [ 109.26557, 13.7659 ], [ 109.26566, 13.76591 ], [ 109.26566, 13.766 ], [ 109.26557, 13.76599 ], [ 109.26557, 13.7659 ] ] ], [ [ [ 109.28483, 13.7679 ], [ 109.28503, 13.76806 ], [ 109.28526, 13.76833 ], [ 109.28519, 13.76909 ], [ 109.28463, 13.76942 ], [ 109.28431, 13.76964 ], [ 109.28371, 13.77045 ], [ 109.28359, 13.77098 ], [ 109.28319, 13.77095 ], [ 109.28326, 13.77016 ], [ 109.28368, 13.76921 ], [ 109.28409, 13.7687 ], [ 109.28433, 13.7681 ], [ 109.28479, 13.76785 ], [ 109.28483, 13.7679 ] ] ], [ [ [ 109.2915, 13.77677 ], [ 109.29122, 13.77745 ], [ 109.29068, 13.7776 ], [ 109.29013, 13.77727 ], [ 109.29004, 13.77708 ], [ 109.29089, 13.77652 ], [ 109.29138, 13.77648 ], [ 109.2915, 13.77677 ] ] ], [ [ [ 109.28438, 13.77849 ], [ 109.28336, 13.7799 ], [ 109.28326, 13.78018 ], [ 109.28354, 13.78044 ], [ 109.28363, 13.78064 ], [ 109.28335, 13.78116 ], [ 109.2832, 13.78226 ], [ 109.28296, 13.78271 ], [ 109.28222, 13.78324 ], [ 109.28194, 13.7836 ], [ 109.28137, 13.78424 ], [ 109.28075, 13.78463 ], [ 109.28035, 13.78542 ], [ 109.2798, 13.78593 ], [ 109.27944, 13.78629 ], [ 109.27889, 13.78639 ], [ 109.27814, 13.78637 ], [ 109.27777, 13.78572 ], [ 109.27797, 13.78479 ], [ 109.27844, 13.78419 ], [ 109.27871, 13.78367 ], [ 109.279, 13.7832 ], [ 109.27899, 13.78249 ], [ 109.279, 13.78205 ], [ 109.27881, 13.78159 ], [ 109.27872, 13.78135 ], [ 109.27909, 13.78048 ], [ 109.27846, 13.77988 ], [ 109.27837, 13.77967 ], [ 109.27884, 13.7788 ], [ 109.27959, 13.77795 ], [ 109.27977, 13.77742 ], [ 109.27996, 13.77708 ], [ 109.28006, 13.77688 ], [ 109.28005, 13.77638 ], [ 109.28052, 13.77582 ], [ 109.28104, 13.77515 ], [ 109.28173, 13.77465 ], [ 109.28212, 13.77437 ], [ 109.28248, 13.77384 ], [ 109.28285, 13.77339 ], [ 109.28295, 13.77294 ], [ 109.28315, 13.77246 ], [ 109.28332, 13.77195 ], [ 109.28358, 13.77134 ], [ 109.28393, 13.77128 ], [ 109.28397, 13.77132 ], [ 109.28463, 13.77164 ], [ 109.2848, 13.77193 ], [ 109.28444, 13.77312 ], [ 109.28561, 13.77324 ], [ 109.28624, 13.77374 ], [ 109.28655, 13.77454 ], [ 109.28654, 13.77523 ], [ 109.28598, 13.77594 ], [ 109.28588, 13.77614 ], [ 109.28588, 13.77644 ], [ 109.28588, 13.77665 ], [ 109.28522, 13.7774 ], [ 109.28476, 13.77783 ], [ 109.28466, 13.77794 ], [ 109.28438, 13.77849 ] ], [ [ 109.28153, 13.77755 ], [ 109.28152, 13.7778 ], [ 109.2817, 13.77817 ], [ 109.28207, 13.77801 ], [ 109.28185, 13.7775 ], [ 109.28153, 13.77755 ] ], [ [ 109.28355, 13.77468 ], [ 109.282, 13.77606 ], [ 109.28214, 13.77655 ], [ 109.28236, 13.77656 ], [ 109.28284, 13.77619 ], [ 109.28362, 13.77622 ], [ 109.28421, 13.77586 ], [ 109.28467, 13.77502 ], [ 109.28416, 13.77478 ], [ 109.28404, 13.77467 ], [ 109.284, 13.77462 ], [ 109.28355, 13.77468 ] ] ], [ [ [ 109.27118, 13.78763 ], [ 109.27057, 13.78805 ], [ 109.27035, 13.78894 ], [ 109.27008, 13.78903 ], [ 109.26924, 13.78866 ], [ 109.26854, 13.78839 ], [ 109.26757, 13.78799 ], [ 109.26712, 13.78768 ], [ 109.26703, 13.78639 ], [ 109.26643, 13.78569 ], [ 109.26631, 13.78529 ], [ 109.26598, 13.7844 ], [ 109.26562, 13.78407 ], [ 109.2657, 13.78379 ], [ 109.26603, 13.78366 ], [ 109.26659, 13.78357 ], [ 109.26738, 13.78327 ], [ 109.26765, 13.78386 ], [ 109.26802, 13.78523 ], [ 109.26858, 13.78619 ], [ 109.26947, 13.78694 ], [ 109.27017, 13.78685 ], [ 109.27037, 13.78668 ], [ 109.27112, 13.78585 ], [ 109.2713, 13.78488 ], [ 109.27141, 13.7837 ], [ 109.27167, 13.78316 ], [ 109.27216, 13.7825 ], [ 109.27213, 13.78202 ], [ 109.27244, 13.78164 ], [ 109.27254, 13.77964 ], [ 109.27269, 13.77911 ], [ 109.27255, 13.77856 ], [ 109.27239, 13.77752 ], [ 109.27212, 13.77695 ], [ 109.27133, 13.77736 ], [ 109.26998, 13.77776 ], [ 109.26926, 13.7782 ], [ 109.26874, 13.77876 ], [ 109.26843, 13.77885 ], [ 109.26828, 13.77835 ], [ 109.2677, 13.77785 ], [ 109.26809, 13.77718 ], [ 109.26817, 13.77637 ], [ 109.26804, 13.77609 ], [ 109.2679, 13.77583 ], [ 109.26776, 13.77546 ], [ 109.26767, 13.77448 ], [ 109.26717, 13.77405 ], [ 109.26717, 13.77396 ], [ 109.26717, 13.77387 ], [ 109.26708, 13.77387 ], [ 109.26713, 13.77291 ], [ 109.26732, 13.77246 ], [ 109.26737, 13.77215 ], [ 109.26726, 13.77166 ], [ 109.26751, 13.77125 ], [ 109.26737, 13.77034 ], [ 109.26718, 13.76968 ], [ 109.26674, 13.76962 ], [ 109.26729, 13.76872 ], [ 109.26773, 13.76776 ], [ 109.26764, 13.7675 ], [ 109.26732, 13.767 ], [ 109.2677, 13.76687 ], [ 109.26857, 13.76679 ], [ 109.26928, 13.76664 ], [ 109.27013, 13.7662 ], [ 109.27075, 13.76608 ], [ 109.27094, 13.76648 ], [ 109.27041, 13.76761 ], [ 109.27022, 13.76824 ], [ 109.27005, 13.76872 ], [ 109.27014, 13.77043 ], [ 109.27031, 13.77251 ], [ 109.27025, 13.77344 ], [ 109.27027, 13.77394 ], [ 109.27023, 13.77451 ], [ 109.26993, 13.77578 ], [ 109.27008, 13.77649 ], [ 109.27047, 13.77665 ], [ 109.27104, 13.77645 ], [ 109.27158, 13.77609 ], [ 109.27253, 13.77567 ], [ 109.27325, 13.77587 ], [ 109.27367, 13.77658 ], [ 109.27416, 13.77738 ], [ 109.27433, 13.77845 ], [ 109.27429, 13.77902 ], [ 109.27388, 13.78049 ], [ 109.27394, 13.78164 ], [ 109.27381, 13.78218 ], [ 109.27371, 13.7828 ], [ 109.27328, 13.78395 ], [ 109.27262, 13.78436 ], [ 109.2723, 13.78501 ], [ 109.27212, 13.78661 ], [ 109.27201, 13.78691 ], [ 109.27118, 13.78763 ] ] ], [ [ [ 109.26267, 13.78952 ], [ 109.26243, 13.78956 ], [ 109.26254, 13.78884 ], [ 109.26283, 13.78854 ], [ 109.26338, 13.78823 ], [ 109.26351, 13.78799 ], [ 109.2636, 13.78726 ], [ 109.26398, 13.7868 ], [ 109.2641, 13.78468 ], [ 109.2645, 13.78461 ], [ 109.26463, 13.78552 ], [ 109.26521, 13.78678 ], [ 109.26536, 13.7875 ], [ 109.26516, 13.78841 ], [ 109.26446, 13.78923 ], [ 109.26393, 13.78935 ], [ 109.26318, 13.78932 ], [ 109.26267, 13.78952 ] ] ], [ [ [ 109.28659, 13.79235 ], [ 109.28603, 13.79311 ], [ 109.28575, 13.79355 ], [ 109.28543, 13.79424 ], [ 109.28487, 13.79448 ], [ 109.28455, 13.79445 ], [ 109.28406, 13.79317 ], [ 109.28414, 13.79234 ], [ 109.28431, 13.79188 ], [ 109.28461, 13.7918 ], [ 109.28474, 13.79194 ], [ 109.28499, 13.79216 ], [ 109.28641, 13.79206 ], [ 109.28659, 13.79235 ] ] ], [ [ [ 109.28254, 13.80232 ], [ 109.28259, 13.80272 ], [ 109.28225, 13.80285 ], [ 109.282, 13.80233 ], [ 109.2825, 13.80227 ], [ 109.28254, 13.80232 ] ] ], [ [ [ 109.28409, 13.80595 ], [ 109.28419, 13.80602 ], [ 109.28463, 13.80682 ], [ 109.28452, 13.80751 ], [ 109.28418, 13.80765 ], [ 109.28379, 13.80736 ], [ 109.28348, 13.8066 ], [ 109.28356, 13.80608 ], [ 109.28405, 13.80589 ], [ 109.28409, 13.80595 ] ] ], [ [ [ 109.28753, 13.81971 ], [ 109.28741, 13.82097 ], [ 109.28714, 13.82184 ], [ 109.28673, 13.82195 ], [ 109.28648, 13.82165 ], [ 109.28675, 13.82092 ], [ 109.28699, 13.81986 ], [ 109.2873, 13.81932 ], [ 109.28769, 13.81878 ], [ 109.28781, 13.81818 ], [ 109.28812, 13.81812 ], [ 109.28835, 13.81844 ], [ 109.28848, 13.81872 ], [ 109.28892, 13.819 ], [ 109.28915, 13.81925 ], [ 109.28926, 13.82004 ], [ 109.28899, 13.82043 ], [ 109.28812, 13.81968 ], [ 109.28753, 13.81971 ] ] ], [ [ [ 109.29149, 13.86393 ], [ 109.29134, 13.86447 ], [ 109.29125, 13.86501 ], [ 109.29115, 13.86548 ], [ 109.29116, 13.8664 ], [ 109.29095, 13.86709 ], [ 109.29081, 13.86749 ], [ 109.29058, 13.86817 ], [ 109.28936, 13.87006 ], [ 109.2888, 13.87073 ], [ 109.28844, 13.87159 ], [ 109.28806, 13.87159 ], [ 109.28787, 13.87141 ], [ 109.28778, 13.87059 ], [ 109.28751, 13.86996 ], [ 109.28724, 13.86905 ], [ 109.28697, 13.86826 ], [ 109.28687, 13.86685 ], [ 109.28689, 13.86617 ], [ 109.28675, 13.86588 ], [ 109.28652, 13.86544 ], [ 109.28641, 13.86461 ], [ 109.28542, 13.86407 ], [ 109.28471, 13.86307 ], [ 109.28416, 13.86305 ], [ 109.28376, 13.86324 ], [ 109.28286, 13.86368 ], [ 109.28199, 13.86382 ], [ 109.28129, 13.86436 ], [ 109.2799, 13.86404 ], [ 109.27968, 13.86466 ], [ 109.27922, 13.86509 ], [ 109.27931, 13.86538 ], [ 109.27977, 13.86592 ], [ 109.27995, 13.8662 ], [ 109.28097, 13.86631 ], [ 109.28087, 13.86684 ], [ 109.28059, 13.8675 ], [ 109.28092, 13.8676 ], [ 109.28158, 13.86739 ], [ 109.28176, 13.86794 ], [ 109.28133, 13.86837 ], [ 109.28089, 13.86838 ], [ 109.28044, 13.86824 ], [ 109.28013, 13.86792 ], [ 109.27971, 13.8681 ], [ 109.2793, 13.86871 ], [ 109.27858, 13.86918 ], [ 109.27747, 13.86915 ], [ 109.27701, 13.86926 ], [ 109.2766, 13.86916 ], [ 109.27609, 13.86903 ], [ 109.27551, 13.86843 ], [ 109.27526, 13.86853 ], [ 109.27482, 13.86875 ], [ 109.27456, 13.86851 ], [ 109.27458, 13.86761 ], [ 109.27421, 13.86733 ], [ 109.27385, 13.86721 ], [ 109.27375, 13.8666 ], [ 109.2732, 13.86571 ], [ 109.2732, 13.86528 ], [ 109.27331, 13.86465 ], [ 109.2733, 13.8638 ], [ 109.27365, 13.86316 ], [ 109.27335, 13.86229 ], [ 109.2735, 13.86199 ], [ 109.2736, 13.86181 ], [ 109.27388, 13.86109 ], [ 109.27415, 13.86045 ], [ 109.27428, 13.8597 ], [ 109.27528, 13.85939 ], [ 109.27539, 13.85908 ], [ 109.27527, 13.85849 ], [ 109.2753, 13.85742 ], [ 109.27495, 13.85622 ], [ 109.2747, 13.85622 ], [ 109.2743, 13.85622 ], [ 109.2742, 13.85612 ], [ 109.274, 13.85582 ], [ 109.27338, 13.85523 ], [ 109.27312, 13.85446 ], [ 109.27283, 13.85373 ], [ 109.27297, 13.85285 ], [ 109.27338, 13.85224 ], [ 109.27405, 13.85151 ], [ 109.27451, 13.85061 ], [ 109.27515, 13.85001 ], [ 109.27554, 13.84939 ], [ 109.27618, 13.84918 ], [ 109.27652, 13.84947 ], [ 109.27637, 13.85017 ], [ 109.27627, 13.8509 ], [ 109.2759, 13.85143 ], [ 109.27579, 13.85214 ], [ 109.27648, 13.85298 ], [ 109.2767, 13.8527 ], [ 109.27682, 13.85216 ], [ 109.27745, 13.85146 ], [ 109.2776, 13.85073 ], [ 109.27812, 13.85101 ], [ 109.27887, 13.85172 ], [ 109.27914, 13.8524 ], [ 109.27932, 13.85191 ], [ 109.27943, 13.85148 ], [ 109.27985, 13.85087 ], [ 109.27998, 13.85019 ], [ 109.27997, 13.84968 ], [ 109.2801, 13.84929 ], [ 109.28054, 13.84868 ], [ 109.28055, 13.84835 ], [ 109.28054, 13.84786 ], [ 109.28109, 13.84716 ], [ 109.28139, 13.84661 ], [ 109.28156, 13.84565 ], [ 109.28205, 13.84481 ], [ 109.28255, 13.84421 ], [ 109.28274, 13.8435 ], [ 109.28299, 13.8429 ], [ 109.28311, 13.84151 ], [ 109.28337, 13.84101 ], [ 109.28354, 13.84007 ], [ 109.28366, 13.83983 ], [ 109.28403, 13.83938 ], [ 109.28422, 13.83911 ], [ 109.28482, 13.83844 ], [ 109.28517, 13.83758 ], [ 109.28571, 13.83693 ], [ 109.28562, 13.83644 ], [ 109.28489, 13.83615 ], [ 109.28507, 13.8356 ], [ 109.28554, 13.83541 ], [ 109.28619, 13.8353 ], [ 109.28608, 13.83445 ], [ 109.2851, 13.83328 ], [ 109.28521, 13.83279 ], [ 109.28555, 13.83279 ], [ 109.28671, 13.8333 ], [ 109.28685, 13.83371 ], [ 109.287, 13.83416 ], [ 109.28747, 13.83417 ], [ 109.28786, 13.83399 ], [ 109.28815, 13.83354 ], [ 109.28825, 13.832 ], [ 109.28836, 13.8317 ], [ 109.28834, 13.8306 ], [ 109.28837, 13.82958 ], [ 109.28815, 13.82895 ], [ 109.28828, 13.82839 ], [ 109.28837, 13.82757 ], [ 109.28853, 13.82698 ], [ 109.28838, 13.82667 ], [ 109.28785, 13.82579 ], [ 109.28783, 13.82433 ], [ 109.28832, 13.82397 ], [ 109.28916, 13.82386 ], [ 109.28969, 13.82361 ], [ 109.28997, 13.82333 ], [ 109.2904, 13.82293 ], [ 109.29099, 13.82235 ], [ 109.29151, 13.82231 ], [ 109.29174, 13.82262 ], [ 109.29192, 13.82316 ], [ 109.29236, 13.82339 ], [ 109.29329, 13.82355 ], [ 109.29392, 13.82324 ], [ 109.29432, 13.82362 ], [ 109.29442, 13.82413 ], [ 109.29438, 13.82545 ], [ 109.29449, 13.82599 ], [ 109.29463, 13.82669 ], [ 109.29499, 13.82687 ], [ 109.2959, 13.82702 ], [ 109.29667, 13.82775 ], [ 109.29687, 13.82815 ], [ 109.29655, 13.82892 ], [ 109.29632, 13.82925 ], [ 109.29594, 13.82988 ], [ 109.29558, 13.83046 ], [ 109.29547, 13.8316 ], [ 109.29532, 13.83202 ], [ 109.29555, 13.83294 ], [ 109.29543, 13.83372 ], [ 109.29495, 13.83462 ], [ 109.29475, 13.8359 ], [ 109.29504, 13.83679 ], [ 109.29528, 13.83729 ], [ 109.29666, 13.83846 ], [ 109.29717, 13.83961 ], [ 109.29699, 13.84004 ], [ 109.2967, 13.84047 ], [ 109.29619, 13.84119 ], [ 109.29583, 13.84239 ], [ 109.29558, 13.84288 ], [ 109.29507, 13.84369 ], [ 109.29477, 13.84458 ], [ 109.29421, 13.8451 ], [ 109.29362, 13.84568 ], [ 109.29317, 13.84569 ], [ 109.29278, 13.84559 ], [ 109.29161, 13.84548 ], [ 109.2909, 13.84494 ], [ 109.29052, 13.84593 ], [ 109.29036, 13.84702 ], [ 109.29007, 13.84767 ], [ 109.2898, 13.84845 ], [ 109.28966, 13.8486 ], [ 109.28906, 13.84914 ], [ 109.28882, 13.84971 ], [ 109.28858, 13.85053 ], [ 109.28847, 13.85173 ], [ 109.28795, 13.85269 ], [ 109.2878, 13.8537 ], [ 109.28763, 13.85387 ], [ 109.28704, 13.85429 ], [ 109.28632, 13.85563 ], [ 109.28631, 13.85602 ], [ 109.28665, 13.85625 ], [ 109.28761, 13.85664 ], [ 109.28881, 13.85632 ], [ 109.2901, 13.85594 ], [ 109.29136, 13.85577 ], [ 109.29188, 13.85561 ], [ 109.2926, 13.85526 ], [ 109.29326, 13.85564 ], [ 109.29316, 13.85599 ], [ 109.2925, 13.85744 ], [ 109.29259, 13.85788 ], [ 109.29276, 13.85855 ], [ 109.29252, 13.85949 ], [ 109.29109, 13.86081 ], [ 109.29108, 13.86125 ], [ 109.29123, 13.86221 ], [ 109.29145, 13.86284 ], [ 109.29133, 13.86329 ], [ 109.29149, 13.86393 ] ], [ [ 109.28774, 13.86354 ], [ 109.28796, 13.86387 ], [ 109.28843, 13.86371 ], [ 109.28858, 13.863 ], [ 109.28941, 13.86175 ], [ 109.28952, 13.86068 ], [ 109.29005, 13.85994 ], [ 109.29018, 13.85956 ], [ 109.29062, 13.85895 ], [ 109.29039, 13.8583 ], [ 109.29056, 13.85769 ], [ 109.29065, 13.85726 ], [ 109.28943, 13.85714 ], [ 109.28873, 13.85737 ], [ 109.28797, 13.85767 ], [ 109.28738, 13.85784 ], [ 109.28637, 13.85731 ], [ 109.28513, 13.85716 ], [ 109.28458, 13.85678 ], [ 109.28476, 13.85597 ], [ 109.28516, 13.85503 ], [ 109.28587, 13.85404 ], [ 109.28603, 13.85371 ], [ 109.28643, 13.85309 ], [ 109.28653, 13.85176 ], [ 109.28681, 13.85101 ], [ 109.28691, 13.85061 ], [ 109.28738, 13.84962 ], [ 109.28748, 13.84921 ], [ 109.28771, 13.8486 ], [ 109.28851, 13.84773 ], [ 109.28874, 13.84738 ], [ 109.28899, 13.8464 ], [ 109.28938, 13.84542 ], [ 109.28933, 13.84409 ], [ 109.28968, 13.84332 ], [ 109.29009, 13.84209 ], [ 109.29022, 13.84185 ], [ 109.29093, 13.84189 ], [ 109.29147, 13.84161 ], [ 109.29259, 13.84134 ], [ 109.29301, 13.84163 ], [ 109.29326, 13.84216 ], [ 109.29336, 13.84235 ], [ 109.29364, 13.84234 ], [ 109.29388, 13.84209 ], [ 109.29407, 13.84097 ], [ 109.29384, 13.84031 ], [ 109.2942, 13.83966 ], [ 109.2943, 13.83932 ], [ 109.29411, 13.83842 ], [ 109.29352, 13.83707 ], [ 109.29368, 13.83638 ], [ 109.29379, 13.83504 ], [ 109.29377, 13.83448 ], [ 109.29357, 13.83354 ], [ 109.29379, 13.83294 ], [ 109.29392, 13.83257 ], [ 109.29351, 13.83099 ], [ 109.29354, 13.83037 ], [ 109.29391, 13.83014 ], [ 109.29433, 13.82987 ], [ 109.29486, 13.82893 ], [ 109.29484, 13.82832 ], [ 109.29359, 13.82836 ], [ 109.29286, 13.82821 ], [ 109.2924, 13.82744 ], [ 109.29192, 13.8256 ], [ 109.29167, 13.8252 ], [ 109.29069, 13.82525 ], [ 109.29036, 13.82591 ], [ 109.29051, 13.82729 ], [ 109.29048, 13.82792 ], [ 109.29068, 13.8284 ], [ 109.29077, 13.82888 ], [ 109.29056, 13.82903 ], [ 109.29013, 13.8288 ], [ 109.28984, 13.82941 ], [ 109.29003, 13.82996 ], [ 109.29085, 13.83012 ], [ 109.29107, 13.83023 ], [ 109.29121, 13.83106 ], [ 109.29074, 13.83192 ], [ 109.29038, 13.83266 ], [ 109.29027, 13.83381 ], [ 109.28981, 13.83481 ], [ 109.28969, 13.83562 ], [ 109.28971, 13.83621 ], [ 109.2896, 13.83662 ], [ 109.28951, 13.83707 ], [ 109.28933, 13.83788 ], [ 109.28911, 13.83807 ], [ 109.28872, 13.83806 ], [ 109.28802, 13.83787 ], [ 109.2879, 13.83787 ], [ 109.28681, 13.83846 ], [ 109.28611, 13.83893 ], [ 109.2856, 13.83976 ], [ 109.28504, 13.84038 ], [ 109.28473, 13.84079 ], [ 109.28447, 13.84167 ], [ 109.28429, 13.842 ], [ 109.28417, 13.84237 ], [ 109.28401, 13.84321 ], [ 109.28452, 13.84368 ], [ 109.28474, 13.84392 ], [ 109.28418, 13.84462 ], [ 109.2839, 13.84499 ], [ 109.28352, 13.84543 ], [ 109.28306, 13.84616 ], [ 109.28232, 13.84728 ], [ 109.28218, 13.84849 ], [ 109.28176, 13.84926 ], [ 109.28145, 13.85057 ], [ 109.28113, 13.85147 ], [ 109.28043, 13.853 ], [ 109.28032, 13.85367 ], [ 109.2805, 13.85436 ], [ 109.28059, 13.85481 ], [ 109.28089, 13.85554 ], [ 109.28081, 13.85704 ], [ 109.28057, 13.85761 ], [ 109.28047, 13.8583 ], [ 109.28077, 13.85874 ], [ 109.28183, 13.85899 ], [ 109.28166, 13.85943 ], [ 109.28152, 13.85986 ], [ 109.28178, 13.86102 ], [ 109.28304, 13.86172 ], [ 109.28373, 13.8617 ], [ 109.28442, 13.86135 ], [ 109.28478, 13.86119 ], [ 109.28531, 13.86137 ], [ 109.28562, 13.86217 ], [ 109.28576, 13.86243 ], [ 109.28681, 13.86255 ], [ 109.2874, 13.86302 ], [ 109.28774, 13.86354 ] ] ] ] } },
{ "type": "Feature", "properties": { "OBJECTID": 3, "gridcode": 3, "Shape_Length": 83816.305441884731, "Shape_Area": 8878188.564025268 }, "geometry": { "type": "MultiPolygon", "coordinates": [ [ [ [ 109.26326, 13.79064 ], [ 109.26256, 13.79182 ], [ 109.26204, 13.79209 ], [ 109.26209, 13.7915 ], [ 109.2622, 13.79097 ], [ 109.26234, 13.78981 ], [ 109.26243, 13.78956 ], [ 109.26267, 13.78952 ], [ 109.26318, 13.78932 ], [ 109.26393, 13.78935 ], [ 109.26446, 13.78923 ], [ 109.26516, 13.78841 ], [ 109.26536, 13.7875 ], [ 109.26521, 13.78678 ], [ 109.26463, 13.78552 ], [ 109.2645, 13.78461 ], [ 109.26524, 13.78449 ], [ 109.26551, 13.78415 ], [ 109.26562, 13.78407 ], [ 109.26598, 13.7844 ], [ 109.26631, 13.78529 ], [ 109.26643, 13.78569 ], [ 109.26703, 13.78639 ], [ 109.26712, 13.78768 ], [ 109.26757, 13.78799 ], [ 109.26854, 13.78839 ], [ 109.26924, 13.78866 ], [ 109.27008, 13.78903 ], [ 109.27035, 13.78894 ], [ 109.27057, 13.78805 ], [ 109.27118, 13.78763 ], [ 109.27201, 13.78691 ], [ 109.27212, 13.78661 ], [ 109.2723, 13.78501 ], [ 109.27262, 13.78436 ], [ 109.27328, 13.78395 ], [ 109.27371, 13.7828 ], [ 109.27381, 13.78218 ], [ 109.27394, 13.78164 ], [ 109.27388, 13.78049 ], [ 109.27429, 13.77902 ], [ 109.27433, 13.77845 ], [ 109.27416, 13.77738 ], [ 109.27367, 13.77658 ], [ 109.27325, 13.77587 ], [ 109.27253, 13.77567 ], [ 109.27158, 13.77609 ], [ 109.27104, 13.77645 ], [ 109.27047, 13.77665 ], [ 109.27008, 13.77649 ], [ 109.26993, 13.77578 ], [ 109.27023, 13.77451 ], [ 109.27027, 13.77394 ], [ 109.27025, 13.77344 ], [ 109.27031, 13.77251 ], [ 109.27014, 13.77043 ], [ 109.27005, 13.76872 ], [ 109.27022, 13.76824 ], [ 109.27041, 13.76761 ], [ 109.27094, 13.76648 ], [ 109.27075, 13.76608 ], [ 109.27013, 13.7662 ], [ 109.26928, 13.76664 ], [ 109.26857, 13.76679 ], [ 109.2677, 13.76687 ], [ 109.26732, 13.767 ], [ 109.26694, 13.76672 ], [ 109.26634, 13.7665 ], [ 109.26566, 13.766 ], [ 109.26566, 13.76591 ], [ 109.26557, 13.7659 ], [ 109.2651, 13.76522 ], [ 109.26445, 13.76466 ], [ 109.26419, 13.76354 ], [ 109.26361, 13.76223 ], [ 109.2637, 13.7615 ], [ 109.26389, 13.76068 ], [ 109.26354, 13.76034 ], [ 109.26289, 13.76028 ], [ 109.26184, 13.7605 ], [ 109.26149, 13.76041 ], [ 109.26095, 13.75995 ], [ 109.26062, 13.7599 ], [ 109.26057, 13.75951 ], [ 109.26023, 13.75904 ], [ 109.26017, 13.75855 ], [ 109.26049, 13.75859 ], [ 109.26116, 13.75879 ], [ 109.26229, 13.75877 ], [ 109.26311, 13.75898 ], [ 109.26405, 13.75897 ], [ 109.26506, 13.75941 ], [ 109.26621, 13.75913 ], [ 109.26668, 13.75925 ], [ 109.26629, 13.7601 ], [ 109.26558, 13.76111 ], [ 109.26542, 13.76237 ], [ 109.26554, 13.76288 ], [ 109.26564, 13.7638 ], [ 109.26603, 13.76437 ], [ 109.26728, 13.76524 ], [ 109.2679, 13.76575 ], [ 109.26868, 13.76588 ], [ 109.26926, 13.76559 ], [ 109.27012, 13.76503 ], [ 109.27056, 13.76459 ], [ 109.27072, 13.76397 ], [ 109.27091, 13.76345 ], [ 109.27147, 13.76346 ], [ 109.27202, 13.76383 ], [ 109.27246, 13.7645 ], [ 109.27227, 13.76636 ], [ 109.27212, 13.77077 ], [ 109.27214, 13.77196 ], [ 109.27213, 13.77217 ], [ 109.27175, 13.77322 ], [ 109.27165, 13.77361 ], [ 109.27128, 13.77465 ], [ 109.27128, 13.77484 ], [ 109.27341, 13.77495 ], [ 109.27372, 13.77516 ], [ 109.27416, 13.7759 ], [ 109.27455, 13.77646 ], [ 109.27523, 13.77786 ], [ 109.27569, 13.77831 ], [ 109.27581, 13.77854 ], [ 109.27596, 13.77946 ], [ 109.27553, 13.78002 ], [ 109.27531, 13.78066 ], [ 109.27521, 13.78093 ], [ 109.27507, 13.78147 ], [ 109.27493, 13.78201 ], [ 109.27483, 13.78256 ], [ 109.27454, 13.78362 ], [ 109.27407, 13.78463 ], [ 109.27395, 13.78524 ], [ 109.27357, 13.78594 ], [ 109.27341, 13.7867 ], [ 109.27321, 13.78757 ], [ 109.27281, 13.78821 ], [ 109.27229, 13.78933 ], [ 109.27265, 13.79004 ], [ 109.27264, 13.79041 ], [ 109.27236, 13.7904 ], [ 109.27219, 13.78986 ], [ 109.27194, 13.78977 ], [ 109.27073, 13.79065 ], [ 109.27004, 13.79047 ], [ 109.26931, 13.78998 ], [ 109.26803, 13.78929 ], [ 109.26739, 13.78892 ], [ 109.26672, 13.78855 ], [ 109.26627, 13.78855 ], [ 109.26583, 13.78964 ], [ 109.26505, 13.79036 ], [ 109.26447, 13.79054 ], [ 109.26387, 13.79052 ], [ 109.26326, 13.79064 ] ] ], [ [ [ 109.28538, 13.80806 ], [ 109.28537, 13.80844 ], [ 109.28392, 13.80883 ], [ 109.28363, 13.80882 ], [ 109.28262, 13.80794 ], [ 109.28209, 13.80781 ], [ 109.28125, 13.80733 ], [ 109.28085, 13.80626 ], [ 109.28049, 13.80558 ], [ 109.2804, 13.80521 ], [ 109.28079, 13.80435 ], [ 109.28077, 13.80298 ], [ 109.28082, 13.80126 ], [ 109.28108, 13.80078 ], [ 109.28117, 13.80022 ], [ 109.28184, 13.79878 ], [ 109.2824, 13.7986 ], [ 109.28275, 13.79825 ], [ 109.28286, 13.7968 ], [ 109.28297, 13.79622 ], [ 109.28296, 13.79579 ], [ 109.28232, 13.79518 ], [ 109.28195, 13.7948 ], [ 109.28196, 13.79452 ], [ 109.28215, 13.79379 ], [ 109.28234, 13.79271 ], [ 109.28271, 13.79202 ], [ 109.28281, 13.79144 ], [ 109.28304, 13.79061 ], [ 109.28338, 13.7903 ], [ 109.28357, 13.79001 ], [ 109.28356, 13.78956 ], [ 109.28313, 13.78915 ], [ 109.28302, 13.78857 ], [ 109.28369, 13.7875 ], [ 109.284, 13.78674 ], [ 109.28443, 13.78613 ], [ 109.28476, 13.78549 ], [ 109.28494, 13.78478 ], [ 109.28555, 13.78444 ], [ 109.28592, 13.78416 ], [ 109.2863, 13.78341 ], [ 109.28629, 13.78251 ], [ 109.28658, 13.78182 ], [ 109.28677, 13.78137 ], [ 109.28697, 13.7809 ], [ 109.28752, 13.78011 ], [ 109.2878, 13.77928 ], [ 109.28762, 13.77857 ], [ 109.2873, 13.77858 ], [ 109.28684, 13.77932 ], [ 109.28544, 13.78099 ], [ 109.2852, 13.78172 ], [ 109.28488, 13.78259 ], [ 109.28472, 13.78291 ], [ 109.28431, 13.78328 ], [ 109.28374, 13.7842 ], [ 109.28299, 13.78463 ], [ 109.28267, 13.78514 ], [ 109.28239, 13.7855 ], [ 109.28174, 13.7864 ], [ 109.28122, 13.787 ], [ 109.28108, 13.78766 ], [ 109.28098, 13.78794 ], [ 109.2799, 13.78845 ], [ 109.27922, 13.78899 ], [ 109.27877, 13.78988 ], [ 109.27856, 13.79018 ], [ 109.278, 13.79017 ], [ 109.2776, 13.78935 ], [ 109.27775, 13.78851 ], [ 109.27774, 13.78786 ], [ 109.27757, 13.78698 ], [ 109.27697, 13.78642 ], [ 109.27673, 13.78617 ], [ 109.27675, 13.78553 ], [ 109.27694, 13.78483 ], [ 109.27704, 13.78447 ], [ 109.27732, 13.7834 ], [ 109.27731, 13.78241 ], [ 109.27681, 13.78208 ], [ 109.27659, 13.78174 ], [ 109.27679, 13.781 ], [ 109.27707, 13.77969 ], [ 109.27726, 13.77915 ], [ 109.27737, 13.77815 ], [ 109.27774, 13.77732 ], [ 109.27773, 13.77644 ], [ 109.27817, 13.77581 ], [ 109.27993, 13.77392 ], [ 109.28063, 13.77383 ], [ 109.28092, 13.77364 ], [ 109.28138, 13.77273 ], [ 109.2811, 13.77221 ], [ 109.28101, 13.77182 ], [ 109.2813, 13.77102 ], [ 109.2813, 13.77058 ], [ 109.2813, 13.77036 ], [ 109.28214, 13.76879 ], [ 109.28237, 13.76651 ], [ 109.28254, 13.76589 ], [ 109.28263, 13.76489 ], [ 109.28273, 13.76462 ], [ 109.28299, 13.76386 ], [ 109.28366, 13.76239 ], [ 109.28405, 13.76182 ], [ 109.28483, 13.76133 ], [ 109.28519, 13.7608 ], [ 109.28535, 13.76003 ], [ 109.28554, 13.75922 ], [ 109.28566, 13.75846 ], [ 109.28637, 13.75733 ], [ 109.2865, 13.75672 ], [ 109.28677, 13.75634 ], [ 109.28712, 13.75582 ], [ 109.28746, 13.75575 ], [ 109.2876, 13.75598 ], [ 109.28769, 13.75663 ], [ 109.28742, 13.75738 ], [ 109.28727, 13.75873 ], [ 109.28741, 13.75942 ], [ 109.28738, 13.76059 ], [ 109.28738, 13.76079 ], [ 109.28775, 13.7615 ], [ 109.28773, 13.76231 ], [ 109.28802, 13.76258 ], [ 109.28821, 13.76278 ], [ 109.28819, 13.76322 ], [ 109.28776, 13.76384 ], [ 109.28763, 13.76458 ], [ 109.28744, 13.76494 ], [ 109.28689, 13.76528 ], [ 109.28679, 13.76539 ], [ 109.28714, 13.76639 ], [ 109.28677, 13.76719 ], [ 109.28678, 13.7678 ], [ 109.28658, 13.76845 ], [ 109.28649, 13.76917 ], [ 109.28639, 13.76936 ], [ 109.28578, 13.76992 ], [ 109.28565, 13.7704 ], [ 109.28611, 13.7707 ], [ 109.28645, 13.77093 ], [ 109.28658, 13.77219 ], [ 109.28731, 13.77243 ], [ 109.28787, 13.77271 ], [ 109.28812, 13.77361 ], [ 109.28837, 13.77434 ], [ 109.28819, 13.77502 ], [ 109.28795, 13.77569 ], [ 109.28811, 13.77616 ], [ 109.2884, 13.77644 ], [ 109.28878, 13.77631 ], [ 109.28995, 13.77552 ], [ 109.29044, 13.77529 ], [ 109.29167, 13.77516 ], [ 109.29253, 13.77473 ], [ 109.29263, 13.77581 ], [ 109.29281, 13.77687 ], [ 109.29235, 13.77746 ], [ 109.29224, 13.77879 ], [ 109.29212, 13.78 ], [ 109.29177, 13.7805 ], [ 109.29168, 13.78078 ], [ 109.29192, 13.78125 ], [ 109.29204, 13.78151 ], [ 109.29137, 13.78193 ], [ 109.2912, 13.78238 ], [ 109.29192, 13.7828 ], [ 109.29203, 13.78305 ], [ 109.29147, 13.78357 ], [ 109.29128, 13.78394 ], [ 109.29085, 13.78445 ], [ 109.29002, 13.7846 ], [ 109.28979, 13.7853 ], [ 109.2896, 13.78564 ], [ 109.28942, 13.78601 ], [ 109.28964, 13.78666 ], [ 109.28922, 13.78745 ], [ 109.28848, 13.78779 ], [ 109.28828, 13.788 ], [ 109.28829, 13.7888 ], [ 109.28828, 13.78923 ], [ 109.28837, 13.7897 ], [ 109.28846, 13.79017 ], [ 109.28819, 13.79118 ], [ 109.28844, 13.79194 ], [ 109.28854, 13.79233 ], [ 109.28816, 13.79268 ], [ 109.28797, 13.79287 ], [ 109.28774, 13.79355 ], [ 109.28792, 13.79443 ], [ 109.28759, 13.79485 ], [ 109.2873, 13.79532 ], [ 109.28667, 13.7959 ], [ 109.28648, 13.79628 ], [ 109.28608, 13.79678 ], [ 109.28555, 13.7977 ], [ 109.28505, 13.79915 ], [ 109.28507, 13.80032 ], [ 109.2847, 13.80135 ], [ 109.28458, 13.80183 ], [ 109.28458, 13.80238 ], [ 109.28513, 13.80278 ], [ 109.28537, 13.80303 ], [ 109.28503, 13.80378 ], [ 109.28492, 13.8041 ], [ 109.28493, 13.80488 ], [ 109.2853, 13.80668 ], [ 109.28528, 13.80728 ], [ 109.28538, 13.80806 ] ], [ [ 109.28356, 13.80608 ], [ 109.28348, 13.8066 ], [ 109.28379, 13.80736 ], [ 109.28418, 13.80765 ], [ 109.28452, 13.80751 ], [ 109.28463, 13.80682 ], [ 109.28419, 13.80602 ], [ 109.28409, 13.80595 ], [ 109.28405, 13.80589 ], [ 109.28356, 13.80608 ] ], [ [ 109.282, 13.80233 ], [ 109.28225, 13.80285 ], [ 109.28259, 13.80272 ], [ 109.28254, 13.80232 ], [ 109.2825, 13.80227 ], [ 109.282, 13.80233 ] ], [ [ 109.28431, 13.79188 ], [ 109.28414, 13.79234 ], [ 109.28406, 13.79317 ], [ 109.28455, 13.79445 ], [ 109.28487, 13.79448 ], [ 109.28543, 13.79424 ], [ 109.28575, 13.79355 ], [ 109.28603, 13.79311 ], [ 109.28659, 13.79235 ], [ 109.28641, 13.79206 ], [ 109.28499, 13.79216 ], [ 109.28474, 13.79194 ], [ 109.28461, 13.7918 ], [ 109.28431, 13.79188 ] ], [ [ 109.27944, 13.78629 ], [ 109.2798, 13.78593 ], [ 109.28035, 13.78542 ], [ 109.28075, 13.78463 ], [ 109.28137, 13.78424 ], [ 109.28194, 13.7836 ], [ 109.28222, 13.78324 ], [ 109.28296, 13.78271 ], [ 109.2832, 13.78226 ], [ 109.28335, 13.78116 ], [ 109.28363, 13.78064 ], [ 109.28354, 13.78044 ], [ 109.28326, 13.78018 ], [ 109.28336, 13.7799 ], [ 109.28438, 13.77849 ], [ 109.28466, 13.77794 ], [ 109.28476, 13.77783 ], [ 109.28522, 13.7774 ], [ 109.28588, 13.77665 ], [ 109.28588, 13.77644 ], [ 109.28588, 13.77614 ], [ 109.28598, 13.77594 ], [ 109.28654, 13.77523 ], [ 109.28655, 13.77454 ], [ 109.28624, 13.77374 ], [ 109.28561, 13.77324 ], [ 109.28444, 13.77312 ], [ 109.2848, 13.77193 ], [ 109.28463, 13.77164 ], [ 109.28397, 13.77132 ], [ 109.28393, 13.77128 ], [ 109.28358, 13.77134 ], [ 109.28332, 13.77195 ], [ 109.28315, 13.77246 ], [ 109.28295, 13.77294 ], [ 109.28285, 13.77339 ], [ 109.28248, 13.77384 ], [ 109.28212, 13.77437 ], [ 109.28173, 13.77465 ], [ 109.28104, 13.77515 ], [ 109.28052, 13.77582 ], [ 109.28005, 13.77638 ], [ 109.28006, 13.77688 ], [ 109.27996, 13.77708 ], [ 109.27977, 13.77742 ], [ 109.27959, 13.77795 ], [ 109.27884, 13.7788 ], [ 109.27837, 13.77967 ], [ 109.27846, 13.77988 ], [ 109.27909, 13.78048 ], [ 109.27872, 13.78135 ], [ 109.27881, 13.78159 ], [ 109.279, 13.78205 ], [ 109.27899, 13.78249 ], [ 109.279, 13.7832 ], [ 109.27871, 13.78367 ], [ 109.27844, 13.78419 ], [ 109.27797, 13.78479 ], [ 109.27777, 13.78572 ], [ 109.27814, 13.78637 ], [ 109.27889, 13.78639 ], [ 109.27944, 13.78629 ] ], [ [ 109.29089, 13.77652 ], [ 109.29004, 13.77708 ], [ 109.29013, 13.77727 ], [ 109.29068, 13.7776 ], [ 109.29122, 13.77745 ], [ 109.2915, 13.77677 ], [ 109.29138, 13.77648 ], [ 109.29089, 13.77652 ] ], [ [ 109.28433, 13.7681 ], [ 109.28409, 13.7687 ], [ 109.28368, 13.76921 ], [ 109.28326, 13.77016 ], [ 109.28319, 13.77095 ], [ 109.28359, 13.77098 ], [ 109.28371, 13.77045 ], [ 109.28431, 13.76964 ], [ 109.28463, 13.76942 ], [ 109.28519, 13.76909 ], [ 109.28526, 13.76833 ], [ 109.28503, 13.76806 ], [ 109.28483, 13.7679 ], [ 109.28479, 13.76785 ], [ 109.28433, 13.7681 ] ], [ [ 109.28454, 13.76394 ], [ 109.2844, 13.76472 ], [ 109.28493, 13.76461 ], [ 109.28501, 13.76417 ], [ 109.28482, 13.76387 ], [ 109.28454, 13.76394 ] ] ], [ [ [ 109.25592, 13.81288 ], [ 109.25619, 13.81312 ], [ 109.25629, 13.81337 ], [ 109.25588, 13.81372 ], [ 109.25522, 13.81368 ], [ 109.2551, 13.81289 ], [ 109.25588, 13.81284 ], [ 109.25592, 13.81288 ] ] ], [ [ [ 109.29052, 13.87183 ], [ 109.29017, 13.87259 ], [ 109.2899, 13.8734 ], [ 109.28953, 13.87358 ], [ 109.28896, 13.87376 ], [ 109.28905, 13.87404 ], [ 109.2894, 13.8745 ], [ 109.28894, 13.87541 ], [ 109.28851, 13.8758 ], [ 109.28832, 13.87654 ], [ 109.28794, 13.87673 ], [ 109.2875, 13.87687 ], [ 109.28683, 13.87709 ], [ 109.28598, 13.87672 ], [ 109.28515, 13.87659 ], [ 109.28514, 13.87583 ], [ 109.28547, 13.87541 ], [ 109.28617, 13.87476 ], [ 109.28632, 13.87433 ], [ 109.28662, 13.87344 ], [ 109.28712, 13.87282 ], [ 109.28697, 13.87256 ], [ 109.28611, 13.872 ], [ 109.2861, 13.87162 ], [ 109.28612, 13.87097 ], [ 109.28602, 13.87058 ], [ 109.28594, 13.86967 ], [ 109.28576, 13.86897 ], [ 109.28566, 13.86799 ], [ 109.2854, 13.86724 ], [ 109.28528, 13.86596 ], [ 109.28507, 13.86531 ], [ 109.28399, 13.86469 ], [ 109.28338, 13.86501 ], [ 109.2835, 13.86517 ], [ 109.28419, 13.86583 ], [ 109.2843, 13.86605 ], [ 109.28438, 13.86713 ], [ 109.28456, 13.86837 ], [ 109.28446, 13.8693 ], [ 109.28433, 13.8699 ], [ 109.28453, 13.87068 ], [ 109.28415, 13.87122 ], [ 109.28381, 13.87189 ], [ 109.28325, 13.87202 ], [ 109.28313, 13.87292 ], [ 109.28295, 13.87309 ], [ 109.28268, 13.87336 ], [ 109.28249, 13.87336 ], [ 109.28211, 13.87326 ], [ 109.28149, 13.87327 ], [ 109.28106, 13.87299 ], [ 109.28051, 13.87226 ], [ 109.27995, 13.87237 ], [ 109.27963, 13.87282 ], [ 109.27999, 13.87351 ], [ 109.27982, 13.87403 ], [ 109.27903, 13.87427 ], [ 109.27887, 13.87441 ], [ 109.27878, 13.87451 ], [ 109.27839, 13.87469 ], [ 109.27785, 13.87523 ], [ 109.27646, 13.87519 ], [ 109.27574, 13.87536 ], [ 109.27535, 13.87574 ], [ 109.27508, 13.87575 ], [ 109.27483, 13.87551 ], [ 109.27462, 13.87469 ], [ 109.27444, 13.87375 ], [ 109.27396, 13.87374 ], [ 109.2734, 13.87446 ], [ 109.27267, 13.87455 ], [ 109.27213, 13.87473 ], [ 109.27157, 13.87455 ], [ 109.27092, 13.87366 ], [ 109.27079, 13.8724 ], [ 109.2704, 13.87124 ], [ 109.27038, 13.86981 ], [ 109.27059, 13.86904 ], [ 109.27078, 13.86731 ], [ 109.27097, 13.86678 ], [ 109.27085, 13.86613 ], [ 109.27052, 13.86532 ], [ 109.27035, 13.8646 ], [ 109.27007, 13.86396 ], [ 109.26998, 13.8634 ], [ 109.26963, 13.86237 ], [ 109.26953, 13.86179 ], [ 109.2694, 13.8607 ], [ 109.26926, 13.86013 ], [ 109.26928, 13.85943 ], [ 109.26927, 13.85889 ], [ 109.26931, 13.85757 ], [ 109.26912, 13.85643 ], [ 109.26929, 13.85591 ], [ 109.26948, 13.85538 ], [ 109.2694, 13.85419 ], [ 109.2693, 13.8539 ], [ 109.26932, 13.85313 ], [ 109.26917, 13.85252 ], [ 109.26933, 13.85193 ], [ 109.26932, 13.8514 ], [ 109.26953, 13.85111 ], [ 109.26979, 13.85059 ], [ 109.27029, 13.85022 ], [ 109.27116, 13.85034 ], [ 109.27182, 13.85123 ], [ 109.27244, 13.851 ], [ 109.27266, 13.85079 ], [ 109.2729, 13.85044 ], [ 109.27349, 13.85016 ], [ 109.27394, 13.84974 ], [ 109.27422, 13.84933 ], [ 109.27527, 13.84815 ], [ 109.27565, 13.84791 ], [ 109.27734, 13.84644 ], [ 109.27779, 13.84612 ], [ 109.2784, 13.84567 ], [ 109.27898, 13.84566 ], [ 109.27918, 13.84596 ], [ 109.27949, 13.84658 ], [ 109.28008, 13.84633 ], [ 109.28044, 13.84588 ], [ 109.28059, 13.84502 ], [ 109.28166, 13.84359 ], [ 109.28211, 13.84262 ], [ 109.28226, 13.84208 ], [ 109.28243, 13.8408 ], [ 109.28287, 13.83949 ], [ 109.28311, 13.83892 ], [ 109.28343, 13.83811 ], [ 109.28405, 13.83716 ], [ 109.28406, 13.83687 ], [ 109.28387, 13.83597 ], [ 109.28397, 13.83504 ], [ 109.28425, 13.83438 ], [ 109.28416, 13.83414 ], [ 109.28352, 13.8334 ], [ 109.28364, 13.83236 ], [ 109.28407, 13.83172 ], [ 109.28445, 13.83134 ], [ 109.287, 13.83126 ], [ 109.28733, 13.83065 ], [ 109.28743, 13.82991 ], [ 109.28761, 13.82895 ], [ 109.28745, 13.82811 ], [ 109.28735, 13.82775 ], [ 109.28725, 13.82706 ], [ 109.28695, 13.82649 ], [ 109.28658, 13.8252 ], [ 109.28645, 13.82384 ], [ 109.28557, 13.82342 ], [ 109.28508, 13.82295 ], [ 109.28507, 13.82219 ], [ 109.2852, 13.82167 ], [ 109.28571, 13.8204 ], [ 109.28596, 13.81942 ], [ 109.2864, 13.81886 ], [ 109.28641, 13.81862 ], [ 109.28631, 13.81842 ], [ 109.28578, 13.81792 ], [ 109.28605, 13.8168 ], [ 109.28615, 13.81624 ], [ 109.28643, 13.81546 ], [ 109.28645, 13.81465 ], [ 109.28626, 13.81446 ], [ 109.28567, 13.81402 ], [ 109.28543, 13.81355 ], [ 109.28542, 13.81327 ], [ 109.28545, 13.81243 ], [ 109.28489, 13.81161 ], [ 109.28488, 13.81112 ], [ 109.28503, 13.81068 ], [ 109.28576, 13.81012 ], [ 109.28614, 13.81007 ], [ 109.28619, 13.81011 ], [ 109.28696, 13.81057 ], [ 109.28751, 13.81151 ], [ 109.28765, 13.81211 ], [ 109.28793, 13.81302 ], [ 109.28819, 13.81424 ], [ 109.28855, 13.8155 ], [ 109.28846, 13.81609 ], [ 109.28827, 13.81662 ], [ 109.28838, 13.81698 ], [ 109.28891, 13.81763 ], [ 109.28947, 13.81833 ], [ 109.29074, 13.81964 ], [ 109.29171, 13.82057 ], [ 109.29224, 13.82137 ], [ 109.29267, 13.82159 ], [ 109.29344, 13.82196 ], [ 109.29407, 13.82234 ], [ 109.29519, 13.82253 ], [ 109.29562, 13.82274 ], [ 109.29577, 13.82316 ], [ 109.29608, 13.82419 ], [ 109.29623, 13.8248 ], [ 109.29679, 13.82534 ], [ 109.29694, 13.8264 ], [ 109.29733, 13.82681 ], [ 109.29796, 13.82718 ], [ 109.29817, 13.82778 ], [ 109.29818, 13.82881 ], [ 109.29756, 13.82939 ], [ 109.29724, 13.83058 ], [ 109.2972, 13.83197 ], [ 109.29738, 13.83271 ], [ 109.29688, 13.83372 ], [ 109.29602, 13.83412 ], [ 109.29563, 13.83466 ], [ 109.29546, 13.83561 ], [ 109.29566, 13.83603 ], [ 109.29585, 13.83639 ], [ 109.29599, 13.83695 ], [ 109.29724, 13.83814 ], [ 109.29779, 13.83937 ], [ 109.29782, 13.84154 ], [ 109.29742, 13.84227 ], [ 109.29721, 13.84289 ], [ 109.2968, 13.84354 ], [ 109.29652, 13.84422 ], [ 109.29592, 13.84498 ], [ 109.29557, 13.8455 ], [ 109.29435, 13.84672 ], [ 109.29404, 13.84687 ], [ 109.29263, 13.84684 ], [ 109.2923, 13.84694 ], [ 109.2916, 13.84707 ], [ 109.29126, 13.84788 ], [ 109.29095, 13.84847 ], [ 109.29065, 13.84906 ], [ 109.2902, 13.84977 ], [ 109.29006, 13.85018 ], [ 109.2898, 13.85092 ], [ 109.28966, 13.85191 ], [ 109.28949, 13.85226 ], [ 109.28894, 13.85303 ], [ 109.28881, 13.85403 ], [ 109.2885, 13.85491 ], [ 109.28872, 13.85514 ], [ 109.28947, 13.85516 ], [ 109.29078, 13.85497 ], [ 109.29186, 13.85444 ], [ 109.29282, 13.85443 ], [ 109.29389, 13.85478 ], [ 109.29409, 13.85516 ], [ 109.29428, 13.85603 ], [ 109.29418, 13.85663 ], [ 109.29379, 13.85724 ], [ 109.29381, 13.85874 ], [ 109.29356, 13.85933 ], [ 109.29322, 13.85988 ], [ 109.29295, 13.86068 ], [ 109.29239, 13.86135 ], [ 109.29257, 13.86205 ], [ 109.29254, 13.86299 ], [ 109.29282, 13.8641 ], [ 109.29271, 13.86446 ], [ 109.29253, 13.86497 ], [ 109.29215, 13.86623 ], [ 109.2919, 13.86692 ], [ 109.29176, 13.86822 ], [ 109.29106, 13.86953 ], [ 109.29074, 13.87042 ], [ 109.29086, 13.87079 ], [ 109.2912, 13.87129 ], [ 109.29107, 13.87148 ], [ 109.29052, 13.87183 ] ], [ [ 109.28652, 13.86544 ], [ 109.28675, 13.86588 ], [ 109.28689, 13.86617 ], [ 109.28687, 13.86685 ], [ 109.28697, 13.86826 ], [ 109.28724, 13.86905 ], [ 109.28751, 13.86996 ], [ 109.28778, 13.87059 ], [ 109.28787, 13.87141 ], [ 109.28806, 13.87159 ], [ 109.28844, 13.87159 ], [ 109.2888, 13.87073 ], [ 109.28936, 13.87006 ], [ 109.29058, 13.86817 ], [ 109.29081, 13.86749 ], [ 109.29095, 13.86709 ], [ 109.29116, 13.8664 ], [ 109.29115, 13.86548 ], [ 109.29125, 13.86501 ], [ 109.29134, 13.86447 ], [ 109.29149, 13.86393 ], [ 109.29133, 13.86329 ], [ 109.29145, 13.86284 ], [ 109.29123, 13.86221 ], [ 109.29108, 13.86125 ], [ 109.29109, 13.86081 ], [ 109.29252, 13.85949 ], [ 109.29276, 13.85855 ], [ 109.29259, 13.85788 ], [ 109.2925, 13.85744 ], [ 109.29316, 13.85599 ], [ 109.29326, 13.85564 ], [ 109.2926, 13.85526 ], [ 109.29188, 13.85561 ], [ 109.29136, 13.85577 ], [ 109.2901, 13.85594 ], [ 109.28881, 13.85632 ], [ 109.28761, 13.85664 ], [ 109.28665, 13.85625 ], [ 109.28631, 13.85602 ], [ 109.28632, 13.85563 ], [ 109.28704, 13.85429 ], [ 109.28763, 13.85387 ], [ 109.2878, 13.8537 ], [ 109.28795, 13.85269 ], [ 109.28847, 13.85173 ], [ 109.28858, 13.85053 ], [ 109.28882, 13.84971 ], [ 109.28906, 13.84914 ], [ 109.28966, 13.8486 ], [ 109.2898, 13.84845 ], [ 109.29007, 13.84767 ], [ 109.29036, 13.84702 ], [ 109.29052, 13.84593 ], [ 109.2909, 13.84494 ], [ 109.29161, 13.84548 ], [ 109.29278, 13.84559 ], [ 109.29317, 13.84569 ], [ 109.29362, 13.84568 ], [ 109.29421, 13.8451 ], [ 109.29477, 13.84458 ], [ 109.29507, 13.84369 ], [ 109.29558, 13.84288 ], [ 109.29583, 13.84239 ], [ 109.29619, 13.84119 ], [ 109.2967, 13.84047 ], [ 109.29699, 13.84004 ], [ 109.29717, 13.83961 ], [ 109.29666, 13.83846 ], [ 109.29528, 13.83729 ], [ 109.29504, 13.83679 ], [ 109.29475, 13.8359 ], [ 109.29495, 13.83462 ], [ 109.29543, 13.83372 ], [ 109.29555, 13.83294 ], [ 109.29532, 13.83202 ], [ 109.29547, 13.8316 ], [ 109.29558, 13.83046 ], [ 109.29594, 13.82988 ], [ 109.29632, 13.82925 ], [ 109.29655, 13.82892 ], [ 109.29687, 13.82815 ], [ 109.29667, 13.82775 ], [ 109.2959, 13.82702 ], [ 109.29499, 13.82687 ], [ 109.29463, 13.82669 ], [ 109.29449, 13.82599 ], [ 109.29438, 13.82545 ], [ 109.29442, 13.82413 ], [ 109.29432, 13.82362 ], [ 109.29392, 13.82324 ], [ 109.29329, 13.82355 ], [ 109.29236, 13.82339 ], [ 109.29192, 13.82316 ], [ 109.29174, 13.82262 ], [ 109.29151, 13.82231 ], [ 109.29099, 13.82235 ], [ 109.2904, 13.82293 ], [ 109.28997, 13.82333 ], [ 109.28969, 13.82361 ], [ 109.28916, 13.82386 ], [ 109.28832, 13.82397 ], [ 109.28783, 13.82433 ], [ 109.28785, 13.82579 ], [ 109.28838, 13.82667 ], [ 109.28853, 13.82698 ], [ 109.28837, 13.82757 ], [ 109.28828, 13.82839 ], [ 109.28815, 13.82895 ], [ 109.28837, 13.82958 ], [ 109.28834, 13.8306 ], [ 109.28836, 13.8317 ], [ 109.28825, 13.832 ], [ 109.28815, 13.83354 ], [ 109.28786, 13.83399 ], [ 109.28747, 13.83417 ], [ 109.287, 13.83416 ], [ 109.28685, 13.83371 ], [ 109.28671, 13.8333 ], [ 109.28555, 13.83279 ], [ 109.28521, 13.83279 ], [ 109.2851, 13.83328 ], [ 109.28608, 13.83445 ], [ 109.28619, 13.8353 ], [ 109.28554, 13.83541 ], [ 109.28507, 13.8356 ], [ 109.28489, 13.83615 ], [ 109.28562, 13.83644 ], [ 109.28571, 13.83693 ], [ 109.28517, 13.83758 ], [ 109.28482, 13.83844 ], [ 109.28422, 13.83911 ], [ 109.28403, 13.83938 ], [ 109.28366, 13.83983 ], [ 109.28354, 13.84007 ], [ 109.28337, 13.84101 ], [ 109.28311, 13.84151 ], [ 109.28299, 13.8429 ], [ 109.28274, 13.8435 ], [ 109.28255, 13.84421 ], [ 109.28205, 13.84481 ], [ 109.28156, 13.84565 ], [ 109.28139, 13.84661 ], [ 109.28109, 13.84716 ], [ 109.28054, 13.84786 ], [ 109.28055, 13.84835 ], [ 109.28054, 13.84868 ], [ 109.2801, 13.84929 ], [ 109.27997, 13.84968 ], [ 109.27998, 13.85019 ], [ 109.27985, 13.85087 ], [ 109.27943, 13.85148 ], [ 109.27932, 13.85191 ], [ 109.27914, 13.8524 ], [ 109.27887, 13.85172 ], [ 109.27812, 13.85101 ], [ 109.2776, 13.85073 ], [ 109.27745, 13.85146 ], [ 109.27682, 13.85216 ], [ 109.2767, 13.8527 ], [ 109.27648, 13.85298 ], [ 109.27579, 13.85214 ], [ 109.2759, 13.85143 ], [ 109.27627, 13.8509 ], [ 109.27637, 13.85017 ], [ 109.27652, 13.84947 ], [ 109.27618, 13.84918 ], [ 109.27554, 13.84939 ], [ 109.27515, 13.85001 ], [ 109.27451, 13.85061 ], [ 109.27405, 13.85151 ], [ 109.27338, 13.85224 ], [ 109.27297, 13.85285 ], [ 109.27283, 13.85373 ], [ 109.27312, 13.85446 ], [ 109.27338, 13.85523 ], [ 109.274, 13.85582 ], [ 109.2742, 13.85612 ], [ 109.2743, 13.85622 ], [ 109.2747, 13.85622 ], [ 109.27495, 13.85622 ], [ 109.2753, 13.85742 ], [ 109.27527, 13.85849 ], [ 109.27539, 13.85908 ], [ 109.27528, 13.85939 ], [ 109.27428, 13.8597 ], [ 109.27415, 13.86045 ], [ 109.27388, 13.86109 ], [ 109.2736, 13.86181 ], [ 109.2735, 13.86199 ], [ 109.27335, 13.86229 ], [ 109.27365, 13.86316 ], [ 109.2733, 13.8638 ], [ 109.27331, 13.86465 ], [ 109.2732, 13.86528 ], [ 109.2732, 13.86571 ], [ 109.27375, 13.8666 ], [ 109.27385, 13.86721 ], [ 109.27421, 13.86733 ], [ 109.27458, 13.86761 ], [ 109.27456, 13.86851 ], [ 109.27482, 13.86875 ], [ 109.27526, 13.86853 ], [ 109.27551, 13.86843 ], [ 109.27609, 13.86903 ], [ 109.2766, 13.86916 ], [ 109.27701, 13.86926 ], [ 109.27747, 13.86915 ], [ 109.27858, 13.86918 ], [ 109.2793, 13.86871 ], [ 109.27971, 13.8681 ], [ 109.28013, 13.86792 ], [ 109.28044, 13.86824 ], [ 109.28089, 13.86838 ], [ 109.28133, 13.86837 ], [ 109.28176, 13.86794 ], [ 109.28158, 13.86739 ], [ 109.28092, 13.8676 ], [ 109.28059, 13.8675 ], [ 109.28087, 13.86684 ], [ 109.28097, 13.86631 ], [ 109.27995, 13.8662 ], [ 109.27977, 13.86592 ], [ 109.27931, 13.86538 ], [ 109.27922, 13.86509 ], [ 109.27968, 13.86466 ], [ 109.2799, 13.86404 ], [ 109.28129, 13.86436 ], [ 109.28199, 13.86382 ], [ 109.28286, 13.86368 ], [ 109.28376, 13.86324 ], [ 109.28416, 13.86305 ], [ 109.28471, 13.86307 ], [ 109.28542, 13.86407 ], [ 109.28641, 13.86461 ], [ 109.28652, 13.86544 ] ], [ [ 109.28781, 13.81818 ], [ 109.28769, 13.81878 ], [ 109.2873, 13.81932 ], [ 109.28699, 13.81986 ], [ 109.28675, 13.82092 ], [ 109.28648, 13.82165 ], [ 109.28673, 13.82195 ], [ 109.28714, 13.82184 ], [ 109.28741, 13.82097 ], [ 109.28753, 13.81971 ], [ 109.28812, 13.81968 ], [ 109.28899, 13.82043 ], [ 109.28926, 13.82004 ], [ 109.28915, 13.81925 ], [ 109.28892, 13.819 ], [ 109.28848, 13.81872 ], [ 109.28835, 13.81844 ], [ 109.28812, 13.81812 ], [ 109.28781, 13.81818 ] ] ], [ [ [ 109.29559, 13.88267 ], [ 109.29544, 13.88405 ], [ 109.29481, 13.88432 ], [ 109.2942, 13.88415 ], [ 109.29393, 13.88294 ], [ 109.29469, 13.88231 ], [ 109.29533, 13.88226 ], [ 109.29559, 13.88267 ] ] ] ] } },
{ "type": "Feature", "properties": { "OBJECTID": 4, "gridcode": 4, "Shape_Length": 117630.91351581452, "Shape_Area": 18992910.711670764 }, "geometry": { "type": "MultiPolygon", "coordinates": [ [ [ [ 109.25632, 13.79618 ], [ 109.25365, 13.79657 ], [ 109.25221, 13.79672 ], [ 109.24918, 13.79689 ], [ 109.24763, 13.79701 ], [ 109.24521, 13.79715 ], [ 109.24263, 13.79694 ], [ 109.24213, 13.79683 ], [ 109.24217, 13.79678 ], [ 109.24541, 13.79663 ], [ 109.24707, 13.79655 ], [ 109.25198, 13.79631 ], [ 109.25522, 13.79615 ], [ 109.25637, 13.79612 ], [ 109.25632, 13.79618 ] ] ], [ [ [ 109.25619, 13.81609 ], [ 109.25617, 13.81637 ], [ 109.25573, 13.81658 ], [ 109.25503, 13.81629 ], [ 109.25473, 13.81562 ], [ 109.2545, 13.81529 ], [ 109.25411, 13.81532 ], [ 109.25378, 13.81582 ], [ 109.25345, 13.81593 ], [ 109.25286, 13.81557 ], [ 109.25215, 13.81516 ], [ 109.25203, 13.81469 ], [ 109.25269, 13.8144 ], [ 109.2529, 13.81416 ], [ 109.25308, 13.81325 ], [ 109.25382, 13.81263 ], [ 109.2538, 13.81228 ], [ 109.25319, 13.8121 ], [ 109.25298, 13.81181 ], [ 109.25319, 13.81107 ], [ 109.25378, 13.81026 ], [ 109.25442, 13.8102 ], [ 109.25446, 13.81025 ], [ 109.2548, 13.8104 ], [ 109.25514, 13.81064 ], [ 109.2555, 13.81145 ], [ 109.25603, 13.81161 ], [ 109.25647, 13.81177 ], [ 109.25708, 13.81211 ], [ 109.25816, 13.81231 ], [ 109.25867, 13.8129 ], [ 109.25879, 13.81385 ], [ 109.25915, 13.81444 ], [ 109.25924, 13.8147 ], [ 109.25892, 13.81542 ], [ 109.25848, 13.81578 ], [ 109.25688, 13.81507 ], [ 109.25617, 13.81497 ], [ 109.25598, 13.81517 ], [ 109.25619, 13.81609 ] ], [ [ 109.2551, 13.81289 ], [ 109.25522, 13.81368 ], [ 109.25588, 13.81372 ], [ 109.25629, 13.81337 ], [ 109.25619, 13.81312 ], [ 109.25592, 13.81288 ], [ 109.25588, 13.81284 ], [ 109.2551, 13.81289 ] ] ], [ [ [ 109.17776, 13.8204 ], [ 109.17767, 13.8204 ], [ 109.17767, 13.82031 ], [ 109.17776, 13.82031 ], [ 109.17776, 13.8204 ] ] ], [ [ [ 109.26179, 13.8197 ], [ 109.26183, 13.82054 ], [ 109.26087, 13.82186 ], [ 109.26041, 13.82173 ], [ 109.26021, 13.82105 ], [ 109.26011, 13.82053 ], [ 109.25932, 13.82017 ], [ 109.25895, 13.81963 ], [ 109.25934, 13.81943 ], [ 109.25991, 13.81928 ], [ 109.26093, 13.81935 ], [ 109.26124, 13.81924 ], [ 109.26147, 13.8192 ], [ 109.26179, 13.8197 ] ] ], [ [ [ 109.27536, 13.82169 ], [ 109.27546, 13.82274 ], [ 109.27458, 13.82267 ], [ 109.27436, 13.82193 ], [ 109.27427, 13.82116 ], [ 109.27487, 13.8211 ], [ 109.27536, 13.82169 ] ] ], [ [ [ 109.17842, 13.82264 ], [ 109.17855, 13.82278 ], [ 109.1786, 13.82301 ], [ 109.17887, 13.82328 ], [ 109.17846, 13.82332 ], [ 109.17814, 13.82301 ], [ 109.17809, 13.82251 ], [ 109.17839, 13.82249 ], [ 109.17842, 13.82264 ] ] ], [ [ [ 109.17776, 13.8204 ], [ 109.17806, 13.82051 ], [ 109.17868, 13.82035 ], [ 109.17895, 13.82037 ], [ 109.1791, 13.82076 ], [ 109.17849, 13.82159 ], [ 109.17812, 13.82204 ], [ 109.17759, 13.82219 ], [ 109.1771, 13.82256 ], [ 109.17696, 13.82343 ], [ 109.17683, 13.82397 ], [ 109.17633, 13.82465 ], [ 109.1762, 13.82505 ], [ 109.17615, 13.82518 ], [ 109.17602, 13.82506 ], [ 109.17552, 13.82416 ], [ 109.1757, 13.82365 ], [ 109.17539, 13.82257 ], [ 109.17587, 13.82172 ], [ 109.17658, 13.82127 ], [ 109.17688, 13.82099 ], [ 109.17721, 13.82066 ], [ 109.17761, 13.82108 ], [ 109.17792, 13.82098 ], [ 109.17776, 13.8204 ] ] ], [ [ [ 109.26063, 13.82578 ], [ 109.25984, 13.82643 ], [ 109.25971, 13.82626 ], [ 109.25996, 13.82582 ], [ 109.25981, 13.82538 ], [ 109.25973, 13.82435 ], [ 109.26002, 13.82357 ], [ 109.26091, 13.82261 ], [ 109.26126, 13.82255 ], [ 109.26131, 13.82259 ], [ 109.262, 13.82309 ], [ 109.26258, 13.82389 ], [ 109.26272, 13.82449 ], [ 109.26267, 13.82517 ], [ 109.26227, 13.82552 ], [ 109.26187, 13.82569 ], [ 109.26115, 13.82565 ], [ 109.26063, 13.82578 ] ] ], [ [ [ 109.25899, 13.83711 ], [ 109.25891, 13.83687 ], [ 109.25903, 13.83681 ], [ 109.25899, 13.83711 ] ] ], [ [ [ 109.26311, 13.82957 ], [ 109.26373, 13.82968 ], [ 109.26465, 13.82996 ], [ 109.26553, 13.83057 ], [ 109.26589, 13.83106 ], [ 109.26611, 13.83178 ], [ 109.26594, 13.83273 ], [ 109.26567, 13.83344 ], [ 109.26486, 13.83516 ], [ 109.26438, 13.83601 ], [ 109.26371, 13.83684 ], [ 109.26287, 13.83746 ], [ 109.26205, 13.83769 ], [ 109.26136, 13.8374 ], [ 109.26097, 13.83679 ], [ 109.26059, 13.83556 ], [ 109.26069, 13.83414 ], [ 109.261, 13.8333 ], [ 109.26118, 13.83275 ], [ 109.26102, 13.83179 ], [ 109.26107, 13.83104 ], [ 109.26154, 13.8302 ], [ 109.26225, 13.82959 ], [ 109.26306, 13.82952 ], [ 109.26311, 13.82957 ] ] ], [ [ [ 109.25855, 13.83925 ], [ 109.25855, 13.83961 ], [ 109.25827, 13.83961 ], [ 109.25827, 13.83924 ], [ 109.25855, 13.83925 ] ] ], [ [ [ 109.29392, 13.88559 ], [ 109.29368, 13.88563 ], [ 109.29304, 13.88581 ], [ 109.29226, 13.88591 ], [ 109.2921, 13.88638 ], [ 109.29222, 13.88734 ], [ 109.29209, 13.8878 ], [ 109.29189, 13.88799 ], [ 109.29153, 13.88815 ], [ 109.29119, 13.8878 ], [ 109.29109, 13.88652 ], [ 109.29084, 13.88564 ], [ 109.29101, 13.88516 ], [ 109.29127, 13.88492 ], [ 109.29196, 13.88479 ], [ 109.29218, 13.88456 ], [ 109.29231, 13.88373 ], [ 109.29258, 13.88334 ], [ 109.29271, 13.88251 ], [ 109.29308, 13.88182 ], [ 109.29407, 13.88119 ], [ 109.29437, 13.88076 ], [ 109.29474, 13.88028 ], [ 109.29518, 13.87958 ], [ 109.29531, 13.87895 ], [ 109.29554, 13.87852 ], [ 109.29605, 13.87815 ], [ 109.29684, 13.87751 ], [ 109.29739, 13.87753 ], [ 109.29763, 13.87796 ], [ 109.29725, 13.87915 ], [ 109.29715, 13.87979 ], [ 109.29698, 13.88041 ], [ 109.29685, 13.88237 ], [ 109.29638, 13.88341 ], [ 109.29639, 13.88416 ], [ 109.29633, 13.88452 ], [ 109.29624, 13.88452 ], [ 109.29624, 13.88461 ], [ 109.29536, 13.88502 ], [ 109.29457, 13.8853 ], [ 109.29447, 13.88542 ], [ 109.29429, 13.88541 ], [ 109.29429, 13.8855 ], [ 109.29392, 13.8855 ], [ 109.29392, 13.88559 ] ], [ [ 109.29469, 13.88231 ], [ 109.29393, 13.88294 ], [ 109.2942, 13.88415 ], [ 109.29481, 13.88432 ], [ 109.29544, 13.88405 ], [ 109.29559, 13.88267 ], [ 109.29533, 13.88226 ], [ 109.29469, 13.88231 ] ] ], [ [ [ 109.29179, 13.88908 ], [ 109.2917, 13.88932 ], [ 109.29143, 13.8894 ], [ 109.29136, 13.88877 ], [ 109.29158, 13.88865 ], [ 109.29179, 13.88908 ] ] ], [ [ [ 109.29186, 13.89037 ], [ 109.29221, 13.89093 ], [ 109.29253, 13.89159 ], [ 109.29288, 13.89228 ], [ 109.29326, 13.89277 ], [ 109.2934, 13.89305 ], [ 109.29354, 13.89332 ], [ 109.29358, 13.89381 ], [ 109.29319, 13.89394 ], [ 109.29266, 13.89284 ], [ 109.29202, 13.89263 ], [ 109.29093, 13.89165 ], [ 109.29097, 13.89022 ], [ 109.29116, 13.88986 ], [ 109.29153, 13.88969 ], [ 109.29186, 13.89037 ] ] ], [ [ [ 109.26144, 13.89665 ], [ 109.26118, 13.89819 ], [ 109.2606, 13.89961 ], [ 109.2599, 13.89982 ], [ 109.25939, 13.90016 ], [ 109.2593, 13.90044 ], [ 109.25925, 13.9004 ], [ 109.25849, 13.8982 ], [ 109.25681, 13.89323 ], [ 109.25644, 13.89324 ], [ 109.2519, 13.89329 ], [ 109.25153, 13.8933 ], [ 109.25071, 13.89328 ], [ 109.2501, 13.89333 ], [ 109.25016, 13.89254 ], [ 109.2505, 13.89189 ], [ 109.25062, 13.89075 ], [ 109.25073, 13.89038 ], [ 109.25072, 13.88972 ], [ 109.25082, 13.88922 ], [ 109.25117, 13.88812 ], [ 109.2513, 13.88742 ], [ 109.25139, 13.88678 ], [ 109.25149, 13.88633 ], [ 109.25159, 13.88542 ], [ 109.25185, 13.88493 ], [ 109.25163, 13.88451 ], [ 109.25152, 13.88299 ], [ 109.25141, 13.88247 ], [ 109.25171, 13.88181 ], [ 109.25181, 13.88109 ], [ 109.25216, 13.88064 ], [ 109.25228, 13.88019 ], [ 109.25256, 13.87929 ], [ 109.25266, 13.8782 ], [ 109.25294, 13.87755 ], [ 109.25296, 13.87679 ], [ 109.25277, 13.87623 ], [ 109.25286, 13.87595 ], [ 109.25333, 13.8752 ], [ 109.25323, 13.87502 ], [ 109.25269, 13.87451 ], [ 109.253, 13.87417 ], [ 109.25343, 13.87397 ], [ 109.25344, 13.8736 ], [ 109.25295, 13.87302 ], [ 109.25308, 13.87215 ], [ 109.25322, 13.87188 ], [ 109.25337, 13.87132 ], [ 109.25365, 13.87078 ], [ 109.25364, 13.86975 ], [ 109.25384, 13.86919 ], [ 109.25375, 13.86899 ], [ 109.25339, 13.86852 ], [ 109.25338, 13.868 ], [ 109.25368, 13.86744 ], [ 109.25366, 13.86599 ], [ 109.25379, 13.86552 ], [ 109.25377, 13.86451 ], [ 109.25388, 13.8642 ], [ 109.25397, 13.86394 ], [ 109.25407, 13.86284 ], [ 109.25446, 13.86158 ], [ 109.25445, 13.86098 ], [ 109.25455, 13.8606 ], [ 109.25465, 13.85992 ], [ 109.25511, 13.85919 ], [ 109.25512, 13.85893 ], [ 109.25512, 13.85854 ], [ 109.25523, 13.85813 ], [ 109.25522, 13.85736 ], [ 109.25532, 13.85699 ], [ 109.25548, 13.85622 ], [ 109.25582, 13.85572 ], [ 109.25626, 13.85584 ], [ 109.25705, 13.85644 ], [ 109.25736, 13.85664 ], [ 109.25817, 13.85718 ], [ 109.25925, 13.85721 ], [ 109.25984, 13.85694 ], [ 109.2606, 13.85604 ], [ 109.26061, 13.85551 ], [ 109.26024, 13.85459 ], [ 109.26039, 13.85284 ], [ 109.26067, 13.85202 ], [ 109.26098, 13.8517 ], [ 109.2613, 13.85155 ], [ 109.26243, 13.8514 ], [ 109.26259, 13.85096 ], [ 109.26277, 13.85026 ], [ 109.26296, 13.84981 ], [ 109.26308, 13.84821 ], [ 109.26334, 13.84782 ], [ 109.26435, 13.84669 ], [ 109.26446, 13.84638 ], [ 109.26456, 13.84584 ], [ 109.26485, 13.8452 ], [ 109.26484, 13.8446 ], [ 109.26494, 13.84431 ], [ 109.26504, 13.84331 ], [ 109.26551, 13.84244 ], [ 109.26553, 13.84174 ], [ 109.26551, 13.84066 ], [ 109.2658, 13.84025 ], [ 109.26619, 13.83962 ], [ 109.26673, 13.83961 ], [ 109.2671, 13.84007 ], [ 109.26739, 13.84051 ], [ 109.26873, 13.84066 ], [ 109.26912, 13.84142 ], [ 109.26922, 13.84211 ], [ 109.26958, 13.84235 ], [ 109.27015, 13.84281 ], [ 109.27051, 13.84256 ], [ 109.27088, 13.84209 ], [ 109.27117, 13.84172 ], [ 109.27116, 13.8411 ], [ 109.27145, 13.8402 ], [ 109.27158, 13.83909 ], [ 109.27253, 13.83814 ], [ 109.27311, 13.83795 ], [ 109.27378, 13.83804 ], [ 109.2745, 13.83823 ], [ 109.27505, 13.83811 ], [ 109.27618, 13.83698 ], [ 109.27702, 13.83672 ], [ 109.2773, 13.83619 ], [ 109.27732, 13.83559 ], [ 109.27721, 13.83495 ], [ 109.27757, 13.83343 ], [ 109.27796, 13.83284 ], [ 109.27895, 13.83205 ], [ 109.27968, 13.83176 ], [ 109.28009, 13.83176 ], [ 109.28093, 13.83248 ], [ 109.28159, 13.83258 ], [ 109.2821, 13.83285 ], [ 109.28223, 13.83259 ], [ 109.28235, 13.83143 ], [ 109.28284, 13.83073 ], [ 109.28344, 13.82954 ], [ 109.28394, 13.82915 ], [ 109.28457, 13.82886 ], [ 109.28525, 13.82836 ], [ 109.28567, 13.82858 ], [ 109.28614, 13.82954 ], [ 109.28641, 13.82955 ], [ 109.28652, 13.82846 ], [ 109.28664, 13.82802 ], [ 109.2864, 13.82705 ], [ 109.28589, 13.82593 ], [ 109.28546, 13.8245 ], [ 109.28516, 13.82429 ], [ 109.28457, 13.82394 ], [ 109.28434, 13.82347 ], [ 109.28397, 13.82277 ], [ 109.28407, 13.82147 ], [ 109.28452, 13.82063 ], [ 109.28455, 13.81955 ], [ 109.28455, 13.8189 ], [ 109.28474, 13.81833 ], [ 109.28495, 13.81784 ], [ 109.28493, 13.81697 ], [ 109.28496, 13.81609 ], [ 109.28476, 13.81588 ], [ 109.28432, 13.81546 ], [ 109.28413, 13.8151 ], [ 109.28439, 13.81412 ], [ 109.28413, 13.8131 ], [ 109.28413, 13.81285 ], [ 109.28414, 13.81238 ], [ 109.28396, 13.81154 ], [ 109.28382, 13.81023 ], [ 109.28369, 13.81009 ], [ 109.28332, 13.80982 ], [ 109.28261, 13.80928 ], [ 109.28213, 13.809 ], [ 109.28137, 13.8084 ], [ 109.28066, 13.80863 ], [ 109.28011, 13.80838 ], [ 109.28, 13.80815 ], [ 109.28002, 13.80737 ], [ 109.27984, 13.80684 ], [ 109.27974, 13.80644 ], [ 109.27947, 13.80592 ], [ 109.27946, 13.80546 ], [ 109.27948, 13.80473 ], [ 109.27948, 13.80437 ], [ 109.27984, 13.80357 ], [ 109.27988, 13.80225 ], [ 109.27986, 13.80114 ], [ 109.2802, 13.79967 ], [ 109.28068, 13.79879 ], [ 109.28085, 13.79811 ], [ 109.28117, 13.79735 ], [ 109.28066, 13.79504 ], [ 109.28075, 13.79435 ], [ 109.28112, 13.79377 ], [ 109.28141, 13.7929 ], [ 109.28151, 13.79264 ], [ 109.28198, 13.79092 ], [ 109.28226, 13.79025 ], [ 109.28218, 13.78993 ], [ 109.28198, 13.78945 ], [ 109.28202, 13.78803 ], [ 109.28191, 13.78812 ], [ 109.28135, 13.78857 ], [ 109.28062, 13.78909 ], [ 109.28026, 13.78955 ], [ 109.28006, 13.79033 ], [ 109.27968, 13.79108 ], [ 109.27898, 13.79149 ], [ 109.27829, 13.7917 ], [ 109.27792, 13.79189 ], [ 109.27755, 13.79172 ], [ 109.27718, 13.79071 ], [ 109.27676, 13.78978 ], [ 109.27662, 13.78777 ], [ 109.27638, 13.78728 ], [ 109.27609, 13.7869 ], [ 109.27555, 13.78618 ], [ 109.27531, 13.78617 ], [ 109.27489, 13.78671 ], [ 109.27443, 13.78725 ], [ 109.27424, 13.7877 ], [ 109.27386, 13.78859 ], [ 109.27385, 13.78895 ], [ 109.27413, 13.78963 ], [ 109.27385, 13.79041 ], [ 109.27358, 13.7912 ], [ 109.27334, 13.79155 ], [ 109.27242, 13.7923 ], [ 109.27194, 13.79217 ], [ 109.27153, 13.79175 ], [ 109.27114, 13.79184 ], [ 109.27043, 13.79219 ], [ 109.26991, 13.79203 ], [ 109.2692, 13.79145 ], [ 109.26866, 13.7909 ], [ 109.26801, 13.79064 ], [ 109.26693, 13.78991 ], [ 109.26658, 13.79022 ], [ 109.26615, 13.79078 ], [ 109.26468, 13.79137 ], [ 109.26367, 13.7916 ], [ 109.26323, 13.79217 ], [ 109.26273, 13.7935 ], [ 109.2626, 13.79399 ], [ 109.26231, 13.79426 ], [ 109.26236, 13.79358 ], [ 109.26209, 13.79284 ], [ 109.26204, 13.79209 ], [ 109.26256, 13.79182 ], [ 109.26326, 13.79064 ], [ 109.26387, 13.79052 ], [ 109.26447, 13.79054 ], [ 109.26505, 13.79036 ], [ 109.26583, 13.78964 ], [ 109.26627, 13.78855 ], [ 109.26672, 13.78855 ], [ 109.26739, 13.78892 ], [ 109.26803, 13.78929 ], [ 109.26931, 13.78998 ], [ 109.27004, 13.79047 ], [ 109.27073, 13.79065 ], [ 109.27194, 13.78977 ], [ 109.27219, 13.78986 ], [ 109.27236, 13.7904 ], [ 109.27264, 13.79041 ], [ 109.27265, 13.79004 ], [ 109.27229, 13.78933 ], [ 109.27281, 13.78821 ], [ 109.27321, 13.78757 ], [ 109.27341, 13.7867 ], [ 109.27357, 13.78594 ], [ 109.27395, 13.78524 ], [ 109.27407, 13.78463 ], [ 109.27454, 13.78362 ], [ 109.27483, 13.78256 ], [ 109.27493, 13.78201 ], [ 109.27507, 13.78147 ], [ 109.27521, 13.78093 ], [ 109.27531, 13.78066 ], [ 109.27553, 13.78002 ], [ 109.27596, 13.77946 ], [ 109.27581, 13.77854 ], [ 109.27569, 13.77831 ], [ 109.27523, 13.77786 ], [ 109.27455, 13.77646 ], [ 109.27416, 13.7759 ], [ 109.27372, 13.77516 ], [ 109.27341, 13.77495 ], [ 109.27128, 13.77484 ], [ 109.27128, 13.77465 ], [ 109.27165, 13.77361 ], [ 109.27175, 13.77322 ], [ 109.27213, 13.77217 ], [ 109.27214, 13.77196 ], [ 109.27212, 13.77077 ], [ 109.27227, 13.76636 ], [ 109.27246, 13.7645 ], [ 109.27202, 13.76383 ], [ 109.27147, 13.76346 ], [ 109.27091, 13.76345 ], [ 109.27072, 13.76397 ], [ 109.27056, 13.76459 ], [ 109.27012, 13.76503 ], [ 109.26926, 13.76559 ], [ 109.26868, 13.76588 ], [ 109.2679, 13.76575 ], [ 109.26728, 13.76524 ], [ 109.26603, 13.76437 ], [ 109.26564, 13.7638 ], [ 109.26554, 13.76288 ], [ 109.26542, 13.76237 ], [ 109.26558, 13.76111 ], [ 109.26629, 13.7601 ], [ 109.26668, 13.75925 ], [ 109.26621, 13.75913 ], [ 109.26506, 13.75941 ], [ 109.26405, 13.75897 ], [ 109.26311, 13.75898 ], [ 109.26229, 13.75877 ], [ 109.26116, 13.75879 ], [ 109.26049, 13.75859 ], [ 109.26017, 13.75855 ], [ 109.26024, 13.75815 ], [ 109.26054, 13.75764 ], [ 109.2609, 13.75777 ], [ 109.26169, 13.75796 ], [ 109.2633, 13.75787 ], [ 109.26382, 13.75799 ], [ 109.26562, 13.75817 ], [ 109.26654, 13.75769 ], [ 109.26725, 13.75774 ], [ 109.26869, 13.75826 ], [ 109.2689, 13.75846 ], [ 109.26827, 13.7592 ], [ 109.26811, 13.76033 ], [ 109.26758, 13.76045 ], [ 109.2674, 13.76065 ], [ 109.2672, 13.76163 ], [ 109.26732, 13.76246 ], [ 109.2679, 13.76352 ], [ 109.26958, 13.76344 ], [ 109.27061, 13.76232 ], [ 109.27125, 13.76218 ], [ 109.27156, 13.7622 ], [ 109.2726, 13.76311 ], [ 109.27318, 13.76403 ], [ 109.2733, 13.76467 ], [ 109.27314, 13.76694 ], [ 109.27294, 13.76766 ], [ 109.27302, 13.76921 ], [ 109.27326, 13.77034 ], [ 109.27337, 13.77094 ], [ 109.27324, 13.77163 ], [ 109.27326, 13.77192 ], [ 109.27316, 13.7733 ], [ 109.27397, 13.77396 ], [ 109.2746, 13.77449 ], [ 109.27551, 13.77502 ], [ 109.27573, 13.77536 ], [ 109.27591, 13.77552 ], [ 109.27611, 13.77551 ], [ 109.27705, 13.77476 ], [ 109.27767, 13.77449 ], [ 109.27794, 13.77408 ], [ 109.27832, 13.7736 ], [ 109.27827, 13.77257 ], [ 109.27886, 13.77206 ], [ 109.27903, 13.77172 ], [ 109.27888, 13.77086 ], [ 109.28006, 13.76958 ], [ 109.28056, 13.7687 ], [ 109.28074, 13.76702 ], [ 109.28096, 13.76642 ], [ 109.28111, 13.76596 ], [ 109.28152, 13.76494 ], [ 109.28163, 13.76401 ], [ 109.28195, 13.76357 ], [ 109.28221, 13.7625 ], [ 109.2825, 13.76225 ], [ 109.28303, 13.76155 ], [ 109.28359, 13.76093 ], [ 109.28373, 13.76051 ], [ 109.28393, 13.75997 ], [ 109.28427, 13.75955 ], [ 109.28452, 13.75902 ], [ 109.28463, 13.75814 ], [ 109.28502, 13.75766 ], [ 109.28533, 13.75701 ], [ 109.28584, 13.75633 ], [ 109.28631, 13.75552 ], [ 109.2865, 13.75525 ], [ 109.28691, 13.75458 ], [ 109.28729, 13.75444 ], [ 109.28803, 13.75464 ], [ 109.2883, 13.75495 ], [ 109.2883, 13.75531 ], [ 109.28848, 13.75531 ], [ 109.28861, 13.75555 ], [ 109.28867, 13.75558 ], [ 109.28844, 13.75594 ], [ 109.28876, 13.75621 ], [ 109.2886, 13.75679 ], [ 109.28856, 13.75703 ], [ 109.28847, 13.75703 ], [ 109.28847, 13.75712 ], [ 109.28838, 13.75712 ], [ 109.28838, 13.7573 ], [ 109.28815, 13.75751 ], [ 109.28812, 13.75847 ], [ 109.28832, 13.75904 ], [ 109.28832, 13.75949 ], [ 109.28813, 13.76004 ], [ 109.28824, 13.7605 ], [ 109.28873, 13.76115 ], [ 109.28895, 13.76168 ], [ 109.28903, 13.76232 ], [ 109.28921, 13.76302 ], [ 109.28884, 13.76385 ], [ 109.28868, 13.76476 ], [ 109.28811, 13.76557 ], [ 109.28803, 13.76817 ], [ 109.28817, 13.76858 ], [ 109.28857, 13.76936 ], [ 109.28893, 13.77009 ], [ 109.28934, 13.77089 ], [ 109.28944, 13.77153 ], [ 109.28987, 13.77209 ], [ 109.28999, 13.77328 ], [ 109.29033, 13.77362 ], [ 109.29078, 13.77374 ], [ 109.29177, 13.77358 ], [ 109.29251, 13.77301 ], [ 109.29274, 13.77301 ], [ 109.29298, 13.77306 ], [ 109.29335, 13.77365 ], [ 109.29348, 13.77417 ], [ 109.29329, 13.775 ], [ 109.29324, 13.77532 ], [ 109.29318, 13.77558 ], [ 109.29324, 13.77595 ], [ 109.29316, 13.77629 ], [ 109.29323, 13.77703 ], [ 109.29313, 13.7774 ], [ 109.29304, 13.77739 ], [ 109.29304, 13.77749 ], [ 109.29275, 13.77769 ], [ 109.29261, 13.77835 ], [ 109.2927, 13.77871 ], [ 109.29275, 13.77875 ], [ 109.29279, 13.77916 ], [ 109.29284, 13.77938 ], [ 109.29284, 13.77947 ], [ 109.29293, 13.77947 ], [ 109.29293, 13.77956 ], [ 109.29302, 13.77956 ], [ 109.29302, 13.77965 ], [ 109.29312, 13.77965 ], [ 109.29328, 13.77998 ], [ 109.29348, 13.78002 ], [ 109.29353, 13.78016 ], [ 109.29374, 13.78054 ], [ 109.29366, 13.78129 ], [ 109.29366, 13.78138 ], [ 109.29329, 13.78137 ], [ 109.29328, 13.7821 ], [ 109.29319, 13.7821 ], [ 109.29319, 13.78219 ], [ 109.2931, 13.78219 ], [ 109.2931, 13.78228 ], [ 109.293, 13.78228 ], [ 109.293, 13.78237 ], [ 109.29291, 13.78237 ], [ 109.29291, 13.78246 ], [ 109.29287, 13.7825 ], [ 109.29269, 13.78265 ], [ 109.29258, 13.78352 ], [ 109.2922, 13.78403 ], [ 109.29216, 13.78426 ], [ 109.29191, 13.78432 ], [ 109.29155, 13.78482 ], [ 109.2915, 13.78507 ], [ 109.29146, 13.78521 ], [ 109.29128, 13.78552 ], [ 109.29141, 13.78588 ], [ 109.29128, 13.78599 ], [ 109.29042, 13.78718 ], [ 109.29033, 13.78755 ], [ 109.29107, 13.78809 ], [ 109.29125, 13.78828 ], [ 109.29129, 13.78904 ], [ 109.29126, 13.7891 ], [ 109.29086, 13.78922 ], [ 109.29082, 13.78967 ], [ 109.29041, 13.78999 ], [ 109.29005, 13.79014 ], [ 109.28999, 13.79021 ], [ 109.2899, 13.79021 ], [ 109.2898, 13.79021 ], [ 109.2898, 13.7903 ], [ 109.28931, 13.79043 ], [ 109.28894, 13.7907 ], [ 109.28883, 13.79141 ], [ 109.28909, 13.79188 ], [ 109.28914, 13.79192 ], [ 109.28914, 13.79201 ], [ 109.28914, 13.79246 ], [ 109.28908, 13.79258 ], [ 109.28904, 13.79309 ], [ 109.28892, 13.79356 ], [ 109.28907, 13.79396 ], [ 109.28913, 13.794 ], [ 109.28913, 13.79409 ], [ 109.28922, 13.7945 ], [ 109.28888, 13.79495 ], [ 109.28813, 13.79525 ], [ 109.28778, 13.79585 ], [ 109.28734, 13.79635 ], [ 109.28703, 13.79684 ], [ 109.28646, 13.79745 ], [ 109.28621, 13.79785 ], [ 109.28586, 13.79903 ], [ 109.28604, 13.80022 ], [ 109.28593, 13.80066 ], [ 109.28584, 13.80066 ], [ 109.28584, 13.80075 ], [ 109.28544, 13.8011 ], [ 109.28533, 13.80187 ], [ 109.28621, 13.80285 ], [ 109.28602, 13.80353 ], [ 109.28573, 13.80392 ], [ 109.28563, 13.80392 ], [ 109.28554, 13.80392 ], [ 109.28554, 13.80401 ], [ 109.28545, 13.80401 ], [ 109.28545, 13.80419 ], [ 109.28544, 13.80446 ], [ 109.28548, 13.80507 ], [ 109.28563, 13.80567 ], [ 109.28571, 13.80572 ], [ 109.28575, 13.80623 ], [ 109.28585, 13.80694 ], [ 109.28592, 13.80804 ], [ 109.28602, 13.8083 ], [ 109.28606, 13.80844 ], [ 109.28612, 13.80866 ], [ 109.28615, 13.80907 ], [ 109.28624, 13.80936 ], [ 109.28726, 13.81007 ], [ 109.28784, 13.81113 ], [ 109.28812, 13.81203 ], [ 109.28831, 13.81256 ], [ 109.28867, 13.81413 ], [ 109.28902, 13.81528 ], [ 109.28912, 13.81687 ], [ 109.28963, 13.81775 ], [ 109.29016, 13.81822 ], [ 109.2908, 13.81892 ], [ 109.29179, 13.81969 ], [ 109.29261, 13.82085 ], [ 109.29318, 13.82106 ], [ 109.29346, 13.82114 ], [ 109.29346, 13.82123 ], [ 109.29365, 13.82124 ], [ 109.29365, 13.82133 ], [ 109.29374, 13.82133 ], [ 109.29383, 13.82133 ], [ 109.29383, 13.82142 ], [ 109.29392, 13.82142 ], [ 109.29401, 13.82142 ], [ 109.2941, 13.82156 ], [ 109.29462, 13.82172 ], [ 109.29475, 13.82151 ], [ 109.29523, 13.82159 ], [ 109.29544, 13.82147 ], [ 109.29559, 13.82143 ], [ 109.296, 13.82193 ], [ 109.29617, 13.82247 ], [ 109.29623, 13.82252 ], [ 109.29626, 13.82267 ], [ 109.29638, 13.82291 ], [ 109.29644, 13.82321 ], [ 109.29659, 13.82352 ], [ 109.29659, 13.82361 ], [ 109.29668, 13.82361 ], [ 109.29675, 13.8239 ], [ 109.29705, 13.82397 ], [ 109.29705, 13.82406 ], [ 109.29714, 13.82406 ], [ 109.29718, 13.82411 ], [ 109.29769, 13.82443 ], [ 109.29779, 13.82443 ], [ 109.29807, 13.82487 ], [ 109.29815, 13.82533 ], [ 109.29806, 13.82533 ], [ 109.29806, 13.82542 ], [ 109.29767, 13.82567 ], [ 109.29759, 13.82578 ], [ 109.29746, 13.82589 ], [ 109.29757, 13.82645 ], [ 109.29805, 13.82651 ], [ 109.29827, 13.82665 ], [ 109.29842, 13.82669 ], [ 109.29876, 13.82732 ], [ 109.29887, 13.82742 ], [ 109.29887, 13.8276 ], [ 109.29887, 13.82778 ], [ 109.29881, 13.8279 ], [ 109.29878, 13.82805 ], [ 109.29882, 13.82843 ], [ 109.29901, 13.82872 ], [ 109.29909, 13.82892 ], [ 109.29914, 13.82896 ], [ 109.29914, 13.82905 ], [ 109.29903, 13.82944 ], [ 109.29853, 13.82953 ], [ 109.29849, 13.82959 ], [ 109.29811, 13.82962 ], [ 109.29823, 13.83017 ], [ 109.29779, 13.83082 ], [ 109.29774, 13.83112 ], [ 109.29773, 13.83139 ], [ 109.29773, 13.83157 ], [ 109.29782, 13.83192 ], [ 109.2981, 13.83211 ], [ 109.29817, 13.83267 ], [ 109.29804, 13.83288 ], [ 109.298, 13.83311 ], [ 109.29794, 13.83314 ], [ 109.29778, 13.83344 ], [ 109.29772, 13.83347 ], [ 109.29767, 13.83341 ], [ 109.29752, 13.83375 ], [ 109.29698, 13.83407 ], [ 109.29676, 13.83433 ], [ 109.2966, 13.83445 ], [ 109.29651, 13.83445 ], [ 109.29651, 13.83454 ], [ 109.29621, 13.83461 ], [ 109.29614, 13.8349 ], [ 109.29604, 13.8349 ], [ 109.29604, 13.83499 ], [ 109.2959, 13.83584 ], [ 109.29605, 13.83633 ], [ 109.29627, 13.83659 ], [ 109.29681, 13.83703 ], [ 109.29695, 13.83708 ], [ 109.29711, 13.83738 ], [ 109.29735, 13.8375 ], [ 109.29744, 13.83768 ], [ 109.2975, 13.83771 ], [ 109.2975, 13.8378 ], [ 109.2975, 13.83789 ], [ 109.29759, 13.83789 ], [ 109.29768, 13.83822 ], [ 109.29787, 13.83835 ], [ 109.2979, 13.8385 ], [ 109.29796, 13.83862 ], [ 109.29814, 13.83925 ], [ 109.29806, 13.83932 ], [ 109.29823, 13.83975 ], [ 109.29803, 13.84022 ], [ 109.29822, 13.8407 ], [ 109.2984, 13.84106 ], [ 109.29856, 13.84137 ], [ 109.29868, 13.84143 ], [ 109.29863, 13.84193 ], [ 109.29836, 13.8424 ], [ 109.29849, 13.84251 ], [ 109.29835, 13.84283 ], [ 109.29848, 13.84314 ], [ 109.29843, 13.84318 ], [ 109.29811, 13.84359 ], [ 109.29805, 13.84362 ], [ 109.29786, 13.84398 ], [ 109.29774, 13.84404 ], [ 109.29761, 13.84415 ], [ 109.2969, 13.84503 ], [ 109.29677, 13.84509 ], [ 109.29671, 13.84521 ], [ 109.29656, 13.84525 ], [ 109.29615, 13.84557 ], [ 109.29606, 13.84593 ], [ 109.29593, 13.84599 ], [ 109.29571, 13.84641 ], [ 109.29568, 13.84656 ], [ 109.29559, 13.84656 ], [ 109.29559, 13.84665 ], [ 109.2955, 13.84665 ], [ 109.2955, 13.84674 ], [ 109.29544, 13.84677 ], [ 109.29526, 13.84702 ], [ 109.29518, 13.84724 ], [ 109.29503, 13.84746 ], [ 109.29496, 13.84758 ], [ 109.29484, 13.84764 ], [ 109.29459, 13.84776 ], [ 109.29456, 13.84782 ], [ 109.29438, 13.84781 ], [ 109.29419, 13.84781 ], [ 109.29401, 13.84781 ], [ 109.29215, 13.84796 ], [ 109.29193, 13.84835 ], [ 109.29182, 13.84929 ], [ 109.29154, 13.85001 ], [ 109.29142, 13.85083 ], [ 109.29091, 13.85154 ], [ 109.29051, 13.85291 ], [ 109.29106, 13.85317 ], [ 109.29139, 13.85334 ], [ 109.29188, 13.85345 ], [ 109.29246, 13.85356 ], [ 109.29327, 13.85391 ], [ 109.29341, 13.85395 ], [ 109.29347, 13.85404 ], [ 109.29393, 13.85421 ], [ 109.29424, 13.85441 ], [ 109.29428, 13.85508 ], [ 109.2946, 13.85514 ], [ 109.2946, 13.85568 ], [ 109.29469, 13.85568 ], [ 109.29461, 13.85599 ], [ 109.29469, 13.85604 ], [ 109.29468, 13.8564 ], [ 109.29463, 13.85644 ], [ 109.29455, 13.85691 ], [ 109.29428, 13.8575 ], [ 109.29438, 13.85814 ], [ 109.29449, 13.85839 ], [ 109.29444, 13.85843 ], [ 109.29403, 13.85929 ], [ 109.29392, 13.85965 ], [ 109.29383, 13.85965 ], [ 109.29383, 13.85974 ], [ 109.29383, 13.85983 ], [ 109.29359, 13.85999 ], [ 109.29355, 13.86046 ], [ 109.29348, 13.86058 ], [ 109.29345, 13.86082 ], [ 109.29345, 13.86109 ], [ 109.29345, 13.86118 ], [ 109.29333, 13.86123 ], [ 109.29345, 13.86128 ], [ 109.29345, 13.86137 ], [ 109.29345, 13.86146 ], [ 109.29318, 13.86179 ], [ 109.29331, 13.86222 ], [ 109.29335, 13.86245 ], [ 109.29314, 13.8626 ], [ 109.29302, 13.86315 ], [ 109.29337, 13.86404 ], [ 109.29346, 13.86455 ], [ 109.29324, 13.86489 ], [ 109.29314, 13.86489 ], [ 109.29314, 13.86498 ], [ 109.29305, 13.86498 ], [ 109.29305, 13.86516 ], [ 109.29296, 13.86516 ], [ 109.29295, 13.86561 ], [ 109.2928, 13.86591 ], [ 109.29276, 13.86615 ], [ 109.29267, 13.86615 ], [ 109.29267, 13.86642 ], [ 109.29251, 13.86672 ], [ 109.29248, 13.86732 ], [ 109.29238, 13.86732 ], [ 109.29238, 13.86769 ], [ 109.29228, 13.86859 ], [ 109.29219, 13.86859 ], [ 109.29219, 13.86868 ], [ 109.29219, 13.86877 ], [ 109.29214, 13.86881 ], [ 109.29174, 13.8694 ], [ 109.29177, 13.87022 ], [ 109.29203, 13.87121 ], [ 109.29212, 13.87183 ], [ 109.2917, 13.87259 ], [ 109.29109, 13.87313 ], [ 109.291, 13.87347 ], [ 109.29186, 13.8741 ], [ 109.29182, 13.87508 ], [ 109.29158, 13.87571 ], [ 109.29188, 13.87686 ], [ 109.2917, 13.87751 ], [ 109.29132, 13.87804 ], [ 109.29093, 13.87822 ], [ 109.2905, 13.8782 ], [ 109.29028, 13.87821 ], [ 109.28951, 13.87901 ], [ 109.28882, 13.87932 ], [ 109.2885, 13.87948 ], [ 109.28754, 13.88019 ], [ 109.28634, 13.881 ], [ 109.28585, 13.88115 ], [ 109.28555, 13.88125 ], [ 109.28516, 13.88165 ], [ 109.28491, 13.88188 ], [ 109.28438, 13.88186 ], [ 109.28354, 13.88113 ], [ 109.28319, 13.88097 ], [ 109.28281, 13.88068 ], [ 109.28257, 13.88057 ], [ 109.28221, 13.88069 ], [ 109.28178, 13.88126 ], [ 109.2811, 13.88164 ], [ 109.28041, 13.88174 ], [ 109.27993, 13.88138 ], [ 109.27978, 13.88129 ], [ 109.27965, 13.8816 ], [ 109.28011, 13.88284 ], [ 109.2801, 13.88302 ], [ 109.27955, 13.883 ], [ 109.2792, 13.88301 ], [ 109.27906, 13.88395 ], [ 109.27763, 13.88388 ], [ 109.27728, 13.88441 ], [ 109.27662, 13.88478 ], [ 109.27645, 13.88544 ], [ 109.27575, 13.88576 ], [ 109.27514, 13.88617 ], [ 109.27499, 13.88657 ], [ 109.27544, 13.88715 ], [ 109.27525, 13.8875 ], [ 109.27479, 13.88748 ], [ 109.27428, 13.88802 ], [ 109.27394, 13.88817 ], [ 109.27344, 13.88883 ], [ 109.27316, 13.88892 ], [ 109.27166, 13.8884 ], [ 109.27116, 13.88866 ], [ 109.27099, 13.88902 ], [ 109.27165, 13.88997 ], [ 109.27162, 13.89057 ], [ 109.27097, 13.89072 ], [ 109.27062, 13.89017 ], [ 109.27028, 13.88969 ], [ 109.26985, 13.88897 ], [ 109.26929, 13.88872 ], [ 109.26844, 13.88901 ], [ 109.26777, 13.88934 ], [ 109.26727, 13.88972 ], [ 109.26674, 13.89051 ], [ 109.26621, 13.8914 ], [ 109.26625, 13.89252 ], [ 109.26657, 13.89312 ], [ 109.26673, 13.89346 ], [ 109.26669, 13.89423 ], [ 109.26593, 13.89458 ], [ 109.26513, 13.89517 ], [ 109.26502, 13.89601 ], [ 109.26491, 13.89641 ], [ 109.26439, 13.89688 ], [ 109.26334, 13.8972 ], [ 109.26286, 13.89707 ], [ 109.26233, 13.89671 ], [ 109.26185, 13.89644 ], [ 109.26144, 13.89665 ] ], [ [ 109.28514, 13.87583 ], [ 109.28515, 13.87659 ], [ 109.28598, 13.87672 ], [ 109.28683, 13.87709 ], [ 109.2875, 13.87687 ], [ 109.28794, 13.87673 ], [ 109.28832, 13.87654 ], [ 109.28851, 13.8758 ], [ 109.28894, 13.87541 ], [ 109.2894, 13.8745 ], [ 109.28905, 13.87404 ], [ 109.28896, 13.87376 ], [ 109.28953, 13.87358 ], [ 109.2899, 13.8734 ], [ 109.29017, 13.87259 ], [ 109.29052, 13.87183 ], [ 109.29107, 13.87148 ], [ 109.2912, 13.87129 ], [ 109.29086, 13.87079 ], [ 109.29074, 13.87042 ], [ 109.29106, 13.86953 ], [ 109.29176, 13.86822 ], [ 109.2919, 13.86692 ], [ 109.29215, 13.86623 ], [ 109.29253, 13.86497 ], [ 109.29271, 13.86446 ], [ 109.29282, 13.8641 ], [ 109.29254, 13.86299 ], [ 109.29257, 13.86205 ], [ 109.29239, 13.86135 ], [ 109.29295, 13.86068 ], [ 109.29322, 13.85988 ], [ 109.29356, 13.85933 ], [ 109.29381, 13.85874 ], [ 109.29379, 13.85724 ], [ 109.29418, 13.85663 ], [ 109.29428, 13.85603 ], [ 109.29409, 13.85516 ], [ 109.29389, 13.85478 ], [ 109.29282, 13.85443 ], [ 109.29186, 13.85444 ], [ 109.29078, 13.85497 ], [ 109.28947, 13.85516 ], [ 109.28872, 13.85514 ], [ 109.2885, 13.85491 ], [ 109.28881, 13.85403 ], [ 109.28894, 13.85303 ], [ 109.28949, 13.85226 ], [ 109.28966, 13.85191 ], [ 109.2898, 13.85092 ], [ 109.29006, 13.85018 ], [ 109.2902, 13.84977 ], [ 109.29065, 13.84906 ], [ 109.29095, 13.84847 ], [ 109.29126, 13.84788 ], [ 109.2916, 13.84707 ], [ 109.2923, 13.84694 ], [ 109.29263, 13.84684 ], [ 109.29404, 13.84687 ], [ 109.29435, 13.84672 ], [ 109.29557, 13.8455 ], [ 109.29592, 13.84498 ], [ 109.29652, 13.84422 ], [ 109.2968, 13.84354 ], [ 109.29721, 13.84289 ], [ 109.29742, 13.84227 ], [ 109.29782, 13.84154 ], [ 109.29779, 13.83937 ], [ 109.29724, 13.83814 ], [ 109.29599, 13.83695 ], [ 109.29585, 13.83639 ], [ 109.29566, 13.83603 ], [ 109.29546, 13.83561 ], [ 109.29563, 13.83466 ], [ 109.29602, 13.83412 ], [ 109.29688, 13.83372 ], [ 109.29738, 13.83271 ], [ 109.2972, 13.83197 ], [ 109.29724, 13.83058 ], [ 109.29756, 13.82939 ], [ 109.29818, 13.82881 ], [ 109.29817, 13.82778 ], [ 109.29796, 13.82718 ], [ 109.29733, 13.82681 ], [ 109.29694, 13.8264 ], [ 109.29679, 13.82534 ], [ 109.29623, 13.8248 ], [ 109.29608, 13.82419 ], [ 109.29577, 13.82316 ], [ 109.29562, 13.82274 ], [ 109.29519, 13.82253 ], [ 109.29407, 13.82234 ], [ 109.29344, 13.82196 ], [ 109.29267, 13.82159 ], [ 109.29224, 13.82137 ], [ 109.29171, 13.82057 ], [ 109.29074, 13.81964 ], [ 109.28947, 13.81833 ], [ 109.28891, 13.81763 ], [ 109.28838, 13.81698 ], [ 109.28827, 13.81662 ], [ 109.28846, 13.81609 ], [ 109.28855, 13.8155 ], [ 109.28819, 13.81424 ], [ 109.28793, 13.81302 ], [ 109.28765, 13.81211 ], [ 109.28751, 13.81151 ], [ 109.28696, 13.81057 ], [ 109.28619, 13.81011 ], [ 109.28614, 13.81007 ], [ 109.28576, 13.81012 ], [ 109.28503, 13.81068 ], [ 109.28488, 13.81112 ], [ 109.28489, 13.81161 ], [ 109.28545, 13.81243 ], [ 109.28542, 13.81327 ], [ 109.28543, 13.81355 ], [ 109.28567, 13.81402 ], [ 109.28626, 13.81446 ], [ 109.28645, 13.81465 ], [ 109.28643, 13.81546 ], [ 109.28615, 13.81624 ], [ 109.28605, 13.8168 ], [ 109.28578, 13.81792 ], [ 109.28631, 13.81842 ], [ 109.28641, 13.81862 ], [ 109.2864, 13.81886 ], [ 109.28596, 13.81942 ], [ 109.28571, 13.8204 ], [ 109.2852, 13.82167 ], [ 109.28507, 13.82219 ], [ 109.28508, 13.82295 ], [ 109.28557, 13.82342 ], [ 109.28645, 13.82384 ], [ 109.28658, 13.8252 ], [ 109.28695, 13.82649 ], [ 109.28725, 13.82706 ], [ 109.28735, 13.82775 ], [ 109.28745, 13.82811 ], [ 109.28761, 13.82895 ], [ 109.28743, 13.82991 ], [ 109.28733, 13.83065 ], [ 109.287, 13.83126 ], [ 109.28445, 13.83134 ], [ 109.28407, 13.83172 ], [ 109.28364, 13.83236 ], [ 109.28352, 13.8334 ], [ 109.28416, 13.83414 ], [ 109.28425, 13.83438 ], [ 109.28397, 13.83504 ], [ 109.28387, 13.83597 ], [ 109.28406, 13.83687 ], [ 109.28405, 13.83716 ], [ 109.28343, 13.83811 ], [ 109.28311, 13.83892 ], [ 109.28287, 13.83949 ], [ 109.28243, 13.8408 ], [ 109.28226, 13.84208 ], [ 109.28211, 13.84262 ], [ 109.28166, 13.84359 ], [ 109.28059, 13.84502 ], [ 109.28044, 13.84588 ], [ 109.28008, 13.84633 ], [ 109.27949, 13.84658 ], [ 109.27918, 13.84596 ], [ 109.27898, 13.84566 ], [ 109.2784, 13.84567 ], [ 109.27779, 13.84612 ], [ 109.27734, 13.84644 ], [ 109.27565, 13.84791 ], [ 109.27527, 13.84815 ], [ 109.27422, 13.84933 ], [ 109.27394, 13.84974 ], [ 109.27349, 13.85016 ], [ 109.2729, 13.85044 ], [ 109.27266, 13.85079 ], [ 109.27244, 13.851 ], [ 109.27182, 13.85123 ], [ 109.27116, 13.85034 ], [ 109.27029, 13.85022 ], [ 109.26979, 13.85059 ], [ 109.26953, 13.85111 ], [ 109.26932, 13.8514 ], [ 109.26933, 13.85193 ], [ 109.26917, 13.85252 ], [ 109.26932, 13.85313 ], [ 109.2693, 13.8539 ], [ 109.2694, 13.85419 ], [ 109.26948, 13.85538 ], [ 109.26929, 13.85591 ], [ 109.26912, 13.85643 ], [ 109.26931, 13.85757 ], [ 109.26927, 13.85889 ], [ 109.26928, 13.85943 ], [ 109.26926, 13.86013 ], [ 109.2694, 13.8607 ], [ 109.26953, 13.86179 ], [ 109.26963, 13.86237 ], [ 109.26998, 13.8634 ], [ 109.27007, 13.86396 ], [ 109.27035, 13.8646 ], [ 109.27052, 13.86532 ], [ 109.27085, 13.86613 ], [ 109.27097, 13.86678 ], [ 109.27078, 13.86731 ], [ 109.27059, 13.86904 ], [ 109.27038, 13.86981 ], [ 109.2704, 13.87124 ], [ 109.27079, 13.8724 ], [ 109.27092, 13.87366 ], [ 109.27157, 13.87455 ], [ 109.27213, 13.87473 ], [ 109.27267, 13.87455 ], [ 109.2734, 13.87446 ], [ 109.27396, 13.87374 ], [ 109.27444, 13.87375 ], [ 109.27462, 13.87469 ], [ 109.27483, 13.87551 ], [ 109.27508, 13.87575 ], [ 109.27535, 13.87574 ], [ 109.27574, 13.87536 ], [ 109.27646, 13.87519 ], [ 109.27785, 13.87523 ], [ 109.27839, 13.87469 ], [ 109.27878, 13.87451 ], [ 109.27887, 13.87441 ], [ 109.27903, 13.87427 ], [ 109.27982, 13.87403 ], [ 109.27999, 13.87351 ], [ 109.27963, 13.87282 ], [ 109.27995, 13.87237 ], [ 109.28051, 13.87226 ], [ 109.28106, 13.87299 ], [ 109.28149, 13.87327 ], [ 109.28211, 13.87326 ], [ 109.28249, 13.87336 ], [ 109.28268, 13.87336 ], [ 109.28295, 13.87309 ], [ 109.28313, 13.87292 ], [ 109.28325, 13.87202 ], [ 109.28381, 13.87189 ], [ 109.28415, 13.87122 ], [ 109.28453, 13.87068 ], [ 109.28433, 13.8699 ], [ 109.28446, 13.8693 ], [ 109.28456, 13.86837 ], [ 109.28438, 13.86713 ], [ 109.2843, 13.86605 ], [ 109.28419, 13.86583 ], [ 109.2835, 13.86517 ], [ 109.28338, 13.86501 ], [ 109.28399, 13.86469 ], [ 109.28507, 13.86531 ], [ 109.28528, 13.86596 ], [ 109.2854, 13.86724 ], [ 109.28566, 13.86799 ], [ 109.28576, 13.86897 ], [ 109.28594, 13.86967 ], [ 109.28602, 13.87058 ], [ 109.28612, 13.87097 ], [ 109.2861, 13.87162 ], [ 109.28611, 13.872 ], [ 109.28697, 13.87256 ], [ 109.28712, 13.87282 ], [ 109.28662, 13.87344 ], [ 109.28632, 13.87433 ], [ 109.28617, 13.87476 ], [ 109.28547, 13.87541 ], [ 109.28514, 13.87583 ] ], [ [ 109.28363, 13.80882 ], [ 109.28392, 13.80883 ], [ 109.28537, 13.80844 ], [ 109.28538, 13.80806 ], [ 109.28528, 13.80728 ], [ 109.2853, 13.80668 ], [ 109.28493, 13.80488 ], [ 109.28492, 13.8041 ], [ 109.28503, 13.80378 ], [ 109.28537, 13.80303 ], [ 109.28513, 13.80278 ], [ 109.28458, 13.80238 ], [ 109.28458, 13.80183 ], [ 109.2847, 13.80135 ], [ 109.28507, 13.80032 ], [ 109.28505, 13.79915 ], [ 109.28555, 13.7977 ], [ 109.28608, 13.79678 ], [ 109.28648, 13.79628 ], [ 109.28667, 13.7959 ], [ 109.2873, 13.79532 ], [ 109.28759, 13.79485 ], [ 109.28792, 13.79443 ], [ 109.28774, 13.79355 ], [ 109.28797, 13.79287 ], [ 109.28816, 13.79268 ], [ 109.28854, 13.79233 ], [ 109.28844, 13.79194 ], [ 109.28819, 13.79118 ], [ 109.28846, 13.79017 ], [ 109.28837, 13.7897 ], [ 109.28828, 13.78923 ], [ 109.28829, 13.7888 ], [ 109.28828, 13.788 ], [ 109.28848, 13.78779 ], [ 109.28922, 13.78745 ], [ 109.28964, 13.78666 ], [ 109.28942, 13.78601 ], [ 109.2896, 13.78564 ], [ 109.28979, 13.7853 ], [ 109.29002, 13.7846 ], [ 109.29085, 13.78445 ], [ 109.29128, 13.78394 ], [ 109.29147, 13.78357 ], [ 109.29203, 13.78305 ], [ 109.29192, 13.7828 ], [ 109.2912, 13.78238 ], [ 109.29137, 13.78193 ], [ 109.29204, 13.78151 ], [ 109.29192, 13.78125 ], [ 109.29168, 13.78078 ], [ 109.29177, 13.7805 ], [ 109.29212, 13.78 ], [ 109.29224, 13.77879 ], [ 109.29235, 13.77746 ], [ 109.29281, 13.77687 ], [ 109.29263, 13.77581 ], [ 109.29253, 13.77473 ], [ 109.29167, 13.77516 ], [ 109.29044, 13.77529 ], [ 109.28995, 13.77552 ], [ 109.28878, 13.77631 ], [ 109.2884, 13.77644 ], [ 109.28811, 13.77616 ], [ 109.28795, 13.77569 ], [ 109.28819, 13.77502 ], [ 109.28837, 13.77434 ], [ 109.28812, 13.77361 ], [ 109.28787, 13.77271 ], [ 109.28731, 13.77243 ], [ 109.28658, 13.77219 ], [ 109.28645, 13.77093 ], [ 109.28611, 13.7707 ], [ 109.28565, 13.7704 ], [ 109.28578, 13.76992 ], [ 109.28639, 13.76936 ], [ 109.28649, 13.76917 ], [ 109.28658, 13.76845 ], [ 109.28678, 13.7678 ], [ 109.28677, 13.76719 ], [ 109.28714, 13.76639 ], [ 109.28679, 13.76539 ], [ 109.28689, 13.76528 ], [ 109.28744, 13.76494 ], [ 109.28763, 13.76458 ], [ 109.28776, 13.76384 ], [ 109.28819, 13.76322 ], [ 109.28821, 13.76278 ], [ 109.28802, 13.76258 ], [ 109.28773, 13.76231 ], [ 109.28775, 13.7615 ], [ 109.28738, 13.76079 ], [ 109.28738, 13.76059 ], [ 109.28741, 13.75942 ], [ 109.28727, 13.75873 ], [ 109.28742, 13.75738 ], [ 109.28769, 13.75663 ], [ 109.2876, 13.75598 ], [ 109.28746, 13.75575 ], [ 109.28712, 13.75582 ], [ 109.28677, 13.75634 ], [ 109.2865, 13.75672 ], [ 109.28637, 13.75733 ], [ 109.28566, 13.75846 ], [ 109.28554, 13.75922 ], [ 109.28535, 13.76003 ], [ 109.28519, 13.7608 ], [ 109.28483, 13.76133 ], [ 109.28405, 13.76182 ], [ 109.28366, 13.76239 ], [ 109.28299, 13.76386 ], [ 109.28273, 13.76462 ], [ 109.28263, 13.76489 ], [ 109.28254, 13.76589 ], [ 109.28237, 13.76651 ], [ 109.28214, 13.76879 ], [ 109.2813, 13.77036 ], [ 109.2813, 13.77058 ], [ 109.2813, 13.77102 ], [ 109.28101, 13.77182 ], [ 109.2811, 13.77221 ], [ 109.28138, 13.77273 ], [ 109.28092, 13.77364 ], [ 109.28063, 13.77383 ], [ 109.27993, 13.77392 ], [ 109.27817, 13.77581 ], [ 109.27773, 13.77644 ], [ 109.27774, 13.77732 ], [ 109.27737, 13.77815 ], [ 109.27726, 13.77915 ], [ 109.27707, 13.77969 ], [ 109.27679, 13.781 ], [ 109.27659, 13.78174 ], [ 109.27681, 13.78208 ], [ 109.27731, 13.78241 ], [ 109.27732, 13.7834 ], [ 109.27704, 13.78447 ], [ 109.27694, 13.78483 ], [ 109.27675, 13.78553 ], [ 109.27673, 13.78617 ], [ 109.27697, 13.78642 ], [ 109.27757, 13.78698 ], [ 109.27774, 13.78786 ], [ 109.27775, 13.78851 ], [ 109.2776, 13.78935 ], [ 109.278, 13.79017 ], [ 109.27856, 13.79018 ], [ 109.27877, 13.78988 ], [ 109.27922, 13.78899 ], [ 109.2799, 13.78845 ], [ 109.28098, 13.78794 ], [ 109.28108, 13.78766 ], [ 109.28122, 13.787 ], [ 109.28174, 13.7864 ], [ 109.28239, 13.7855 ], [ 109.28267, 13.78514 ], [ 109.28299, 13.78463 ], [ 109.28374, 13.7842 ], [ 109.28431, 13.78328 ], [ 109.28472, 13.78291 ], [ 109.28488, 13.78259 ], [ 109.2852, 13.78172 ], [ 109.28544, 13.78099 ], [ 109.28684, 13.77932 ], [ 109.2873, 13.77858 ], [ 109.28762, 13.77857 ], [ 109.2878, 13.77928 ], [ 109.28752, 13.78011 ], [ 109.28697, 13.7809 ], [ 109.28677, 13.78137 ], [ 109.28658, 13.78182 ], [ 109.28629, 13.78251 ], [ 109.2863, 13.78341 ], [ 109.28592, 13.78416 ], [ 109.28555, 13.78444 ], [ 109.28494, 13.78478 ], [ 109.28476, 13.78549 ], [ 109.28443, 13.78613 ], [ 109.284, 13.78674 ], [ 109.28369, 13.7875 ], [ 109.28302, 13.78857 ], [ 109.28313, 13.78915 ], [ 109.28356, 13.78956 ], [ 109.28357, 13.79001 ], [ 109.28338, 13.7903 ], [ 109.28304, 13.79061 ], [ 109.28281, 13.79144 ], [ 109.28271, 13.79202 ], [ 109.28234, 13.79271 ], [ 109.28215, 13.79379 ], [ 109.28196, 13.79452 ], [ 109.28195, 13.7948 ], [ 109.28232, 13.79518 ], [ 109.28296, 13.79579 ], [ 109.28297, 13.79622 ], [ 109.28286, 13.7968 ], [ 109.28275, 13.79825 ], [ 109.2824, 13.7986 ], [ 109.28184, 13.79878 ], [ 109.28117, 13.80022 ], [ 109.28108, 13.80078 ], [ 109.28082, 13.80126 ], [ 109.28077, 13.80298 ], [ 109.28079, 13.80435 ], [ 109.2804, 13.80521 ], [ 109.28049, 13.80558 ], [ 109.28085, 13.80626 ], [ 109.28125, 13.80733 ], [ 109.28209, 13.80781 ], [ 109.28262, 13.80794 ], [ 109.28363, 13.80882 ] ] ] ] } },
{ "type": "Feature", "properties": { "OBJECTID": 5, "gridcode": 5, "Shape_Length": 119849.47772958547, "Shape_Area": 44766696.40546333 }, "geometry": { "type": "MultiPolygon", "coordinates": [ [ [ [ 109.28917, 13.75503 ], [ 109.28872, 13.75541 ], [ 109.28867, 13.75558 ], [ 109.28861, 13.75555 ], [ 109.28848, 13.75531 ], [ 109.28856, 13.75505 ], [ 109.28891, 13.75491 ], [ 109.28922, 13.75456 ], [ 109.28917, 13.75503 ] ] ], [ [ [ 109.2897, 13.75592 ], [ 109.28961, 13.75643 ], [ 109.28895, 13.75688 ], [ 109.28856, 13.75703 ], [ 109.2886, 13.75679 ], [ 109.28876, 13.75621 ], [ 109.28905, 13.75603 ], [ 109.28944, 13.75588 ], [ 109.2897, 13.75592 ] ] ], [ [ [ 109.28838, 13.7573 ], [ 109.28838, 13.75712 ], [ 109.28847, 13.75712 ], [ 109.28847, 13.7573 ], [ 109.28838, 13.7573 ] ] ], [ [ [ 109.29298, 13.77306 ], [ 109.29274, 13.77301 ], [ 109.29251, 13.77301 ], [ 109.29177, 13.77358 ], [ 109.29078, 13.77374 ], [ 109.29033, 13.77362 ], [ 109.28999, 13.77328 ], [ 109.28987, 13.77209 ], [ 109.28944, 13.77153 ], [ 109.28934, 13.77089 ], [ 109.28893, 13.77009 ], [ 109.28857, 13.76936 ], [ 109.28817, 13.76858 ], [ 109.28803, 13.76817 ], [ 109.28811, 13.76557 ], [ 109.28868, 13.76476 ], [ 109.28884, 13.76385 ], [ 109.28921, 13.76302 ], [ 109.28903, 13.76232 ], [ 109.28895, 13.76168 ], [ 109.28873, 13.76115 ], [ 109.28824, 13.7605 ], [ 109.28813, 13.76004 ], [ 109.28832, 13.75949 ], [ 109.28832, 13.75904 ], [ 109.28812, 13.75847 ], [ 109.28815, 13.75751 ], [ 109.28838, 13.7573 ], [ 109.28823, 13.75779 ], [ 109.28824, 13.75798 ], [ 109.28865, 13.75797 ], [ 109.28848, 13.75831 ], [ 109.2886, 13.75843 ], [ 109.28869, 13.75879 ], [ 109.28887, 13.75913 ], [ 109.28849, 13.75961 ], [ 109.2885, 13.76034 ], [ 109.28886, 13.76068 ], [ 109.28904, 13.76106 ], [ 109.28942, 13.76142 ], [ 109.28939, 13.76231 ], [ 109.28977, 13.7628 ], [ 109.28944, 13.7634 ], [ 109.28958, 13.76397 ], [ 109.28981, 13.7644 ], [ 109.29085, 13.76568 ], [ 109.2914, 13.7662 ], [ 109.29317, 13.76715 ], [ 109.29316, 13.76769 ], [ 109.29221, 13.76813 ], [ 109.29175, 13.76859 ], [ 109.29127, 13.76955 ], [ 109.29129, 13.77084 ], [ 109.29147, 13.7714 ], [ 109.29249, 13.77211 ], [ 109.29295, 13.77211 ], [ 109.2935, 13.77174 ], [ 109.29368, 13.77139 ], [ 109.29388, 13.77139 ], [ 109.29405, 13.77177 ], [ 109.29386, 13.77229 ], [ 109.29373, 13.77282 ], [ 109.29325, 13.77257 ], [ 109.29312, 13.77283 ], [ 109.29303, 13.77292 ], [ 109.29298, 13.77306 ] ] ], [ [ [ 109.29298, 13.77306 ], [ 109.29348, 13.77315 ], [ 109.29357, 13.77365 ], [ 109.29377, 13.77374 ], [ 109.29373, 13.77417 ], [ 109.29403, 13.77458 ], [ 109.29358, 13.77495 ], [ 109.29348, 13.77528 ], [ 109.29324, 13.77532 ], [ 109.29329, 13.775 ], [ 109.29348, 13.77417 ], [ 109.29335, 13.77365 ], [ 109.29298, 13.77306 ] ] ], [ [ [ 109.28221, 13.7625 ], [ 109.28195, 13.76357 ], [ 109.28163, 13.76401 ], [ 109.28152, 13.76494 ], [ 109.28111, 13.76596 ], [ 109.28096, 13.76642 ], [ 109.28074, 13.76702 ], [ 109.28056, 13.7687 ], [ 109.28006, 13.76958 ], [ 109.27888, 13.77086 ], [ 109.27903, 13.77172 ], [ 109.27886, 13.77206 ], [ 109.27827, 13.77257 ], [ 109.27832, 13.7736 ], [ 109.27794, 13.77408 ], [ 109.27767, 13.77449 ], [ 109.27705, 13.77476 ], [ 109.27611, 13.77551 ], [ 109.27591, 13.77552 ], [ 109.27573, 13.77536 ], [ 109.27551, 13.77502 ], [ 109.2746, 13.77449 ], [ 109.27397, 13.77396 ], [ 109.27316, 13.7733 ], [ 109.27326, 13.77192 ], [ 109.27324, 13.77163 ], [ 109.27337, 13.77094 ], [ 109.27326, 13.77034 ], [ 109.27302, 13.76921 ], [ 109.27294, 13.76766 ], [ 109.27314, 13.76694 ], [ 109.2733, 13.76467 ], [ 109.27318, 13.76403 ], [ 109.2726, 13.76311 ], [ 109.27156, 13.7622 ], [ 109.27125, 13.76218 ], [ 109.27061, 13.76232 ], [ 109.26958, 13.76344 ], [ 109.2679, 13.76352 ], [ 109.26732, 13.76246 ], [ 109.2672, 13.76163 ], [ 109.2674, 13.76065 ], [ 109.26758, 13.76045 ], [ 109.26811, 13.76033 ], [ 109.26827, 13.7592 ], [ 109.2689, 13.75846 ], [ 109.26869, 13.75826 ], [ 109.26725, 13.75774 ], [ 109.26654, 13.75769 ], [ 109.26562, 13.75817 ], [ 109.26382, 13.75799 ], [ 109.2633, 13.75787 ], [ 109.26169, 13.75796 ], [ 109.2609, 13.75777 ], [ 109.26054, 13.75764 ], [ 109.26059, 13.75723 ], [ 109.261, 13.75725 ], [ 109.26161, 13.7577 ], [ 109.26171, 13.7576 ], [ 109.26253, 13.75762 ], [ 109.26301, 13.75761 ], [ 109.26362, 13.75741 ], [ 109.26384, 13.75764 ], [ 109.26529, 13.75762 ], [ 109.26549, 13.75773 ], [ 109.26568, 13.75781 ], [ 109.26645, 13.75731 ], [ 109.26745, 13.75702 ], [ 109.26787, 13.75723 ], [ 109.26798, 13.75783 ], [ 109.26838, 13.75783 ], [ 109.26895, 13.75755 ], [ 109.26915, 13.75797 ], [ 109.26937, 13.75775 ], [ 109.26946, 13.75793 ], [ 109.26974, 13.75802 ], [ 109.26973, 13.75847 ], [ 109.27269, 13.7604 ], [ 109.27398, 13.76109 ], [ 109.27661, 13.76194 ], [ 109.27818, 13.76229 ], [ 109.28106, 13.76226 ], [ 109.28233, 13.76171 ], [ 109.28292, 13.76111 ], [ 109.28304, 13.76056 ], [ 109.28314, 13.76026 ], [ 109.28414, 13.75885 ], [ 109.28429, 13.75828 ], [ 109.28456, 13.75763 ], [ 109.28477, 13.75723 ], [ 109.28501, 13.75675 ], [ 109.28562, 13.75619 ], [ 109.28628, 13.75508 ], [ 109.28679, 13.75443 ], [ 109.28735, 13.75408 ], [ 109.28755, 13.75388 ], [ 109.28836, 13.75373 ], [ 109.28835, 13.75418 ], [ 109.28836, 13.75489 ], [ 109.2883, 13.75495 ], [ 109.28803, 13.75464 ], [ 109.28729, 13.75444 ], [ 109.28691, 13.75458 ], [ 109.2865, 13.75525 ], [ 109.28631, 13.75552 ], [ 109.28584, 13.75633 ], [ 109.28533, 13.75701 ], [ 109.28502, 13.75766 ], [ 109.28463, 13.75814 ], [ 109.28452, 13.75902 ], [ 109.28427, 13.75955 ], [ 109.28393, 13.75997 ], [ 109.28373, 13.76051 ], [ 109.28359, 13.76093 ], [ 109.28303, 13.76155 ], [ 109.2825, 13.76225 ], [ 109.28221, 13.7625 ] ] ], [ [ [ 109.29339, 13.77608 ], [ 109.29329, 13.77699 ], [ 109.29323, 13.77703 ], [ 109.29316, 13.77629 ], [ 109.29324, 13.77595 ], [ 109.29339, 13.77608 ] ] ], [ [ [ 109.29304, 13.77749 ], [ 109.29304, 13.77739 ], [ 109.29313, 13.7774 ], [ 109.29313, 13.77749 ], [ 109.29304, 13.77749 ] ] ], [ [ [ 109.29304, 13.77749 ], [ 109.29301, 13.77791 ], [ 109.29279, 13.77833 ], [ 109.29275, 13.77875 ], [ 109.2927, 13.77871 ], [ 109.29261, 13.77835 ], [ 109.29275, 13.77769 ], [ 109.29304, 13.77749 ] ] ], [ [ [ 109.29293, 13.77947 ], [ 109.29284, 13.77947 ], [ 109.29284, 13.77938 ], [ 109.29293, 13.77938 ], [ 109.29293, 13.77947 ] ] ], [ [ [ 109.29293, 13.77947 ], [ 109.29303, 13.77947 ], [ 109.29302, 13.77956 ], [ 109.29293, 13.77956 ], [ 109.29293, 13.77947 ] ] ], [ [ [ 109.29302, 13.77956 ], [ 109.29312, 13.77956 ], [ 109.29312, 13.77965 ], [ 109.29302, 13.77965 ], [ 109.29302, 13.77956 ] ] ], [ [ [ 109.29392, 13.77991 ], [ 109.29409, 13.78049 ], [ 109.29396, 13.78104 ], [ 109.29366, 13.78129 ], [ 109.29374, 13.78054 ], [ 109.29353, 13.78016 ], [ 109.29348, 13.78002 ], [ 109.29358, 13.77971 ], [ 109.29392, 13.77991 ] ] ], [ [ [ 109.29319, 13.78219 ], [ 109.29319, 13.7821 ], [ 109.29328, 13.7821 ], [ 109.29328, 13.78219 ], [ 109.29319, 13.78219 ] ] ], [ [ [ 109.29319, 13.78219 ], [ 109.29319, 13.78228 ], [ 109.2931, 13.78228 ], [ 109.2931, 13.78219 ], [ 109.29319, 13.78219 ] ] ], [ [ [ 109.2931, 13.78228 ], [ 109.2931, 13.78237 ], [ 109.293, 13.78237 ], [ 109.293, 13.78228 ], [ 109.2931, 13.78228 ] ] ], [ [ [ 109.293, 13.78237 ], [ 109.293, 13.78246 ], [ 109.29291, 13.78246 ], [ 109.29291, 13.78237 ], [ 109.293, 13.78237 ] ] ], [ [ [ 109.2921, 13.78438 ], [ 109.29202, 13.78476 ], [ 109.29188, 13.78498 ], [ 109.2915, 13.78507 ], [ 109.29155, 13.78482 ], [ 109.29191, 13.78432 ], [ 109.29216, 13.78426 ], [ 109.2921, 13.78438 ] ] ], [ [ [ 109.29124, 13.78784 ], [ 109.29146, 13.78801 ], [ 109.29142, 13.78827 ], [ 109.29158, 13.7884 ], [ 109.29151, 13.78888 ], [ 109.29129, 13.78904 ], [ 109.29125, 13.78828 ], [ 109.29107, 13.78809 ], [ 109.29033, 13.78755 ], [ 109.29042, 13.78718 ], [ 109.29128, 13.78599 ], [ 109.29141, 13.78588 ], [ 109.29148, 13.78634 ], [ 109.29129, 13.78664 ], [ 109.29107, 13.78673 ], [ 109.29081, 13.78688 ], [ 109.29071, 13.7875 ], [ 109.29107, 13.78736 ], [ 109.29131, 13.7874 ], [ 109.29124, 13.78784 ] ] ], [ [ [ 109.2898, 13.7903 ], [ 109.2898, 13.79021 ], [ 109.2899, 13.79021 ], [ 109.28989, 13.7903 ], [ 109.2898, 13.7903 ] ] ], [ [ [ 109.29077, 13.78983 ], [ 109.29006, 13.79061 ], [ 109.28999, 13.79021 ], [ 109.29005, 13.79014 ], [ 109.29041, 13.78999 ], [ 109.29082, 13.78967 ], [ 109.29077, 13.78983 ] ] ], [ [ [ 109.2898, 13.7903 ], [ 109.28976, 13.79044 ], [ 109.28942, 13.79057 ], [ 109.28902, 13.79087 ], [ 109.28914, 13.79192 ], [ 109.28909, 13.79188 ], [ 109.28883, 13.79141 ], [ 109.28894, 13.7907 ], [ 109.28931, 13.79043 ], [ 109.2898, 13.7903 ] ] ], [ [ [ 109.28923, 13.79201 ], [ 109.28923, 13.79246 ], [ 109.28914, 13.79246 ], [ 109.28914, 13.79201 ], [ 109.28923, 13.79201 ] ] ], [ [ [ 109.28909, 13.79313 ], [ 109.28922, 13.7933 ], [ 109.28913, 13.794 ], [ 109.28907, 13.79396 ], [ 109.28892, 13.79356 ], [ 109.28904, 13.79309 ], [ 109.28909, 13.79313 ] ] ], [ [ [ 109.28593, 13.80066 ], [ 109.28604, 13.80022 ], [ 109.28586, 13.79903 ], [ 109.28621, 13.79785 ], [ 109.28646, 13.79745 ], [ 109.28703, 13.79684 ], [ 109.28734, 13.79635 ], [ 109.28778, 13.79585 ], [ 109.28813, 13.79525 ], [ 109.28888, 13.79495 ], [ 109.28922, 13.7945 ], [ 109.28913, 13.79409 ], [ 109.28931, 13.79416 ], [ 109.28945, 13.79386 ], [ 109.2896, 13.79388 ], [ 109.28953, 13.79449 ], [ 109.28964, 13.79459 ], [ 109.28972, 13.79479 ], [ 109.28944, 13.79476 ], [ 109.28931, 13.79505 ], [ 109.28916, 13.79503 ], [ 109.28899, 13.79524 ], [ 109.28889, 13.79512 ], [ 109.2888, 13.79531 ], [ 109.28851, 13.79543 ], [ 109.28824, 13.79585 ], [ 109.28778, 13.79641 ], [ 109.28768, 13.79629 ], [ 109.28737, 13.7965 ], [ 109.2872, 13.79705 ], [ 109.28674, 13.79767 ], [ 109.28628, 13.79919 ], [ 109.28617, 13.80014 ], [ 109.28673, 13.80026 ], [ 109.28681, 13.8004 ], [ 109.2866, 13.80076 ], [ 109.28624, 13.80055 ], [ 109.28593, 13.80066 ] ] ], [ [ [ 109.28593, 13.80066 ], [ 109.28593, 13.80076 ], [ 109.28584, 13.80075 ], [ 109.28584, 13.80066 ], [ 109.28593, 13.80066 ] ] ], [ [ [ 109.28584, 13.80075 ], [ 109.2858, 13.80089 ], [ 109.28552, 13.80163 ], [ 109.2857, 13.8018 ], [ 109.28568, 13.80208 ], [ 109.28597, 13.80233 ], [ 109.28606, 13.80244 ], [ 109.28629, 13.80242 ], [ 109.28643, 13.80243 ], [ 109.28665, 13.80242 ], [ 109.2866, 13.80315 ], [ 109.28661, 13.80347 ], [ 109.2866, 13.80361 ], [ 109.28633, 13.8036 ], [ 109.28624, 13.80388 ], [ 109.28573, 13.80392 ], [ 109.28602, 13.80353 ], [ 109.28621, 13.80285 ], [ 109.28533, 13.80187 ], [ 109.28544, 13.8011 ], [ 109.28584, 13.80075 ] ] ], [ [ [ 109.28554, 13.80401 ], [ 109.28554, 13.80392 ], [ 109.28563, 13.80392 ], [ 109.28563, 13.80401 ], [ 109.28554, 13.80401 ] ] ], [ [ [ 109.28554, 13.80401 ], [ 109.28554, 13.80419 ], [ 109.28545, 13.80419 ], [ 109.28545, 13.80401 ], [ 109.28554, 13.80401 ] ] ], [ [ [ 109.28571, 13.80572 ], [ 109.28563, 13.80567 ], [ 109.28548, 13.80507 ], [ 109.28544, 13.80446 ], [ 109.28558, 13.80456 ], [ 109.28578, 13.80556 ], [ 109.28571, 13.80572 ] ] ], [ [ [ 109.28571, 13.80572 ], [ 109.2858, 13.8058 ], [ 109.28603, 13.80682 ], [ 109.28619, 13.80833 ], [ 109.28606, 13.80844 ], [ 109.28602, 13.8083 ], [ 109.28592, 13.80804 ], [ 109.28585, 13.80694 ], [ 109.28575, 13.80623 ], [ 109.28571, 13.80572 ] ] ], [ [ [ 109.29346, 13.82114 ], [ 109.29318, 13.82106 ], [ 109.29261, 13.82085 ], [ 109.29179, 13.81969 ], [ 109.2908, 13.81892 ], [ 109.29016, 13.81822 ], [ 109.28963, 13.81775 ], [ 109.28912, 13.81687 ], [ 109.28902, 13.81528 ], [ 109.28867, 13.81413 ], [ 109.28831, 13.81256 ], [ 109.28812, 13.81203 ], [ 109.28784, 13.81113 ], [ 109.28726, 13.81007 ], [ 109.28624, 13.80936 ], [ 109.28615, 13.80907 ], [ 109.28647, 13.8093 ], [ 109.28694, 13.8096 ], [ 109.28787, 13.8106 ], [ 109.28806, 13.811 ], [ 109.28821, 13.81148 ], [ 109.28857, 13.81242 ], [ 109.28893, 13.81355 ], [ 109.28902, 13.81438 ], [ 109.28912, 13.81474 ], [ 109.2892, 13.8152 ], [ 109.2893, 13.81565 ], [ 109.2894, 13.8166 ], [ 109.28998, 13.81784 ], [ 109.29173, 13.81945 ], [ 109.29209, 13.81957 ], [ 109.29261, 13.82045 ], [ 109.29335, 13.82103 ], [ 109.29346, 13.82114 ] ] ], [ [ [ 109.29346, 13.82114 ], [ 109.29365, 13.82115 ], [ 109.29365, 13.82124 ], [ 109.29346, 13.82123 ], [ 109.29346, 13.82114 ] ] ], [ [ [ 109.29365, 13.82124 ], [ 109.29374, 13.82124 ], [ 109.29374, 13.82133 ], [ 109.29365, 13.82133 ], [ 109.29365, 13.82124 ] ] ], [ [ [ 109.29392, 13.82133 ], [ 109.29392, 13.82142 ], [ 109.29383, 13.82142 ], [ 109.29383, 13.82133 ], [ 109.29392, 13.82133 ] ] ], [ [ [ 109.29433, 13.82147 ], [ 109.29475, 13.82151 ], [ 109.29462, 13.82172 ], [ 109.2941, 13.82156 ], [ 109.29401, 13.82142 ], [ 109.29433, 13.82147 ] ] ], [ [ [ 109.29625, 13.82158 ], [ 109.2964, 13.82218 ], [ 109.29627, 13.82238 ], [ 109.29623, 13.82252 ], [ 109.29617, 13.82247 ], [ 109.296, 13.82193 ], [ 109.29559, 13.82143 ], [ 109.29563, 13.82138 ], [ 109.29601, 13.82124 ], [ 109.29625, 13.82158 ] ] ], [ [ [ 109.29668, 13.82361 ], [ 109.29659, 13.82361 ], [ 109.29659, 13.82352 ], [ 109.29668, 13.82352 ], [ 109.29668, 13.82361 ] ] ], [ [ [ 109.29668, 13.82361 ], [ 109.2969, 13.82376 ], [ 109.29705, 13.82397 ], [ 109.29675, 13.8239 ], [ 109.29668, 13.82361 ] ] ], [ [ [ 109.29705, 13.82397 ], [ 109.29714, 13.82397 ], [ 109.29714, 13.82406 ], [ 109.29705, 13.82406 ], [ 109.29705, 13.82397 ] ] ], [ [ [ 109.29714, 13.82406 ], [ 109.29738, 13.82402 ], [ 109.29756, 13.82382 ], [ 109.29769, 13.82443 ], [ 109.29718, 13.82411 ], [ 109.29714, 13.82406 ] ] ], [ [ [ 109.29815, 13.82533 ], [ 109.29807, 13.82487 ], [ 109.29779, 13.82443 ], [ 109.29785, 13.82402 ], [ 109.29826, 13.82424 ], [ 109.29838, 13.82475 ], [ 109.29848, 13.82484 ], [ 109.29847, 13.82523 ], [ 109.29815, 13.82533 ] ] ], [ [ [ 109.29815, 13.82533 ], [ 109.29815, 13.82542 ], [ 109.29806, 13.82542 ], [ 109.29806, 13.82533 ], [ 109.29815, 13.82533 ] ] ], [ [ [ 109.29766, 13.82619 ], [ 109.29801, 13.82646 ], [ 109.29805, 13.82651 ], [ 109.29757, 13.82645 ], [ 109.29746, 13.82589 ], [ 109.29759, 13.82578 ], [ 109.29766, 13.82619 ] ] ], [ [ [ 109.2991, 13.82657 ], [ 109.29901, 13.8271 ], [ 109.29887, 13.82742 ], [ 109.29876, 13.82732 ], [ 109.29842, 13.82669 ], [ 109.2985, 13.82659 ], [ 109.2987, 13.82645 ], [ 109.2991, 13.82657 ] ] ], [ [ [ 109.299, 13.82769 ], [ 109.29887, 13.82778 ], [ 109.29887, 13.8276 ], [ 109.299, 13.82769 ] ] ], [ [ [ 109.29892, 13.82809 ], [ 109.299, 13.82828 ], [ 109.29921, 13.82845 ], [ 109.29914, 13.82896 ], [ 109.29909, 13.82892 ], [ 109.29901, 13.82872 ], [ 109.29882, 13.82843 ], [ 109.29878, 13.82805 ], [ 109.29892, 13.82809 ] ] ], [ [ [ 109.29921, 13.82966 ], [ 109.29942, 13.82997 ], [ 109.29929, 13.83008 ], [ 109.299, 13.8299 ], [ 109.2988, 13.82982 ], [ 109.29867, 13.82963 ], [ 109.29849, 13.82959 ], [ 109.29853, 13.82953 ], [ 109.29903, 13.82944 ], [ 109.29914, 13.82905 ], [ 109.2994, 13.82894 ], [ 109.29921, 13.82966 ] ] ], [ [ [ 109.29796, 13.83119 ], [ 109.29773, 13.83139 ], [ 109.29774, 13.83112 ], [ 109.29796, 13.83119 ] ] ], [ [ [ 109.29823, 13.83201 ], [ 109.2981, 13.83211 ], [ 109.29782, 13.83192 ], [ 109.29773, 13.83157 ], [ 109.29815, 13.8315 ], [ 109.29823, 13.83201 ] ] ], [ [ [ 109.29796, 13.83366 ], [ 109.29776, 13.83377 ], [ 109.29772, 13.83347 ], [ 109.29778, 13.83344 ], [ 109.29794, 13.83314 ], [ 109.298, 13.83311 ], [ 109.29796, 13.83366 ] ] ], [ [ [ 109.29651, 13.83454 ], [ 109.29651, 13.83445 ], [ 109.2966, 13.83445 ], [ 109.2966, 13.83454 ], [ 109.29651, 13.83454 ] ] ], [ [ [ 109.29651, 13.83454 ], [ 109.29636, 13.83476 ], [ 109.29614, 13.8349 ], [ 109.29621, 13.83461 ], [ 109.29651, 13.83454 ] ] ], [ [ [ 109.29614, 13.8349 ], [ 109.29614, 13.83499 ], [ 109.29604, 13.83499 ], [ 109.29604, 13.8349 ], [ 109.29614, 13.8349 ] ] ], [ [ [ 109.2975, 13.83771 ], [ 109.29744, 13.83768 ], [ 109.29735, 13.8375 ], [ 109.29711, 13.83738 ], [ 109.29695, 13.83708 ], [ 109.29699, 13.83703 ], [ 109.29725, 13.83695 ], [ 109.29736, 13.83722 ], [ 109.29757, 13.8372 ], [ 109.2975, 13.83771 ] ] ], [ [ [ 109.29759, 13.83789 ], [ 109.2975, 13.83789 ], [ 109.2975, 13.8378 ], [ 109.2976, 13.8378 ], [ 109.29759, 13.83789 ] ] ], [ [ [ 109.29759, 13.83789 ], [ 109.29798, 13.83767 ], [ 109.29787, 13.83835 ], [ 109.29768, 13.83822 ], [ 109.29759, 13.83789 ] ] ], [ [ [ 109.29857, 13.83921 ], [ 109.29845, 13.83938 ], [ 109.29814, 13.83925 ], [ 109.29796, 13.83862 ], [ 109.29807, 13.83869 ], [ 109.29818, 13.83886 ], [ 109.29846, 13.8388 ], [ 109.29857, 13.83921 ] ] ], [ [ [ 109.29871, 13.84071 ], [ 109.29881, 13.84085 ], [ 109.2984, 13.84106 ], [ 109.29822, 13.8407 ], [ 109.29845, 13.84065 ], [ 109.29871, 13.84071 ] ] ], [ [ [ 109.29849, 13.84251 ], [ 109.29836, 13.8424 ], [ 109.29863, 13.84193 ], [ 109.29868, 13.84143 ], [ 109.29884, 13.84149 ], [ 109.29905, 13.84146 ], [ 109.29925, 13.84149 ], [ 109.29913, 13.84222 ], [ 109.29876, 13.84217 ], [ 109.29849, 13.84251 ] ] ], [ [ [ 109.29841, 13.84354 ], [ 109.29811, 13.84359 ], [ 109.29843, 13.84318 ], [ 109.29848, 13.84314 ], [ 109.29841, 13.84354 ] ] ], [ [ [ 109.2977, 13.84428 ], [ 109.29758, 13.84444 ], [ 109.2975, 13.84495 ], [ 109.29731, 13.84525 ], [ 109.29704, 13.84507 ], [ 109.2969, 13.84503 ], [ 109.29761, 13.84415 ], [ 109.29774, 13.84404 ], [ 109.2977, 13.84428 ] ] ], [ [ [ 109.29606, 13.84593 ], [ 109.29615, 13.84557 ], [ 109.29656, 13.84525 ], [ 109.29671, 13.84521 ], [ 109.29621, 13.84581 ], [ 109.29606, 13.84593 ] ] ], [ [ [ 109.29606, 13.84593 ], [ 109.29588, 13.8465 ], [ 109.29568, 13.84656 ], [ 109.29571, 13.84641 ], [ 109.29593, 13.84599 ], [ 109.29606, 13.84593 ] ] ], [ [ [ 109.29568, 13.84656 ], [ 109.29568, 13.84665 ], [ 109.29559, 13.84665 ], [ 109.29559, 13.84656 ], [ 109.29568, 13.84656 ] ] ], [ [ [ 109.29559, 13.84665 ], [ 109.29559, 13.84674 ], [ 109.2955, 13.84674 ], [ 109.2955, 13.84665 ], [ 109.29559, 13.84665 ] ] ], [ [ [ 109.2955, 13.84674 ], [ 109.29555, 13.84709 ], [ 109.29586, 13.84704 ], [ 109.2957, 13.84756 ], [ 109.2954, 13.84738 ], [ 109.29503, 13.84746 ], [ 109.29518, 13.84724 ], [ 109.29526, 13.84702 ], [ 109.29544, 13.84677 ], [ 109.2955, 13.84674 ] ] ], [ [ [ 109.29438, 13.84781 ], [ 109.29428, 13.84794 ], [ 109.29419, 13.84781 ], [ 109.29438, 13.84781 ] ] ], [ [ [ 109.29502, 13.84791 ], [ 109.29471, 13.84803 ], [ 109.29456, 13.84782 ], [ 109.29459, 13.84776 ], [ 109.29484, 13.84764 ], [ 109.29502, 13.84791 ] ] ], [ [ [ 109.29341, 13.85395 ], [ 109.29327, 13.85391 ], [ 109.29246, 13.85356 ], [ 109.29188, 13.85345 ], [ 109.29139, 13.85334 ], [ 109.29106, 13.85317 ], [ 109.29051, 13.85291 ], [ 109.29091, 13.85154 ], [ 109.29142, 13.85083 ], [ 109.29154, 13.85001 ], [ 109.29182, 13.84929 ], [ 109.29193, 13.84835 ], [ 109.29215, 13.84796 ], [ 109.29401, 13.84781 ], [ 109.29396, 13.84786 ], [ 109.29344, 13.84875 ], [ 109.29301, 13.8497 ], [ 109.29249, 13.85109 ], [ 109.29234, 13.85242 ], [ 109.29248, 13.85306 ], [ 109.29281, 13.85327 ], [ 109.29293, 13.85352 ], [ 109.29323, 13.85366 ], [ 109.29341, 13.85395 ] ] ], [ [ [ 109.29341, 13.85395 ], [ 109.29388, 13.85403 ], [ 109.29417, 13.85387 ], [ 109.29446, 13.85424 ], [ 109.29424, 13.85441 ], [ 109.29393, 13.85421 ], [ 109.29347, 13.85404 ], [ 109.29341, 13.85395 ] ] ], [ [ [ 109.29491, 13.85521 ], [ 109.2948, 13.85561 ], [ 109.29469, 13.85568 ], [ 109.2946, 13.85568 ], [ 109.2946, 13.85514 ], [ 109.29468, 13.85502 ], [ 109.29491, 13.85521 ] ] ], [ [ [ 109.2951, 13.85593 ], [ 109.29481, 13.85617 ], [ 109.29498, 13.85647 ], [ 109.29468, 13.8564 ], [ 109.29469, 13.85604 ], [ 109.29496, 13.85574 ], [ 109.2951, 13.85593 ] ] ], [ [ [ 109.29392, 13.85965 ], [ 109.29403, 13.85929 ], [ 109.29444, 13.85843 ], [ 109.29449, 13.85839 ], [ 109.29462, 13.85862 ], [ 109.29489, 13.85886 ], [ 109.29458, 13.85899 ], [ 109.29413, 13.85959 ], [ 109.29392, 13.85965 ] ] ], [ [ [ 109.29392, 13.85965 ], [ 109.29392, 13.85974 ], [ 109.29383, 13.85974 ], [ 109.29383, 13.85965 ], [ 109.29392, 13.85965 ] ] ], [ [ [ 109.29379, 13.86007 ], [ 109.29361, 13.86043 ], [ 109.29355, 13.86046 ], [ 109.29359, 13.85999 ], [ 109.29383, 13.85983 ], [ 109.29379, 13.86007 ] ] ], [ [ [ 109.29369, 13.86086 ], [ 109.29386, 13.86103 ], [ 109.29345, 13.86109 ], [ 109.29345, 13.86082 ], [ 109.29369, 13.86086 ] ] ], [ [ [ 109.29345, 13.86128 ], [ 109.29333, 13.86123 ], [ 109.29345, 13.86118 ], [ 109.29345, 13.86128 ] ] ], [ [ [ 109.29356, 13.86141 ], [ 109.29345, 13.86146 ], [ 109.29345, 13.86137 ], [ 109.29356, 13.86141 ] ] ], [ [ [ 109.29324, 13.86489 ], [ 109.29346, 13.86455 ], [ 109.29337, 13.86404 ], [ 109.29302, 13.86315 ], [ 109.29314, 13.8626 ], [ 109.29335, 13.86245 ], [ 109.29324, 13.86306 ], [ 109.29332, 13.86361 ], [ 109.29372, 13.86355 ], [ 109.29355, 13.86396 ], [ 109.29391, 13.86392 ], [ 109.29382, 13.86447 ], [ 109.29362, 13.86479 ], [ 109.29324, 13.86489 ] ] ], [ [ [ 109.29324, 13.86489 ], [ 109.29323, 13.86498 ], [ 109.29314, 13.86498 ], [ 109.29314, 13.86489 ], [ 109.29324, 13.86489 ] ] ], [ [ [ 109.29314, 13.86498 ], [ 109.29314, 13.86516 ], [ 109.29305, 13.86516 ], [ 109.29305, 13.86498 ], [ 109.29314, 13.86498 ] ] ], [ [ [ 109.29305, 13.86516 ], [ 109.29309, 13.86521 ], [ 109.29327, 13.86536 ], [ 109.29295, 13.86561 ], [ 109.29296, 13.86516 ], [ 109.29305, 13.86516 ] ] ], [ [ [ 109.29276, 13.86615 ], [ 109.29276, 13.86642 ], [ 109.29267, 13.86642 ], [ 109.29267, 13.86615 ], [ 109.29276, 13.86615 ] ] ], [ [ [ 109.29248, 13.86732 ], [ 109.29247, 13.86769 ], [ 109.29238, 13.86769 ], [ 109.29238, 13.86732 ], [ 109.29248, 13.86732 ] ] ], [ [ [ 109.29228, 13.86859 ], [ 109.29228, 13.86868 ], [ 109.29219, 13.86868 ], [ 109.29219, 13.86859 ], [ 109.29228, 13.86859 ] ] ], [ [ [ 109.29447, 13.88542 ], [ 109.29457, 13.8853 ], [ 109.29536, 13.88502 ], [ 109.29624, 13.88461 ], [ 109.29637, 13.88512 ], [ 109.29647, 13.88529 ], [ 109.29633, 13.88547 ], [ 109.29602, 13.8851 ], [ 109.29587, 13.88512 ], [ 109.29554, 13.88529 ], [ 109.29536, 13.88528 ], [ 109.29526, 13.88539 ], [ 109.29502, 13.88537 ], [ 109.29447, 13.88542 ] ] ], [ [ [ 109.29447, 13.88542 ], [ 109.29447, 13.88551 ], [ 109.29429, 13.8855 ], [ 109.29429, 13.88541 ], [ 109.29447, 13.88542 ] ] ], [ [ [ 109.29429, 13.8855 ], [ 109.29429, 13.88559 ], [ 109.29392, 13.88559 ], [ 109.29392, 13.8855 ], [ 109.29429, 13.8855 ] ] ], [ [ [ 109.25548, 13.85622 ], [ 109.25532, 13.85699 ], [ 109.25522, 13.85736 ], [ 109.25523, 13.85813 ], [ 109.25512, 13.85854 ], [ 109.25512, 13.85893 ], [ 109.25511, 13.85919 ], [ 109.25465, 13.85992 ], [ 109.25455, 13.8606 ], [ 109.25445, 13.86098 ], [ 109.25446, 13.86158 ], [ 109.25407, 13.86284 ], [ 109.25397, 13.86394 ], [ 109.25388, 13.8642 ], [ 109.25377, 13.86451 ], [ 109.25379, 13.86552 ], [ 109.25366, 13.86599 ], [ 109.25368, 13.86744 ], [ 109.25338, 13.868 ], [ 109.25339, 13.86852 ], [ 109.25375, 13.86899 ], [ 109.25384, 13.86919 ], [ 109.25364, 13.86975 ], [ 109.25365, 13.87078 ], [ 109.25337, 13.87132 ], [ 109.25322, 13.87188 ], [ 109.25308, 13.87215 ], [ 109.25295, 13.87302 ], [ 109.25344, 13.8736 ], [ 109.25343, 13.87397 ], [ 109.253, 13.87417 ], [ 109.25269, 13.87451 ], [ 109.25323, 13.87502 ], [ 109.25333, 13.8752 ], [ 109.25286, 13.87595 ], [ 109.25277, 13.87623 ], [ 109.25296, 13.87679 ], [ 109.25294, 13.87755 ], [ 109.25266, 13.8782 ], [ 109.25256, 13.87929 ], [ 109.25228, 13.88019 ], [ 109.25216, 13.88064 ], [ 109.25181, 13.88109 ], [ 109.25171, 13.88181 ], [ 109.25141, 13.88247 ], [ 109.25152, 13.88299 ], [ 109.25163, 13.88451 ], [ 109.25185, 13.88493 ], [ 109.25159, 13.88542 ], [ 109.25149, 13.88633 ], [ 109.25139, 13.88678 ], [ 109.2513, 13.88742 ], [ 109.25117, 13.88812 ], [ 109.25082, 13.88922 ], [ 109.25072, 13.88972 ], [ 109.25073, 13.89038 ], [ 109.25062, 13.89075 ], [ 109.2505, 13.89189 ], [ 109.25016, 13.89254 ], [ 109.2501, 13.89333 ], [ 109.24997, 13.89345 ], [ 109.24891, 13.89354 ], [ 109.24865, 13.89246 ], [ 109.24849, 13.89164 ], [ 109.24834, 13.8912 ], [ 109.24803, 13.8911 ], [ 109.24783, 13.89048 ], [ 109.24748, 13.89037 ], [ 109.24707, 13.88941 ], [ 109.24629, 13.88928 ], [ 109.2462, 13.88882 ], [ 109.24639, 13.88865 ], [ 109.24658, 13.88765 ], [ 109.24681, 13.88644 ], [ 109.24725, 13.88468 ], [ 109.24735, 13.88395 ], [ 109.24746, 13.88311 ], [ 109.24744, 13.88127 ], [ 109.2477, 13.88078 ], [ 109.24766, 13.87763 ], [ 109.24768, 13.87691 ], [ 109.24879, 13.87509 ], [ 109.2489, 13.87456 ], [ 109.24911, 13.87387 ], [ 109.24968, 13.87139 ], [ 109.24967, 13.8701 ], [ 109.24936, 13.86891 ], [ 109.2481, 13.86603 ], [ 109.24785, 13.86541 ], [ 109.24759, 13.86435 ], [ 109.24928, 13.85999 ], [ 109.25172, 13.85428 ], [ 109.2524, 13.8519 ], [ 109.25298, 13.85015 ], [ 109.25316, 13.84907 ], [ 109.25297, 13.84734 ], [ 109.25245, 13.8444 ], [ 109.25215, 13.84234 ], [ 109.2518, 13.84041 ], [ 109.25081, 13.83888 ], [ 109.24944, 13.83629 ], [ 109.24737, 13.83225 ], [ 109.24713, 13.8318 ], [ 109.24317, 13.82427 ], [ 109.24217, 13.82236 ], [ 109.23963, 13.81754 ], [ 109.23498, 13.81825 ], [ 109.22988, 13.81901 ], [ 109.22796, 13.81915 ], [ 109.22534, 13.81908 ], [ 109.22441, 13.8187 ], [ 109.22388, 13.81834 ], [ 109.22183, 13.81534 ], [ 109.21975, 13.81251 ], [ 109.21869, 13.81157 ], [ 109.21811, 13.81138 ], [ 109.21679, 13.81125 ], [ 109.21535, 13.81147 ], [ 109.21465, 13.81188 ], [ 109.21468, 13.81451 ], [ 109.21446, 13.81534 ], [ 109.21409, 13.81603 ], [ 109.2139, 13.8162 ], [ 109.21339, 13.81644 ], [ 109.2116, 13.81627 ], [ 109.21045, 13.81617 ], [ 109.20876, 13.81635 ], [ 109.20679, 13.81669 ], [ 109.20638, 13.81667 ], [ 109.20552, 13.81638 ], [ 109.20381, 13.81454 ], [ 109.20322, 13.81407 ], [ 109.20139, 13.81255 ], [ 109.20015, 13.81215 ], [ 109.19964, 13.81232 ], [ 109.19951, 13.81321 ], [ 109.19987, 13.81391 ], [ 109.20003, 13.81473 ], [ 109.19977, 13.81544 ], [ 109.19956, 13.81633 ], [ 109.19936, 13.81707 ], [ 109.19881, 13.81742 ], [ 109.19785, 13.81761 ], [ 109.19461, 13.81723 ], [ 109.1927, 13.81712 ], [ 109.1917, 13.81732 ], [ 109.19036, 13.81789 ], [ 109.18956, 13.81855 ], [ 109.18676, 13.82219 ], [ 109.18547, 13.82339 ], [ 109.18288, 13.82436 ], [ 109.18141, 13.82448 ], [ 109.18005, 13.82474 ], [ 109.17938, 13.8249 ], [ 109.17868, 13.82513 ], [ 109.17817, 13.82546 ], [ 109.17802, 13.82673 ], [ 109.17765, 13.82743 ], [ 109.177, 13.82803 ], [ 109.1765, 13.8283 ], [ 109.17605, 13.82657 ], [ 109.17615, 13.82518 ], [ 109.1762, 13.82505 ], [ 109.17633, 13.82465 ], [ 109.17683, 13.82397 ], [ 109.17696, 13.82343 ], [ 109.1771, 13.82256 ], [ 109.17759, 13.82219 ], [ 109.17812, 13.82204 ], [ 109.17849, 13.82159 ], [ 109.1791, 13.82076 ], [ 109.17895, 13.82037 ], [ 109.17868, 13.82035 ], [ 109.17806, 13.82051 ], [ 109.17776, 13.8204 ], [ 109.17776, 13.82031 ], [ 109.17767, 13.82031 ], [ 109.17697, 13.81878 ], [ 109.17899, 13.81859 ], [ 109.17966, 13.81807 ], [ 109.17977, 13.81766 ], [ 109.17988, 13.81567 ], [ 109.18003, 13.81473 ], [ 109.18023, 13.8134 ], [ 109.18059, 13.81201 ], [ 109.18137, 13.81041 ], [ 109.18224, 13.80757 ], [ 109.18282, 13.807 ], [ 109.18512, 13.80516 ], [ 109.18547, 13.80467 ], [ 109.18615, 13.8034 ], [ 109.18701, 13.80156 ], [ 109.18713, 13.79966 ], [ 109.18821, 13.79648 ], [ 109.18873, 13.79585 ], [ 109.18957, 13.79496 ], [ 109.18945, 13.7941 ], [ 109.18976, 13.79351 ], [ 109.18946, 13.79322 ], [ 109.19212, 13.79111 ], [ 109.1935, 13.79004 ], [ 109.19411, 13.78985 ], [ 109.195, 13.78948 ], [ 109.19621, 13.78909 ], [ 109.19962, 13.78808 ], [ 109.20113, 13.78767 ], [ 109.20416, 13.78693 ], [ 109.20456, 13.78693 ], [ 109.20548, 13.78816 ], [ 109.20614, 13.78884 ], [ 109.2072, 13.78976 ], [ 109.20849, 13.79008 ], [ 109.20903, 13.79043 ], [ 109.20921, 13.79215 ], [ 109.21023, 13.79378 ], [ 109.21134, 13.7948 ], [ 109.21282, 13.79571 ], [ 109.21339, 13.79646 ], [ 109.21377, 13.79702 ], [ 109.21498, 13.79837 ], [ 109.21531, 13.79886 ], [ 109.21569, 13.80002 ], [ 109.21618, 13.80035 ], [ 109.21825, 13.80065 ], [ 109.21847, 13.80086 ], [ 109.21873, 13.80194 ], [ 109.21926, 13.8023 ], [ 109.22151, 13.80327 ], [ 109.22243, 13.80285 ], [ 109.22403, 13.80174 ], [ 109.22496, 13.80148 ], [ 109.22783, 13.80238 ], [ 109.22857, 13.80226 ], [ 109.2303, 13.8014 ], [ 109.23541, 13.79891 ], [ 109.23861, 13.79732 ], [ 109.23964, 13.79688 ], [ 109.24213, 13.79683 ], [ 109.24263, 13.79694 ], [ 109.24521, 13.79715 ], [ 109.24763, 13.79701 ], [ 109.24918, 13.79689 ], [ 109.25221, 13.79672 ], [ 109.25365, 13.79657 ], [ 109.25632, 13.79618 ], [ 109.25637, 13.79612 ], [ 109.25686, 13.79607 ], [ 109.26271, 13.79578 ], [ 109.26273, 13.79504 ], [ 109.26231, 13.79426 ], [ 109.2626, 13.79399 ], [ 109.26273, 13.7935 ], [ 109.26323, 13.79217 ], [ 109.26367, 13.7916 ], [ 109.26468, 13.79137 ], [ 109.26615, 13.79078 ], [ 109.26658, 13.79022 ], [ 109.26693, 13.78991 ], [ 109.26801, 13.79064 ], [ 109.26866, 13.7909 ], [ 109.2692, 13.79145 ], [ 109.26991, 13.79203 ], [ 109.27043, 13.79219 ], [ 109.27114, 13.79184 ], [ 109.27153, 13.79175 ], [ 109.27194, 13.79217 ], [ 109.27242, 13.7923 ], [ 109.27334, 13.79155 ], [ 109.27358, 13.7912 ], [ 109.27385, 13.79041 ], [ 109.27413, 13.78963 ], [ 109.27385, 13.78895 ], [ 109.27386, 13.78859 ], [ 109.27424, 13.7877 ], [ 109.27443, 13.78725 ], [ 109.27489, 13.78671 ], [ 109.27531, 13.78617 ], [ 109.27555, 13.78618 ], [ 109.27609, 13.7869 ], [ 109.27638, 13.78728 ], [ 109.27662, 13.78777 ], [ 109.27676, 13.78978 ], [ 109.27718, 13.79071 ], [ 109.27755, 13.79172 ], [ 109.27792, 13.79189 ], [ 109.27829, 13.7917 ], [ 109.27898, 13.79149 ], [ 109.27968, 13.79108 ], [ 109.28006, 13.79033 ], [ 109.28026, 13.78955 ], [ 109.28062, 13.78909 ], [ 109.28135, 13.78857 ], [ 109.28191, 13.78812 ], [ 109.28202, 13.78803 ], [ 109.28198, 13.78945 ], [ 109.28218, 13.78993 ], [ 109.28226, 13.79025 ], [ 109.28198, 13.79092 ], [ 109.28151, 13.79264 ], [ 109.28141, 13.7929 ], [ 109.28112, 13.79377 ], [ 109.28075, 13.79435 ], [ 109.28066, 13.79504 ], [ 109.28117, 13.79735 ], [ 109.28085, 13.79811 ], [ 109.28068, 13.79879 ], [ 109.2802, 13.79967 ], [ 109.27986, 13.80114 ], [ 109.27988, 13.80225 ], [ 109.27984, 13.80357 ], [ 109.27948, 13.80437 ], [ 109.27948, 13.80473 ], [ 109.27946, 13.80546 ], [ 109.27947, 13.80592 ], [ 109.27974, 13.80644 ], [ 109.27984, 13.80684 ], [ 109.28002, 13.80737 ], [ 109.28, 13.80815 ], [ 109.28011, 13.80838 ], [ 109.28066, 13.80863 ], [ 109.28137, 13.8084 ], [ 109.28213, 13.809 ], [ 109.28261, 13.80928 ], [ 109.28332, 13.80982 ], [ 109.28369, 13.81009 ], [ 109.28382, 13.81023 ], [ 109.28396, 13.81154 ], [ 109.28414, 13.81238 ], [ 109.28413, 13.81285 ], [ 109.28413, 13.8131 ], [ 109.28439, 13.81412 ], [ 109.28413, 13.8151 ], [ 109.28432, 13.81546 ], [ 109.28476, 13.81588 ], [ 109.28496, 13.81609 ], [ 109.28493, 13.81697 ], [ 109.28495, 13.81784 ], [ 109.28474, 13.81833 ], [ 109.28455, 13.8189 ], [ 109.28455, 13.81955 ], [ 109.28452, 13.82063 ], [ 109.28407, 13.82147 ], [ 109.28397, 13.82277 ], [ 109.28434, 13.82347 ], [ 109.28457, 13.82394 ], [ 109.28516, 13.82429 ], [ 109.28546, 13.8245 ], [ 109.28589, 13.82593 ], [ 109.2864, 13.82705 ], [ 109.28664, 13.82802 ], [ 109.28652, 13.82846 ], [ 109.28641, 13.82955 ], [ 109.28614, 13.82954 ], [ 109.28567, 13.82858 ], [ 109.28525, 13.82836 ], [ 109.28457, 13.82886 ], [ 109.28394, 13.82915 ], [ 109.28344, 13.82954 ], [ 109.28284, 13.83073 ], [ 109.28235, 13.83143 ], [ 109.28223, 13.83259 ], [ 109.2821, 13.83285 ], [ 109.28159, 13.83258 ], [ 109.28093, 13.83248 ], [ 109.28009, 13.83176 ], [ 109.27968, 13.83176 ], [ 109.27895, 13.83205 ], [ 109.27796, 13.83284 ], [ 109.27757, 13.83343 ], [ 109.27721, 13.83495 ], [ 109.27732, 13.83559 ], [ 109.2773, 13.83619 ], [ 109.27702, 13.83672 ], [ 109.27618, 13.83698 ], [ 109.27505, 13.83811 ], [ 109.2745, 13.83823 ], [ 109.27378, 13.83804 ], [ 109.27311, 13.83795 ], [ 109.27253, 13.83814 ], [ 109.27158, 13.83909 ], [ 109.27145, 13.8402 ], [ 109.27116, 13.8411 ], [ 109.27117, 13.84172 ], [ 109.27088, 13.84209 ], [ 109.27051, 13.84256 ], [ 109.27015, 13.84281 ], [ 109.26958, 13.84235 ], [ 109.26922, 13.84211 ], [ 109.26912, 13.84142 ], [ 109.26873, 13.84066 ], [ 109.26739, 13.84051 ], [ 109.2671, 13.84007 ], [ 109.26673, 13.83961 ], [ 109.26619, 13.83962 ], [ 109.2658, 13.84025 ], [ 109.26551, 13.84066 ], [ 109.26553, 13.84174 ], [ 109.26551, 13.84244 ], [ 109.26504, 13.84331 ], [ 109.26494, 13.84431 ], [ 109.26484, 13.8446 ], [ 109.26485, 13.8452 ], [ 109.26456, 13.84584 ], [ 109.26446, 13.84638 ], [ 109.26435, 13.84669 ], [ 109.26334, 13.84782 ], [ 109.26308, 13.84821 ], [ 109.26296, 13.84981 ], [ 109.26277, 13.85026 ], [ 109.26259, 13.85096 ], [ 109.26243, 13.8514 ], [ 109.2613, 13.85155 ], [ 109.26098, 13.8517 ], [ 109.26067, 13.85202 ], [ 109.26039, 13.85284 ], [ 109.26024, 13.85459 ], [ 109.26061, 13.85551 ], [ 109.2606, 13.85604 ], [ 109.25984, 13.85694 ], [ 109.25925, 13.85721 ], [ 109.25817, 13.85718 ], [ 109.25736, 13.85664 ], [ 109.25705, 13.85644 ], [ 109.25626, 13.85584 ], [ 109.25582, 13.85572 ], [ 109.25548, 13.85622 ] ], [ [ 109.25827, 13.83961 ], [ 109.25855, 13.83961 ], [ 109.25855, 13.83925 ], [ 109.25827, 13.83924 ], [ 109.25827, 13.83961 ] ], [ [ 109.26136, 13.8374 ], [ 109.26205, 13.83769 ], [ 109.26287, 13.83746 ], [ 109.26371, 13.83684 ], [ 109.26438, 13.83601 ], [ 109.26486, 13.83516 ], [ 109.26567, 13.83344 ], [ 109.26594, 13.83273 ], [ 109.26611, 13.83178 ], [ 109.26589, 13.83106 ], [ 109.26553, 13.83057 ], [ 109.26465, 13.82996 ], [ 109.26373, 13.82968 ], [ 109.26311, 13.82957 ], [ 109.26306, 13.82952 ], [ 109.26225, 13.82959 ], [ 109.26154, 13.8302 ], [ 109.26107, 13.83104 ], [ 109.26102, 13.83179 ], [ 109.26118, 13.83275 ], [ 109.261, 13.8333 ], [ 109.26069, 13.83414 ], [ 109.26059, 13.83556 ], [ 109.26097, 13.83679 ], [ 109.26136, 13.8374 ] ], [ [ 109.25903, 13.83681 ], [ 109.25891, 13.83687 ], [ 109.25899, 13.83711 ], [ 109.25903, 13.83681 ] ], [ [ 109.26091, 13.82261 ], [ 109.26002, 13.82357 ], [ 109.25973, 13.82435 ], [ 109.25981, 13.82538 ], [ 109.25996, 13.82582 ], [ 109.25971, 13.82626 ], [ 109.25984, 13.82643 ], [ 109.26063, 13.82578 ], [ 109.26115, 13.82565 ], [ 109.26187, 13.82569 ], [ 109.26227, 13.82552 ], [ 109.26267, 13.82517 ], [ 109.26272, 13.82449 ], [ 109.26258, 13.82389 ], [ 109.262, 13.82309 ], [ 109.26131, 13.82259 ], [ 109.26126, 13.82255 ], [ 109.26091, 13.82261 ] ], [ [ 109.27458, 13.82267 ], [ 109.27546, 13.82274 ], [ 109.27536, 13.82169 ], [ 109.27487, 13.8211 ], [ 109.27427, 13.82116 ], [ 109.27436, 13.82193 ], [ 109.27458, 13.82267 ] ], [ [ 109.26183, 13.82054 ], [ 109.26179, 13.8197 ], [ 109.26147, 13.8192 ], [ 109.26124, 13.81924 ], [ 109.26093, 13.81935 ], [ 109.25991, 13.81928 ], [ 109.25934, 13.81943 ], [ 109.25895, 13.81963 ], [ 109.25932, 13.82017 ], [ 109.26011, 13.82053 ], [ 109.26021, 13.82105 ], [ 109.26041, 13.82173 ], [ 109.26087, 13.82186 ], [ 109.26183, 13.82054 ] ], [ [ 109.25503, 13.81629 ], [ 109.25573, 13.81658 ], [ 109.25617, 13.81637 ], [ 109.25619, 13.81609 ], [ 109.25598, 13.81517 ], [ 109.25617, 13.81497 ], [ 109.25688, 13.81507 ], [ 109.25848, 13.81578 ], [ 109.25892, 13.81542 ], [ 109.25924, 13.8147 ], [ 109.25915, 13.81444 ], [ 109.25879, 13.81385 ], [ 109.25867, 13.8129 ], [ 109.25816, 13.81231 ], [ 109.25708, 13.81211 ], [ 109.25647, 13.81177 ], [ 109.25603, 13.81161 ], [ 109.2555, 13.81145 ], [ 109.25514, 13.81064 ], [ 109.2548, 13.8104 ], [ 109.25446, 13.81025 ], [ 109.25442, 13.8102 ], [ 109.25378, 13.81026 ], [ 109.25319, 13.81107 ], [ 109.25298, 13.81181 ], [ 109.25319, 13.8121 ], [ 109.2538, 13.81228 ], [ 109.25382, 13.81263 ], [ 109.25308, 13.81325 ], [ 109.2529, 13.81416 ], [ 109.25269, 13.8144 ], [ 109.25203, 13.81469 ], [ 109.25215, 13.81516 ], [ 109.25286, 13.81557 ], [ 109.25345, 13.81593 ], [ 109.25378, 13.81582 ], [ 109.25411, 13.81532 ], [ 109.2545, 13.81529 ], [ 109.25473, 13.81562 ], [ 109.25503, 13.81629 ] ], [ [ 109.17887, 13.82328 ], [ 109.1786, 13.82301 ], [ 109.17855, 13.82278 ], [ 109.17842, 13.82264 ], [ 109.17839, 13.82249 ], [ 109.17809, 13.82251 ], [ 109.17814, 13.82301 ], [ 109.17846, 13.82332 ], [ 109.17887, 13.82328 ] ] ], [ [ [ 109.29376, 13.89391 ], [ 109.29382, 13.8942 ], [ 109.2937, 13.89442 ], [ 109.29314, 13.89494 ], [ 109.29297, 13.89476 ], [ 109.29288, 13.89467 ], [ 109.29279, 13.89422 ], [ 109.2927, 13.89395 ], [ 109.29249, 13.8933 ], [ 109.29194, 13.89331 ], [ 109.29157, 13.89281 ], [ 109.29082, 13.8921 ], [ 109.29043, 13.89191 ], [ 109.29022, 13.89147 ], [ 109.29041, 13.89095 ], [ 109.29088, 13.88923 ], [ 109.29108, 13.88904 ], [ 109.29095, 13.88813 ], [ 109.2897, 13.88726 ], [ 109.28848, 13.88668 ], [ 109.28744, 13.88647 ], [ 109.28594, 13.88649 ], [ 109.28417, 13.88683 ], [ 109.28257, 13.8873 ], [ 109.27968, 13.88857 ], [ 109.27699, 13.89032 ], [ 109.27552, 13.89157 ], [ 109.27336, 13.89355 ], [ 109.26957, 13.89745 ], [ 109.26767, 13.89965 ], [ 109.26639, 13.90126 ], [ 109.26479, 13.90134 ], [ 109.25967, 13.90162 ], [ 109.25939, 13.90092 ], [ 109.2593, 13.90044 ], [ 109.25939, 13.90016 ], [ 109.2599, 13.89982 ], [ 109.2606, 13.89961 ], [ 109.26118, 13.89819 ], [ 109.26144, 13.89665 ], [ 109.26185, 13.89644 ], [ 109.26233, 13.89671 ], [ 109.26286, 13.89707 ], [ 109.26334, 13.8972 ], [ 109.26439, 13.89688 ], [ 109.26491, 13.89641 ], [ 109.26502, 13.89601 ], [ 109.26513, 13.89517 ], [ 109.26593, 13.89458 ], [ 109.26669, 13.89423 ], [ 109.26673, 13.89346 ], [ 109.26657, 13.89312 ], [ 109.26625, 13.89252 ], [ 109.26621, 13.8914 ], [ 109.26674, 13.89051 ], [ 109.26727, 13.88972 ], [ 109.26777, 13.88934 ], [ 109.26844, 13.88901 ], [ 109.26929, 13.88872 ], [ 109.26985, 13.88897 ], [ 109.27028, 13.88969 ], [ 109.27062, 13.89017 ], [ 109.27097, 13.89072 ], [ 109.27162, 13.89057 ], [ 109.27165, 13.88997 ], [ 109.27099, 13.88902 ], [ 109.27116, 13.88866 ], [ 109.27166, 13.8884 ], [ 109.27316, 13.88892 ], [ 109.27344, 13.88883 ], [ 109.27394, 13.88817 ], [ 109.27428, 13.88802 ], [ 109.27479, 13.88748 ], [ 109.27525, 13.8875 ], [ 109.27544, 13.88715 ], [ 109.27499, 13.88657 ], [ 109.27514, 13.88617 ], [ 109.27575, 13.88576 ], [ 109.27645, 13.88544 ], [ 109.27662, 13.88478 ], [ 109.27728, 13.88441 ], [ 109.27763, 13.88388 ], [ 109.27906, 13.88395 ], [ 109.2792, 13.88301 ], [ 109.27955, 13.883 ], [ 109.2801, 13.88302 ], [ 109.28011, 13.88284 ], [ 109.27965, 13.8816 ], [ 109.27978, 13.88129 ], [ 109.27993, 13.88138 ], [ 109.28041, 13.88174 ], [ 109.2811, 13.88164 ], [ 109.28178, 13.88126 ], [ 109.28221, 13.88069 ], [ 109.28257, 13.88057 ], [ 109.28281, 13.88068 ], [ 109.28319, 13.88097 ], [ 109.28354, 13.88113 ], [ 109.28438, 13.88186 ], [ 109.28491, 13.88188 ], [ 109.28516, 13.88165 ], [ 109.28555, 13.88125 ], [ 109.28585, 13.88115 ], [ 109.28634, 13.881 ], [ 109.28754, 13.88019 ], [ 109.2885, 13.87948 ], [ 109.28882, 13.87932 ], [ 109.28951, 13.87901 ], [ 109.29028, 13.87821 ], [ 109.2905, 13.8782 ], [ 109.29093, 13.87822 ], [ 109.29132, 13.87804 ], [ 109.2917, 13.87751 ], [ 109.29188, 13.87686 ], [ 109.29158, 13.87571 ], [ 109.29182, 13.87508 ], [ 109.29186, 13.8741 ], [ 109.291, 13.87347 ], [ 109.29109, 13.87313 ], [ 109.2917, 13.87259 ], [ 109.29212, 13.87183 ], [ 109.29203, 13.87121 ], [ 109.29177, 13.87022 ], [ 109.29174, 13.8694 ], [ 109.29214, 13.86881 ], [ 109.29219, 13.86877 ], [ 109.29222, 13.87044 ], [ 109.29234, 13.87123 ], [ 109.29259, 13.87135 ], [ 109.29268, 13.87147 ], [ 109.29218, 13.87192 ], [ 109.29231, 13.87217 ], [ 109.29197, 13.87279 ], [ 109.29267, 13.87461 ], [ 109.29326, 13.87593 ], [ 109.29366, 13.87667 ], [ 109.29485, 13.87811 ], [ 109.29546, 13.8778 ], [ 109.29559, 13.87806 ], [ 109.29569, 13.87806 ], [ 109.29568, 13.87769 ], [ 109.29594, 13.87746 ], [ 109.29624, 13.87761 ], [ 109.29661, 13.87734 ], [ 109.29703, 13.87721 ], [ 109.29786, 13.87693 ], [ 109.29819, 13.87701 ], [ 109.298, 13.87735 ], [ 109.29801, 13.87761 ], [ 109.29767, 13.87803 ], [ 109.29781, 13.87816 ], [ 109.29797, 13.87833 ], [ 109.2978, 13.87879 ], [ 109.29771, 13.8797 ], [ 109.2976, 13.88026 ], [ 109.29723, 13.88079 ], [ 109.29725, 13.88141 ], [ 109.29722, 13.88198 ], [ 109.29703, 13.88233 ], [ 109.29705, 13.88277 ], [ 109.29666, 13.8833 ], [ 109.29655, 13.88364 ], [ 109.29658, 13.88445 ], [ 109.29633, 13.88452 ], [ 109.29639, 13.88416 ], [ 109.29638, 13.88341 ], [ 109.29685, 13.88237 ], [ 109.29698, 13.88041 ], [ 109.29715, 13.87979 ], [ 109.29725, 13.87915 ], [ 109.29763, 13.87796 ], [ 109.29739, 13.87753 ], [ 109.29684, 13.87751 ], [ 109.29605, 13.87815 ], [ 109.29554, 13.87852 ], [ 109.29531, 13.87895 ], [ 109.29518, 13.87958 ], [ 109.29474, 13.88028 ], [ 109.29437, 13.88076 ], [ 109.29407, 13.88119 ], [ 109.29308, 13.88182 ], [ 109.29271, 13.88251 ], [ 109.29258, 13.88334 ], [ 109.29231, 13.88373 ], [ 109.29218, 13.88456 ], [ 109.29196, 13.88479 ], [ 109.29127, 13.88492 ], [ 109.29101, 13.88516 ], [ 109.29084, 13.88564 ], [ 109.29109, 13.88652 ], [ 109.29119, 13.8878 ], [ 109.29153, 13.88815 ], [ 109.29189, 13.88799 ], [ 109.29209, 13.8878 ], [ 109.29222, 13.88734 ], [ 109.2921, 13.88638 ], [ 109.29226, 13.88591 ], [ 109.29304, 13.88581 ], [ 109.29368, 13.88563 ], [ 109.29392, 13.88559 ], [ 109.29398, 13.88589 ], [ 109.29395, 13.88611 ], [ 109.29289, 13.88593 ], [ 109.29241, 13.88611 ], [ 109.29252, 13.8869 ], [ 109.29231, 13.88778 ], [ 109.29209, 13.88806 ], [ 109.292, 13.88885 ], [ 109.29229, 13.88897 ], [ 109.29217, 13.88905 ], [ 109.29209, 13.88928 ], [ 109.29228, 13.88942 ], [ 109.29224, 13.88963 ], [ 109.29199, 13.88959 ], [ 109.2919, 13.88972 ], [ 109.29218, 13.89043 ], [ 109.29235, 13.89041 ], [ 109.2925, 13.89043 ], [ 109.29229, 13.89077 ], [ 109.29261, 13.891 ], [ 109.29272, 13.89156 ], [ 109.29293, 13.8919 ], [ 109.29347, 13.89212 ], [ 109.29334, 13.89252 ], [ 109.29362, 13.89249 ], [ 109.29368, 13.89282 ], [ 109.29357, 13.89285 ], [ 109.29365, 13.89293 ], [ 109.29368, 13.89282 ], [ 109.29386, 13.89275 ], [ 109.29373, 13.89353 ], [ 109.294, 13.89349 ], [ 109.29412, 13.89351 ], [ 109.29407, 13.89386 ], [ 109.29376, 13.89391 ], [ 109.29373, 13.89361 ], [ 109.29364, 13.89379 ], [ 109.29358, 13.89381 ], [ 109.29354, 13.89332 ], [ 109.2934, 13.89305 ], [ 109.29326, 13.89277 ], [ 109.29288, 13.89228 ], [ 109.29253, 13.89159 ], [ 109.29221, 13.89093 ], [ 109.29186, 13.89037 ], [ 109.29153, 13.88969 ], [ 109.29116, 13.88986 ], [ 109.29097, 13.89022 ], [ 109.29093, 13.89165 ], [ 109.29202, 13.89263 ], [ 109.29266, 13.89284 ], [ 109.29319, 13.89394 ], [ 109.29358, 13.89381 ], [ 109.29358, 13.89391 ], [ 109.29376, 13.89391 ] ], [ [ 109.29136, 13.88877 ], [ 109.29143, 13.8894 ], [ 109.2917, 13.88932 ], [ 109.29179, 13.88908 ], [ 109.29158, 13.88865 ], [ 109.29136, 13.88877 ] ] ] ] } }
]
}
