{
"type": "FeatureCollection",
"name": "Slopee",
"crs": { "type": "name", "properties": { "name": "urn:ogc:def:crs:OGC:1.3:CRS84" } },
"xy_coordinate_resolution": 1e-05,
"features": [
{ "type": "Feature", "properties": { "OBJECTID": 1, "gridcode": 1, "Shape_Length": 97744.404755640557, "Shape_Area": 2882218.7477921508 }, "geometry": { "type": "MultiPolygon", "coordinates": [ [ [ [ 109.28839, 13.75603 ], [ 109.28829, 13.75595 ], [ 109.28799, 13.75524 ], [ 109.28752, 13.75461 ], [ 109.28783, 13.75462 ], [ 109.28816, 13.75482 ], [ 109.2883, 13.75486 ], [ 109.28818, 13.75512 ], [ 109.28831, 13.75543 ], [ 109.28858, 13.75531 ], [ 109.28867, 13.75531 ], [ 109.28853, 13.75563 ], [ 109.28843, 13.7558 ], [ 109.28839, 13.75603 ] ] ], [ [ [ 109.28714, 13.75566 ], [ 109.2869, 13.75628 ], [ 109.28664, 13.75674 ], [ 109.28621, 13.75687 ], [ 109.28585, 13.757 ], [ 109.28575, 13.75674 ], [ 109.28605, 13.75621 ], [ 109.28645, 13.75586 ], [ 109.28671, 13.75548 ], [ 109.28691, 13.7553 ], [ 109.28714, 13.75566 ] ] ], [ [ [ 109.26045, 13.758 ], [ 109.26045, 13.75791 ], [ 109.26054, 13.75792 ], [ 109.26054, 13.75801 ], [ 109.26045, 13.758 ] ] ], [ [ [ 109.28613, 13.75773 ], [ 109.28575, 13.75823 ], [ 109.28549, 13.75831 ], [ 109.28537, 13.75805 ], [ 109.28572, 13.75761 ], [ 109.28606, 13.75755 ], [ 109.28613, 13.75773 ] ] ], [ [ [ 109.26045, 13.758 ], [ 109.26048, 13.75806 ], [ 109.26059, 13.75813 ], [ 109.26072, 13.75848 ], [ 109.26026, 13.75837 ], [ 109.2604, 13.75804 ], [ 109.26045, 13.758 ] ] ], [ [ [ 109.26309, 13.75912 ], [ 109.26292, 13.75896 ], [ 109.26312, 13.75893 ], [ 109.26309, 13.75912 ] ] ], [ [ [ 109.26179, 13.75888 ], [ 109.26137, 13.75911 ], [ 109.2609, 13.75901 ], [ 109.26074, 13.75859 ], [ 109.26163, 13.75852 ], [ 109.26181, 13.75806 ], [ 109.2623, 13.75802 ], [ 109.26233, 13.75807 ], [ 109.26263, 13.75824 ], [ 109.26275, 13.75842 ], [ 109.26267, 13.75869 ], [ 109.26203, 13.75855 ], [ 109.26179, 13.75888 ] ] ], [ [ [ 109.28839, 13.75603 ], [ 109.28857, 13.75612 ], [ 109.28866, 13.7563 ], [ 109.28857, 13.7563 ], [ 109.28857, 13.75694 ], [ 109.28847, 13.75694 ], [ 109.28838, 13.75694 ], [ 109.28838, 13.75703 ], [ 109.28838, 13.75721 ], [ 109.28829, 13.75721 ], [ 109.28829, 13.7573 ], [ 109.28819, 13.7573 ], [ 109.28819, 13.75748 ], [ 109.28814, 13.75752 ], [ 109.28801, 13.75844 ], [ 109.28778, 13.7587 ], [ 109.28749, 13.75894 ], [ 109.28759, 13.75953 ], [ 109.28812, 13.75949 ], [ 109.28824, 13.75971 ], [ 109.2881, 13.76015 ], [ 109.28776, 13.76061 ], [ 109.28774, 13.76082 ], [ 109.28777, 13.76122 ], [ 109.28749, 13.76124 ], [ 109.28728, 13.76088 ], [ 109.28707, 13.75881 ], [ 109.28722, 13.75842 ], [ 109.28734, 13.75711 ], [ 109.2876, 13.75696 ], [ 109.28794, 13.75699 ], [ 109.28818, 13.75679 ], [ 109.28834, 13.75608 ], [ 109.28839, 13.75603 ] ] ], [ [ [ 109.28869, 13.76104 ], [ 109.28875, 13.76149 ], [ 109.28847, 13.76139 ], [ 109.28832, 13.76095 ], [ 109.28863, 13.76091 ], [ 109.28869, 13.76104 ] ] ], [ [ [ 109.2638, 13.76156 ], [ 109.26353, 13.76177 ], [ 109.26362, 13.76143 ], [ 109.26384, 13.76137 ], [ 109.2638, 13.76156 ] ] ], [ [ [ 109.28338, 13.76175 ], [ 109.28283, 13.76246 ], [ 109.28247, 13.76247 ], [ 109.28275, 13.7621 ], [ 109.28306, 13.76162 ], [ 109.28345, 13.76151 ], [ 109.28338, 13.76175 ] ] ], [ [ [ 109.28539, 13.76152 ], [ 109.28529, 13.76161 ], [ 109.28491, 13.762 ], [ 109.2843, 13.76238 ], [ 109.28376, 13.76292 ], [ 109.28359, 13.76274 ], [ 109.28395, 13.76228 ], [ 109.28423, 13.76191 ], [ 109.28371, 13.76141 ], [ 109.28461, 13.7612 ], [ 109.28504, 13.76089 ], [ 109.28517, 13.75967 ], [ 109.28527, 13.7594 ], [ 109.28536, 13.75904 ], [ 109.28556, 13.75877 ], [ 109.28588, 13.7591 ], [ 109.28572, 13.75994 ], [ 109.28548, 13.76134 ], [ 109.28539, 13.76134 ], [ 109.28539, 13.76152 ] ] ], [ [ [ 109.28355, 13.76475 ], [ 109.28339, 13.76489 ], [ 109.28329, 13.76449 ], [ 109.28361, 13.7644 ], [ 109.28355, 13.76475 ] ] ], [ [ [ 109.26525, 13.76494 ], [ 109.26508, 13.76468 ], [ 109.2653, 13.76464 ], [ 109.26525, 13.76494 ] ] ], [ [ [ 109.28858, 13.76285 ], [ 109.28871, 13.76318 ], [ 109.28855, 13.76367 ], [ 109.28806, 13.76402 ], [ 109.28817, 13.76468 ], [ 109.28779, 13.76527 ], [ 109.28755, 13.76537 ], [ 109.28745, 13.76501 ], [ 109.28777, 13.76451 ], [ 109.28755, 13.76378 ], [ 109.28794, 13.7635 ], [ 109.28819, 13.76317 ], [ 109.28829, 13.76273 ], [ 109.28843, 13.76263 ], [ 109.28858, 13.76285 ] ] ], [ [ [ 109.28202, 13.76459 ], [ 109.28178, 13.7652 ], [ 109.28137, 13.76542 ], [ 109.28146, 13.76448 ], [ 109.28195, 13.76439 ], [ 109.28202, 13.76459 ] ] ], [ [ [ 109.27277, 13.76394 ], [ 109.27301, 13.76447 ], [ 109.27311, 13.76512 ], [ 109.27276, 13.76541 ], [ 109.27255, 13.76573 ], [ 109.27231, 13.76599 ], [ 109.27219, 13.76523 ], [ 109.2724, 13.76448 ], [ 109.27194, 13.76364 ], [ 109.27183, 13.76322 ], [ 109.27206, 13.76315 ], [ 109.27277, 13.76394 ] ] ], [ [ [ 109.28726, 13.76617 ], [ 109.28718, 13.76609 ], [ 109.2873, 13.76606 ], [ 109.28726, 13.76617 ] ] ], [ [ [ 109.27311, 13.76613 ], [ 109.27293, 13.76597 ], [ 109.27315, 13.76587 ], [ 109.27311, 13.76613 ] ] ], [ [ [ 109.26759, 13.76718 ], [ 109.26747, 13.76712 ], [ 109.26741, 13.767 ], [ 109.26752, 13.76691 ], [ 109.26776, 13.76616 ], [ 109.2684, 13.76604 ], [ 109.26921, 13.76572 ], [ 109.26978, 13.76562 ], [ 109.27009, 13.76541 ], [ 109.27038, 13.76481 ], [ 109.27053, 13.7639 ], [ 109.27057, 13.76382 ], [ 109.27085, 13.76425 ], [ 109.27079, 13.76512 ], [ 109.27026, 13.76606 ], [ 109.26998, 13.7663 ], [ 109.26934, 13.76644 ], [ 109.26959, 13.76679 ], [ 109.26958, 13.7669 ], [ 109.26892, 13.76719 ], [ 109.26778, 13.76712 ], [ 109.26759, 13.76718 ] ] ], [ [ [ 109.28566, 13.76862 ], [ 109.28572, 13.76948 ], [ 109.28466, 13.77007 ], [ 109.28451, 13.77005 ], [ 109.28455, 13.7696 ], [ 109.28511, 13.76898 ], [ 109.28534, 13.76862 ], [ 109.28561, 13.76858 ], [ 109.28566, 13.76862 ] ] ], [ [ [ 109.27281, 13.76754 ], [ 109.27294, 13.76801 ], [ 109.27285, 13.7687 ], [ 109.27317, 13.76944 ], [ 109.27307, 13.77013 ], [ 109.27283, 13.77041 ], [ 109.27271, 13.76997 ], [ 109.27261, 13.76971 ], [ 109.27251, 13.76916 ], [ 109.27207, 13.76861 ], [ 109.27196, 13.76783 ], [ 109.27177, 13.76696 ], [ 109.27244, 13.76704 ], [ 109.27249, 13.76668 ], [ 109.27244, 13.76626 ], [ 109.27259, 13.76613 ], [ 109.27277, 13.76642 ], [ 109.2727, 13.76701 ], [ 109.27281, 13.76754 ] ] ], [ [ [ 109.28458, 13.77128 ], [ 109.28458, 13.77155 ], [ 109.28421, 13.77155 ], [ 109.28421, 13.77128 ], [ 109.28458, 13.77128 ] ] ], [ [ [ 109.28316, 13.7722 ], [ 109.28306, 13.77204 ], [ 109.28328, 13.77199 ], [ 109.28316, 13.7722 ] ] ], [ [ [ 109.28128, 13.77445 ], [ 109.2812, 13.77429 ], [ 109.28132, 13.77424 ], [ 109.28128, 13.77445 ] ] ], [ [ [ 109.28581, 13.77402 ], [ 109.2861, 13.77443 ], [ 109.28607, 13.77479 ], [ 109.28566, 13.77476 ], [ 109.28531, 13.77387 ], [ 109.28478, 13.77414 ], [ 109.28449, 13.77412 ], [ 109.28452, 13.77373 ], [ 109.28497, 13.77334 ], [ 109.28507, 13.77313 ], [ 109.28521, 13.77288 ], [ 109.28568, 13.77282 ], [ 109.28572, 13.77287 ], [ 109.28608, 13.77319 ], [ 109.28622, 13.77366 ], [ 109.28581, 13.77402 ] ], [ [ 109.28537, 13.77376 ], [ 109.28545, 13.77384 ], [ 109.28548, 13.77373 ], [ 109.28537, 13.77376 ] ] ], [ [ [ 109.2858, 13.77523 ], [ 109.28564, 13.77562 ], [ 109.28511, 13.77556 ], [ 109.28516, 13.77516 ], [ 109.28584, 13.77509 ], [ 109.2858, 13.77523 ] ] ], [ [ [ 109.28334, 13.77488 ], [ 109.28316, 13.77509 ], [ 109.28255, 13.77522 ], [ 109.28191, 13.77556 ], [ 109.28135, 13.77564 ], [ 109.28088, 13.776 ], [ 109.28053, 13.77583 ], [ 109.28049, 13.77522 ], [ 109.2812, 13.77463 ], [ 109.28181, 13.77468 ], [ 109.28248, 13.77457 ], [ 109.28303, 13.77413 ], [ 109.28335, 13.77407 ], [ 109.28356, 13.7744 ], [ 109.28334, 13.77488 ] ] ], [ [ [ 109.27071, 13.774 ], [ 109.27081, 13.77483 ], [ 109.27046, 13.77529 ], [ 109.27013, 13.77606 ], [ 109.26976, 13.77619 ], [ 109.26955, 13.77592 ], [ 109.26965, 13.77513 ], [ 109.27007, 13.77445 ], [ 109.27018, 13.77359 ], [ 109.27041, 13.77353 ], [ 109.27071, 13.774 ] ] ], [ [ [ 109.27858, 13.77626 ], [ 109.27819, 13.77642 ], [ 109.27802, 13.7768 ], [ 109.27787, 13.77688 ], [ 109.27805, 13.77626 ], [ 109.27862, 13.77621 ], [ 109.27858, 13.77626 ] ] ], [ [ [ 109.29004, 13.77589 ], [ 109.29014, 13.77597 ], [ 109.29022, 13.77611 ], [ 109.28964, 13.77645 ], [ 109.28943, 13.77692 ], [ 109.28917, 13.77726 ], [ 109.28884, 13.77741 ], [ 109.28912, 13.77678 ], [ 109.28921, 13.7762 ], [ 109.28941, 13.77588 ], [ 109.29, 13.77584 ], [ 109.29004, 13.77589 ] ] ], [ [ [ 109.29276, 13.77812 ], [ 109.29262, 13.77875 ], [ 109.29275, 13.77938 ], [ 109.29275, 13.77947 ], [ 109.29284, 13.77947 ], [ 109.29284, 13.77956 ], [ 109.29293, 13.77956 ], [ 109.29293, 13.77974 ], [ 109.29302, 13.77974 ], [ 109.29302, 13.77984 ], [ 109.29311, 13.77984 ], [ 109.29311, 13.77993 ], [ 109.29299, 13.78006 ], [ 109.29229, 13.77966 ], [ 109.29178, 13.77904 ], [ 109.29189, 13.77706 ], [ 109.29234, 13.77708 ], [ 109.29263, 13.77682 ], [ 109.29254, 13.77653 ], [ 109.29237, 13.77604 ], [ 109.29264, 13.77556 ], [ 109.29278, 13.77477 ], [ 109.29293, 13.7747 ], [ 109.29297, 13.7745 ], [ 109.29308, 13.77441 ], [ 109.29295, 13.77329 ], [ 109.29326, 13.77324 ], [ 109.2933, 13.77344 ], [ 109.29344, 13.77351 ], [ 109.29344, 13.77369 ], [ 109.29344, 13.77378 ], [ 109.29353, 13.77378 ], [ 109.29353, 13.77396 ], [ 109.29362, 13.77396 ], [ 109.29362, 13.77424 ], [ 109.29358, 13.77465 ], [ 109.29352, 13.77487 ], [ 109.29343, 13.77487 ], [ 109.29343, 13.77496 ], [ 109.29343, 13.77505 ], [ 109.29333, 13.77505 ], [ 109.29333, 13.77523 ], [ 109.29322, 13.7753 ], [ 109.29306, 13.77552 ], [ 109.29314, 13.77584 ], [ 109.29333, 13.77613 ], [ 109.29323, 13.77613 ], [ 109.29323, 13.77622 ], [ 109.29319, 13.77699 ], [ 109.293, 13.77745 ], [ 109.29295, 13.77776 ], [ 109.29285, 13.77775 ], [ 109.29285, 13.77794 ], [ 109.29285, 13.77803 ], [ 109.29276, 13.77803 ], [ 109.29276, 13.77812 ] ] ], [ [ [ 109.28004, 13.77821 ], [ 109.27913, 13.77874 ], [ 109.27879, 13.77914 ], [ 109.27846, 13.77923 ], [ 109.27814, 13.77935 ], [ 109.27786, 13.77998 ], [ 109.27755, 13.77994 ], [ 109.27765, 13.77919 ], [ 109.27819, 13.77888 ], [ 109.27873, 13.77844 ], [ 109.27921, 13.77834 ], [ 109.27973, 13.77798 ], [ 109.28009, 13.77794 ], [ 109.28004, 13.77821 ] ] ], [ [ [ 109.29358, 13.78002 ], [ 109.29358, 13.78011 ], [ 109.29348, 13.78011 ], [ 109.29348, 13.78002 ], [ 109.29358, 13.78002 ] ] ], [ [ [ 109.29348, 13.78029 ], [ 109.29337, 13.78026 ], [ 109.29345, 13.78018 ], [ 109.29348, 13.78029 ] ] ], [ [ [ 109.27225, 13.77653 ], [ 109.27165, 13.77708 ], [ 109.27145, 13.77738 ], [ 109.27125, 13.77766 ], [ 109.27033, 13.77832 ], [ 109.27005, 13.77873 ], [ 109.26986, 13.77899 ], [ 109.26968, 13.77945 ], [ 109.2693, 13.78026 ], [ 109.26925, 13.78039 ], [ 109.2692, 13.78035 ], [ 109.26889, 13.77994 ], [ 109.26893, 13.77989 ], [ 109.26903, 13.7797 ], [ 109.26922, 13.77881 ], [ 109.2695, 13.77845 ], [ 109.26959, 13.77809 ], [ 109.26969, 13.77773 ], [ 109.26978, 13.77737 ], [ 109.2699, 13.77715 ], [ 109.27058, 13.77652 ], [ 109.272, 13.77499 ], [ 109.2725, 13.77476 ], [ 109.27287, 13.77477 ], [ 109.27341, 13.77496 ], [ 109.27368, 13.77495 ], [ 109.27398, 13.77505 ], [ 109.27451, 13.77614 ], [ 109.27492, 13.77694 ], [ 109.27514, 13.77801 ], [ 109.27469, 13.77859 ], [ 109.27458, 13.77921 ], [ 109.27441, 13.77953 ], [ 109.27382, 13.77975 ], [ 109.27348, 13.77974 ], [ 109.27384, 13.77893 ], [ 109.27393, 13.77856 ], [ 109.27375, 13.7782 ], [ 109.27377, 13.77741 ], [ 109.27322, 13.77661 ], [ 109.273, 13.77615 ], [ 109.27274, 13.77603 ], [ 109.27225, 13.77653 ] ], [ [ 109.27435, 13.77817 ], [ 109.27413, 13.77823 ], [ 109.27429, 13.77838 ], [ 109.27435, 13.77817 ] ] ], [ [ [ 109.27942, 13.77993 ], [ 109.27962, 13.78009 ], [ 109.27981, 13.78033 ], [ 109.27961, 13.78065 ], [ 109.27889, 13.78011 ], [ 109.27893, 13.77988 ], [ 109.27934, 13.77983 ], [ 109.27942, 13.77993 ] ] ], [ [ [ 109.29348, 13.78029 ], [ 109.2937, 13.78048 ], [ 109.29375, 13.78111 ], [ 109.29366, 13.7811 ], [ 109.29366, 13.7812 ], [ 109.29357, 13.78119 ], [ 109.29357, 13.78128 ], [ 109.29338, 13.78128 ], [ 109.29342, 13.78087 ], [ 109.29355, 13.78058 ], [ 109.29348, 13.78029 ] ] ], [ [ [ 109.27392, 13.781 ], [ 109.27346, 13.78111 ], [ 109.27333, 13.78173 ], [ 109.273, 13.78138 ], [ 109.27309, 13.78106 ], [ 109.2733, 13.78056 ], [ 109.27346, 13.78064 ], [ 109.27355, 13.78075 ], [ 109.27373, 13.78064 ], [ 109.27397, 13.78061 ], [ 109.27392, 13.781 ] ] ], [ [ [ 109.27989, 13.78198 ], [ 109.27981, 13.78244 ], [ 109.27949, 13.78239 ], [ 109.27938, 13.78163 ], [ 109.27969, 13.78155 ], [ 109.27989, 13.78198 ] ] ], [ [ [ 109.27898, 13.78269 ], [ 109.27919, 13.78275 ], [ 109.27944, 13.78295 ], [ 109.27895, 13.78302 ], [ 109.27882, 13.7827 ], [ 109.27895, 13.78263 ], [ 109.27898, 13.78269 ] ] ], [ [ [ 109.28177, 13.7834 ], [ 109.28169, 13.78324 ], [ 109.28181, 13.78319 ], [ 109.28177, 13.7834 ] ] ], [ [ [ 109.28158, 13.78411 ], [ 109.2815, 13.78403 ], [ 109.28162, 13.784 ], [ 109.28158, 13.78411 ] ] ], [ [ [ 109.26817, 13.78319 ], [ 109.26836, 13.7835 ], [ 109.2686, 13.78409 ], [ 109.26844, 13.78422 ], [ 109.26791, 13.7839 ], [ 109.26777, 13.78327 ], [ 109.26766, 13.78318 ], [ 109.26769, 13.78312 ], [ 109.26812, 13.78291 ], [ 109.26817, 13.78319 ] ] ], [ [ [ 109.29166, 13.78399 ], [ 109.29193, 13.78421 ], [ 109.29197, 13.78435 ], [ 109.29197, 13.78444 ], [ 109.29192, 13.78448 ], [ 109.29164, 13.78482 ], [ 109.2916, 13.78498 ], [ 109.29147, 13.78504 ], [ 109.29135, 13.78528 ], [ 109.29123, 13.78534 ], [ 109.29118, 13.78529 ], [ 109.29101, 13.78492 ], [ 109.29128, 13.7843 ], [ 109.29137, 13.78393 ], [ 109.29151, 13.78357 ], [ 109.29204, 13.78325 ], [ 109.2923, 13.78267 ], [ 109.29279, 13.78185 ], [ 109.29319, 13.78173 ], [ 109.29319, 13.78201 ], [ 109.29305, 13.78208 ], [ 109.293, 13.78228 ], [ 109.29291, 13.78227 ], [ 109.29291, 13.78237 ], [ 109.29282, 13.78236 ], [ 109.29282, 13.78245 ], [ 109.29273, 13.78245 ], [ 109.29263, 13.78245 ], [ 109.29263, 13.78254 ], [ 109.29258, 13.78276 ], [ 109.29253, 13.78345 ], [ 109.29244, 13.78345 ], [ 109.29244, 13.78354 ], [ 109.29235, 13.78354 ], [ 109.29235, 13.78363 ], [ 109.29235, 13.78372 ], [ 109.29178, 13.78364 ], [ 109.29166, 13.78399 ] ] ], [ [ [ 109.27431, 13.78406 ], [ 109.27398, 13.78436 ], [ 109.27389, 13.78455 ], [ 109.27389, 13.78485 ], [ 109.27388, 13.78515 ], [ 109.27347, 13.78526 ], [ 109.27334, 13.78398 ], [ 109.27381, 13.78311 ], [ 109.27361, 13.78246 ], [ 109.27301, 13.78307 ], [ 109.27279, 13.78294 ], [ 109.27307, 13.78254 ], [ 109.27324, 13.78192 ], [ 109.27356, 13.78182 ], [ 109.27391, 13.78164 ], [ 109.27429, 13.78156 ], [ 109.27465, 13.7812 ], [ 109.2748, 13.78106 ], [ 109.27485, 13.78195 ], [ 109.27452, 13.78241 ], [ 109.27431, 13.78406 ] ] ], [ [ [ 109.26794, 13.78473 ], [ 109.26813, 13.78504 ], [ 109.26824, 13.78566 ], [ 109.2678, 13.78598 ], [ 109.26763, 13.78576 ], [ 109.26772, 13.78517 ], [ 109.2675, 13.78468 ], [ 109.26743, 13.78441 ], [ 109.26784, 13.78436 ], [ 109.26794, 13.78473 ] ] ], [ [ [ 109.28221, 13.78629 ], [ 109.28213, 13.78614 ], [ 109.28225, 13.78609 ], [ 109.28221, 13.78629 ] ] ], [ [ [ 109.27062, 13.78622 ], [ 109.27037, 13.7861 ], [ 109.27069, 13.78601 ], [ 109.27062, 13.78622 ] ] ], [ [ [ 109.27226, 13.78629 ], [ 109.27232, 13.78632 ], [ 109.27242, 13.78652 ], [ 109.27229, 13.78668 ], [ 109.27226, 13.78629 ] ] ], [ [ [ 109.27692, 13.78672 ], [ 109.27653, 13.78681 ], [ 109.27638, 13.78645 ], [ 109.27679, 13.78641 ], [ 109.27692, 13.78672 ] ] ], [ [ [ 109.26732, 13.78695 ], [ 109.26722, 13.78701 ], [ 109.26714, 13.78672 ], [ 109.26736, 13.78662 ], [ 109.26732, 13.78695 ] ] ], [ [ [ 109.27812, 13.78618 ], [ 109.27816, 13.78671 ], [ 109.27781, 13.78714 ], [ 109.27718, 13.78661 ], [ 109.27734, 13.78608 ], [ 109.27762, 13.78569 ], [ 109.27752, 13.78556 ], [ 109.27707, 13.78587 ], [ 109.27675, 13.78578 ], [ 109.27694, 13.78528 ], [ 109.27706, 13.78479 ], [ 109.2773, 13.78459 ], [ 109.2775, 13.78429 ], [ 109.27812, 13.78358 ], [ 109.27838, 13.78344 ], [ 109.27834, 13.78358 ], [ 109.27814, 13.78393 ], [ 109.27816, 13.78415 ], [ 109.27857, 13.78451 ], [ 109.27823, 13.78497 ], [ 109.27825, 13.78522 ], [ 109.27812, 13.78618 ] ] ], [ [ [ 109.29066, 13.78696 ], [ 109.29066, 13.78705 ], [ 109.29043, 13.78719 ], [ 109.28979, 13.78726 ], [ 109.29008, 13.7868 ], [ 109.29079, 13.78627 ], [ 109.29112, 13.78587 ], [ 109.29122, 13.78579 ], [ 109.29131, 13.78579 ], [ 109.29131, 13.78615 ], [ 109.2912, 13.78622 ], [ 109.29098, 13.78653 ], [ 109.29094, 13.78669 ], [ 109.29085, 13.78669 ], [ 109.29085, 13.78678 ], [ 109.29075, 13.78678 ], [ 109.29075, 13.78687 ], [ 109.29066, 13.78687 ], [ 109.29066, 13.78696 ] ] ], [ [ [ 109.27048, 13.78698 ], [ 109.27042, 13.78722 ], [ 109.27009, 13.7873 ], [ 109.27, 13.78692 ], [ 109.27041, 13.78682 ], [ 109.27048, 13.78698 ] ] ], [ [ [ 109.27226, 13.78629 ], [ 109.27171, 13.78634 ], [ 109.27141, 13.78679 ], [ 109.27126, 13.78783 ], [ 109.27067, 13.78795 ], [ 109.27054, 13.78769 ], [ 109.27102, 13.7871 ], [ 109.27098, 13.78637 ], [ 109.27139, 13.78551 ], [ 109.27121, 13.78518 ], [ 109.27153, 13.78432 ], [ 109.27198, 13.7838 ], [ 109.27235, 13.784 ], [ 109.27228, 13.78503 ], [ 109.27244, 13.78566 ], [ 109.27226, 13.78629 ] ] ], [ [ [ 109.28406, 13.78775 ], [ 109.28375, 13.78813 ], [ 109.28358, 13.78796 ], [ 109.28388, 13.78729 ], [ 109.28383, 13.7867 ], [ 109.28419, 13.78664 ], [ 109.28406, 13.78775 ] ] ], [ [ [ 109.26572, 13.78793 ], [ 109.26555, 13.78809 ], [ 109.26536, 13.78778 ], [ 109.26559, 13.7876 ], [ 109.26572, 13.78793 ] ] ], [ [ [ 109.28153, 13.78831 ], [ 109.28093, 13.78868 ], [ 109.28036, 13.78864 ], [ 109.28025, 13.78833 ], [ 109.28099, 13.78793 ], [ 109.28124, 13.78766 ], [ 109.28159, 13.78762 ], [ 109.28153, 13.78831 ] ] ], [ [ [ 109.29111, 13.78904 ], [ 109.29101, 13.78904 ], [ 109.29095, 13.78899 ], [ 109.29101, 13.78858 ], [ 109.29052, 13.788 ], [ 109.29079, 13.78785 ], [ 109.2913, 13.78823 ], [ 109.2913, 13.78832 ], [ 109.2913, 13.78841 ], [ 109.29139, 13.78841 ], [ 109.29139, 13.78877 ], [ 109.29138, 13.78886 ], [ 109.29129, 13.78886 ], [ 109.29129, 13.78895 ], [ 109.29111, 13.78895 ], [ 109.29111, 13.78904 ] ] ], [ [ [ 109.26616, 13.7887 ], [ 109.26607, 13.78939 ], [ 109.26575, 13.78935 ], [ 109.26564, 13.78848 ], [ 109.26605, 13.78841 ], [ 109.26616, 13.7887 ] ] ], [ [ [ 109.2696, 13.789 ], [ 109.26978, 13.78936 ], [ 109.2695, 13.78947 ], [ 109.26904, 13.78888 ], [ 109.26861, 13.78862 ], [ 109.26842, 13.78885 ], [ 109.26862, 13.78937 ], [ 109.26843, 13.78946 ], [ 109.26792, 13.78916 ], [ 109.26707, 13.78885 ], [ 109.26677, 13.78846 ], [ 109.26664, 13.78814 ], [ 109.2667, 13.78774 ], [ 109.26698, 13.7877 ], [ 109.26705, 13.78778 ], [ 109.26791, 13.7881 ], [ 109.26836, 13.78843 ], [ 109.26882, 13.78836 ], [ 109.26914, 13.78841 ], [ 109.2696, 13.789 ] ] ], [ [ [ 109.26442, 13.78918 ], [ 109.26465, 13.78936 ], [ 109.26422, 13.7897 ], [ 109.26341, 13.78979 ], [ 109.2636, 13.78916 ], [ 109.26438, 13.78912 ], [ 109.26442, 13.78918 ] ] ], [ [ [ 109.27774, 13.78953 ], [ 109.27785, 13.78988 ], [ 109.27781, 13.79019 ], [ 109.2775, 13.79016 ], [ 109.2773, 13.78948 ], [ 109.2771, 13.78912 ], [ 109.27742, 13.78904 ], [ 109.27774, 13.78953 ] ] ], [ [ [ 109.28392, 13.79065 ], [ 109.28375, 13.79052 ], [ 109.28398, 13.79035 ], [ 109.28392, 13.79065 ] ] ], [ [ [ 109.26312, 13.79066 ], [ 109.26285, 13.79086 ], [ 109.26296, 13.79017 ], [ 109.26317, 13.79011 ], [ 109.26312, 13.79066 ] ] ], [ [ [ 109.26618, 13.78991 ], [ 109.26515, 13.79101 ], [ 109.26436, 13.79097 ], [ 109.26423, 13.79069 ], [ 109.26488, 13.7904 ], [ 109.26559, 13.79004 ], [ 109.26598, 13.78963 ], [ 109.26622, 13.78959 ], [ 109.26618, 13.78991 ] ] ], [ [ [ 109.28292, 13.79047 ], [ 109.283, 13.79077 ], [ 109.28236, 13.79102 ], [ 109.28226, 13.79156 ], [ 109.28215, 13.79184 ], [ 109.28189, 13.7918 ], [ 109.282, 13.79113 ], [ 109.28227, 13.79093 ], [ 109.28258, 13.79039 ], [ 109.28277, 13.79025 ], [ 109.28292, 13.79047 ] ] ], [ [ [ 109.26309, 13.79133 ], [ 109.26371, 13.79144 ], [ 109.26335, 13.79221 ], [ 109.26302, 13.7925 ], [ 109.2626, 13.79182 ], [ 109.26268, 13.79128 ], [ 109.26298, 13.79119 ], [ 109.26309, 13.79133 ] ] ], [ [ [ 109.28218, 13.79232 ], [ 109.28214, 13.79277 ], [ 109.2817, 13.79337 ], [ 109.28157, 13.79401 ], [ 109.28133, 13.79426 ], [ 109.28119, 13.79378 ], [ 109.28123, 13.7933 ], [ 109.28162, 13.79229 ], [ 109.28202, 13.79196 ], [ 109.28218, 13.79232 ] ] ], [ [ [ 109.28772, 13.79616 ], [ 109.28782, 13.79616 ], [ 109.28782, 13.79625 ], [ 109.28772, 13.79625 ], [ 109.28772, 13.79616 ] ] ], [ [ [ 109.28351, 13.79841 ], [ 109.28343, 13.79826 ], [ 109.28355, 13.79821 ], [ 109.28351, 13.79841 ] ] ], [ [ [ 109.2846, 13.7994 ], [ 109.28453, 13.79916 ], [ 109.28474, 13.79912 ], [ 109.2846, 13.7994 ] ] ], [ [ [ 109.28154, 13.80102 ], [ 109.28137, 13.80077 ], [ 109.28159, 13.80072 ], [ 109.28154, 13.80102 ] ] ], [ [ [ 109.28017, 13.80119 ], [ 109.28008, 13.80111 ], [ 109.2802, 13.80108 ], [ 109.28017, 13.80119 ] ] ], [ [ [ 109.28037, 13.80307 ], [ 109.2801, 13.80299 ], [ 109.27996, 13.80286 ], [ 109.28016, 13.80237 ], [ 109.28046, 13.80241 ], [ 109.28037, 13.80307 ] ] ], [ [ [ 109.28037, 13.80307 ], [ 109.28051, 13.80302 ], [ 109.28061, 13.80281 ], [ 109.28059, 13.80207 ], [ 109.28077, 13.80156 ], [ 109.28122, 13.80158 ], [ 109.28135, 13.80378 ], [ 109.28133, 13.80431 ], [ 109.28074, 13.80523 ], [ 109.28104, 13.80595 ], [ 109.28083, 13.8061 ], [ 109.28038, 13.80553 ], [ 109.27996, 13.80514 ], [ 109.28031, 13.80483 ], [ 109.28048, 13.80402 ], [ 109.28025, 13.80338 ], [ 109.28037, 13.80307 ] ] ], [ [ [ 109.28, 13.80662 ], [ 109.27984, 13.80647 ], [ 109.28007, 13.80641 ], [ 109.28, 13.80662 ] ] ], [ [ [ 109.28378, 13.80783 ], [ 109.28362, 13.80767 ], [ 109.28385, 13.80761 ], [ 109.28378, 13.80783 ] ] ], [ [ [ 109.28016, 13.80798 ], [ 109.28001, 13.80779 ], [ 109.28024, 13.80758 ], [ 109.28016, 13.80798 ] ] ], [ [ [ 109.28177, 13.80737 ], [ 109.28196, 13.80755 ], [ 109.28193, 13.80846 ], [ 109.28175, 13.80845 ], [ 109.28149, 13.80791 ], [ 109.28131, 13.80756 ], [ 109.28172, 13.80732 ], [ 109.28177, 13.80737 ] ] ], [ [ [ 109.28042, 13.80843 ], [ 109.28026, 13.80853 ], [ 109.28001, 13.80829 ], [ 109.28033, 13.80822 ], [ 109.28042, 13.80843 ] ] ], [ [ [ 109.28446, 13.8088 ], [ 109.28388, 13.80892 ], [ 109.2834, 13.80909 ], [ 109.28292, 13.80877 ], [ 109.2826, 13.80824 ], [ 109.28297, 13.80813 ], [ 109.28373, 13.80873 ], [ 109.28411, 13.80862 ], [ 109.28433, 13.80811 ], [ 109.28477, 13.80807 ], [ 109.28487, 13.80831 ], [ 109.28446, 13.8088 ] ] ], [ [ [ 109.28433, 13.81216 ], [ 109.28425, 13.81192 ], [ 109.28437, 13.81186 ], [ 109.28433, 13.81216 ] ] ], [ [ [ 109.25204, 13.81527 ], [ 109.25196, 13.81519 ], [ 109.25207, 13.81516 ], [ 109.25204, 13.81527 ] ] ], [ [ [ 109.28556, 13.81773 ], [ 109.28547, 13.81796 ], [ 109.2852, 13.81805 ], [ 109.28513, 13.81751 ], [ 109.28544, 13.81747 ], [ 109.28556, 13.81773 ] ] ], [ [ [ 109.28555, 13.82024 ], [ 109.28568, 13.82055 ], [ 109.28562, 13.82092 ], [ 109.28511, 13.82084 ], [ 109.28538, 13.8202 ], [ 109.28552, 13.82009 ], [ 109.28555, 13.82024 ] ] ], [ [ [ 109.29568, 13.82143 ], [ 109.29568, 13.82152 ], [ 109.29559, 13.82152 ], [ 109.29559, 13.82143 ], [ 109.29568, 13.82143 ] ] ], [ [ [ 109.29549, 13.82152 ], [ 109.29549, 13.82161 ], [ 109.2954, 13.82161 ], [ 109.2954, 13.82152 ], [ 109.29549, 13.82152 ] ] ], [ [ [ 109.29503, 13.82161 ], [ 109.29503, 13.8217 ], [ 109.29494, 13.8217 ], [ 109.29494, 13.82161 ], [ 109.29503, 13.82161 ] ] ], [ [ [ 109.28673, 13.816 ], [ 109.28664, 13.81704 ], [ 109.28646, 13.81766 ], [ 109.28682, 13.81815 ], [ 109.28698, 13.81871 ], [ 109.28695, 13.81913 ], [ 109.28676, 13.8196 ], [ 109.28667, 13.82033 ], [ 109.2865, 13.82094 ], [ 109.28635, 13.82118 ], [ 109.28611, 13.82139 ], [ 109.28599, 13.82166 ], [ 109.2857, 13.82176 ], [ 109.28556, 13.82115 ], [ 109.28623, 13.82103 ], [ 109.28613, 13.8196 ], [ 109.28636, 13.81861 ], [ 109.28604, 13.81787 ], [ 109.28585, 13.81771 ], [ 109.28577, 13.81693 ], [ 109.28605, 13.81644 ], [ 109.28615, 13.81575 ], [ 109.28657, 13.8154 ], [ 109.28673, 13.816 ] ] ], [ [ [ 109.28522, 13.82237 ], [ 109.28499, 13.82275 ], [ 109.28472, 13.8224 ], [ 109.28482, 13.82204 ], [ 109.28504, 13.82199 ], [ 109.28522, 13.82237 ] ] ], [ [ [ 109.28442, 13.82294 ], [ 109.28477, 13.82318 ], [ 109.28468, 13.82354 ], [ 109.28436, 13.82333 ], [ 109.28425, 13.82298 ], [ 109.28438, 13.82289 ], [ 109.28442, 13.82294 ] ] ], [ [ [ 109.28772, 13.79616 ], [ 109.28754, 13.79616 ], [ 109.28754, 13.79625 ], [ 109.28745, 13.79625 ], [ 109.28745, 13.79634 ], [ 109.28735, 13.79634 ], [ 109.28735, 13.79643 ], [ 109.28726, 13.79643 ], [ 109.28726, 13.79652 ], [ 109.28726, 13.79661 ], [ 109.28717, 13.79661 ], [ 109.28717, 13.7967 ], [ 109.28717, 13.79679 ], [ 109.28711, 13.79683 ], [ 109.28643, 13.7976 ], [ 109.28588, 13.799 ], [ 109.28608, 13.79972 ], [ 109.28613, 13.79976 ], [ 109.28612, 13.80012 ], [ 109.28603, 13.80012 ], [ 109.28603, 13.80048 ], [ 109.28594, 13.80048 ], [ 109.28594, 13.80057 ], [ 109.28584, 13.80057 ], [ 109.28584, 13.80066 ], [ 109.28565, 13.80102 ], [ 109.28556, 13.80102 ], [ 109.28556, 13.80111 ], [ 109.28556, 13.80129 ], [ 109.28547, 13.80129 ], [ 109.28547, 13.80138 ], [ 109.28546, 13.80175 ], [ 109.28546, 13.80193 ], [ 109.28556, 13.80193 ], [ 109.28555, 13.80211 ], [ 109.28555, 13.8022 ], [ 109.28565, 13.8022 ], [ 109.28565, 13.80229 ], [ 109.28574, 13.80229 ], [ 109.28574, 13.80238 ], [ 109.28583, 13.80238 ], [ 109.28592, 13.80238 ], [ 109.28592, 13.80247 ], [ 109.28592, 13.80256 ], [ 109.28601, 13.80256 ], [ 109.2862, 13.80256 ], [ 109.28634, 13.80278 ], [ 109.28638, 13.80329 ], [ 109.28629, 13.80329 ], [ 109.28628, 13.80347 ], [ 109.28619, 13.80347 ], [ 109.28619, 13.80356 ], [ 109.28619, 13.80365 ], [ 109.2861, 13.80365 ], [ 109.2861, 13.80383 ], [ 109.28564, 13.80387 ], [ 109.28531, 13.80426 ], [ 109.28555, 13.80469 ], [ 109.28562, 13.80545 ], [ 109.28562, 13.80554 ], [ 109.28571, 13.80554 ], [ 109.28571, 13.806 ], [ 109.28571, 13.80609 ], [ 109.2858, 13.80609 ], [ 109.28584, 13.80641 ], [ 109.28594, 13.80685 ], [ 109.28598, 13.80762 ], [ 109.28597, 13.80799 ], [ 109.28607, 13.80799 ], [ 109.28601, 13.80853 ], [ 109.28606, 13.80907 ], [ 109.2861, 13.80927 ], [ 109.28624, 13.80934 ], [ 109.28624, 13.80943 ], [ 109.28633, 13.80943 ], [ 109.28633, 13.80953 ], [ 109.28652, 13.80953 ], [ 109.28671, 13.8098 ], [ 109.28707, 13.80989 ], [ 109.28707, 13.80998 ], [ 109.28716, 13.80998 ], [ 109.28716, 13.81007 ], [ 109.28725, 13.81007 ], [ 109.28725, 13.81016 ], [ 109.28735, 13.81017 ], [ 109.28734, 13.81026 ], [ 109.28744, 13.81026 ], [ 109.28744, 13.81035 ], [ 109.28753, 13.81035 ], [ 109.28753, 13.81044 ], [ 109.28762, 13.81044 ], [ 109.28762, 13.81053 ], [ 109.28771, 13.81053 ], [ 109.28771, 13.81062 ], [ 109.28771, 13.81071 ], [ 109.2878, 13.81071 ], [ 109.2878, 13.81089 ], [ 109.28789, 13.81089 ], [ 109.28789, 13.81098 ], [ 109.28789, 13.81107 ], [ 109.28799, 13.81107 ], [ 109.28799, 13.81116 ], [ 109.28798, 13.81134 ], [ 109.28808, 13.81135 ], [ 109.28808, 13.81153 ], [ 109.28807, 13.81171 ], [ 109.28817, 13.81171 ], [ 109.28816, 13.81198 ], [ 109.28826, 13.81198 ], [ 109.28825, 13.81225 ], [ 109.28835, 13.81225 ], [ 109.28835, 13.81243 ], [ 109.28844, 13.81243 ], [ 109.28844, 13.8127 ], [ 109.28853, 13.8127 ], [ 109.28856, 13.81322 ], [ 109.28881, 13.81419 ], [ 109.28889, 13.81424 ], [ 109.28889, 13.81442 ], [ 109.28889, 13.8146 ], [ 109.28898, 13.81461 ], [ 109.28898, 13.8147 ], [ 109.28898, 13.81488 ], [ 109.28907, 13.81488 ], [ 109.28916, 13.8156 ], [ 109.28915, 13.81578 ], [ 109.28925, 13.81578 ], [ 109.28924, 13.81641 ], [ 109.28912, 13.81664 ], [ 109.28939, 13.81717 ], [ 109.28951, 13.81723 ], [ 109.28951, 13.81741 ], [ 109.2896, 13.81741 ], [ 109.2896, 13.8175 ], [ 109.2897, 13.8175 ], [ 109.28969, 13.81768 ], [ 109.28979, 13.81768 ], [ 109.28979, 13.81777 ], [ 109.28988, 13.81778 ], [ 109.28988, 13.81787 ], [ 109.28988, 13.81796 ], [ 109.28997, 13.81796 ], [ 109.28997, 13.81805 ], [ 109.29006, 13.81805 ], [ 109.29006, 13.81814 ], [ 109.29015, 13.81814 ], [ 109.29015, 13.81823 ], [ 109.29025, 13.81823 ], [ 109.29025, 13.81832 ], [ 109.29034, 13.81832 ], [ 109.29034, 13.81841 ], [ 109.29043, 13.81841 ], [ 109.29043, 13.8185 ], [ 109.29052, 13.8185 ], [ 109.29052, 13.81859 ], [ 109.29061, 13.81859 ], [ 109.29061, 13.81868 ], [ 109.29071, 13.81868 ], [ 109.29078, 13.81883 ], [ 109.29098, 13.81887 ], [ 109.29098, 13.81896 ], [ 109.29107, 13.81896 ], [ 109.29107, 13.81905 ], [ 109.29116, 13.81905 ], [ 109.29116, 13.81914 ], [ 109.29126, 13.81914 ], [ 109.29126, 13.81923 ], [ 109.29135, 13.81923 ], [ 109.29135, 13.81932 ], [ 109.29144, 13.81932 ], [ 109.29144, 13.81941 ], [ 109.29153, 13.81941 ], [ 109.29153, 13.8195 ], [ 109.29162, 13.8195 ], [ 109.29162, 13.81959 ], [ 109.29172, 13.8196 ], [ 109.29181, 13.8196 ], [ 109.29196, 13.81981 ], [ 109.29218, 13.81996 ], [ 109.29217, 13.82014 ], [ 109.29227, 13.82014 ], [ 109.29227, 13.82023 ], [ 109.29236, 13.82023 ], [ 109.29236, 13.82032 ], [ 109.29245, 13.82032 ], [ 109.29245, 13.82041 ], [ 109.29245, 13.8205 ], [ 109.29254, 13.82051 ], [ 109.29254, 13.8206 ], [ 109.29263, 13.8206 ], [ 109.29268, 13.82078 ], [ 109.29304, 13.82101 ], [ 109.29319, 13.82105 ], [ 109.29318, 13.82114 ], [ 109.29337, 13.82114 ], [ 109.29337, 13.82123 ], [ 109.29346, 13.82123 ], [ 109.29355, 13.82124 ], [ 109.29355, 13.82133 ], [ 109.29365, 13.82133 ], [ 109.29364, 13.82142 ], [ 109.29374, 13.82142 ], [ 109.29383, 13.82142 ], [ 109.29383, 13.82151 ], [ 109.29392, 13.82151 ], [ 109.29419, 13.8218 ], [ 109.29498, 13.82195 ], [ 109.29483, 13.82236 ], [ 109.29452, 13.82263 ], [ 109.2945, 13.82291 ], [ 109.29478, 13.82343 ], [ 109.29479, 13.82363 ], [ 109.29456, 13.82375 ], [ 109.29414, 13.82318 ], [ 109.29368, 13.82264 ], [ 109.29334, 13.82212 ], [ 109.29292, 13.82182 ], [ 109.29276, 13.82191 ], [ 109.29236, 13.82217 ], [ 109.29196, 13.82175 ], [ 109.29152, 13.821 ], [ 109.29085, 13.82041 ], [ 109.29, 13.81937 ], [ 109.28931, 13.81916 ], [ 109.28831, 13.81802 ], [ 109.28798, 13.81712 ], [ 109.28804, 13.81634 ], [ 109.28787, 13.81603 ], [ 109.28801, 13.81552 ], [ 109.28792, 13.81437 ], [ 109.28746, 13.81293 ], [ 109.28712, 13.81162 ], [ 109.28659, 13.81116 ], [ 109.28631, 13.81084 ], [ 109.28579, 13.81081 ], [ 109.28535, 13.811 ], [ 109.28532, 13.81145 ], [ 109.28579, 13.81187 ], [ 109.28582, 13.81243 ], [ 109.28565, 13.81262 ], [ 109.28517, 13.81179 ], [ 109.28452, 13.81138 ], [ 109.28475, 13.81058 ], [ 109.28532, 13.81038 ], [ 109.28573, 13.81047 ], [ 109.28609, 13.8106 ], [ 109.28612, 13.81015 ], [ 109.28587, 13.80956 ], [ 109.2857, 13.80865 ], [ 109.28521, 13.80803 ], [ 109.28465, 13.80777 ], [ 109.28446, 13.80743 ], [ 109.28445, 13.80721 ], [ 109.28441, 13.80716 ], [ 109.28441, 13.80698 ], [ 109.28441, 13.80662 ], [ 109.28432, 13.80662 ], [ 109.28439, 13.80627 ], [ 109.28458, 13.8061 ], [ 109.28455, 13.80544 ], [ 109.28479, 13.80445 ], [ 109.28497, 13.80354 ], [ 109.28563, 13.80339 ], [ 109.28578, 13.80299 ], [ 109.28515, 13.80259 ], [ 109.28505, 13.80215 ], [ 109.28483, 13.80176 ], [ 109.28488, 13.80106 ], [ 109.28554, 13.80031 ], [ 109.28551, 13.7996 ], [ 109.28525, 13.79899 ], [ 109.28508, 13.79818 ], [ 109.28562, 13.79755 ], [ 109.28573, 13.797 ], [ 109.28583, 13.79672 ], [ 109.28654, 13.79651 ], [ 109.28694, 13.79583 ], [ 109.28722, 13.79548 ], [ 109.28738, 13.79501 ], [ 109.28873, 13.79455 ], [ 109.28868, 13.79363 ], [ 109.28872, 13.79305 ], [ 109.28863, 13.7926 ], [ 109.28853, 13.79207 ], [ 109.28815, 13.79153 ], [ 109.28833, 13.79056 ], [ 109.28917, 13.78994 ], [ 109.29027, 13.78961 ], [ 109.29062, 13.78909 ], [ 109.29073, 13.78922 ], [ 109.29073, 13.78967 ], [ 109.29064, 13.78967 ], [ 109.29064, 13.78985 ], [ 109.29055, 13.78985 ], [ 109.29054, 13.78994 ], [ 109.29045, 13.78994 ], [ 109.29045, 13.79003 ], [ 109.29036, 13.79003 ], [ 109.29036, 13.79012 ], [ 109.2902, 13.79015 ], [ 109.29008, 13.79021 ], [ 109.28983, 13.79023 ], [ 109.28969, 13.79036 ], [ 109.28952, 13.79039 ], [ 109.28943, 13.79039 ], [ 109.28943, 13.79048 ], [ 109.28934, 13.79047 ], [ 109.28925, 13.79047 ], [ 109.28925, 13.79056 ], [ 109.28915, 13.79056 ], [ 109.28915, 13.79065 ], [ 109.28906, 13.79065 ], [ 109.28906, 13.79074 ], [ 109.28892, 13.79109 ], [ 109.28915, 13.79233 ], [ 109.289, 13.79259 ], [ 109.28891, 13.79287 ], [ 109.28913, 13.79337 ], [ 109.289, 13.79346 ], [ 109.28913, 13.79355 ], [ 109.28901, 13.79379 ], [ 109.28908, 13.79411 ], [ 109.28922, 13.79418 ], [ 109.28935, 13.79454 ], [ 109.28879, 13.79503 ], [ 109.28875, 13.79508 ], [ 109.28813, 13.79541 ], [ 109.2879, 13.79589 ], [ 109.28772, 13.79616 ] ], [ [ 109.28841, 13.81587 ], [ 109.28821, 13.8159 ], [ 109.2881, 13.8161 ], [ 109.28838, 13.81614 ], [ 109.28841, 13.81587 ] ] ], [ [ [ 109.29585, 13.82167 ], [ 109.29609, 13.82202 ], [ 109.29618, 13.8222 ], [ 109.29623, 13.82225 ], [ 109.2961, 13.82252 ], [ 109.29628, 13.82292 ], [ 109.29635, 13.82321 ], [ 109.2965, 13.82352 ], [ 109.2965, 13.82361 ], [ 109.29659, 13.82361 ], [ 109.29659, 13.8237 ], [ 109.29668, 13.8237 ], [ 109.29677, 13.82406 ], [ 109.29628, 13.82427 ], [ 109.29606, 13.82397 ], [ 109.29591, 13.82319 ], [ 109.29578, 13.82277 ], [ 109.29567, 13.8227 ], [ 109.29563, 13.82157 ], [ 109.29585, 13.82167 ] ] ], [ [ [ 109.29639, 13.82744 ], [ 109.29622, 13.82752 ], [ 109.29607, 13.82726 ], [ 109.29629, 13.82722 ], [ 109.29639, 13.82744 ] ] ], [ [ [ 109.29512, 13.82717 ], [ 109.29549, 13.82739 ], [ 109.29558, 13.82771 ], [ 109.29495, 13.82779 ], [ 109.29443, 13.82759 ], [ 109.29449, 13.82721 ], [ 109.29508, 13.82712 ], [ 109.29512, 13.82717 ] ] ], [ [ [ 109.29862, 13.828 ], [ 109.29868, 13.82805 ], [ 109.29874, 13.82829 ], [ 109.29899, 13.82865 ], [ 109.29905, 13.82869 ], [ 109.29905, 13.82905 ], [ 109.2989, 13.829 ], [ 109.29863, 13.8289 ], [ 109.29835, 13.82882 ], [ 109.29777, 13.82834 ], [ 109.29758, 13.82812 ], [ 109.29772, 13.82764 ], [ 109.2977, 13.82734 ], [ 109.2972, 13.82712 ], [ 109.29686, 13.82688 ], [ 109.29664, 13.82639 ], [ 109.29672, 13.8255 ], [ 109.29765, 13.82535 ], [ 109.29792, 13.82518 ], [ 109.29778, 13.82506 ], [ 109.29766, 13.82457 ], [ 109.29802, 13.82465 ], [ 109.29825, 13.82479 ], [ 109.29824, 13.82488 ], [ 109.29834, 13.82488 ], [ 109.29833, 13.82516 ], [ 109.29826, 13.82526 ], [ 109.29796, 13.82533 ], [ 109.29787, 13.82533 ], [ 109.29787, 13.82542 ], [ 109.29784, 13.82548 ], [ 109.29759, 13.8256 ], [ 109.2975, 13.8256 ], [ 109.2975, 13.82569 ], [ 109.29737, 13.82578 ], [ 109.2975, 13.82587 ], [ 109.2975, 13.82605 ], [ 109.2975, 13.82614 ], [ 109.29759, 13.82614 ], [ 109.29759, 13.82623 ], [ 109.29759, 13.82632 ], [ 109.29768, 13.82633 ], [ 109.29768, 13.82642 ], [ 109.29777, 13.82642 ], [ 109.29808, 13.82657 ], [ 109.29814, 13.82669 ], [ 109.29814, 13.82678 ], [ 109.29823, 13.82678 ], [ 109.29838, 13.82675 ], [ 109.2986, 13.8266 ], [ 109.29868, 13.82693 ], [ 109.29888, 13.82706 ], [ 109.29884, 13.82729 ], [ 109.29878, 13.82751 ], [ 109.29848, 13.82738 ], [ 109.29862, 13.828 ] ] ], [ [ [ 109.29675, 13.82916 ], [ 109.29622, 13.82925 ], [ 109.29584, 13.8295 ], [ 109.29539, 13.82953 ], [ 109.29593, 13.8289 ], [ 109.29664, 13.82885 ], [ 109.29675, 13.82916 ] ] ], [ [ [ 109.28965, 13.82938 ], [ 109.28938, 13.82974 ], [ 109.28929, 13.82923 ], [ 109.28952, 13.82907 ], [ 109.28965, 13.82938 ] ] ], [ [ [ 109.29512, 13.8297 ], [ 109.29485, 13.83011 ], [ 109.29431, 13.83023 ], [ 109.2941, 13.82987 ], [ 109.29439, 13.82951 ], [ 109.29516, 13.82947 ], [ 109.29512, 13.8297 ] ] ], [ [ [ 109.28809, 13.82766 ], [ 109.28824, 13.82806 ], [ 109.28815, 13.82908 ], [ 109.28826, 13.82947 ], [ 109.28859, 13.8302 ], [ 109.28814, 13.83076 ], [ 109.28792, 13.83122 ], [ 109.28772, 13.83145 ], [ 109.28752, 13.83115 ], [ 109.28743, 13.83043 ], [ 109.28715, 13.82993 ], [ 109.28734, 13.82908 ], [ 109.28726, 13.82835 ], [ 109.28674, 13.8279 ], [ 109.28662, 13.82738 ], [ 109.28627, 13.82659 ], [ 109.28617, 13.82602 ], [ 109.2859, 13.82539 ], [ 109.28588, 13.82501 ], [ 109.2867, 13.82546 ], [ 109.28648, 13.82486 ], [ 109.28668, 13.8248 ], [ 109.28682, 13.82503 ], [ 109.28695, 13.82546 ], [ 109.28735, 13.8258 ], [ 109.28753, 13.82619 ], [ 109.28795, 13.82669 ], [ 109.28809, 13.82766 ] ], [ [ 109.28705, 13.82676 ], [ 109.28722, 13.82738 ], [ 109.28762, 13.82725 ], [ 109.28767, 13.82693 ], [ 109.28745, 13.82676 ], [ 109.28741, 13.82671 ], [ 109.28705, 13.82676 ] ] ], [ [ [ 109.29175, 13.83155 ], [ 109.29137, 13.83204 ], [ 109.29115, 13.832 ], [ 109.29136, 13.83133 ], [ 109.29163, 13.83125 ], [ 109.29175, 13.83155 ] ] ], [ [ [ 109.298, 13.83247 ], [ 109.29791, 13.83247 ], [ 109.29791, 13.83238 ], [ 109.29782, 13.83238 ], [ 109.29778, 13.83233 ], [ 109.29739, 13.83217 ], [ 109.29715, 13.83187 ], [ 109.29705, 13.83126 ], [ 109.29732, 13.83059 ], [ 109.29742, 13.82989 ], [ 109.29757, 13.829 ], [ 109.29733, 13.8289 ], [ 109.29725, 13.82868 ], [ 109.29751, 13.82849 ], [ 109.29777, 13.82881 ], [ 109.29817, 13.8289 ], [ 109.29851, 13.82903 ], [ 109.29871, 13.82933 ], [ 109.29844, 13.82944 ], [ 109.2984, 13.82949 ], [ 109.29812, 13.82949 ], [ 109.29803, 13.82949 ], [ 109.29803, 13.82958 ], [ 109.29802, 13.82985 ], [ 109.29796, 13.82997 ], [ 109.29793, 13.83039 ], [ 109.29788, 13.83053 ], [ 109.29763, 13.83097 ], [ 109.29779, 13.83125 ], [ 109.2976, 13.83158 ], [ 109.29801, 13.83166 ], [ 109.29801, 13.83184 ], [ 109.2981, 13.83184 ], [ 109.29805, 13.83215 ], [ 109.298, 13.83247 ] ] ], [ [ [ 109.28342, 13.83258 ], [ 109.28353, 13.83287 ], [ 109.28361, 13.83379 ], [ 109.2832, 13.83377 ], [ 109.28297, 13.83292 ], [ 109.28325, 13.83217 ], [ 109.28348, 13.8321 ], [ 109.28342, 13.83258 ] ] ], [ [ [ 109.28538, 13.83369 ], [ 109.28555, 13.83404 ], [ 109.2848, 13.83386 ], [ 109.28464, 13.83335 ], [ 109.28505, 13.83329 ], [ 109.28538, 13.83369 ] ] ], [ [ [ 109.29009, 13.83479 ], [ 109.29001, 13.83471 ], [ 109.29013, 13.83468 ], [ 109.29009, 13.83479 ] ] ], [ [ [ 109.28922, 13.83498 ], [ 109.28888, 13.83465 ], [ 109.28911, 13.83449 ], [ 109.28922, 13.83498 ] ] ], [ [ [ 109.29326, 13.83551 ], [ 109.29315, 13.83572 ], [ 109.29305, 13.83556 ], [ 109.29326, 13.83551 ] ] ], [ [ [ 109.28947, 13.83567 ], [ 109.28943, 13.83587 ], [ 109.28935, 13.83572 ], [ 109.28947, 13.83567 ] ] ], [ [ [ 109.29239, 13.83628 ], [ 109.29206, 13.83636 ], [ 109.29215, 13.83575 ], [ 109.29234, 13.8356 ], [ 109.29265, 13.83598 ], [ 109.29307, 13.83575 ], [ 109.29301, 13.83622 ], [ 109.2926, 13.83616 ], [ 109.29239, 13.83628 ] ] ], [ [ [ 109.286, 13.83865 ], [ 109.28591, 13.83857 ], [ 109.28603, 13.83854 ], [ 109.286, 13.83865 ] ] ], [ [ [ 109.28947, 13.83567 ], [ 109.28985, 13.835 ], [ 109.29008, 13.83499 ], [ 109.29025, 13.835 ], [ 109.29071, 13.83459 ], [ 109.29082, 13.83428 ], [ 109.29098, 13.83307 ], [ 109.29138, 13.83266 ], [ 109.29151, 13.83276 ], [ 109.29138, 13.83464 ], [ 109.29119, 13.83491 ], [ 109.291, 13.83518 ], [ 109.29066, 13.83562 ], [ 109.29127, 13.83577 ], [ 109.29128, 13.83606 ], [ 109.29099, 13.83728 ], [ 109.29107, 13.83781 ], [ 109.29112, 13.83785 ], [ 109.29112, 13.83803 ], [ 109.29121, 13.83803 ], [ 109.29121, 13.83812 ], [ 109.2913, 13.83812 ], [ 109.29125, 13.83874 ], [ 109.29083, 13.83859 ], [ 109.29046, 13.83817 ], [ 109.29027, 13.83774 ], [ 109.29049, 13.83699 ], [ 109.29062, 13.83643 ], [ 109.29097, 13.83614 ], [ 109.29087, 13.83591 ], [ 109.29037, 13.83618 ], [ 109.29022, 13.83616 ], [ 109.28983, 13.83572 ], [ 109.28947, 13.83567 ] ] ], [ [ [ 109.28516, 13.83886 ], [ 109.2848, 13.83893 ], [ 109.28496, 13.83823 ], [ 109.2852, 13.83817 ], [ 109.28516, 13.83886 ] ] ], [ [ [ 109.28597, 13.83949 ], [ 109.28607, 13.83975 ], [ 109.28615, 13.84011 ], [ 109.2854, 13.84119 ], [ 109.28513, 13.84166 ], [ 109.28498, 13.84176 ], [ 109.28481, 13.84172 ], [ 109.28495, 13.84129 ], [ 109.28503, 13.84056 ], [ 109.28516, 13.84026 ], [ 109.28513, 13.84011 ], [ 109.28516, 13.83996 ], [ 109.28544, 13.83978 ], [ 109.28571, 13.8394 ], [ 109.28593, 13.83935 ], [ 109.28597, 13.83949 ] ] ], [ [ [ 109.29, 13.84233 ], [ 109.28986, 13.84285 ], [ 109.28928, 13.84273 ], [ 109.28953, 13.84208 ], [ 109.28979, 13.842 ], [ 109.29, 13.84233 ] ] ], [ [ [ 109.29029, 13.84333 ], [ 109.29003, 13.84358 ], [ 109.28993, 13.84317 ], [ 109.29016, 13.84299 ], [ 109.29029, 13.84333 ] ] ], [ [ [ 109.29645, 13.84348 ], [ 109.29638, 13.84393 ], [ 109.29603, 13.84406 ], [ 109.29615, 13.84327 ], [ 109.29635, 13.84322 ], [ 109.29645, 13.84348 ] ] ], [ [ [ 109.28984, 13.84386 ], [ 109.28969, 13.84402 ], [ 109.28956, 13.84367 ], [ 109.28988, 13.84363 ], [ 109.28984, 13.84386 ] ] ], [ [ [ 109.28492, 13.84452 ], [ 109.28475, 13.84443 ], [ 109.28497, 13.84431 ], [ 109.28492, 13.84452 ] ] ], [ [ [ 109.29708, 13.84494 ], [ 109.29717, 13.84494 ], [ 109.29717, 13.84503 ], [ 109.29708, 13.84503 ], [ 109.29708, 13.84494 ] ] ], [ [ [ 109.28327, 13.845 ], [ 109.28299, 13.84524 ], [ 109.28289, 13.84492 ], [ 109.28321, 13.84484 ], [ 109.28327, 13.845 ] ] ], [ [ [ 109.29296, 13.84541 ], [ 109.29313, 13.84556 ], [ 109.293, 13.84577 ], [ 109.29278, 13.84548 ], [ 109.29292, 13.84536 ], [ 109.29296, 13.84541 ] ] ], [ [ [ 109.27801, 13.84652 ], [ 109.27742, 13.84681 ], [ 109.27733, 13.84663 ], [ 109.27792, 13.84634 ], [ 109.27801, 13.84652 ] ] ], [ [ [ 109.28047, 13.84649 ], [ 109.28045, 13.84665 ], [ 109.27986, 13.84694 ], [ 109.27994, 13.84644 ], [ 109.28042, 13.84636 ], [ 109.28047, 13.84649 ] ] ], [ [ [ 109.29708, 13.84494 ], [ 109.29678, 13.84499 ], [ 109.29662, 13.84521 ], [ 109.29652, 13.84521 ], [ 109.29652, 13.8453 ], [ 109.29643, 13.8453 ], [ 109.29643, 13.84539 ], [ 109.29634, 13.84539 ], [ 109.29634, 13.84548 ], [ 109.29624, 13.84548 ], [ 109.29624, 13.84557 ], [ 109.29624, 13.84566 ], [ 109.29615, 13.84566 ], [ 109.29615, 13.84575 ], [ 109.29606, 13.84575 ], [ 109.29606, 13.84584 ], [ 109.29596, 13.84584 ], [ 109.29596, 13.84593 ], [ 109.29596, 13.84602 ], [ 109.29587, 13.84602 ], [ 109.29587, 13.84611 ], [ 109.29582, 13.84614 ], [ 109.29563, 13.8464 ], [ 109.29559, 13.84656 ], [ 109.2955, 13.84656 ], [ 109.2955, 13.84665 ], [ 109.2954, 13.84665 ], [ 109.2954, 13.84674 ], [ 109.29496, 13.84705 ], [ 109.29489, 13.84676 ], [ 109.29493, 13.84615 ], [ 109.29476, 13.84614 ], [ 109.29409, 13.84659 ], [ 109.294, 13.8463 ], [ 109.29436, 13.84591 ], [ 109.29462, 13.84578 ], [ 109.29506, 13.84565 ], [ 109.29528, 13.84516 ], [ 109.29543, 13.84469 ], [ 109.29632, 13.84475 ], [ 109.29667, 13.84453 ], [ 109.29676, 13.84444 ], [ 109.29692, 13.8443 ], [ 109.29771, 13.8434 ], [ 109.29824, 13.84294 ], [ 109.29796, 13.84223 ], [ 109.29772, 13.84179 ], [ 109.29799, 13.84156 ], [ 109.29742, 13.84089 ], [ 109.29705, 13.83957 ], [ 109.2968, 13.8392 ], [ 109.29661, 13.83891 ], [ 109.2959, 13.83895 ], [ 109.29565, 13.83859 ], [ 109.29542, 13.8381 ], [ 109.29492, 13.83742 ], [ 109.29463, 13.83679 ], [ 109.29371, 13.8356 ], [ 109.29326, 13.83551 ], [ 109.29331, 13.83547 ], [ 109.29343, 13.83536 ], [ 109.29339, 13.8343 ], [ 109.29411, 13.83484 ], [ 109.29424, 13.83466 ], [ 109.29444, 13.83426 ], [ 109.29495, 13.83381 ], [ 109.29541, 13.83333 ], [ 109.296, 13.83364 ], [ 109.29675, 13.83351 ], [ 109.29738, 13.83279 ], [ 109.29794, 13.83266 ], [ 109.298, 13.83247 ], [ 109.29813, 13.83258 ], [ 109.29795, 13.83288 ], [ 109.29791, 13.83338 ], [ 109.29781, 13.83338 ], [ 109.29758, 13.83342 ], [ 109.29744, 13.83369 ], [ 109.29697, 13.83399 ], [ 109.29591, 13.83513 ], [ 109.29586, 13.83616 ], [ 109.29618, 13.8366 ], [ 109.29631, 13.83671 ], [ 109.29631, 13.8368 ], [ 109.2964, 13.8368 ], [ 109.2964, 13.83689 ], [ 109.29649, 13.83689 ], [ 109.29649, 13.83698 ], [ 109.29658, 13.83698 ], [ 109.29685, 13.83716 ], [ 109.29705, 13.83708 ], [ 109.29711, 13.8372 ], [ 109.29723, 13.83726 ], [ 109.29723, 13.83735 ], [ 109.29741, 13.83735 ], [ 109.29746, 13.83784 ], [ 109.29778, 13.8379 ], [ 109.29778, 13.83799 ], [ 109.29787, 13.83799 ], [ 109.29773, 13.83837 ], [ 109.29809, 13.83885 ], [ 109.29824, 13.83889 ], [ 109.29823, 13.83916 ], [ 109.29793, 13.83924 ], [ 109.29813, 13.83975 ], [ 109.29794, 13.84023 ], [ 109.29814, 13.84073 ], [ 109.2985, 13.84079 ], [ 109.2985, 13.84088 ], [ 109.29836, 13.84124 ], [ 109.29868, 13.84152 ], [ 109.29861, 13.84165 ], [ 109.29828, 13.84174 ], [ 109.29833, 13.84248 ], [ 109.29839, 13.84251 ], [ 109.29826, 13.84283 ], [ 109.29839, 13.84314 ], [ 109.29833, 13.84318 ], [ 109.29811, 13.8435 ], [ 109.29802, 13.8435 ], [ 109.29792, 13.8435 ], [ 109.29792, 13.84359 ], [ 109.29792, 13.84368 ], [ 109.29783, 13.84368 ], [ 109.29783, 13.84377 ], [ 109.29783, 13.84386 ], [ 109.29774, 13.84386 ], [ 109.29774, 13.84395 ], [ 109.29767, 13.84407 ], [ 109.29764, 13.84422 ], [ 109.29755, 13.84422 ], [ 109.29755, 13.84431 ], [ 109.29746, 13.84431 ], [ 109.29745, 13.8444 ], [ 109.29745, 13.84458 ], [ 109.29723, 13.84473 ], [ 109.29708, 13.84494 ] ] ], [ [ [ 109.29314, 13.84641 ], [ 109.29375, 13.84656 ], [ 109.29387, 13.84698 ], [ 109.29342, 13.84713 ], [ 109.29268, 13.84644 ], [ 109.29309, 13.84636 ], [ 109.29314, 13.84641 ] ] ], [ [ [ 109.29124, 13.84725 ], [ 109.29099, 13.84713 ], [ 109.29093, 13.84684 ], [ 109.2912, 13.84677 ], [ 109.29124, 13.84725 ] ] ], [ [ [ 109.29031, 13.84602 ], [ 109.28964, 13.84612 ], [ 109.28935, 13.84656 ], [ 109.28915, 13.84682 ], [ 109.28899, 13.84736 ], [ 109.28868, 13.84739 ], [ 109.2883, 13.84651 ], [ 109.2885, 13.84566 ], [ 109.28879, 13.84563 ], [ 109.28895, 13.84583 ], [ 109.28947, 13.84588 ], [ 109.29014, 13.84539 ], [ 109.29006, 13.84458 ], [ 109.29033, 13.84453 ], [ 109.29053, 13.84497 ], [ 109.2906, 13.84569 ], [ 109.29031, 13.84602 ] ] ], [ [ [ 109.27685, 13.84745 ], [ 109.27659, 13.84754 ], [ 109.27668, 13.84729 ], [ 109.2769, 13.84724 ], [ 109.27685, 13.84745 ] ] ], [ [ [ 109.2941, 13.84772 ], [ 109.29382, 13.8479 ], [ 109.29371, 13.84767 ], [ 109.29404, 13.8476 ], [ 109.2941, 13.84772 ] ] ], [ [ [ 109.28914, 13.84845 ], [ 109.2887, 13.84854 ], [ 109.2886, 13.84824 ], [ 109.28901, 13.84814 ], [ 109.28914, 13.84845 ] ] ], [ [ [ 109.28074, 13.84883 ], [ 109.28065, 13.84867 ], [ 109.28077, 13.84862 ], [ 109.28074, 13.84883 ] ] ], [ [ [ 109.29124, 13.84725 ], [ 109.29174, 13.84754 ], [ 109.2918, 13.84838 ], [ 109.29118, 13.84847 ], [ 109.29091, 13.84861 ], [ 109.29052, 13.84878 ], [ 109.29008, 13.84945 ], [ 109.28989, 13.84931 ], [ 109.28985, 13.84878 ], [ 109.29001, 13.84827 ], [ 109.29058, 13.84832 ], [ 109.29114, 13.84785 ], [ 109.29119, 13.8473 ], [ 109.29124, 13.84725 ] ] ], [ [ [ 109.28749, 13.84927 ], [ 109.28759, 13.85004 ], [ 109.2872, 13.85015 ], [ 109.28704, 13.84903 ], [ 109.28794, 13.84795 ], [ 109.28775, 13.84762 ], [ 109.28778, 13.8474 ], [ 109.288, 13.84723 ], [ 109.28816, 13.84748 ], [ 109.28812, 13.8478 ], [ 109.28828, 13.84822 ], [ 109.28806, 13.84878 ], [ 109.28816, 13.84961 ], [ 109.288, 13.84971 ], [ 109.2878, 13.84924 ], [ 109.28749, 13.84927 ] ] ], [ [ [ 109.28618, 13.84925 ], [ 109.2863, 13.84984 ], [ 109.28574, 13.85018 ], [ 109.28552, 13.85043 ], [ 109.28533, 13.85041 ], [ 109.28516, 13.85006 ], [ 109.28588, 13.84925 ], [ 109.28613, 13.8492 ], [ 109.28618, 13.84925 ] ] ], [ [ [ 109.28089, 13.85064 ], [ 109.28054, 13.85092 ], [ 109.28044, 13.85055 ], [ 109.28076, 13.85034 ], [ 109.28089, 13.85064 ] ] ], [ [ [ 109.27564, 13.8489 ], [ 109.27563, 13.8491 ], [ 109.27479, 13.84961 ], [ 109.27446, 13.84997 ], [ 109.27433, 13.85089 ], [ 109.27413, 13.85088 ], [ 109.27376, 13.8503 ], [ 109.27379, 13.84981 ], [ 109.2747, 13.84882 ], [ 109.27559, 13.84877 ], [ 109.27564, 13.8489 ] ] ], [ [ [ 109.28497, 13.85129 ], [ 109.28478, 13.85139 ], [ 109.2847, 13.85113 ], [ 109.28501, 13.85109 ], [ 109.28497, 13.85129 ] ] ], [ [ [ 109.28568, 13.8519 ], [ 109.28514, 13.85213 ], [ 109.28492, 13.85225 ], [ 109.28477, 13.85262 ], [ 109.28498, 13.85299 ], [ 109.28493, 13.85353 ], [ 109.28457, 13.85383 ], [ 109.28446, 13.85431 ], [ 109.28427, 13.85429 ], [ 109.28431, 13.85385 ], [ 109.28428, 13.85348 ], [ 109.28437, 13.85249 ], [ 109.28452, 13.85196 ], [ 109.28504, 13.85181 ], [ 109.28517, 13.85142 ], [ 109.28556, 13.85137 ], [ 109.28568, 13.8519 ] ] ], [ [ [ 109.27965, 13.85392 ], [ 109.27969, 13.85455 ], [ 109.27944, 13.85442 ], [ 109.2793, 13.85378 ], [ 109.27952, 13.85341 ], [ 109.27948, 13.85268 ], [ 109.27951, 13.85228 ], [ 109.28027, 13.85182 ], [ 109.2805, 13.85157 ], [ 109.28099, 13.85129 ], [ 109.28112, 13.85115 ], [ 109.2814, 13.85058 ], [ 109.28133, 13.84939 ], [ 109.28147, 13.84902 ], [ 109.28192, 13.84882 ], [ 109.28209, 13.84813 ], [ 109.28174, 13.8475 ], [ 109.28129, 13.84696 ], [ 109.28118, 13.84621 ], [ 109.28084, 13.84605 ], [ 109.28052, 13.84583 ], [ 109.28038, 13.84545 ], [ 109.28066, 13.84533 ], [ 109.28086, 13.84522 ], [ 109.28083, 13.84479 ], [ 109.28113, 13.84426 ], [ 109.28122, 13.8437 ], [ 109.28135, 13.84347 ], [ 109.28196, 13.84294 ], [ 109.28208, 13.84183 ], [ 109.28201, 13.84059 ], [ 109.28253, 13.83986 ], [ 109.28264, 13.8391 ], [ 109.28286, 13.83854 ], [ 109.28343, 13.83819 ], [ 109.28325, 13.8377 ], [ 109.28371, 13.837 ], [ 109.28354, 13.83655 ], [ 109.28378, 13.83622 ], [ 109.28391, 13.83545 ], [ 109.28457, 13.83532 ], [ 109.28451, 13.83618 ], [ 109.28484, 13.83665 ], [ 109.28433, 13.83676 ], [ 109.28404, 13.83686 ], [ 109.28405, 13.83706 ], [ 109.2847, 13.83722 ], [ 109.28437, 13.83763 ], [ 109.28356, 13.83808 ], [ 109.2836, 13.83879 ], [ 109.28378, 13.83947 ], [ 109.28333, 13.84018 ], [ 109.28319, 13.84049 ], [ 109.28364, 13.84088 ], [ 109.28402, 13.84046 ], [ 109.28416, 13.84038 ], [ 109.28441, 13.84077 ], [ 109.28436, 13.84151 ], [ 109.28452, 13.8418 ], [ 109.2841, 13.84216 ], [ 109.28414, 13.8429 ], [ 109.28393, 13.84346 ], [ 109.28319, 13.84341 ], [ 109.28307, 13.84253 ], [ 109.28282, 13.84254 ], [ 109.28271, 13.84398 ], [ 109.28268, 13.84407 ], [ 109.28235, 13.84371 ], [ 109.28207, 13.84362 ], [ 109.28194, 13.84454 ], [ 109.28145, 13.84476 ], [ 109.2812, 13.84538 ], [ 109.28122, 13.84582 ], [ 109.28142, 13.84596 ], [ 109.28183, 13.84575 ], [ 109.282, 13.84593 ], [ 109.28183, 13.847 ], [ 109.28192, 13.84723 ], [ 109.2828, 13.84649 ], [ 109.28311, 13.84584 ], [ 109.28396, 13.84553 ], [ 109.2841, 13.84509 ], [ 109.28451, 13.84499 ], [ 109.28463, 13.84526 ], [ 109.28473, 13.84535 ], [ 109.28482, 13.84576 ], [ 109.28435, 13.84634 ], [ 109.28426, 13.84647 ], [ 109.28468, 13.84673 ], [ 109.28418, 13.84742 ], [ 109.28402, 13.84792 ], [ 109.28388, 13.84804 ], [ 109.28376, 13.8483 ], [ 109.28355, 13.84915 ], [ 109.2834, 13.85032 ], [ 109.28329, 13.8507 ], [ 109.28278, 13.85066 ], [ 109.28262, 13.85031 ], [ 109.28248, 13.84985 ], [ 109.28238, 13.84957 ], [ 109.282, 13.84958 ], [ 109.28202, 13.84999 ], [ 109.28249, 13.8506 ], [ 109.28246, 13.85112 ], [ 109.28247, 13.85143 ], [ 109.28207, 13.85129 ], [ 109.2818, 13.8513 ], [ 109.28149, 13.85195 ], [ 109.28168, 13.85266 ], [ 109.28096, 13.85329 ], [ 109.2806, 13.85326 ], [ 109.28041, 13.85374 ], [ 109.28005, 13.85371 ], [ 109.27965, 13.85392 ] ], [ [ 109.27987, 13.85254 ], [ 109.28002, 13.85289 ], [ 109.28049, 13.85308 ], [ 109.28058, 13.85246 ], [ 109.28038, 13.85215 ], [ 109.27987, 13.85254 ] ], [ [ 109.28349, 13.84132 ], [ 109.28328, 13.84171 ], [ 109.28351, 13.842 ], [ 109.2841, 13.84155 ], [ 109.28379, 13.84105 ], [ 109.28349, 13.84132 ] ] ], [ [ [ 109.27292, 13.85341 ], [ 109.27294, 13.8536 ], [ 109.2732, 13.85427 ], [ 109.27351, 13.85479 ], [ 109.27338, 13.85503 ], [ 109.27271, 13.8545 ], [ 109.27247, 13.8542 ], [ 109.27258, 13.85344 ], [ 109.27288, 13.85336 ], [ 109.27292, 13.85341 ] ] ], [ [ [ 109.28152, 13.85561 ], [ 109.28144, 13.85546 ], [ 109.28156, 13.85541 ], [ 109.28152, 13.85561 ] ] ], [ [ [ 109.2855, 13.85577 ], [ 109.28519, 13.85601 ], [ 109.28477, 13.85651 ], [ 109.28431, 13.85645 ], [ 109.28419, 13.85593 ], [ 109.28438, 13.8553 ], [ 109.28447, 13.85493 ], [ 109.28462, 13.85476 ], [ 109.28493, 13.85494 ], [ 109.28526, 13.85502 ], [ 109.2854, 13.85457 ], [ 109.28567, 13.8544 ], [ 109.28577, 13.8549 ], [ 109.286, 13.85503 ], [ 109.28593, 13.85442 ], [ 109.28647, 13.85372 ], [ 109.28747, 13.85358 ], [ 109.2874, 13.85298 ], [ 109.28792, 13.85268 ], [ 109.28837, 13.85206 ], [ 109.28872, 13.85165 ], [ 109.28917, 13.85157 ], [ 109.28913, 13.8518 ], [ 109.28897, 13.8522 ], [ 109.28855, 13.8527 ], [ 109.28893, 13.85281 ], [ 109.28901, 13.85351 ], [ 109.28855, 13.85378 ], [ 109.28794, 13.85429 ], [ 109.28723, 13.8542 ], [ 109.28689, 13.85461 ], [ 109.28676, 13.85517 ], [ 109.28654, 13.85534 ], [ 109.28592, 13.85526 ], [ 109.2855, 13.85577 ] ], [ [ 109.28792, 13.85299 ], [ 109.28801, 13.85341 ], [ 109.28828, 13.85317 ], [ 109.28833, 13.85292 ], [ 109.28792, 13.85299 ] ] ], [ [ [ 109.28142, 13.85612 ], [ 109.28123, 13.85662 ], [ 109.28097, 13.85622 ], [ 109.28106, 13.85589 ], [ 109.28146, 13.85568 ], [ 109.28142, 13.85612 ] ] ], [ [ [ 109.29323, 13.857 ], [ 109.29299, 13.85731 ], [ 109.29274, 13.85721 ], [ 109.29291, 13.85686 ], [ 109.29311, 13.85675 ], [ 109.29323, 13.857 ] ] ], [ [ [ 109.2908, 13.86058 ], [ 109.2905, 13.86075 ], [ 109.29036, 13.86035 ], [ 109.29068, 13.86026 ], [ 109.2908, 13.86058 ] ] ], [ [ [ 109.29307, 13.86172 ], [ 109.29303, 13.8614 ], [ 109.29285, 13.86108 ], [ 109.29276, 13.86068 ], [ 109.29266, 13.86032 ], [ 109.29269, 13.86008 ], [ 109.29249, 13.85955 ], [ 109.29268, 13.85888 ], [ 109.29301, 13.8587 ], [ 109.29314, 13.85888 ], [ 109.2931, 13.85942 ], [ 109.29332, 13.85928 ], [ 109.29342, 13.85833 ], [ 109.29352, 13.85762 ], [ 109.29361, 13.85689 ], [ 109.29398, 13.85667 ], [ 109.29402, 13.85621 ], [ 109.29383, 13.85599 ], [ 109.29335, 13.85633 ], [ 109.29343, 13.85617 ], [ 109.29371, 13.85578 ], [ 109.29358, 13.85525 ], [ 109.29303, 13.85529 ], [ 109.29173, 13.85518 ], [ 109.29155, 13.85576 ], [ 109.29125, 13.85641 ], [ 109.29085, 13.85644 ], [ 109.29045, 13.85641 ], [ 109.28968, 13.85673 ], [ 109.28909, 13.85709 ], [ 109.2886, 13.85764 ], [ 109.28776, 13.85793 ], [ 109.28747, 13.85784 ], [ 109.28718, 13.85751 ], [ 109.28668, 13.85747 ], [ 109.28636, 13.85769 ], [ 109.28504, 13.85754 ], [ 109.28486, 13.85705 ], [ 109.2851, 13.85692 ], [ 109.28539, 13.85684 ], [ 109.2864, 13.85639 ], [ 109.2868, 13.85637 ], [ 109.28748, 13.85685 ], [ 109.28828, 13.85664 ], [ 109.28848, 13.85601 ], [ 109.28908, 13.85576 ], [ 109.2899, 13.85526 ], [ 109.29068, 13.85509 ], [ 109.291, 13.85496 ], [ 109.29128, 13.85453 ], [ 109.29213, 13.85438 ], [ 109.29229, 13.85374 ], [ 109.29317, 13.85382 ], [ 109.29322, 13.85386 ], [ 109.29322, 13.85395 ], [ 109.29332, 13.85395 ], [ 109.29331, 13.85404 ], [ 109.29341, 13.85404 ], [ 109.29359, 13.85405 ], [ 109.29359, 13.85414 ], [ 109.29368, 13.85414 ], [ 109.29396, 13.85414 ], [ 109.29396, 13.85423 ], [ 109.29424, 13.85423 ], [ 109.29433, 13.85423 ], [ 109.29418, 13.85445 ], [ 109.2941, 13.85489 ], [ 109.29433, 13.85524 ], [ 109.29473, 13.85515 ], [ 109.29479, 13.85523 ], [ 109.29467, 13.85527 ], [ 109.29479, 13.85532 ], [ 109.29474, 13.85546 ], [ 109.29451, 13.85597 ], [ 109.29481, 13.85621 ], [ 109.29454, 13.85642 ], [ 109.29446, 13.8569 ], [ 109.2942, 13.85747 ], [ 109.29428, 13.85813 ], [ 109.29458, 13.85875 ], [ 109.29448, 13.85875 ], [ 109.29448, 13.85893 ], [ 109.29439, 13.85893 ], [ 109.29439, 13.85902 ], [ 109.29439, 13.85911 ], [ 109.2943, 13.85911 ], [ 109.29429, 13.8592 ], [ 109.2942, 13.8592 ], [ 109.2942, 13.85929 ], [ 109.29415, 13.85947 ], [ 109.29378, 13.85972 ], [ 109.29373, 13.86001 ], [ 109.29364, 13.86001 ], [ 109.29364, 13.8601 ], [ 109.29358, 13.86029 ], [ 109.29332, 13.86073 ], [ 109.2936, 13.86096 ], [ 109.2934, 13.86112 ], [ 109.2933, 13.86154 ], [ 109.29307, 13.86172 ] ] ], [ [ [ 109.29108, 13.86104 ], [ 109.29119, 13.86112 ], [ 109.29143, 13.86143 ], [ 109.29135, 13.86195 ], [ 109.29101, 13.86211 ], [ 109.29085, 13.86113 ], [ 109.29104, 13.86099 ], [ 109.29108, 13.86104 ] ] ], [ [ [ 109.28567, 13.86184 ], [ 109.28561, 13.86245 ], [ 109.28528, 13.86262 ], [ 109.28517, 13.86146 ], [ 109.2854, 13.8614 ], [ 109.28567, 13.86184 ] ] ], [ [ [ 109.28539, 13.86305 ], [ 109.28532, 13.86348 ], [ 109.28541, 13.86411 ], [ 109.28495, 13.86445 ], [ 109.28474, 13.86395 ], [ 109.28492, 13.86351 ], [ 109.28486, 13.86307 ], [ 109.2849, 13.8628 ], [ 109.2852, 13.86275 ], [ 109.28539, 13.86305 ] ] ], [ [ [ 109.28207, 13.86465 ], [ 109.2818, 13.86485 ], [ 109.28145, 13.86489 ], [ 109.28177, 13.86437 ], [ 109.28214, 13.86427 ], [ 109.28207, 13.86465 ] ] ], [ [ [ 109.28515, 13.86503 ], [ 109.28507, 13.86495 ], [ 109.28519, 13.86492 ], [ 109.28515, 13.86503 ] ] ], [ [ [ 109.28762, 13.86645 ], [ 109.28733, 13.86642 ], [ 109.28737, 13.86599 ], [ 109.28768, 13.86594 ], [ 109.28762, 13.86645 ] ] ], [ [ [ 109.286, 13.86566 ], [ 109.28595, 13.86603 ], [ 109.28577, 13.86632 ], [ 109.28568, 13.86653 ], [ 109.28545, 13.8665 ], [ 109.28551, 13.86606 ], [ 109.28542, 13.86536 ], [ 109.28583, 13.86529 ], [ 109.286, 13.86566 ] ] ], [ [ [ 109.28713, 13.86713 ], [ 109.28692, 13.86723 ], [ 109.28674, 13.86696 ], [ 109.28693, 13.86683 ], [ 109.28713, 13.86713 ] ] ], [ [ [ 109.28752, 13.86822 ], [ 109.28735, 13.86797 ], [ 109.28757, 13.86792 ], [ 109.28752, 13.86822 ] ] ], [ [ [ 109.28659, 13.86833 ], [ 109.28637, 13.86831 ], [ 109.28613, 13.86803 ], [ 109.28615, 13.86779 ], [ 109.28646, 13.86773 ], [ 109.28659, 13.86833 ] ] ], [ [ [ 109.28338, 13.86577 ], [ 109.28381, 13.86619 ], [ 109.28402, 13.8665 ], [ 109.28436, 13.867 ], [ 109.28463, 13.86842 ], [ 109.28439, 13.86867 ], [ 109.28427, 13.86792 ], [ 109.28391, 13.86758 ], [ 109.28344, 13.86614 ], [ 109.28209, 13.86603 ], [ 109.28264, 13.86586 ], [ 109.28291, 13.86577 ], [ 109.28333, 13.86572 ], [ 109.28338, 13.86577 ] ] ], [ [ [ 109.29307, 13.86172 ], [ 109.29321, 13.86222 ], [ 109.29325, 13.86263 ], [ 109.29316, 13.86263 ], [ 109.29316, 13.86272 ], [ 109.2932, 13.86352 ], [ 109.29343, 13.86372 ], [ 109.29343, 13.86381 ], [ 109.29352, 13.86381 ], [ 109.29352, 13.86399 ], [ 109.2934, 13.86403 ], [ 109.29352, 13.86408 ], [ 109.29348, 13.86459 ], [ 109.29342, 13.86471 ], [ 109.29333, 13.86471 ], [ 109.29333, 13.8648 ], [ 109.29324, 13.8648 ], [ 109.29314, 13.8648 ], [ 109.29314, 13.86489 ], [ 109.29308, 13.86501 ], [ 109.29305, 13.86534 ], [ 109.29305, 13.86543 ], [ 109.29273, 13.86585 ], [ 109.29263, 13.86638 ], [ 109.29243, 13.86671 ], [ 109.29234, 13.86764 ], [ 109.29215, 13.86864 ], [ 109.29209, 13.86922 ], [ 109.29188, 13.86938 ], [ 109.29178, 13.86997 ], [ 109.29195, 13.87057 ], [ 109.29212, 13.87099 ], [ 109.29217, 13.87103 ], [ 109.29217, 13.87175 ], [ 109.29207, 13.87193 ], [ 109.29178, 13.87211 ], [ 109.29166, 13.87161 ], [ 109.29145, 13.87079 ], [ 109.29167, 13.8702 ], [ 109.29137, 13.86999 ], [ 109.29093, 13.87007 ], [ 109.29066, 13.87021 ], [ 109.29054, 13.8697 ], [ 109.29027, 13.86971 ], [ 109.29069, 13.8692 ], [ 109.29085, 13.86863 ], [ 109.29095, 13.86806 ], [ 109.2912, 13.8676 ], [ 109.29124, 13.86704 ], [ 109.29122, 13.86673 ], [ 109.29126, 13.86623 ], [ 109.29123, 13.86565 ], [ 109.29181, 13.8661 ], [ 109.2919, 13.866 ], [ 109.2922, 13.86532 ], [ 109.2924, 13.8647 ], [ 109.29263, 13.86408 ], [ 109.29219, 13.86369 ], [ 109.29173, 13.86222 ], [ 109.29201, 13.86221 ], [ 109.29253, 13.86249 ], [ 109.29287, 13.86226 ], [ 109.29302, 13.86177 ], [ 109.29307, 13.86172 ] ], [ [ 109.29168, 13.86828 ], [ 109.2916, 13.86781 ], [ 109.29146, 13.86759 ], [ 109.29131, 13.8677 ], [ 109.29142, 13.86853 ], [ 109.29168, 13.86828 ] ] ], [ [ [ 109.28683, 13.87355 ], [ 109.28657, 13.87364 ], [ 109.28667, 13.87339 ], [ 109.28688, 13.87334 ], [ 109.28683, 13.87355 ] ] ], [ [ [ 109.29724, 13.87937 ], [ 109.29676, 13.87977 ], [ 109.29679, 13.87936 ], [ 109.29698, 13.87888 ], [ 109.29702, 13.87865 ], [ 109.29711, 13.87865 ], [ 109.29711, 13.87847 ], [ 109.29717, 13.87844 ], [ 109.29736, 13.87817 ], [ 109.29758, 13.87812 ], [ 109.29767, 13.87812 ], [ 109.29767, 13.87821 ], [ 109.29762, 13.87825 ], [ 109.29753, 13.87862 ], [ 109.29724, 13.87937 ] ] ], [ [ [ 109.29512, 13.88524 ], [ 109.29494, 13.88524 ], [ 109.29461, 13.88519 ], [ 109.29452, 13.88502 ], [ 109.29525, 13.88452 ], [ 109.29586, 13.88438 ], [ 109.2961, 13.88425 ], [ 109.2959, 13.8835 ], [ 109.29648, 13.88248 ], [ 109.29681, 13.8825 ], [ 109.29662, 13.88317 ], [ 109.29652, 13.88317 ], [ 109.29652, 13.88326 ], [ 109.29643, 13.88326 ], [ 109.29643, 13.88362 ], [ 109.29643, 13.88407 ], [ 109.29639, 13.88431 ], [ 109.29633, 13.88443 ], [ 109.29624, 13.88443 ], [ 109.29615, 13.88443 ], [ 109.29614, 13.88452 ], [ 109.29614, 13.88461 ], [ 109.29537, 13.88508 ], [ 109.29531, 13.88515 ], [ 109.29512, 13.88515 ], [ 109.29512, 13.88524 ] ] ], [ [ [ 109.29382, 13.88559 ], [ 109.29382, 13.88568 ], [ 109.2936, 13.88573 ], [ 109.29295, 13.88575 ], [ 109.29318, 13.88539 ], [ 109.29386, 13.88528 ], [ 109.29392, 13.8855 ], [ 109.29382, 13.8855 ], [ 109.29382, 13.88559 ] ] ], [ [ [ 109.29221, 13.88661 ], [ 109.29228, 13.88721 ], [ 109.29211, 13.88752 ], [ 109.29197, 13.88685 ], [ 109.29203, 13.88657 ], [ 109.29215, 13.88648 ], [ 109.29221, 13.88661 ] ] ], [ [ [ 109.29181, 13.89032 ], [ 109.29212, 13.89055 ], [ 109.29212, 13.89073 ], [ 109.29221, 13.89073 ], [ 109.29221, 13.89082 ], [ 109.29221, 13.89091 ], [ 109.2923, 13.89091 ], [ 109.2923, 13.891 ], [ 109.2924, 13.891 ], [ 109.29247, 13.89129 ], [ 109.29258, 13.89137 ], [ 109.29258, 13.89155 ], [ 109.29258, 13.89164 ], [ 109.29267, 13.89164 ], [ 109.29267, 13.89173 ], [ 109.29261, 13.89176 ], [ 109.29254, 13.89189 ], [ 109.29221, 13.89173 ], [ 109.29221, 13.89155 ], [ 109.29212, 13.89155 ], [ 109.29205, 13.89116 ], [ 109.29184, 13.891 ], [ 109.2918, 13.89077 ], [ 109.29165, 13.89024 ], [ 109.29181, 13.89032 ] ] ], [ [ [ 109.29173, 13.8923 ], [ 109.29151, 13.89218 ], [ 109.29165, 13.89208 ], [ 109.29173, 13.8923 ] ] ], [ [ [ 109.29355, 13.89303 ], [ 109.29361, 13.89315 ], [ 109.29368, 13.89318 ], [ 109.29367, 13.89336 ], [ 109.29355, 13.8933 ], [ 109.29339, 13.89297 ], [ 109.29355, 13.89303 ] ] ] ] } },
{ "type": "Feature", "properties": { "OBJECTID": 2, "gridcode": 2, "Shape_Length": 283217.74719837116, "Shape_Area": 7599820.165690762 }, "geometry": { "type": "MultiPolygon", "coordinates": [ [ [ [ 109.28867, 13.75513 ], [ 109.28867, 13.75504 ], [ 109.28876, 13.75504 ], [ 109.28876, 13.75513 ], [ 109.28867, 13.75513 ] ] ], [ [ [ 109.28867, 13.75513 ], [ 109.28867, 13.75522 ], [ 109.28876, 13.75522 ], [ 109.28876, 13.75531 ], [ 109.28867, 13.75531 ], [ 109.28858, 13.75531 ], [ 109.28858, 13.75513 ], [ 109.28867, 13.75513 ] ] ], [ [ [ 109.28866, 13.7563 ], [ 109.28885, 13.75631 ], [ 109.28891, 13.75636 ], [ 109.28884, 13.75685 ], [ 109.28869, 13.75688 ], [ 109.28857, 13.75694 ], [ 109.28857, 13.7563 ], [ 109.28866, 13.7563 ] ] ], [ [ [ 109.28847, 13.75694 ], [ 109.28847, 13.75703 ], [ 109.28838, 13.75703 ], [ 109.28838, 13.75694 ], [ 109.28847, 13.75694 ] ] ], [ [ [ 109.28829, 13.7573 ], [ 109.28829, 13.75721 ], [ 109.28838, 13.75721 ], [ 109.28838, 13.7573 ], [ 109.28829, 13.7573 ] ] ], [ [ [ 109.28829, 13.7573 ], [ 109.28828, 13.75748 ], [ 109.28819, 13.75748 ], [ 109.28819, 13.7573 ], [ 109.28829, 13.7573 ] ] ], [ [ [ 109.2679, 13.75934 ], [ 109.26782, 13.75926 ], [ 109.26793, 13.75923 ], [ 109.2679, 13.75934 ] ] ], [ [ [ 109.26826, 13.75988 ], [ 109.26809, 13.75971 ], [ 109.26829, 13.75969 ], [ 109.26826, 13.75988 ] ] ], [ [ [ 109.26724, 13.75991 ], [ 109.26713, 13.76017 ], [ 109.26696, 13.76077 ], [ 109.26668, 13.76089 ], [ 109.2664, 13.7607 ], [ 109.26604, 13.76057 ], [ 109.26647, 13.75969 ], [ 109.2669, 13.75954 ], [ 109.26728, 13.7595 ], [ 109.26724, 13.75991 ] ] ], [ [ [ 109.28548, 13.76134 ], [ 109.28548, 13.76152 ], [ 109.28539, 13.76152 ], [ 109.28539, 13.76134 ], [ 109.28548, 13.76134 ] ] ], [ [ [ 109.26535, 13.76092 ], [ 109.26521, 13.76149 ], [ 109.26495, 13.76105 ], [ 109.26506, 13.7606 ], [ 109.26524, 13.76048 ], [ 109.26535, 13.76092 ] ] ], [ [ [ 109.26501, 13.75971 ], [ 109.2651, 13.75997 ], [ 109.26402, 13.76011 ], [ 109.26371, 13.76042 ], [ 109.26288, 13.76051 ], [ 109.26272, 13.76099 ], [ 109.26223, 13.76113 ], [ 109.262, 13.76137 ], [ 109.26176, 13.76158 ], [ 109.26172, 13.76163 ], [ 109.26153, 13.76154 ], [ 109.26144, 13.76136 ], [ 109.26174, 13.76128 ], [ 109.26189, 13.76088 ], [ 109.26159, 13.76037 ], [ 109.26229, 13.76023 ], [ 109.26206, 13.75983 ], [ 109.26217, 13.75951 ], [ 109.26279, 13.75941 ], [ 109.26263, 13.75907 ], [ 109.2622, 13.75901 ], [ 109.26188, 13.75924 ], [ 109.26155, 13.75937 ], [ 109.26131, 13.75993 ], [ 109.26076, 13.75986 ], [ 109.26071, 13.75981 ], [ 109.26066, 13.75951 ], [ 109.26031, 13.75903 ], [ 109.26026, 13.75837 ], [ 109.26072, 13.75848 ], [ 109.26059, 13.75813 ], [ 109.26048, 13.75806 ], [ 109.26045, 13.758 ], [ 109.26054, 13.75801 ], [ 109.26054, 13.75792 ], [ 109.2606, 13.7577 ], [ 109.26064, 13.75746 ], [ 109.26077, 13.75751 ], [ 109.26137, 13.75765 ], [ 109.26137, 13.75774 ], [ 109.26147, 13.75774 ], [ 109.26174, 13.75774 ], [ 109.26221, 13.75775 ], [ 109.26258, 13.75775 ], [ 109.2627, 13.75788 ], [ 109.2629, 13.75798 ], [ 109.26313, 13.7581 ], [ 109.26348, 13.75787 ], [ 109.26494, 13.75794 ], [ 109.26555, 13.75826 ], [ 109.26595, 13.758 ], [ 109.26646, 13.75777 ], [ 109.26689, 13.75748 ], [ 109.26754, 13.75775 ], [ 109.26752, 13.7582 ], [ 109.26689, 13.75817 ], [ 109.26664, 13.7583 ], [ 109.26631, 13.75865 ], [ 109.26631, 13.7589 ], [ 109.26631, 13.75901 ], [ 109.26608, 13.75922 ], [ 109.26487, 13.7589 ], [ 109.26474, 13.75919 ], [ 109.26501, 13.75971 ] ], [ [ 109.26281, 13.7595 ], [ 109.26297, 13.75958 ], [ 109.26303, 13.75947 ], [ 109.26281, 13.7595 ] ], [ [ 109.26309, 13.75912 ], [ 109.26312, 13.75893 ], [ 109.26292, 13.75896 ], [ 109.26309, 13.75912 ] ], [ [ 109.26179, 13.75888 ], [ 109.26203, 13.75855 ], [ 109.26267, 13.75869 ], [ 109.26275, 13.75842 ], [ 109.26263, 13.75824 ], [ 109.26233, 13.75807 ], [ 109.2623, 13.75802 ], [ 109.26181, 13.75806 ], [ 109.26163, 13.75852 ], [ 109.26074, 13.75859 ], [ 109.2609, 13.75901 ], [ 109.26137, 13.75911 ], [ 109.26179, 13.75888 ] ] ], [ [ [ 109.26388, 13.7622 ], [ 109.26346, 13.76254 ], [ 109.26321, 13.76282 ], [ 109.26293, 13.76266 ], [ 109.26278, 13.76191 ], [ 109.26306, 13.76169 ], [ 109.26343, 13.76123 ], [ 109.2638, 13.7606 ], [ 109.26403, 13.76056 ], [ 109.26408, 13.76061 ], [ 109.26422, 13.76073 ], [ 109.26435, 13.76114 ], [ 109.26388, 13.7622 ] ], [ [ 109.26362, 13.76143 ], [ 109.26353, 13.76177 ], [ 109.2638, 13.76156 ], [ 109.26384, 13.76137 ], [ 109.26362, 13.76143 ] ] ], [ [ [ 109.28607, 13.76445 ], [ 109.28589, 13.76482 ], [ 109.28541, 13.76471 ], [ 109.2856, 13.76437 ], [ 109.28569, 13.7641 ], [ 109.28602, 13.76406 ], [ 109.28607, 13.76445 ] ] ], [ [ [ 109.26695, 13.76655 ], [ 109.26686, 13.76655 ], [ 109.26667, 13.76655 ], [ 109.26667, 13.76645 ], [ 109.26658, 13.76645 ], [ 109.2664, 13.76645 ], [ 109.26643, 13.76639 ], [ 109.26684, 13.76634 ], [ 109.26695, 13.76655 ] ] ], [ [ [ 109.26695, 13.76655 ], [ 109.26713, 13.76655 ], [ 109.26713, 13.76664 ], [ 109.26704, 13.76664 ], [ 109.26695, 13.76664 ], [ 109.26695, 13.76655 ] ] ], [ [ [ 109.28641, 13.76689 ], [ 109.28563, 13.76701 ], [ 109.2854, 13.76697 ], [ 109.28553, 13.76619 ], [ 109.28572, 13.76614 ], [ 109.28592, 13.76649 ], [ 109.28631, 13.76644 ], [ 109.28641, 13.76689 ] ] ], [ [ [ 109.27056, 13.7673 ], [ 109.27035, 13.76783 ], [ 109.27019, 13.76836 ], [ 109.26967, 13.7685 ], [ 109.2698, 13.76755 ], [ 109.26999, 13.76708 ], [ 109.27046, 13.76702 ], [ 109.27056, 13.7673 ] ] ], [ [ [ 109.28442, 13.76858 ], [ 109.28424, 13.76878 ], [ 109.2841, 13.7685 ], [ 109.28432, 13.76839 ], [ 109.28442, 13.76858 ] ] ], [ [ [ 109.28002, 13.76982 ], [ 109.27994, 13.76974 ], [ 109.28006, 13.76971 ], [ 109.28002, 13.76982 ] ] ], [ [ [ 109.28097, 13.76976 ], [ 109.28092, 13.76997 ], [ 109.28066, 13.76991 ], [ 109.28058, 13.76952 ], [ 109.28089, 13.76945 ], [ 109.28097, 13.76976 ] ] ], [ [ [ 109.26827, 13.77021 ], [ 109.268, 13.77002 ], [ 109.26822, 13.76951 ], [ 109.26832, 13.76945 ], [ 109.26827, 13.77021 ] ] ], [ [ [ 109.27154, 13.76998 ], [ 109.27144, 13.77023 ], [ 109.27114, 13.76985 ], [ 109.27105, 13.76952 ], [ 109.27146, 13.76947 ], [ 109.27154, 13.76998 ] ] ], [ [ [ 109.28643, 13.77066 ], [ 109.28643, 13.77084 ], [ 109.28615, 13.77084 ], [ 109.28615, 13.77066 ], [ 109.28643, 13.77066 ] ] ], [ [ [ 109.27999, 13.77034 ], [ 109.27977, 13.77082 ], [ 109.2793, 13.77061 ], [ 109.2794, 13.77031 ], [ 109.27987, 13.77007 ], [ 109.27999, 13.77034 ] ] ], [ [ [ 109.27178, 13.77122 ], [ 109.27169, 13.77098 ], [ 109.27182, 13.77092 ], [ 109.27178, 13.77122 ] ] ], [ [ [ 109.26824, 13.77143 ], [ 109.26802, 13.77165 ], [ 109.2679, 13.7713 ], [ 109.26812, 13.77116 ], [ 109.26824, 13.77143 ] ] ], [ [ [ 109.29289, 13.77287 ], [ 109.29289, 13.77278 ], [ 109.29298, 13.77278 ], [ 109.29298, 13.77288 ], [ 109.29289, 13.77287 ] ] ], [ [ [ 109.29326, 13.77324 ], [ 109.29335, 13.77324 ], [ 109.29335, 13.77333 ], [ 109.29344, 13.77333 ], [ 109.29344, 13.77351 ], [ 109.2933, 13.77344 ], [ 109.29326, 13.77324 ] ] ], [ [ [ 109.29353, 13.77378 ], [ 109.29344, 13.77378 ], [ 109.29344, 13.77369 ], [ 109.29353, 13.77369 ], [ 109.29353, 13.77378 ] ] ], [ [ [ 109.28545, 13.77384 ], [ 109.28537, 13.77376 ], [ 109.28548, 13.77373 ], [ 109.28545, 13.77384 ] ] ], [ [ [ 109.29353, 13.77378 ], [ 109.29362, 13.77378 ], [ 109.29362, 13.77387 ], [ 109.29362, 13.77396 ], [ 109.29353, 13.77396 ], [ 109.29353, 13.77378 ] ] ], [ [ [ 109.29297, 13.7745 ], [ 109.29293, 13.7747 ], [ 109.29278, 13.77477 ], [ 109.29278, 13.77459 ], [ 109.29288, 13.77459 ], [ 109.29288, 13.7745 ], [ 109.29297, 13.7745 ] ] ], [ [ [ 109.29352, 13.77487 ], [ 109.29358, 13.77465 ], [ 109.29362, 13.77424 ], [ 109.29371, 13.77424 ], [ 109.29371, 13.77433 ], [ 109.29371, 13.77469 ], [ 109.29364, 13.77481 ], [ 109.29352, 13.77487 ] ] ], [ [ [ 109.29352, 13.77487 ], [ 109.29352, 13.77496 ], [ 109.29343, 13.77496 ], [ 109.29343, 13.77487 ], [ 109.29352, 13.77487 ] ] ], [ [ [ 109.29343, 13.77505 ], [ 109.29343, 13.77523 ], [ 109.29333, 13.77523 ], [ 109.29333, 13.77505 ], [ 109.29343, 13.77505 ] ] ], [ [ [ 109.27956, 13.77374 ], [ 109.27884, 13.77458 ], [ 109.27865, 13.77539 ], [ 109.27807, 13.77563 ], [ 109.27775, 13.77561 ], [ 109.27757, 13.77529 ], [ 109.27804, 13.77472 ], [ 109.2784, 13.77408 ], [ 109.27883, 13.77358 ], [ 109.27947, 13.7735 ], [ 109.27956, 13.77374 ] ] ], [ [ [ 109.29333, 13.77613 ], [ 109.29333, 13.77622 ], [ 109.29323, 13.77622 ], [ 109.29323, 13.77613 ], [ 109.29333, 13.77613 ] ] ], [ [ [ 109.29295, 13.77776 ], [ 109.29294, 13.77794 ], [ 109.29285, 13.77794 ], [ 109.29285, 13.77775 ], [ 109.29295, 13.77776 ] ] ], [ [ [ 109.29285, 13.77803 ], [ 109.29285, 13.77812 ], [ 109.29276, 13.77812 ], [ 109.29276, 13.77803 ], [ 109.29285, 13.77803 ] ] ], [ [ [ 109.29063, 13.77828 ], [ 109.29031, 13.7782 ], [ 109.29048, 13.77806 ], [ 109.29063, 13.77828 ] ] ], [ [ [ 109.27429, 13.77838 ], [ 109.27413, 13.77823 ], [ 109.27435, 13.77817 ], [ 109.27429, 13.77838 ] ] ], [ [ [ 109.28316, 13.77857 ], [ 109.28286, 13.77872 ], [ 109.28255, 13.77828 ], [ 109.28225, 13.77847 ], [ 109.28208, 13.77844 ], [ 109.28243, 13.77802 ], [ 109.28268, 13.77796 ], [ 109.28272, 13.77801 ], [ 109.28301, 13.77818 ], [ 109.28316, 13.77857 ] ] ], [ [ [ 109.29063, 13.77828 ], [ 109.29095, 13.77834 ], [ 109.29113, 13.77864 ], [ 109.29101, 13.77887 ], [ 109.29067, 13.77844 ], [ 109.29063, 13.77828 ] ] ], [ [ [ 109.29284, 13.77947 ], [ 109.29275, 13.77947 ], [ 109.29275, 13.77938 ], [ 109.29284, 13.77938 ], [ 109.29284, 13.77947 ] ] ], [ [ [ 109.29284, 13.77947 ], [ 109.29293, 13.77947 ], [ 109.29293, 13.77956 ], [ 109.29284, 13.77956 ], [ 109.29284, 13.77947 ] ] ], [ [ [ 109.2687, 13.77939 ], [ 109.2687, 13.77948 ], [ 109.26861, 13.77948 ], [ 109.26861, 13.77939 ], [ 109.2687, 13.77939 ] ] ], [ [ [ 109.29293, 13.77956 ], [ 109.29302, 13.77956 ], [ 109.29302, 13.77974 ], [ 109.29293, 13.77974 ], [ 109.29293, 13.77956 ] ] ], [ [ [ 109.29302, 13.77974 ], [ 109.29312, 13.77975 ], [ 109.29311, 13.77984 ], [ 109.29302, 13.77984 ], [ 109.29302, 13.77974 ] ] ], [ [ [ 109.283, 13.78001 ], [ 109.28273, 13.78001 ], [ 109.28288, 13.7797 ], [ 109.28304, 13.77968 ], [ 109.283, 13.78001 ] ] ], [ [ [ 109.27175, 13.77854 ], [ 109.27162, 13.779 ], [ 109.27148, 13.77958 ], [ 109.27101, 13.77978 ], [ 109.27078, 13.78027 ], [ 109.27065, 13.78035 ], [ 109.27025, 13.78013 ], [ 109.27051, 13.77955 ], [ 109.27063, 13.77915 ], [ 109.27133, 13.77837 ], [ 109.27167, 13.77833 ], [ 109.27175, 13.77854 ] ] ], [ [ [ 109.29375, 13.78111 ], [ 109.29375, 13.7812 ], [ 109.29366, 13.7812 ], [ 109.29366, 13.7811 ], [ 109.29375, 13.78111 ] ] ], [ [ [ 109.29366, 13.7812 ], [ 109.29366, 13.78129 ], [ 109.29357, 13.78128 ], [ 109.29357, 13.78119 ], [ 109.29366, 13.7812 ] ] ], [ [ [ 109.2811, 13.77941 ], [ 109.28122, 13.7802 ], [ 109.28111, 13.78087 ], [ 109.28142, 13.78128 ], [ 109.28173, 13.78179 ], [ 109.28167, 13.78217 ], [ 109.28128, 13.78211 ], [ 109.2807, 13.78138 ], [ 109.28079, 13.78082 ], [ 109.28057, 13.78052 ], [ 109.2805, 13.78015 ], [ 109.28073, 13.77938 ], [ 109.28125, 13.77881 ], [ 109.28175, 13.77876 ], [ 109.28183, 13.77897 ], [ 109.28178, 13.7793 ], [ 109.28125, 13.77922 ], [ 109.2811, 13.77941 ] ] ], [ [ [ 109.293, 13.78228 ], [ 109.29305, 13.78208 ], [ 109.29319, 13.78201 ], [ 109.29315, 13.78221 ], [ 109.293, 13.78228 ] ] ], [ [ [ 109.27116, 13.78072 ], [ 109.271, 13.78108 ], [ 109.27109, 13.78153 ], [ 109.271, 13.78197 ], [ 109.27017, 13.78212 ], [ 109.26978, 13.78205 ], [ 109.26993, 13.78134 ], [ 109.27017, 13.78083 ], [ 109.27047, 13.78062 ], [ 109.2711, 13.78059 ], [ 109.27116, 13.78072 ] ] ], [ [ [ 109.293, 13.78228 ], [ 109.293, 13.78237 ], [ 109.29291, 13.78237 ], [ 109.29291, 13.78227 ], [ 109.293, 13.78228 ] ] ], [ [ [ 109.29291, 13.78237 ], [ 109.29291, 13.78246 ], [ 109.29282, 13.78245 ], [ 109.29282, 13.78236 ], [ 109.29291, 13.78237 ] ] ], [ [ [ 109.29273, 13.78245 ], [ 109.29273, 13.78254 ], [ 109.29263, 13.78254 ], [ 109.29263, 13.78245 ], [ 109.29273, 13.78245 ] ] ], [ [ [ 109.27034, 13.7832 ], [ 109.27037, 13.78309 ], [ 109.27045, 13.78317 ], [ 109.27034, 13.7832 ] ] ], [ [ [ 109.28779, 13.78066 ], [ 109.28789, 13.78075 ], [ 109.28797, 13.78091 ], [ 109.28769, 13.78129 ], [ 109.28732, 13.78192 ], [ 109.28693, 13.78257 ], [ 109.28697, 13.78312 ], [ 109.28687, 13.78336 ], [ 109.28618, 13.78279 ], [ 109.28622, 13.78231 ], [ 109.28655, 13.78174 ], [ 109.28692, 13.78143 ], [ 109.28729, 13.78086 ], [ 109.28775, 13.78061 ], [ 109.28779, 13.78066 ] ] ], [ [ [ 109.27034, 13.7832 ], [ 109.27031, 13.78331 ], [ 109.27023, 13.78323 ], [ 109.27034, 13.7832 ] ] ], [ [ [ 109.29244, 13.78354 ], [ 109.29244, 13.78345 ], [ 109.29253, 13.78345 ], [ 109.29253, 13.78354 ], [ 109.29244, 13.78354 ] ] ], [ [ [ 109.29244, 13.78354 ], [ 109.29244, 13.78363 ], [ 109.29235, 13.78363 ], [ 109.29235, 13.78354 ], [ 109.29244, 13.78354 ] ] ], [ [ [ 109.26965, 13.78324 ], [ 109.26956, 13.78351 ], [ 109.26945, 13.78297 ], [ 109.2696, 13.78293 ], [ 109.26965, 13.78324 ] ] ], [ [ [ 109.26692, 13.78354 ], [ 109.26692, 13.78363 ], [ 109.26682, 13.78363 ], [ 109.26682, 13.78354 ], [ 109.26692, 13.78354 ] ] ], [ [ [ 109.2862, 13.78398 ], [ 109.28578, 13.78407 ], [ 109.28596, 13.78365 ], [ 109.28624, 13.78358 ], [ 109.2862, 13.78398 ] ] ], [ [ [ 109.29235, 13.78372 ], [ 109.29211, 13.78403 ], [ 109.29202, 13.78431 ], [ 109.29197, 13.78435 ], [ 109.29193, 13.78421 ], [ 109.29166, 13.78399 ], [ 109.29178, 13.78364 ], [ 109.29235, 13.78372 ] ] ], [ [ [ 109.28503, 13.78457 ], [ 109.28507, 13.78446 ], [ 109.28515, 13.78454 ], [ 109.28503, 13.78457 ] ] ], [ [ [ 109.28503, 13.78457 ], [ 109.28503, 13.78466 ], [ 109.28485, 13.78466 ], [ 109.28485, 13.78457 ], [ 109.28503, 13.78457 ] ] ], [ [ [ 109.28485, 13.78466 ], [ 109.28482, 13.78477 ], [ 109.28474, 13.78469 ], [ 109.28485, 13.78466 ] ] ], [ [ [ 109.29178, 13.78489 ], [ 109.2916, 13.78498 ], [ 109.29164, 13.78482 ], [ 109.29192, 13.78448 ], [ 109.29197, 13.78444 ], [ 109.29197, 13.78471 ], [ 109.29188, 13.78471 ], [ 109.29188, 13.7848 ], [ 109.29178, 13.7848 ], [ 109.29178, 13.78489 ] ] ], [ [ [ 109.26973, 13.7837 ], [ 109.27027, 13.78431 ], [ 109.27018, 13.7849 ], [ 109.26982, 13.78485 ], [ 109.26964, 13.7844 ], [ 109.26956, 13.78366 ], [ 109.26969, 13.78356 ], [ 109.26973, 13.7837 ] ] ], [ [ [ 109.29012, 13.78513 ], [ 109.2899, 13.78537 ], [ 109.2898, 13.78494 ], [ 109.29003, 13.78488 ], [ 109.29012, 13.78513 ] ] ], [ [ [ 109.29094, 13.78669 ], [ 109.29098, 13.78653 ], [ 109.2912, 13.78622 ], [ 109.29131, 13.78615 ], [ 109.2914, 13.78615 ], [ 109.2914, 13.78624 ], [ 109.29131, 13.78624 ], [ 109.29131, 13.78642 ], [ 109.29122, 13.78642 ], [ 109.29122, 13.78651 ], [ 109.29112, 13.78651 ], [ 109.29112, 13.7866 ], [ 109.29094, 13.78669 ] ] ], [ [ [ 109.29094, 13.78669 ], [ 109.29094, 13.78678 ], [ 109.29085, 13.78678 ], [ 109.29085, 13.78669 ], [ 109.29094, 13.78669 ] ] ], [ [ [ 109.29085, 13.78678 ], [ 109.29084, 13.78687 ], [ 109.29075, 13.78687 ], [ 109.29075, 13.78678 ], [ 109.29085, 13.78678 ] ] ], [ [ [ 109.29075, 13.78687 ], [ 109.29075, 13.78696 ], [ 109.29066, 13.78696 ], [ 109.29066, 13.78687 ], [ 109.29075, 13.78687 ] ] ], [ [ [ 109.29139, 13.78841 ], [ 109.2913, 13.78841 ], [ 109.2913, 13.78832 ], [ 109.29139, 13.78832 ], [ 109.29139, 13.78841 ] ] ], [ [ [ 109.29139, 13.78841 ], [ 109.29148, 13.78841 ], [ 109.29148, 13.78877 ], [ 109.29139, 13.78877 ], [ 109.29139, 13.78841 ] ] ], [ [ [ 109.29129, 13.78895 ], [ 109.29129, 13.78886 ], [ 109.29138, 13.78886 ], [ 109.29138, 13.78895 ], [ 109.29129, 13.78895 ] ] ], [ [ [ 109.29129, 13.78895 ], [ 109.29129, 13.78904 ], [ 109.29111, 13.78904 ], [ 109.29111, 13.78895 ], [ 109.29129, 13.78895 ] ] ], [ [ [ 109.29064, 13.78985 ], [ 109.29064, 13.78967 ], [ 109.29073, 13.78967 ], [ 109.29073, 13.78985 ], [ 109.29064, 13.78985 ] ] ], [ [ [ 109.29064, 13.78985 ], [ 109.29064, 13.78994 ], [ 109.29054, 13.78994 ], [ 109.29055, 13.78985 ], [ 109.29064, 13.78985 ] ] ], [ [ [ 109.29054, 13.78994 ], [ 109.29054, 13.79003 ], [ 109.29045, 13.79003 ], [ 109.29045, 13.78994 ], [ 109.29054, 13.78994 ] ] ], [ [ [ 109.29045, 13.79003 ], [ 109.29045, 13.79012 ], [ 109.29036, 13.79012 ], [ 109.29036, 13.79003 ], [ 109.29045, 13.79003 ] ] ], [ [ [ 109.29036, 13.79012 ], [ 109.29014, 13.79042 ], [ 109.29008, 13.79021 ], [ 109.2902, 13.79015 ], [ 109.29036, 13.79012 ] ] ], [ [ [ 109.28952, 13.79039 ], [ 109.28952, 13.79048 ], [ 109.28943, 13.79048 ], [ 109.28943, 13.79039 ], [ 109.28952, 13.79039 ] ] ], [ [ [ 109.28925, 13.79056 ], [ 109.28925, 13.79047 ], [ 109.28934, 13.79047 ], [ 109.28934, 13.79057 ], [ 109.28925, 13.79056 ] ] ], [ [ [ 109.28925, 13.79056 ], [ 109.28924, 13.79066 ], [ 109.28915, 13.79065 ], [ 109.28915, 13.79056 ], [ 109.28925, 13.79056 ] ] ], [ [ [ 109.28915, 13.79065 ], [ 109.28915, 13.79074 ], [ 109.28906, 13.79074 ], [ 109.28906, 13.79065 ], [ 109.28915, 13.79065 ] ] ], [ [ [ 109.27252, 13.79092 ], [ 109.27223, 13.79115 ], [ 109.27195, 13.79111 ], [ 109.27182, 13.7905 ], [ 109.27214, 13.79045 ], [ 109.27252, 13.79092 ] ] ], [ [ [ 109.28819, 13.75748 ], [ 109.28822, 13.75799 ], [ 109.28828, 13.75811 ], [ 109.28822, 13.75852 ], [ 109.28825, 13.7587 ], [ 109.28851, 13.75906 ], [ 109.28864, 13.75929 ], [ 109.2884, 13.7596 ], [ 109.28836, 13.76001 ], [ 109.28836, 13.76028 ], [ 109.28845, 13.76028 ], [ 109.28845, 13.76046 ], [ 109.28845, 13.76055 ], [ 109.28854, 13.76055 ], [ 109.28854, 13.76064 ], [ 109.28863, 13.76064 ], [ 109.28872, 13.76064 ], [ 109.28872, 13.76073 ], [ 109.28882, 13.76073 ], [ 109.28881, 13.76092 ], [ 109.28881, 13.76101 ], [ 109.28891, 13.76101 ], [ 109.2889, 13.7611 ], [ 109.2889, 13.76119 ], [ 109.289, 13.76119 ], [ 109.289, 13.76128 ], [ 109.28909, 13.76128 ], [ 109.28915, 13.7614 ], [ 109.28921, 13.76224 ], [ 109.28927, 13.76227 ], [ 109.28927, 13.76236 ], [ 109.28926, 13.76245 ], [ 109.28936, 13.76246 ], [ 109.28931, 13.76305 ], [ 109.28911, 13.76323 ], [ 109.28885, 13.76375 ], [ 109.28851, 13.76419 ], [ 109.28837, 13.76513 ], [ 109.28795, 13.76571 ], [ 109.28812, 13.76716 ], [ 109.28778, 13.76747 ], [ 109.2878, 13.7681 ], [ 109.28733, 13.76808 ], [ 109.28712, 13.7685 ], [ 109.28723, 13.76872 ], [ 109.28733, 13.76893 ], [ 109.28732, 13.76928 ], [ 109.28712, 13.76945 ], [ 109.28685, 13.76944 ], [ 109.28668, 13.7689 ], [ 109.28653, 13.76872 ], [ 109.2861, 13.769 ], [ 109.28612, 13.76958 ], [ 109.2853, 13.76995 ], [ 109.28454, 13.7706 ], [ 109.28426, 13.77078 ], [ 109.28417, 13.77086 ], [ 109.28551, 13.77099 ], [ 109.28564, 13.77149 ], [ 109.28499, 13.77168 ], [ 109.2849, 13.77194 ], [ 109.28529, 13.77205 ], [ 109.28583, 13.77187 ], [ 109.28582, 13.77154 ], [ 109.28621, 13.77143 ], [ 109.28644, 13.77168 ], [ 109.28627, 13.77199 ], [ 109.28558, 13.7723 ], [ 109.28508, 13.77259 ], [ 109.28647, 13.7727 ], [ 109.28692, 13.77329 ], [ 109.28663, 13.77342 ], [ 109.28664, 13.77388 ], [ 109.28697, 13.77387 ], [ 109.2871, 13.77415 ], [ 109.28673, 13.77432 ], [ 109.28663, 13.77487 ], [ 109.28704, 13.77486 ], [ 109.28765, 13.77455 ], [ 109.28794, 13.77442 ], [ 109.28789, 13.77291 ], [ 109.28703, 13.7724 ], [ 109.28732, 13.77216 ], [ 109.28785, 13.77234 ], [ 109.28839, 13.77247 ], [ 109.28849, 13.77354 ], [ 109.28867, 13.77388 ], [ 109.28879, 13.77412 ], [ 109.28875, 13.77482 ], [ 109.28838, 13.77515 ], [ 109.28809, 13.77545 ], [ 109.28812, 13.77626 ], [ 109.28799, 13.77684 ], [ 109.28769, 13.77704 ], [ 109.28745, 13.77635 ], [ 109.28778, 13.77558 ], [ 109.28763, 13.77533 ], [ 109.28736, 13.7756 ], [ 109.28681, 13.77577 ], [ 109.28635, 13.77595 ], [ 109.28578, 13.77603 ], [ 109.28598, 13.7764 ], [ 109.28596, 13.77673 ], [ 109.28611, 13.77716 ], [ 109.28553, 13.77782 ], [ 109.28496, 13.77792 ], [ 109.28458, 13.77776 ], [ 109.28504, 13.77721 ], [ 109.28514, 13.77693 ], [ 109.28523, 13.77666 ], [ 109.28514, 13.77657 ], [ 109.28505, 13.77648 ], [ 109.28495, 13.77639 ], [ 109.28471, 13.77612 ], [ 109.28422, 13.77645 ], [ 109.28459, 13.77657 ], [ 109.28457, 13.77697 ], [ 109.28375, 13.77728 ], [ 109.28353, 13.7775 ], [ 109.28338, 13.77783 ], [ 109.28316, 13.77809 ], [ 109.283, 13.77789 ], [ 109.28319, 13.77755 ], [ 109.28338, 13.7771 ], [ 109.28356, 13.77677 ], [ 109.28394, 13.77666 ], [ 109.28421, 13.77649 ], [ 109.2837, 13.77637 ], [ 109.28348, 13.77597 ], [ 109.28415, 13.7755 ], [ 109.2846, 13.77539 ], [ 109.28522, 13.77498 ], [ 109.28534, 13.77441 ], [ 109.28509, 13.77413 ], [ 109.2846, 13.77449 ], [ 109.28441, 13.77458 ], [ 109.28413, 13.77477 ], [ 109.28382, 13.77475 ], [ 109.28321, 13.77538 ], [ 109.28248, 13.77549 ], [ 109.28189, 13.77584 ], [ 109.28191, 13.7765 ], [ 109.28159, 13.77695 ], [ 109.28122, 13.77771 ], [ 109.28069, 13.77782 ], [ 109.28012, 13.77877 ], [ 109.27947, 13.77901 ], [ 109.27949, 13.77938 ], [ 109.27947, 13.77969 ], [ 109.28, 13.78034 ], [ 109.27975, 13.78101 ], [ 109.27993, 13.78169 ], [ 109.28005, 13.7822 ], [ 109.27986, 13.78289 ], [ 109.28001, 13.78333 ], [ 109.28, 13.78365 ], [ 109.27953, 13.78349 ], [ 109.27934, 13.78349 ], [ 109.27897, 13.78368 ], [ 109.2788, 13.78404 ], [ 109.27915, 13.78436 ], [ 109.2787, 13.78493 ], [ 109.27865, 13.78525 ], [ 109.27852, 13.78537 ], [ 109.27832, 13.78573 ], [ 109.27864, 13.78575 ], [ 109.27928, 13.78533 ], [ 109.27981, 13.78521 ], [ 109.28033, 13.7848 ], [ 109.28045, 13.78503 ], [ 109.28057, 13.78528 ], [ 109.28106, 13.78551 ], [ 109.28064, 13.78594 ], [ 109.28036, 13.78603 ], [ 109.27938, 13.78612 ], [ 109.27921, 13.78644 ], [ 109.27896, 13.78656 ], [ 109.27878, 13.78665 ], [ 109.27847, 13.78679 ], [ 109.27822, 13.78726 ], [ 109.27812, 13.78755 ], [ 109.27792, 13.78804 ], [ 109.27807, 13.7885 ], [ 109.27792, 13.78922 ], [ 109.27816, 13.79042 ], [ 109.27801, 13.79071 ], [ 109.27783, 13.79088 ], [ 109.27758, 13.79125 ], [ 109.27741, 13.79113 ], [ 109.27701, 13.79061 ], [ 109.2769, 13.79007 ], [ 109.27664, 13.78968 ], [ 109.27663, 13.78882 ], [ 109.27682, 13.78845 ], [ 109.27673, 13.7879 ], [ 109.27663, 13.7878 ], [ 109.27629, 13.78709 ], [ 109.27573, 13.78637 ], [ 109.27589, 13.78528 ], [ 109.27611, 13.78527 ], [ 109.27629, 13.78528 ], [ 109.27639, 13.78482 ], [ 109.27648, 13.78465 ], [ 109.27671, 13.78419 ], [ 109.2773, 13.78421 ], [ 109.27771, 13.78354 ], [ 109.27843, 13.78286 ], [ 109.27825, 13.78258 ], [ 109.2778, 13.78224 ], [ 109.27779, 13.78167 ], [ 109.27835, 13.78141 ], [ 109.27906, 13.78057 ], [ 109.27864, 13.78002 ], [ 109.27865, 13.77951 ], [ 109.27832, 13.77966 ], [ 109.27801, 13.78041 ], [ 109.27781, 13.78041 ], [ 109.27735, 13.7804 ], [ 109.27716, 13.78076 ], [ 109.27688, 13.78051 ], [ 109.27699, 13.78027 ], [ 109.27726, 13.77978 ], [ 109.27736, 13.77916 ], [ 109.27911, 13.77754 ], [ 109.27944, 13.77706 ], [ 109.27996, 13.77708 ], [ 109.28019, 13.77663 ], [ 109.28107, 13.7765 ], [ 109.28093, 13.77643 ], [ 109.28043, 13.77618 ], [ 109.27988, 13.77574 ], [ 109.27941, 13.77608 ], [ 109.27894, 13.77635 ], [ 109.27881, 13.77648 ], [ 109.27839, 13.77661 ], [ 109.27851, 13.77687 ], [ 109.27894, 13.77701 ], [ 109.27857, 13.77716 ], [ 109.27799, 13.77725 ], [ 109.27747, 13.77778 ], [ 109.27744, 13.77761 ], [ 109.27757, 13.7766 ], [ 109.27779, 13.77591 ], [ 109.27802, 13.7758 ], [ 109.27858, 13.77571 ], [ 109.27938, 13.77509 ], [ 109.27968, 13.77508 ], [ 109.28019, 13.77526 ], [ 109.28052, 13.7748 ], [ 109.28062, 13.77427 ], [ 109.28091, 13.77402 ], [ 109.28109, 13.77383 ], [ 109.28165, 13.77366 ], [ 109.28156, 13.77347 ], [ 109.28126, 13.77338 ], [ 109.28265, 13.77217 ], [ 109.28295, 13.77172 ], [ 109.28352, 13.77149 ], [ 109.28388, 13.77151 ], [ 109.2839, 13.77108 ], [ 109.28371, 13.77055 ], [ 109.28398, 13.77014 ], [ 109.28417, 13.76988 ], [ 109.28448, 13.76938 ], [ 109.285, 13.76891 ], [ 109.28513, 13.76735 ], [ 109.28554, 13.76749 ], [ 109.28596, 13.7682 ], [ 109.28638, 13.76801 ], [ 109.28658, 13.76783 ], [ 109.28678, 13.76754 ], [ 109.28715, 13.76702 ], [ 109.28691, 13.76595 ], [ 109.28679, 13.76582 ], [ 109.28652, 13.76583 ], [ 109.28633, 13.76548 ], [ 109.28652, 13.76537 ], [ 109.287, 13.76574 ], [ 109.28716, 13.76556 ], [ 109.28726, 13.76492 ], [ 109.28737, 13.76451 ], [ 109.28735, 13.7637 ], [ 109.28746, 13.76346 ], [ 109.28801, 13.76297 ], [ 109.28783, 13.76285 ], [ 109.28728, 13.76272 ], [ 109.28727, 13.76241 ], [ 109.28811, 13.76229 ], [ 109.28812, 13.76202 ], [ 109.28746, 13.76204 ], [ 109.28748, 13.76159 ], [ 109.28706, 13.76081 ], [ 109.28688, 13.75879 ], [ 109.28703, 13.75824 ], [ 109.28721, 13.75719 ], [ 109.28732, 13.75679 ], [ 109.28747, 13.75621 ], [ 109.2876, 13.75606 ], [ 109.28787, 13.75661 ], [ 109.28806, 13.75629 ], [ 109.28808, 13.75576 ], [ 109.2879, 13.75536 ], [ 109.28748, 13.75508 ], [ 109.28731, 13.75517 ], [ 109.28733, 13.75579 ], [ 109.28708, 13.75614 ], [ 109.287, 13.75656 ], [ 109.28679, 13.75672 ], [ 109.2866, 13.75758 ], [ 109.28631, 13.75796 ], [ 109.28614, 13.75808 ], [ 109.28595, 13.75832 ], [ 109.28604, 13.75896 ], [ 109.2859, 13.75976 ], [ 109.28586, 13.76008 ], [ 109.28577, 13.76008 ], [ 109.28576, 13.76071 ], [ 109.28571, 13.76075 ], [ 109.2856, 13.76126 ], [ 109.28548, 13.76134 ], [ 109.28572, 13.75994 ], [ 109.28588, 13.7591 ], [ 109.28556, 13.75877 ], [ 109.28536, 13.75904 ], [ 109.28527, 13.7594 ], [ 109.28517, 13.75967 ], [ 109.28504, 13.76089 ], [ 109.28461, 13.7612 ], [ 109.28371, 13.76141 ], [ 109.28423, 13.76191 ], [ 109.28395, 13.76228 ], [ 109.28359, 13.76274 ], [ 109.28376, 13.76292 ], [ 109.2843, 13.76238 ], [ 109.28491, 13.762 ], [ 109.28529, 13.76161 ], [ 109.28539, 13.76152 ], [ 109.28529, 13.76188 ], [ 109.2852, 13.76188 ], [ 109.2852, 13.76197 ], [ 109.28511, 13.76197 ], [ 109.28511, 13.76206 ], [ 109.28501, 13.76215 ], [ 109.28475, 13.76244 ], [ 109.28416, 13.76293 ], [ 109.28448, 13.76338 ], [ 109.28422, 13.76392 ], [ 109.28393, 13.76442 ], [ 109.28384, 13.765 ], [ 109.28347, 13.7655 ], [ 109.28365, 13.76599 ], [ 109.28336, 13.76661 ], [ 109.28326, 13.76692 ], [ 109.28282, 13.76752 ], [ 109.28277, 13.76811 ], [ 109.28291, 13.76827 ], [ 109.28337, 13.76863 ], [ 109.2839, 13.76886 ], [ 109.28345, 13.76963 ], [ 109.28308, 13.77057 ], [ 109.28234, 13.77073 ], [ 109.28222, 13.77094 ], [ 109.28201, 13.77139 ], [ 109.28142, 13.77143 ], [ 109.28158, 13.77092 ], [ 109.28232, 13.77031 ], [ 109.28276, 13.77018 ], [ 109.28291, 13.7698 ], [ 109.28266, 13.76966 ], [ 109.28241, 13.76977 ], [ 109.28223, 13.76987 ], [ 109.28195, 13.76967 ], [ 109.28162, 13.76986 ], [ 109.28132, 13.76966 ], [ 109.2813, 13.76931 ], [ 109.28143, 13.7686 ], [ 109.28165, 13.76858 ], [ 109.28197, 13.76948 ], [ 109.2826, 13.76896 ], [ 109.28297, 13.7688 ], [ 109.28286, 13.76866 ], [ 109.28243, 13.76841 ], [ 109.28198, 13.76821 ], [ 109.28184, 13.76695 ], [ 109.28207, 13.76643 ], [ 109.28216, 13.76606 ], [ 109.28262, 13.76587 ], [ 109.28264, 13.76562 ], [ 109.28261, 13.76526 ], [ 109.28298, 13.7651 ], [ 109.28304, 13.7644 ], [ 109.28291, 13.76418 ], [ 109.28279, 13.7639 ], [ 109.28246, 13.76408 ], [ 109.2823, 13.76436 ], [ 109.28215, 13.76514 ], [ 109.28188, 13.76555 ], [ 109.28159, 13.76579 ], [ 109.28125, 13.76651 ], [ 109.28096, 13.76639 ], [ 109.28106, 13.76542 ], [ 109.28116, 13.76507 ], [ 109.28127, 13.7643 ], [ 109.28198, 13.76343 ], [ 109.2821, 13.76291 ], [ 109.28221, 13.76233 ], [ 109.28241, 13.76216 ], [ 109.28312, 13.76121 ], [ 109.28386, 13.7611 ], [ 109.28464, 13.76101 ], [ 109.28495, 13.76058 ], [ 109.28499, 13.76012 ], [ 109.28497, 13.75976 ], [ 109.28503, 13.75904 ], [ 109.28484, 13.75916 ], [ 109.28457, 13.75957 ], [ 109.28426, 13.75946 ], [ 109.28424, 13.75918 ], [ 109.2843, 13.7588 ], [ 109.28439, 13.75881 ], [ 109.28439, 13.75835 ], [ 109.28439, 13.75826 ], [ 109.2851, 13.75768 ], [ 109.28523, 13.75754 ], [ 109.28538, 13.75741 ], [ 109.28548, 13.75688 ], [ 109.28603, 13.75597 ], [ 109.28646, 13.75544 ], [ 109.28682, 13.75467 ], [ 109.28739, 13.75436 ], [ 109.28772, 13.75434 ], [ 109.28808, 13.75444 ], [ 109.2883, 13.75458 ], [ 109.2883, 13.75486 ], [ 109.28816, 13.75482 ], [ 109.28783, 13.75462 ], [ 109.28752, 13.75461 ], [ 109.28799, 13.75524 ], [ 109.28829, 13.75595 ], [ 109.28839, 13.75603 ], [ 109.28834, 13.75608 ], [ 109.28818, 13.75679 ], [ 109.28794, 13.75699 ], [ 109.2876, 13.75696 ], [ 109.28734, 13.75711 ], [ 109.28722, 13.75842 ], [ 109.28707, 13.75881 ], [ 109.28728, 13.76088 ], [ 109.28749, 13.76124 ], [ 109.28777, 13.76122 ], [ 109.28774, 13.76082 ], [ 109.28776, 13.76061 ], [ 109.2881, 13.76015 ], [ 109.28824, 13.75971 ], [ 109.28812, 13.75949 ], [ 109.28759, 13.75953 ], [ 109.28749, 13.75894 ], [ 109.28778, 13.7587 ], [ 109.28801, 13.75844 ], [ 109.28814, 13.75752 ], [ 109.28819, 13.75748 ] ], [ [ 109.28869, 13.76104 ], [ 109.28863, 13.76091 ], [ 109.28832, 13.76095 ], [ 109.28847, 13.76139 ], [ 109.28875, 13.76149 ], [ 109.28869, 13.76104 ] ], [ [ 109.28779, 13.76527 ], [ 109.28817, 13.76468 ], [ 109.28806, 13.76402 ], [ 109.28855, 13.76367 ], [ 109.28871, 13.76318 ], [ 109.28858, 13.76285 ], [ 109.28843, 13.76263 ], [ 109.28829, 13.76273 ], [ 109.28819, 13.76317 ], [ 109.28794, 13.7635 ], [ 109.28755, 13.76378 ], [ 109.28777, 13.76451 ], [ 109.28745, 13.76501 ], [ 109.28755, 13.76537 ], [ 109.28779, 13.76527 ] ], [ [ 109.2873, 13.76606 ], [ 109.28718, 13.76609 ], [ 109.28726, 13.76617 ], [ 109.2873, 13.76606 ] ], [ [ 109.28566, 13.76862 ], [ 109.28561, 13.76858 ], [ 109.28534, 13.76862 ], [ 109.28511, 13.76898 ], [ 109.28455, 13.7696 ], [ 109.28451, 13.77005 ], [ 109.28466, 13.77007 ], [ 109.28572, 13.76948 ], [ 109.28566, 13.76862 ] ], [ [ 109.28458, 13.77128 ], [ 109.28421, 13.77128 ], [ 109.28421, 13.77155 ], [ 109.28458, 13.77155 ], [ 109.28458, 13.77128 ] ], [ [ 109.28437, 13.77198 ], [ 109.2842, 13.77173 ], [ 109.28376, 13.77178 ], [ 109.28338, 13.77292 ], [ 109.28351, 13.77369 ], [ 109.28393, 13.774 ], [ 109.28396, 13.77376 ], [ 109.28395, 13.77367 ], [ 109.28406, 13.77322 ], [ 109.28415, 13.77267 ], [ 109.28437, 13.77198 ] ], [ [ 109.28328, 13.77199 ], [ 109.28306, 13.77204 ], [ 109.28316, 13.7722 ], [ 109.28328, 13.77199 ] ], [ [ 109.28312, 13.77336 ], [ 109.28299, 13.77299 ], [ 109.28249, 13.77308 ], [ 109.28247, 13.77348 ], [ 109.28248, 13.7738 ], [ 109.28247, 13.77402 ], [ 109.28265, 13.77403 ], [ 109.28312, 13.77336 ] ], [ [ 109.28449, 13.77412 ], [ 109.28478, 13.77414 ], [ 109.28531, 13.77387 ], [ 109.28566, 13.77476 ], [ 109.28607, 13.77479 ], [ 109.2861, 13.77443 ], [ 109.28581, 13.77402 ], [ 109.28622, 13.77366 ], [ 109.28608, 13.77319 ], [ 109.28572, 13.77287 ], [ 109.28568, 13.77282 ], [ 109.28521, 13.77288 ], [ 109.28507, 13.77313 ], [ 109.28497, 13.77334 ], [ 109.28452, 13.77373 ], [ 109.28449, 13.77412 ] ], [ [ 109.28478, 13.77332 ], [ 109.28484, 13.77282 ], [ 109.28427, 13.77288 ], [ 109.28423, 13.77319 ], [ 109.28446, 13.77349 ], [ 109.28478, 13.77332 ] ], [ [ 109.28335, 13.77407 ], [ 109.28303, 13.77413 ], [ 109.28248, 13.77457 ], [ 109.28181, 13.77468 ], [ 109.2812, 13.77463 ], [ 109.28049, 13.77522 ], [ 109.28053, 13.77583 ], [ 109.28088, 13.776 ], [ 109.28135, 13.77564 ], [ 109.28191, 13.77556 ], [ 109.28255, 13.77522 ], [ 109.28316, 13.77509 ], [ 109.28334, 13.77488 ], [ 109.28356, 13.7744 ], [ 109.28335, 13.77407 ] ], [ [ 109.28132, 13.77424 ], [ 109.2812, 13.77429 ], [ 109.28128, 13.77445 ], [ 109.28132, 13.77424 ] ], [ [ 109.2858, 13.77523 ], [ 109.28584, 13.77509 ], [ 109.28516, 13.77516 ], [ 109.28511, 13.77556 ], [ 109.28564, 13.77562 ], [ 109.2858, 13.77523 ] ], [ [ 109.27814, 13.77935 ], [ 109.27846, 13.77923 ], [ 109.27879, 13.77914 ], [ 109.27913, 13.77874 ], [ 109.28004, 13.77821 ], [ 109.28009, 13.77794 ], [ 109.27973, 13.77798 ], [ 109.27921, 13.77834 ], [ 109.27873, 13.77844 ], [ 109.27819, 13.77888 ], [ 109.27765, 13.77919 ], [ 109.27755, 13.77994 ], [ 109.27786, 13.77998 ], [ 109.27814, 13.77935 ] ], [ [ 109.27981, 13.78033 ], [ 109.27962, 13.78009 ], [ 109.27942, 13.77993 ], [ 109.27934, 13.77983 ], [ 109.27893, 13.77988 ], [ 109.27889, 13.78011 ], [ 109.27961, 13.78065 ], [ 109.27981, 13.78033 ] ], [ [ 109.27905, 13.78145 ], [ 109.27885, 13.78151 ], [ 109.27863, 13.78206 ], [ 109.27898, 13.7824 ], [ 109.27926, 13.7822 ], [ 109.27905, 13.78145 ] ], [ [ 109.27938, 13.78163 ], [ 109.27949, 13.78239 ], [ 109.27981, 13.78244 ], [ 109.27989, 13.78198 ], [ 109.27969, 13.78155 ], [ 109.27938, 13.78163 ] ], [ [ 109.27944, 13.78295 ], [ 109.27919, 13.78275 ], [ 109.27898, 13.78269 ], [ 109.27895, 13.78263 ], [ 109.27882, 13.7827 ], [ 109.27895, 13.78302 ], [ 109.27944, 13.78295 ] ], [ [ 109.27838, 13.78344 ], [ 109.27812, 13.78358 ], [ 109.2775, 13.78429 ], [ 109.2773, 13.78459 ], [ 109.27706, 13.78479 ], [ 109.27694, 13.78528 ], [ 109.27675, 13.78578 ], [ 109.27707, 13.78587 ], [ 109.27752, 13.78556 ], [ 109.27762, 13.78569 ], [ 109.27734, 13.78608 ], [ 109.27718, 13.78661 ], [ 109.27781, 13.78714 ], [ 109.27816, 13.78671 ], [ 109.27812, 13.78618 ], [ 109.27825, 13.78522 ], [ 109.27823, 13.78497 ], [ 109.27857, 13.78451 ], [ 109.27816, 13.78415 ], [ 109.27814, 13.78393 ], [ 109.27834, 13.78358 ], [ 109.27838, 13.78344 ] ], [ [ 109.27692, 13.78672 ], [ 109.27679, 13.78641 ], [ 109.27638, 13.78645 ], [ 109.27653, 13.78681 ], [ 109.27692, 13.78672 ] ], [ [ 109.27785, 13.78988 ], [ 109.27774, 13.78953 ], [ 109.27742, 13.78904 ], [ 109.2771, 13.78912 ], [ 109.2773, 13.78948 ], [ 109.2775, 13.79016 ], [ 109.27781, 13.79019 ], [ 109.27785, 13.78988 ] ], [ [ 109.27802, 13.7768 ], [ 109.27819, 13.77642 ], [ 109.27858, 13.77626 ], [ 109.27862, 13.77621 ], [ 109.27805, 13.77626 ], [ 109.27787, 13.77688 ], [ 109.27802, 13.7768 ] ], [ [ 109.28621, 13.75687 ], [ 109.28664, 13.75674 ], [ 109.2869, 13.75628 ], [ 109.28714, 13.75566 ], [ 109.28691, 13.7553 ], [ 109.28671, 13.75548 ], [ 109.28645, 13.75586 ], [ 109.28605, 13.75621 ], [ 109.28575, 13.75674 ], [ 109.28585, 13.757 ], [ 109.28621, 13.75687 ] ], [ [ 109.28575, 13.75823 ], [ 109.28613, 13.75773 ], [ 109.28606, 13.75755 ], [ 109.28572, 13.75761 ], [ 109.28537, 13.75805 ], [ 109.28549, 13.75831 ], [ 109.28575, 13.75823 ] ], [ [ 109.28338, 13.76175 ], [ 109.28345, 13.76151 ], [ 109.28306, 13.76162 ], [ 109.28275, 13.7621 ], [ 109.28247, 13.76247 ], [ 109.28283, 13.76246 ], [ 109.28338, 13.76175 ] ], [ [ 109.2832, 13.76236 ], [ 109.28303, 13.76264 ], [ 109.28275, 13.76301 ], [ 109.28288, 13.76344 ], [ 109.28328, 13.76335 ], [ 109.28339, 13.76254 ], [ 109.28349, 13.76228 ], [ 109.28353, 13.76214 ], [ 109.2832, 13.76236 ] ], [ [ 109.28334, 13.76368 ], [ 109.28322, 13.76371 ], [ 109.28331, 13.76379 ], [ 109.28334, 13.76368 ] ], [ [ 109.28355, 13.76475 ], [ 109.28361, 13.7644 ], [ 109.28329, 13.76449 ], [ 109.28339, 13.76489 ], [ 109.28355, 13.76475 ] ], [ [ 109.28178, 13.7652 ], [ 109.28202, 13.76459 ], [ 109.28195, 13.76439 ], [ 109.28146, 13.76448 ], [ 109.28137, 13.76542 ], [ 109.28178, 13.7652 ] ] ], [ [ [ 109.27947, 13.79146 ], [ 109.27919, 13.79144 ], [ 109.27902, 13.79126 ], [ 109.2789, 13.79117 ], [ 109.27855, 13.79136 ], [ 109.27835, 13.79134 ], [ 109.27839, 13.79074 ], [ 109.27867, 13.79063 ], [ 109.27893, 13.79091 ], [ 109.27937, 13.79089 ], [ 109.27949, 13.79016 ], [ 109.27983, 13.78986 ], [ 109.27965, 13.78973 ], [ 109.27916, 13.78999 ], [ 109.27864, 13.7898 ], [ 109.27867, 13.78939 ], [ 109.27906, 13.78842 ], [ 109.27964, 13.7877 ], [ 109.28027, 13.78748 ], [ 109.28056, 13.7878 ], [ 109.2809, 13.7875 ], [ 109.28045, 13.78736 ], [ 109.28035, 13.7868 ], [ 109.28076, 13.78655 ], [ 109.28152, 13.78633 ], [ 109.2818, 13.78515 ], [ 109.28227, 13.78487 ], [ 109.28257, 13.78424 ], [ 109.28324, 13.78388 ], [ 109.28346, 13.78355 ], [ 109.28342, 13.78296 ], [ 109.28313, 13.78298 ], [ 109.28297, 13.78316 ], [ 109.28248, 13.78349 ], [ 109.2825, 13.78378 ], [ 109.28249, 13.78392 ], [ 109.2825, 13.78406 ], [ 109.282, 13.78428 ], [ 109.28159, 13.78455 ], [ 109.28031, 13.78438 ], [ 109.28019, 13.78363 ], [ 109.28102, 13.78332 ], [ 109.28133, 13.78312 ], [ 109.28158, 13.7826 ], [ 109.28174, 13.78252 ], [ 109.28245, 13.7831 ], [ 109.28287, 13.78288 ], [ 109.28308, 13.78279 ], [ 109.28331, 13.78254 ], [ 109.28305, 13.78207 ], [ 109.28309, 13.78144 ], [ 109.28388, 13.78076 ], [ 109.2842, 13.78063 ], [ 109.28436, 13.78101 ], [ 109.28372, 13.7813 ], [ 109.28353, 13.78208 ], [ 109.28336, 13.78252 ], [ 109.28359, 13.78279 ], [ 109.2843, 13.78251 ], [ 109.28464, 13.78181 ], [ 109.28502, 13.78136 ], [ 109.285, 13.78101 ], [ 109.2852, 13.78073 ], [ 109.28539, 13.78039 ], [ 109.28498, 13.78027 ], [ 109.28484, 13.78006 ], [ 109.28551, 13.77959 ], [ 109.28547, 13.7788 ], [ 109.28552, 13.77866 ], [ 109.28591, 13.77887 ], [ 109.28604, 13.77929 ], [ 109.28623, 13.77956 ], [ 109.28632, 13.77986 ], [ 109.28579, 13.78079 ], [ 109.28528, 13.78137 ], [ 109.28531, 13.78193 ], [ 109.28505, 13.78283 ], [ 109.28433, 13.78363 ], [ 109.28387, 13.78459 ], [ 109.2832, 13.78488 ], [ 109.28291, 13.78561 ], [ 109.28258, 13.78619 ], [ 109.28252, 13.78636 ], [ 109.28247, 13.7864 ], [ 109.28222, 13.7868 ], [ 109.28211, 13.78731 ], [ 109.28183, 13.78792 ], [ 109.28177, 13.78825 ], [ 109.28168, 13.78825 ], [ 109.28168, 13.78834 ], [ 109.28098, 13.78892 ], [ 109.27996, 13.78985 ], [ 109.28016, 13.79022 ], [ 109.28013, 13.79073 ], [ 109.27947, 13.79146 ] ], [ [ 109.28099, 13.78793 ], [ 109.28025, 13.78833 ], [ 109.28036, 13.78864 ], [ 109.28093, 13.78868 ], [ 109.28153, 13.78831 ], [ 109.28159, 13.78762 ], [ 109.28124, 13.78766 ], [ 109.28099, 13.78793 ] ], [ [ 109.28119, 13.78693 ], [ 109.28128, 13.7872 ], [ 109.28155, 13.7871 ], [ 109.2816, 13.7869 ], [ 109.28119, 13.78693 ] ], [ [ 109.28213, 13.78614 ], [ 109.28221, 13.78629 ], [ 109.28225, 13.78609 ], [ 109.28213, 13.78614 ] ], [ [ 109.28181, 13.78319 ], [ 109.28169, 13.78324 ], [ 109.28177, 13.7834 ], [ 109.28181, 13.78319 ] ], [ [ 109.28162, 13.784 ], [ 109.2815, 13.78403 ], [ 109.28158, 13.78411 ], [ 109.28162, 13.784 ] ] ], [ [ [ 109.26935, 13.79138 ], [ 109.26997, 13.79163 ], [ 109.2699, 13.79201 ], [ 109.27024, 13.79226 ], [ 109.27023, 13.79264 ], [ 109.26974, 13.79244 ], [ 109.26902, 13.7918 ], [ 109.26876, 13.79119 ], [ 109.26917, 13.79115 ], [ 109.26935, 13.79138 ] ] ], [ [ [ 109.27042, 13.79271 ], [ 109.27034, 13.79263 ], [ 109.27046, 13.7926 ], [ 109.27042, 13.79271 ] ] ], [ [ [ 109.28913, 13.79355 ], [ 109.289, 13.79346 ], [ 109.28913, 13.79337 ], [ 109.28913, 13.79355 ] ] ], [ [ [ 109.26713, 13.76664 ], [ 109.26728, 13.76651 ], [ 109.26727, 13.7663 ], [ 109.26663, 13.76605 ], [ 109.26626, 13.76577 ], [ 109.26568, 13.76568 ], [ 109.26508, 13.76547 ], [ 109.2647, 13.76495 ], [ 109.26441, 13.76457 ], [ 109.26424, 13.76422 ], [ 109.26409, 13.76394 ], [ 109.26388, 13.76348 ], [ 109.26416, 13.76323 ], [ 109.26426, 13.76272 ], [ 109.26468, 13.76253 ], [ 109.26488, 13.76192 ], [ 109.26555, 13.76161 ], [ 109.26584, 13.76142 ], [ 109.26613, 13.76144 ], [ 109.2661, 13.76191 ], [ 109.26573, 13.76224 ], [ 109.26546, 13.76278 ], [ 109.26521, 13.7629 ], [ 109.26536, 13.76333 ], [ 109.2655, 13.76406 ], [ 109.2659, 13.76432 ], [ 109.26618, 13.76451 ], [ 109.2667, 13.76475 ], [ 109.26717, 13.76511 ], [ 109.26697, 13.76548 ], [ 109.26722, 13.76569 ], [ 109.26746, 13.76541 ], [ 109.26728, 13.76524 ], [ 109.26719, 13.76495 ], [ 109.26767, 13.76497 ], [ 109.26765, 13.76549 ], [ 109.26795, 13.76587 ], [ 109.26848, 13.76561 ], [ 109.26883, 13.76562 ], [ 109.26967, 13.76529 ], [ 109.26982, 13.765 ], [ 109.26945, 13.76483 ], [ 109.2701, 13.76446 ], [ 109.27005, 13.76286 ], [ 109.27027, 13.76245 ], [ 109.27059, 13.76246 ], [ 109.27118, 13.76244 ], [ 109.27163, 13.76214 ], [ 109.27288, 13.76352 ], [ 109.27328, 13.76413 ], [ 109.27343, 13.76523 ], [ 109.27334, 13.7671 ], [ 109.27306, 13.76749 ], [ 109.27319, 13.7681 ], [ 109.27316, 13.76866 ], [ 109.27327, 13.76908 ], [ 109.27335, 13.76953 ], [ 109.27345, 13.76998 ], [ 109.27356, 13.77074 ], [ 109.27332, 13.77119 ], [ 109.27306, 13.77142 ], [ 109.27297, 13.77198 ], [ 109.27317, 13.77216 ], [ 109.27314, 13.77263 ], [ 109.27261, 13.7731 ], [ 109.27231, 13.77355 ], [ 109.272, 13.77398 ], [ 109.2718, 13.77416 ], [ 109.27113, 13.77458 ], [ 109.27091, 13.77503 ], [ 109.27053, 13.77563 ], [ 109.27054, 13.77594 ], [ 109.27091, 13.77593 ], [ 109.27135, 13.77527 ], [ 109.27224, 13.77448 ], [ 109.27293, 13.77452 ], [ 109.27353, 13.77421 ], [ 109.27411, 13.77424 ], [ 109.27424, 13.77478 ], [ 109.27449, 13.77564 ], [ 109.27511, 13.7764 ], [ 109.27524, 13.7775 ], [ 109.2754, 13.77828 ], [ 109.27511, 13.7788 ], [ 109.2748, 13.77975 ], [ 109.27547, 13.77988 ], [ 109.27521, 13.78048 ], [ 109.27512, 13.78077 ], [ 109.27513, 13.78102 ], [ 109.27511, 13.78129 ], [ 109.27513, 13.78189 ], [ 109.275, 13.78282 ], [ 109.27502, 13.78332 ], [ 109.27501, 13.78357 ], [ 109.27482, 13.78391 ], [ 109.27452, 13.78459 ], [ 109.27455, 13.78534 ], [ 109.27434, 13.78589 ], [ 109.27423, 13.78643 ], [ 109.27429, 13.78801 ], [ 109.27357, 13.7888 ], [ 109.27321, 13.78896 ], [ 109.27295, 13.78909 ], [ 109.27312, 13.78941 ], [ 109.2732, 13.78969 ], [ 109.27333, 13.79005 ], [ 109.27355, 13.79032 ], [ 109.27385, 13.78987 ], [ 109.27409, 13.7896 ], [ 109.27394, 13.79014 ], [ 109.27382, 13.7915 ], [ 109.27284, 13.79218 ], [ 109.27245, 13.79228 ], [ 109.27274, 13.79175 ], [ 109.27272, 13.79113 ], [ 109.27278, 13.78988 ], [ 109.27256, 13.78925 ], [ 109.2721, 13.78896 ], [ 109.27201, 13.78884 ], [ 109.2722, 13.78832 ], [ 109.27229, 13.78795 ], [ 109.27188, 13.78769 ], [ 109.27123, 13.78817 ], [ 109.27102, 13.78881 ], [ 109.27154, 13.78957 ], [ 109.27163, 13.79041 ], [ 109.27143, 13.79077 ], [ 109.27144, 13.79103 ], [ 109.27142, 13.79148 ], [ 109.27104, 13.79195 ], [ 109.27049, 13.79192 ], [ 109.27051, 13.79145 ], [ 109.27098, 13.79104 ], [ 109.27107, 13.79038 ], [ 109.2707, 13.79021 ], [ 109.27046, 13.79008 ], [ 109.27033, 13.79022 ], [ 109.27034, 13.79048 ], [ 109.27013, 13.79086 ], [ 109.26896, 13.79081 ], [ 109.26825, 13.79044 ], [ 109.26785, 13.79064 ], [ 109.26768, 13.79064 ], [ 109.2672, 13.78982 ], [ 109.26699, 13.78953 ], [ 109.26675, 13.78902 ], [ 109.2665, 13.78873 ], [ 109.26637, 13.78903 ], [ 109.26667, 13.7896 ], [ 109.26654, 13.79021 ], [ 109.26592, 13.79076 ], [ 109.26567, 13.79114 ], [ 109.26489, 13.79156 ], [ 109.26413, 13.7917 ], [ 109.26378, 13.79181 ], [ 109.26353, 13.79233 ], [ 109.26328, 13.79277 ], [ 109.26306, 13.79323 ], [ 109.26282, 13.79395 ], [ 109.26263, 13.79395 ], [ 109.26246, 13.79268 ], [ 109.26235, 13.79238 ], [ 109.26214, 13.79218 ], [ 109.26214, 13.79164 ], [ 109.26236, 13.79145 ], [ 109.26247, 13.79106 ], [ 109.26257, 13.79012 ], [ 109.26313, 13.78919 ], [ 109.26311, 13.78873 ], [ 109.26342, 13.78856 ], [ 109.264, 13.78888 ], [ 109.26424, 13.78826 ], [ 109.26452, 13.78778 ], [ 109.26458, 13.78681 ], [ 109.26428, 13.78626 ], [ 109.26424, 13.7855 ], [ 109.26444, 13.78529 ], [ 109.26477, 13.78555 ], [ 109.2653, 13.78629 ], [ 109.26581, 13.78723 ], [ 109.26592, 13.78764 ], [ 109.26606, 13.78827 ], [ 109.26638, 13.78829 ], [ 109.26648, 13.78735 ], [ 109.26675, 13.78712 ], [ 109.26685, 13.78665 ], [ 109.26713, 13.786 ], [ 109.26673, 13.78553 ], [ 109.26658, 13.78566 ], [ 109.26641, 13.78584 ], [ 109.26612, 13.78572 ], [ 109.26611, 13.78548 ], [ 109.26614, 13.78506 ], [ 109.26585, 13.7843 ], [ 109.26576, 13.78403 ], [ 109.26571, 13.78398 ], [ 109.26588, 13.78378 ], [ 109.26659, 13.78367 ], [ 109.26673, 13.78363 ], [ 109.26689, 13.78403 ], [ 109.2675, 13.78393 ], [ 109.26757, 13.7835 ], [ 109.26738, 13.78336 ], [ 109.26741, 13.7833 ], [ 109.26766, 13.78318 ], [ 109.26777, 13.78327 ], [ 109.26791, 13.7839 ], [ 109.26844, 13.78422 ], [ 109.2686, 13.78409 ], [ 109.26836, 13.7835 ], [ 109.26817, 13.78319 ], [ 109.26812, 13.78291 ], [ 109.26868, 13.78265 ], [ 109.26882, 13.78305 ], [ 109.26869, 13.78342 ], [ 109.26886, 13.78391 ], [ 109.269, 13.78466 ], [ 109.26932, 13.78582 ], [ 109.26978, 13.78631 ], [ 109.2699, 13.78595 ], [ 109.27019, 13.7856 ], [ 109.27028, 13.78532 ], [ 109.27087, 13.78505 ], [ 109.27121, 13.78445 ], [ 109.27121, 13.78434 ], [ 109.27106, 13.78376 ], [ 109.27124, 13.78287 ], [ 109.27255, 13.7827 ], [ 109.27289, 13.78224 ], [ 109.27259, 13.7811 ], [ 109.27226, 13.78048 ], [ 109.2724, 13.78017 ], [ 109.27263, 13.77974 ], [ 109.27285, 13.77931 ], [ 109.27335, 13.77915 ], [ 109.27352, 13.77884 ], [ 109.27339, 13.77811 ], [ 109.27329, 13.77767 ], [ 109.27316, 13.77697 ], [ 109.27265, 13.7767 ], [ 109.27266, 13.77708 ], [ 109.27255, 13.77748 ], [ 109.27245, 13.7782 ], [ 109.27209, 13.77784 ], [ 109.27209, 13.77766 ], [ 109.27237, 13.77714 ], [ 109.27225, 13.77684 ], [ 109.27187, 13.77704 ], [ 109.2717, 13.77756 ], [ 109.27118, 13.77809 ], [ 109.27055, 13.77845 ], [ 109.26997, 13.77918 ], [ 109.26991, 13.77949 ], [ 109.2697, 13.77966 ], [ 109.26939, 13.78044 ], [ 109.26934, 13.78048 ], [ 109.26925, 13.78048 ], [ 109.26925, 13.78039 ], [ 109.2693, 13.78026 ], [ 109.26968, 13.77945 ], [ 109.26986, 13.77899 ], [ 109.27005, 13.77873 ], [ 109.27033, 13.77832 ], [ 109.27125, 13.77766 ], [ 109.27145, 13.77738 ], [ 109.27165, 13.77708 ], [ 109.27225, 13.77653 ], [ 109.27274, 13.77603 ], [ 109.273, 13.77615 ], [ 109.27322, 13.77661 ], [ 109.27377, 13.77741 ], [ 109.27375, 13.7782 ], [ 109.27393, 13.77856 ], [ 109.27384, 13.77893 ], [ 109.27348, 13.77974 ], [ 109.27382, 13.77975 ], [ 109.27441, 13.77953 ], [ 109.27458, 13.77921 ], [ 109.27469, 13.77859 ], [ 109.27514, 13.77801 ], [ 109.27492, 13.77694 ], [ 109.27451, 13.77614 ], [ 109.27398, 13.77505 ], [ 109.27368, 13.77495 ], [ 109.27341, 13.77496 ], [ 109.27287, 13.77477 ], [ 109.2725, 13.77476 ], [ 109.272, 13.77499 ], [ 109.27058, 13.77652 ], [ 109.2699, 13.77715 ], [ 109.26978, 13.77737 ], [ 109.26969, 13.77773 ], [ 109.26959, 13.77809 ], [ 109.2695, 13.77845 ], [ 109.26922, 13.77881 ], [ 109.26903, 13.7797 ], [ 109.26893, 13.77989 ], [ 109.26889, 13.77994 ], [ 109.2687, 13.77957 ], [ 109.26877, 13.77952 ], [ 109.26873, 13.77903 ], [ 109.26885, 13.77872 ], [ 109.26894, 13.77808 ], [ 109.26914, 13.77782 ], [ 109.2695, 13.77718 ], [ 109.26968, 13.77704 ], [ 109.26988, 13.77674 ], [ 109.26972, 13.77656 ], [ 109.26896, 13.77709 ], [ 109.2688, 13.77718 ], [ 109.26868, 13.77656 ], [ 109.26906, 13.7761 ], [ 109.26919, 13.77582 ], [ 109.26934, 13.77556 ], [ 109.26954, 13.77504 ], [ 109.26948, 13.77425 ], [ 109.26974, 13.77391 ], [ 109.26969, 13.7733 ], [ 109.27011, 13.77259 ], [ 109.27005, 13.77187 ], [ 109.27021, 13.77117 ], [ 109.27009, 13.77073 ], [ 109.27015, 13.77016 ], [ 109.27048, 13.77002 ], [ 109.27075, 13.77033 ], [ 109.27055, 13.77102 ], [ 109.27064, 13.77221 ], [ 109.27088, 13.77254 ], [ 109.27106, 13.77299 ], [ 109.27084, 13.77306 ], [ 109.2708, 13.77354 ], [ 109.27107, 13.77385 ], [ 109.27119, 13.77333 ], [ 109.27106, 13.77299 ], [ 109.27146, 13.77278 ], [ 109.27159, 13.77233 ], [ 109.2718, 13.77187 ], [ 109.27223, 13.77154 ], [ 109.27232, 13.77114 ], [ 109.27256, 13.77039 ], [ 109.27222, 13.76943 ], [ 109.27207, 13.76924 ], [ 109.27188, 13.76909 ], [ 109.27176, 13.76854 ], [ 109.27138, 13.76802 ], [ 109.27156, 13.76741 ], [ 109.27131, 13.7671 ], [ 109.27098, 13.76684 ], [ 109.2709, 13.7662 ], [ 109.27126, 13.76599 ], [ 109.27136, 13.76567 ], [ 109.27189, 13.76574 ], [ 109.27204, 13.76499 ], [ 109.27192, 13.76454 ], [ 109.27182, 13.76437 ], [ 109.27173, 13.76396 ], [ 109.27149, 13.76356 ], [ 109.2713, 13.7631 ], [ 109.27082, 13.76337 ], [ 109.2709, 13.76373 ], [ 109.27116, 13.76433 ], [ 109.27089, 13.76527 ], [ 109.27071, 13.76557 ], [ 109.27057, 13.76604 ], [ 109.27001, 13.76647 ], [ 109.26979, 13.76696 ], [ 109.26967, 13.76706 ], [ 109.26963, 13.76711 ], [ 109.26948, 13.76715 ], [ 109.26922, 13.76725 ], [ 109.26857, 13.76733 ], [ 109.26808, 13.76727 ], [ 109.26778, 13.76746 ], [ 109.26763, 13.76738 ], [ 109.26759, 13.76718 ], [ 109.26778, 13.76712 ], [ 109.26892, 13.76719 ], [ 109.26958, 13.7669 ], [ 109.26959, 13.76679 ], [ 109.26934, 13.76644 ], [ 109.26998, 13.7663 ], [ 109.27026, 13.76606 ], [ 109.27079, 13.76512 ], [ 109.27085, 13.76425 ], [ 109.27057, 13.76382 ], [ 109.27053, 13.7639 ], [ 109.27038, 13.76481 ], [ 109.27009, 13.76541 ], [ 109.26978, 13.76562 ], [ 109.26921, 13.76572 ], [ 109.2684, 13.76604 ], [ 109.26776, 13.76616 ], [ 109.26752, 13.76691 ], [ 109.26741, 13.767 ], [ 109.26723, 13.76691 ], [ 109.26713, 13.76673 ], [ 109.26713, 13.76664 ] ], [ [ 109.26508, 13.76468 ], [ 109.26525, 13.76494 ], [ 109.2653, 13.76464 ], [ 109.26508, 13.76468 ] ], [ [ 109.27255, 13.76573 ], [ 109.27276, 13.76541 ], [ 109.27311, 13.76512 ], [ 109.27301, 13.76447 ], [ 109.27277, 13.76394 ], [ 109.27206, 13.76315 ], [ 109.27183, 13.76322 ], [ 109.27194, 13.76364 ], [ 109.2724, 13.76448 ], [ 109.27219, 13.76523 ], [ 109.27231, 13.76599 ], [ 109.27255, 13.76573 ] ], [ [ 109.27293, 13.76597 ], [ 109.27311, 13.76613 ], [ 109.27315, 13.76587 ], [ 109.27293, 13.76597 ] ], [ [ 109.27307, 13.77013 ], [ 109.27317, 13.76944 ], [ 109.27285, 13.7687 ], [ 109.27294, 13.76801 ], [ 109.27281, 13.76754 ], [ 109.2727, 13.76701 ], [ 109.27277, 13.76642 ], [ 109.27259, 13.76613 ], [ 109.27244, 13.76626 ], [ 109.27249, 13.76668 ], [ 109.27244, 13.76704 ], [ 109.27177, 13.76696 ], [ 109.27196, 13.76783 ], [ 109.27207, 13.76861 ], [ 109.27251, 13.76916 ], [ 109.27261, 13.76971 ], [ 109.27271, 13.76997 ], [ 109.27283, 13.77041 ], [ 109.27307, 13.77013 ] ], [ [ 109.27046, 13.77529 ], [ 109.27081, 13.77483 ], [ 109.27071, 13.774 ], [ 109.27041, 13.77353 ], [ 109.27018, 13.77359 ], [ 109.27007, 13.77445 ], [ 109.26965, 13.77513 ], [ 109.26955, 13.77592 ], [ 109.26976, 13.77619 ], [ 109.27013, 13.77606 ], [ 109.27046, 13.77529 ] ], [ [ 109.2733, 13.78056 ], [ 109.27309, 13.78106 ], [ 109.273, 13.78138 ], [ 109.27333, 13.78173 ], [ 109.27346, 13.78111 ], [ 109.27392, 13.781 ], [ 109.27397, 13.78061 ], [ 109.27373, 13.78064 ], [ 109.27355, 13.78075 ], [ 109.27346, 13.78064 ], [ 109.2733, 13.78056 ] ], [ [ 109.27465, 13.7812 ], [ 109.27429, 13.78156 ], [ 109.27391, 13.78164 ], [ 109.27356, 13.78182 ], [ 109.27324, 13.78192 ], [ 109.27307, 13.78254 ], [ 109.27279, 13.78294 ], [ 109.27301, 13.78307 ], [ 109.27361, 13.78246 ], [ 109.27381, 13.78311 ], [ 109.27334, 13.78398 ], [ 109.27347, 13.78526 ], [ 109.27388, 13.78515 ], [ 109.27389, 13.78485 ], [ 109.27389, 13.78455 ], [ 109.27398, 13.78436 ], [ 109.27431, 13.78406 ], [ 109.27452, 13.78241 ], [ 109.27485, 13.78195 ], [ 109.2748, 13.78106 ], [ 109.27465, 13.7812 ] ], [ [ 109.27322, 13.78492 ], [ 109.27311, 13.78358 ], [ 109.27288, 13.78362 ], [ 109.27279, 13.78381 ], [ 109.27252, 13.78428 ], [ 109.27246, 13.78495 ], [ 109.27276, 13.78512 ], [ 109.27322, 13.78492 ] ], [ [ 109.27226, 13.78629 ], [ 109.27244, 13.78566 ], [ 109.27228, 13.78503 ], [ 109.27235, 13.784 ], [ 109.27198, 13.7838 ], [ 109.27153, 13.78432 ], [ 109.27121, 13.78518 ], [ 109.27139, 13.78551 ], [ 109.27098, 13.78637 ], [ 109.27102, 13.7871 ], [ 109.27054, 13.78769 ], [ 109.27067, 13.78795 ], [ 109.27126, 13.78783 ], [ 109.27141, 13.78679 ], [ 109.27171, 13.78634 ], [ 109.27226, 13.78629 ], [ 109.27229, 13.78668 ], [ 109.27242, 13.78652 ], [ 109.27232, 13.78632 ], [ 109.27226, 13.78629 ] ], [ [ 109.27334, 13.78571 ], [ 109.27342, 13.78615 ], [ 109.27368, 13.78606 ], [ 109.27378, 13.78583 ], [ 109.27359, 13.78572 ], [ 109.27356, 13.78566 ], [ 109.27334, 13.78571 ] ], [ [ 109.27069, 13.78601 ], [ 109.27037, 13.7861 ], [ 109.27062, 13.78622 ], [ 109.27069, 13.78601 ] ], [ [ 109.26829, 13.78662 ], [ 109.26814, 13.78649 ], [ 109.2681, 13.78644 ], [ 109.2677, 13.78651 ], [ 109.2676, 13.78761 ], [ 109.26844, 13.78784 ], [ 109.26896, 13.78772 ], [ 109.26885, 13.78726 ], [ 109.26829, 13.78662 ] ], [ [ 109.26732, 13.78695 ], [ 109.26736, 13.78662 ], [ 109.26714, 13.78672 ], [ 109.26722, 13.78701 ], [ 109.26732, 13.78695 ] ], [ [ 109.26705, 13.78778 ], [ 109.26698, 13.7877 ], [ 109.2667, 13.78774 ], [ 109.26664, 13.78814 ], [ 109.26677, 13.78846 ], [ 109.26707, 13.78885 ], [ 109.26792, 13.78916 ], [ 109.26843, 13.78946 ], [ 109.26862, 13.78937 ], [ 109.26842, 13.78885 ], [ 109.26861, 13.78862 ], [ 109.26904, 13.78888 ], [ 109.2695, 13.78947 ], [ 109.26978, 13.78936 ], [ 109.2696, 13.789 ], [ 109.26914, 13.78841 ], [ 109.26882, 13.78836 ], [ 109.26836, 13.78843 ], [ 109.26791, 13.7881 ], [ 109.26705, 13.78778 ] ], [ [ 109.26616, 13.7887 ], [ 109.26605, 13.78841 ], [ 109.26564, 13.78848 ], [ 109.26575, 13.78935 ], [ 109.26607, 13.78939 ], [ 109.26616, 13.7887 ] ], [ [ 109.26465, 13.78936 ], [ 109.26442, 13.78918 ], [ 109.26438, 13.78912 ], [ 109.2636, 13.78916 ], [ 109.26341, 13.78979 ], [ 109.26422, 13.7897 ], [ 109.26465, 13.78936 ] ], [ [ 109.26598, 13.78963 ], [ 109.26559, 13.79004 ], [ 109.26488, 13.7904 ], [ 109.26423, 13.79069 ], [ 109.26436, 13.79097 ], [ 109.26515, 13.79101 ], [ 109.26618, 13.78991 ], [ 109.26622, 13.78959 ], [ 109.26598, 13.78963 ] ], [ [ 109.26468, 13.79007 ], [ 109.26474, 13.78985 ], [ 109.26435, 13.78995 ], [ 109.2643, 13.79016 ], [ 109.26468, 13.79007 ] ], [ [ 109.26317, 13.79011 ], [ 109.26296, 13.79017 ], [ 109.26285, 13.79086 ], [ 109.26312, 13.79066 ], [ 109.26317, 13.79011 ] ], [ [ 109.26988, 13.78867 ], [ 109.27044, 13.7893 ], [ 109.2706, 13.78966 ], [ 109.27108, 13.78953 ], [ 109.27095, 13.78933 ], [ 109.27042, 13.78909 ], [ 109.26998, 13.78813 ], [ 109.26989, 13.78785 ], [ 109.2696, 13.78743 ], [ 109.26962, 13.78713 ], [ 109.26948, 13.7869 ], [ 109.26907, 13.78697 ], [ 109.26918, 13.78767 ], [ 109.26973, 13.78833 ], [ 109.26988, 13.78867 ] ], [ [ 109.27, 13.78692 ], [ 109.27009, 13.7873 ], [ 109.27042, 13.78722 ], [ 109.27048, 13.78698 ], [ 109.27041, 13.78682 ], [ 109.27, 13.78692 ] ], [ [ 109.2728, 13.78801 ], [ 109.27269, 13.78804 ], [ 109.27277, 13.78812 ], [ 109.2728, 13.78801 ] ], [ [ 109.26798, 13.78978 ], [ 109.26795, 13.78967 ], [ 109.26787, 13.78975 ], [ 109.26798, 13.78978 ], [ 109.26798, 13.78987 ], [ 109.26807, 13.78987 ], [ 109.2681, 13.78998 ], [ 109.26818, 13.78991 ], [ 109.26807, 13.78987 ], [ 109.26807, 13.78978 ], [ 109.26798, 13.78978 ] ], [ [ 109.26335, 13.79221 ], [ 109.26371, 13.79144 ], [ 109.26309, 13.79133 ], [ 109.26298, 13.79119 ], [ 109.26268, 13.79128 ], [ 109.2626, 13.79182 ], [ 109.26302, 13.7925 ], [ 109.26335, 13.79221 ] ], [ [ 109.26536, 13.78778 ], [ 109.26555, 13.78809 ], [ 109.26572, 13.78793 ], [ 109.26559, 13.7876 ], [ 109.26536, 13.78778 ] ], [ [ 109.26763, 13.78576 ], [ 109.2678, 13.78598 ], [ 109.26824, 13.78566 ], [ 109.26813, 13.78504 ], [ 109.26794, 13.78473 ], [ 109.26784, 13.78436 ], [ 109.26743, 13.78441 ], [ 109.2675, 13.78468 ], [ 109.26772, 13.78517 ], [ 109.26763, 13.78576 ] ], [ [ 109.26718, 13.78533 ], [ 109.26705, 13.78457 ], [ 109.26695, 13.78449 ], [ 109.26691, 13.78444 ], [ 109.2666, 13.78452 ], [ 109.26652, 13.785 ], [ 109.26689, 13.78548 ], [ 109.26718, 13.78533 ] ] ], [ [ [ 109.28583, 13.7941 ], [ 109.28564, 13.79437 ], [ 109.28539, 13.79387 ], [ 109.28571, 13.79379 ], [ 109.28583, 13.7941 ] ] ], [ [ [ 109.28875, 13.79508 ], [ 109.28879, 13.79503 ], [ 109.28935, 13.79454 ], [ 109.28922, 13.79418 ], [ 109.2894, 13.79418 ], [ 109.2894, 13.79427 ], [ 109.2895, 13.79427 ], [ 109.2894, 13.79445 ], [ 109.28949, 13.79463 ], [ 109.28949, 13.79472 ], [ 109.28935, 13.79476 ], [ 109.28914, 13.79502 ], [ 109.28875, 13.79508 ] ] ], [ [ [ 109.28875, 13.79508 ], [ 109.28872, 13.79523 ], [ 109.28847, 13.79535 ], [ 109.28838, 13.79535 ], [ 109.28838, 13.79544 ], [ 109.28828, 13.79544 ], [ 109.28828, 13.79553 ], [ 109.28819, 13.79553 ], [ 109.28819, 13.79571 ], [ 109.2881, 13.79571 ], [ 109.2881, 13.79589 ], [ 109.288, 13.79589 ], [ 109.288, 13.79598 ], [ 109.28794, 13.7961 ], [ 109.28782, 13.79616 ], [ 109.28772, 13.79616 ], [ 109.2879, 13.79589 ], [ 109.28813, 13.79541 ], [ 109.28875, 13.79508 ] ] ], [ [ [ 109.28772, 13.79616 ], [ 109.28772, 13.79625 ], [ 109.28754, 13.79625 ], [ 109.28754, 13.79616 ], [ 109.28772, 13.79616 ] ] ], [ [ [ 109.28754, 13.79625 ], [ 109.28754, 13.79634 ], [ 109.28745, 13.79634 ], [ 109.28745, 13.79625 ], [ 109.28754, 13.79625 ] ] ], [ [ [ 109.28139, 13.79487 ], [ 109.28145, 13.79595 ], [ 109.28111, 13.79615 ], [ 109.28097, 13.79631 ], [ 109.28083, 13.79607 ], [ 109.28075, 13.79552 ], [ 109.28048, 13.79487 ], [ 109.2806, 13.79452 ], [ 109.28095, 13.79372 ], [ 109.2812, 13.79284 ], [ 109.28149, 13.79194 ], [ 109.28166, 13.79165 ], [ 109.28183, 13.79093 ], [ 109.28229, 13.79016 ], [ 109.28273, 13.78978 ], [ 109.28231, 13.78912 ], [ 109.28215, 13.78922 ], [ 109.28192, 13.78947 ], [ 109.28187, 13.78925 ], [ 109.28211, 13.7885 ], [ 109.2825, 13.7879 ], [ 109.28266, 13.78756 ], [ 109.28329, 13.7876 ], [ 109.2834, 13.78741 ], [ 109.28352, 13.78671 ], [ 109.28382, 13.78624 ], [ 109.28436, 13.78612 ], [ 109.28417, 13.78561 ], [ 109.28443, 13.78516 ], [ 109.28452, 13.78497 ], [ 109.28476, 13.78484 ], [ 109.2848, 13.78498 ], [ 109.2849, 13.78526 ], [ 109.2846, 13.78605 ], [ 109.2847, 13.78643 ], [ 109.28449, 13.78719 ], [ 109.28452, 13.78765 ], [ 109.28441, 13.78787 ], [ 109.28397, 13.78864 ], [ 109.28458, 13.789 ], [ 109.28436, 13.78912 ], [ 109.28378, 13.78933 ], [ 109.2843, 13.78999 ], [ 109.28421, 13.79058 ], [ 109.28391, 13.79126 ], [ 109.28393, 13.79157 ], [ 109.28391, 13.79184 ], [ 109.28419, 13.79209 ], [ 109.28408, 13.79247 ], [ 109.28382, 13.7922 ], [ 109.28371, 13.79184 ], [ 109.28364, 13.79192 ], [ 109.28365, 13.79209 ], [ 109.28348, 13.79269 ], [ 109.28334, 13.794 ], [ 109.2828, 13.79374 ], [ 109.28269, 13.7932 ], [ 109.28274, 13.79247 ], [ 109.28232, 13.79276 ], [ 109.28215, 13.79327 ], [ 109.28196, 13.79372 ], [ 109.28179, 13.79424 ], [ 109.28139, 13.79487 ] ], [ [ 109.28162, 13.79229 ], [ 109.28123, 13.7933 ], [ 109.28119, 13.79378 ], [ 109.28133, 13.79426 ], [ 109.28157, 13.79401 ], [ 109.2817, 13.79337 ], [ 109.28214, 13.79277 ], [ 109.28218, 13.79232 ], [ 109.28202, 13.79196 ], [ 109.28162, 13.79229 ] ], [ [ 109.28258, 13.79039 ], [ 109.28227, 13.79093 ], [ 109.282, 13.79113 ], [ 109.28189, 13.7918 ], [ 109.28215, 13.79184 ], [ 109.28226, 13.79156 ], [ 109.28236, 13.79102 ], [ 109.283, 13.79077 ], [ 109.28292, 13.79047 ], [ 109.28277, 13.79025 ], [ 109.28258, 13.79039 ] ], [ [ 109.28375, 13.79052 ], [ 109.28392, 13.79065 ], [ 109.28398, 13.79035 ], [ 109.28375, 13.79052 ] ], [ [ 109.28283, 13.78972 ], [ 109.28294, 13.78991 ], [ 109.28326, 13.78998 ], [ 109.28331, 13.78978 ], [ 109.28324, 13.78962 ], [ 109.28283, 13.78972 ] ], [ [ 109.2834, 13.78869 ], [ 109.28335, 13.78903 ], [ 109.28372, 13.7889 ], [ 109.2838, 13.78863 ], [ 109.2834, 13.78869 ] ], [ [ 109.28358, 13.78796 ], [ 109.28375, 13.78813 ], [ 109.28406, 13.78775 ], [ 109.28419, 13.78664 ], [ 109.28383, 13.7867 ], [ 109.28388, 13.78729 ], [ 109.28358, 13.78796 ] ] ], [ [ [ 109.28745, 13.79634 ], [ 109.28745, 13.79643 ], [ 109.28735, 13.79643 ], [ 109.28735, 13.79634 ], [ 109.28745, 13.79634 ] ] ], [ [ [ 109.28735, 13.79643 ], [ 109.28735, 13.79652 ], [ 109.28726, 13.79652 ], [ 109.28726, 13.79643 ], [ 109.28735, 13.79643 ] ] ], [ [ [ 109.28726, 13.79661 ], [ 109.28726, 13.7967 ], [ 109.28717, 13.7967 ], [ 109.28717, 13.79661 ], [ 109.28726, 13.79661 ] ] ], [ [ [ 109.28368, 13.79891 ], [ 109.28298, 13.79915 ], [ 109.28303, 13.79897 ], [ 109.28322, 13.79864 ], [ 109.28313, 13.79825 ], [ 109.28304, 13.79798 ], [ 109.28295, 13.7977 ], [ 109.2824, 13.79744 ], [ 109.28238, 13.79713 ], [ 109.28271, 13.79644 ], [ 109.28296, 13.79671 ], [ 109.28307, 13.79743 ], [ 109.2835, 13.79729 ], [ 109.28353, 13.79698 ], [ 109.28307, 13.79657 ], [ 109.28303, 13.79585 ], [ 109.28317, 13.79527 ], [ 109.28357, 13.79523 ], [ 109.28386, 13.79562 ], [ 109.28398, 13.796 ], [ 109.28416, 13.7965 ], [ 109.28407, 13.79663 ], [ 109.28385, 13.79683 ], [ 109.28368, 13.79891 ] ], [ [ 109.28343, 13.79826 ], [ 109.28351, 13.79841 ], [ 109.28355, 13.79821 ], [ 109.28343, 13.79826 ] ] ], [ [ [ 109.28632, 13.79859 ], [ 109.2862, 13.79869 ], [ 109.28613, 13.79931 ], [ 109.28613, 13.79976 ], [ 109.28608, 13.79972 ], [ 109.28588, 13.799 ], [ 109.28643, 13.7976 ], [ 109.28711, 13.79683 ], [ 109.28717, 13.79679 ], [ 109.28713, 13.79702 ], [ 109.28695, 13.79729 ], [ 109.28688, 13.79733 ], [ 109.28679, 13.79733 ], [ 109.28679, 13.79742 ], [ 109.2867, 13.79742 ], [ 109.2867, 13.79751 ], [ 109.2867, 13.7976 ], [ 109.2866, 13.7976 ], [ 109.2866, 13.79769 ], [ 109.2866, 13.79778 ], [ 109.28651, 13.79778 ], [ 109.28651, 13.79796 ], [ 109.28651, 13.79805 ], [ 109.28642, 13.79805 ], [ 109.28641, 13.79832 ], [ 109.28632, 13.79832 ], [ 109.28632, 13.79859 ] ] ], [ [ [ 109.28603, 13.80048 ], [ 109.28603, 13.80012 ], [ 109.28612, 13.80012 ], [ 109.28622, 13.80012 ], [ 109.28622, 13.80021 ], [ 109.28621, 13.80049 ], [ 109.28603, 13.80048 ] ] ], [ [ [ 109.28603, 13.80048 ], [ 109.28603, 13.80058 ], [ 109.28594, 13.80057 ], [ 109.28594, 13.80048 ], [ 109.28603, 13.80048 ] ] ], [ [ [ 109.28594, 13.80057 ], [ 109.28593, 13.80066 ], [ 109.28584, 13.80066 ], [ 109.28584, 13.80057 ], [ 109.28594, 13.80057 ] ] ], [ [ [ 109.28565, 13.80102 ], [ 109.28565, 13.80111 ], [ 109.28556, 13.80111 ], [ 109.28556, 13.80102 ], [ 109.28565, 13.80102 ] ] ], [ [ [ 109.28556, 13.80129 ], [ 109.28556, 13.80139 ], [ 109.28547, 13.80138 ], [ 109.28547, 13.80129 ], [ 109.28556, 13.80129 ] ] ], [ [ [ 109.28568, 13.80186 ], [ 109.28556, 13.80193 ], [ 109.28546, 13.80193 ], [ 109.28546, 13.80175 ], [ 109.28568, 13.80186 ] ] ], [ [ [ 109.28565, 13.8022 ], [ 109.28555, 13.8022 ], [ 109.28555, 13.80211 ], [ 109.28565, 13.80211 ], [ 109.28565, 13.8022 ] ] ], [ [ [ 109.28565, 13.8022 ], [ 109.28574, 13.8022 ], [ 109.28574, 13.80229 ], [ 109.28565, 13.80229 ], [ 109.28565, 13.8022 ] ] ], [ [ [ 109.28574, 13.80229 ], [ 109.28583, 13.80229 ], [ 109.28583, 13.80238 ], [ 109.28574, 13.80238 ], [ 109.28574, 13.80229 ] ] ], [ [ [ 109.28601, 13.80247 ], [ 109.28601, 13.80256 ], [ 109.28592, 13.80256 ], [ 109.28592, 13.80247 ], [ 109.28601, 13.80247 ] ] ], [ [ [ 109.28397, 13.80235 ], [ 109.28382, 13.80271 ], [ 109.28341, 13.80265 ], [ 109.2835, 13.80207 ], [ 109.28389, 13.80201 ], [ 109.28397, 13.80235 ] ] ], [ [ [ 109.28307, 13.80319 ], [ 109.2827, 13.80311 ], [ 109.28274, 13.80295 ], [ 109.28314, 13.8029 ], [ 109.28307, 13.80319 ] ] ], [ [ [ 109.28638, 13.80329 ], [ 109.28634, 13.80278 ], [ 109.2862, 13.80256 ], [ 109.2862, 13.80247 ], [ 109.28638, 13.80248 ], [ 109.28644, 13.8026 ], [ 109.28647, 13.80293 ], [ 109.28647, 13.80329 ], [ 109.28638, 13.80329 ] ] ], [ [ [ 109.28638, 13.80329 ], [ 109.28638, 13.80347 ], [ 109.28628, 13.80347 ], [ 109.28629, 13.80329 ], [ 109.28638, 13.80329 ] ] ], [ [ [ 109.28628, 13.80347 ], [ 109.28628, 13.80356 ], [ 109.28619, 13.80356 ], [ 109.28619, 13.80347 ], [ 109.28628, 13.80347 ] ] ], [ [ [ 109.28619, 13.80365 ], [ 109.28619, 13.80383 ], [ 109.2861, 13.80383 ], [ 109.2861, 13.80365 ], [ 109.28619, 13.80365 ] ] ], [ [ [ 109.28571, 13.80545 ], [ 109.28571, 13.80554 ], [ 109.28562, 13.80554 ], [ 109.28562, 13.80545 ], [ 109.28571, 13.80545 ] ] ], [ [ [ 109.28398, 13.80565 ], [ 109.28364, 13.80557 ], [ 109.28405, 13.80553 ], [ 109.28398, 13.80565 ] ] ], [ [ [ 109.2858, 13.806 ], [ 109.2858, 13.80609 ], [ 109.28571, 13.80609 ], [ 109.28571, 13.806 ], [ 109.2858, 13.806 ] ] ], [ [ [ 109.29348, 13.78029 ], [ 109.29355, 13.78058 ], [ 109.29342, 13.78087 ], [ 109.29338, 13.78128 ], [ 109.29323, 13.78136 ], [ 109.29319, 13.78173 ], [ 109.29279, 13.78185 ], [ 109.2923, 13.78267 ], [ 109.29204, 13.78325 ], [ 109.29151, 13.78357 ], [ 109.29137, 13.78393 ], [ 109.29128, 13.7843 ], [ 109.29101, 13.78492 ], [ 109.29118, 13.78529 ], [ 109.29123, 13.78534 ], [ 109.29122, 13.78579 ], [ 109.29112, 13.78587 ], [ 109.29079, 13.78627 ], [ 109.29008, 13.7868 ], [ 109.28979, 13.78726 ], [ 109.29043, 13.78719 ], [ 109.29066, 13.78705 ], [ 109.29066, 13.78732 ], [ 109.29053, 13.78741 ], [ 109.29065, 13.7875 ], [ 109.29072, 13.78762 ], [ 109.29108, 13.78781 ], [ 109.29115, 13.78793 ], [ 109.29121, 13.78796 ], [ 109.29139, 13.78805 ], [ 109.2913, 13.78823 ], [ 109.29079, 13.78785 ], [ 109.29052, 13.788 ], [ 109.29101, 13.78858 ], [ 109.29095, 13.78899 ], [ 109.29101, 13.78904 ], [ 109.29098, 13.7891 ], [ 109.29073, 13.78922 ], [ 109.29062, 13.78909 ], [ 109.29027, 13.78961 ], [ 109.28917, 13.78994 ], [ 109.28833, 13.79056 ], [ 109.28815, 13.79153 ], [ 109.28853, 13.79207 ], [ 109.28863, 13.7926 ], [ 109.28872, 13.79305 ], [ 109.28868, 13.79363 ], [ 109.28873, 13.79455 ], [ 109.28738, 13.79501 ], [ 109.28722, 13.79548 ], [ 109.28694, 13.79583 ], [ 109.28654, 13.79651 ], [ 109.28583, 13.79672 ], [ 109.28573, 13.797 ], [ 109.28562, 13.79755 ], [ 109.28508, 13.79818 ], [ 109.28525, 13.79899 ], [ 109.28551, 13.7996 ], [ 109.28554, 13.80031 ], [ 109.28488, 13.80106 ], [ 109.28483, 13.80176 ], [ 109.28505, 13.80215 ], [ 109.28515, 13.80259 ], [ 109.28578, 13.80299 ], [ 109.28563, 13.80339 ], [ 109.28497, 13.80354 ], [ 109.28479, 13.80445 ], [ 109.28455, 13.80544 ], [ 109.28458, 13.8061 ], [ 109.28439, 13.80627 ], [ 109.28432, 13.80662 ], [ 109.28423, 13.80662 ], [ 109.28427, 13.80612 ], [ 109.28439, 13.80591 ], [ 109.28437, 13.80526 ], [ 109.28456, 13.80468 ], [ 109.28472, 13.80424 ], [ 109.28487, 13.80335 ], [ 109.28522, 13.80323 ], [ 109.2855, 13.80325 ], [ 109.28551, 13.80306 ], [ 109.28522, 13.80297 ], [ 109.28495, 13.80287 ], [ 109.28449, 13.80273 ], [ 109.28448, 13.80224 ], [ 109.28458, 13.80215 ], [ 109.28475, 13.80099 ], [ 109.28543, 13.80023 ], [ 109.28509, 13.79935 ], [ 109.28478, 13.79962 ], [ 109.28453, 13.79988 ], [ 109.28424, 13.79989 ], [ 109.28412, 13.79967 ], [ 109.28424, 13.79934 ], [ 109.28441, 13.7985 ], [ 109.28457, 13.7979 ], [ 109.28479, 13.79703 ], [ 109.2849, 13.79673 ], [ 109.28506, 13.7961 ], [ 109.2852, 13.7963 ], [ 109.28542, 13.79677 ], [ 109.28572, 13.79646 ], [ 109.28636, 13.79632 ], [ 109.28666, 13.79589 ], [ 109.28645, 13.79575 ], [ 109.28594, 13.79601 ], [ 109.28589, 13.79549 ], [ 109.28613, 13.79537 ], [ 109.28665, 13.79539 ], [ 109.28694, 13.79514 ], [ 109.28708, 13.79461 ], [ 109.28695, 13.79421 ], [ 109.28673, 13.79378 ], [ 109.28659, 13.79321 ], [ 109.28622, 13.79304 ], [ 109.28637, 13.79287 ], [ 109.28713, 13.7922 ], [ 109.2873, 13.79174 ], [ 109.28688, 13.7912 ], [ 109.28698, 13.79104 ], [ 109.28757, 13.79106 ], [ 109.28797, 13.79094 ], [ 109.2883, 13.79027 ], [ 109.28856, 13.79015 ], [ 109.28902, 13.78988 ], [ 109.28938, 13.78972 ], [ 109.28944, 13.78966 ], [ 109.29014, 13.78948 ], [ 109.29044, 13.78903 ], [ 109.29087, 13.78866 ], [ 109.29073, 13.78846 ], [ 109.29021, 13.78833 ], [ 109.29026, 13.78764 ], [ 109.29006, 13.78763 ], [ 109.28955, 13.78789 ], [ 109.28932, 13.78747 ], [ 109.28942, 13.78705 ], [ 109.28984, 13.78679 ], [ 109.29097, 13.78581 ], [ 109.291, 13.78547 ], [ 109.29087, 13.78476 ], [ 109.29119, 13.78403 ], [ 109.29124, 13.78371 ], [ 109.29133, 13.78371 ], [ 109.29133, 13.78353 ], [ 109.29142, 13.78353 ], [ 109.29142, 13.78344 ], [ 109.29152, 13.78344 ], [ 109.29152, 13.78335 ], [ 109.29172, 13.78331 ], [ 109.2918, 13.78317 ], [ 109.29203, 13.78297 ], [ 109.29213, 13.78255 ], [ 109.2925, 13.78195 ], [ 109.29314, 13.78122 ], [ 109.29318, 13.78044 ], [ 109.29288, 13.78024 ], [ 109.29215, 13.77981 ], [ 109.29157, 13.77944 ], [ 109.29166, 13.77763 ], [ 109.29149, 13.77698 ], [ 109.29169, 13.77626 ], [ 109.29115, 13.77634 ], [ 109.2906, 13.77652 ], [ 109.28988, 13.77649 ], [ 109.28938, 13.77731 ], [ 109.28902, 13.77769 ], [ 109.28873, 13.77794 ], [ 109.28876, 13.77858 ], [ 109.28837, 13.77859 ], [ 109.28809, 13.77807 ], [ 109.28837, 13.77768 ], [ 109.28847, 13.77738 ], [ 109.28874, 13.77688 ], [ 109.28885, 13.77624 ], [ 109.2895, 13.77543 ], [ 109.28963, 13.77504 ], [ 109.29017, 13.77479 ], [ 109.29067, 13.77427 ], [ 109.29098, 13.77426 ], [ 109.29126, 13.77436 ], [ 109.29154, 13.77445 ], [ 109.29107, 13.77474 ], [ 109.29171, 13.77499 ], [ 109.29172, 13.77472 ], [ 109.29171, 13.77436 ], [ 109.29201, 13.77399 ], [ 109.29199, 13.77338 ], [ 109.29232, 13.77305 ], [ 109.29289, 13.77287 ], [ 109.29294, 13.77309 ], [ 109.29322, 13.77318 ], [ 109.29326, 13.77324 ], [ 109.29295, 13.77329 ], [ 109.29308, 13.77441 ], [ 109.29297, 13.7745 ], [ 109.29297, 13.77396 ], [ 109.29288, 13.77396 ], [ 109.29277, 13.77356 ], [ 109.29258, 13.77368 ], [ 109.29246, 13.77409 ], [ 109.29233, 13.77464 ], [ 109.29181, 13.77527 ], [ 109.29213, 13.77562 ], [ 109.29246, 13.77545 ], [ 109.29261, 13.77496 ], [ 109.29273, 13.77481 ], [ 109.29278, 13.77477 ], [ 109.29264, 13.77556 ], [ 109.29237, 13.77604 ], [ 109.29254, 13.77653 ], [ 109.29263, 13.77682 ], [ 109.29234, 13.77708 ], [ 109.29189, 13.77706 ], [ 109.29178, 13.77904 ], [ 109.29229, 13.77966 ], [ 109.29299, 13.78006 ], [ 109.29311, 13.77993 ], [ 109.29334, 13.78007 ], [ 109.29348, 13.78011 ], [ 109.29358, 13.78011 ], [ 109.29358, 13.78002 ], [ 109.29358, 13.77984 ], [ 109.29367, 13.77984 ], [ 109.29375, 13.78016 ], [ 109.29394, 13.78029 ], [ 109.29389, 13.78099 ], [ 109.29375, 13.78111 ], [ 109.2937, 13.78048 ], [ 109.29348, 13.78029 ], [ 109.29345, 13.78018 ], [ 109.29337, 13.78026 ], [ 109.29348, 13.78029 ] ], [ [ 109.28844, 13.79232 ], [ 109.28831, 13.792 ], [ 109.28809, 13.79206 ], [ 109.28824, 13.79258 ], [ 109.28844, 13.79232 ] ], [ [ 109.28855, 13.79445 ], [ 109.28847, 13.79302 ], [ 109.2884, 13.79282 ], [ 109.28818, 13.79301 ], [ 109.28807, 13.79323 ], [ 109.28778, 13.79359 ], [ 109.28754, 13.79357 ], [ 109.28743, 13.79294 ], [ 109.28722, 13.79286 ], [ 109.28687, 13.79324 ], [ 109.28716, 13.7935 ], [ 109.28732, 13.79385 ], [ 109.28742, 13.79403 ], [ 109.28752, 13.79456 ], [ 109.28791, 13.79467 ], [ 109.28855, 13.79445 ] ], [ [ 109.28474, 13.79912 ], [ 109.28453, 13.79916 ], [ 109.2846, 13.7994 ], [ 109.28474, 13.79912 ] ], [ [ 109.29227, 13.77664 ], [ 109.29236, 13.77687 ], [ 109.2924, 13.77658 ], [ 109.29227, 13.77664 ] ], [ [ 109.28964, 13.77645 ], [ 109.29022, 13.77611 ], [ 109.29014, 13.77597 ], [ 109.29004, 13.77589 ], [ 109.29, 13.77584 ], [ 109.28941, 13.77588 ], [ 109.28921, 13.7762 ], [ 109.28912, 13.77678 ], [ 109.28884, 13.77741 ], [ 109.28917, 13.77726 ], [ 109.28943, 13.77692 ], [ 109.28964, 13.77645 ] ] ], [ [ [ 109.28432, 13.80662 ], [ 109.28441, 13.80662 ], [ 109.28441, 13.80698 ], [ 109.28432, 13.80698 ], [ 109.28432, 13.80689 ], [ 109.28432, 13.80662 ] ] ], [ [ [ 109.28607, 13.80763 ], [ 109.28607, 13.80799 ], [ 109.28597, 13.80799 ], [ 109.28598, 13.80762 ], [ 109.28607, 13.80763 ] ] ], [ [ [ 109.20924, 13.80786 ], [ 109.20961, 13.80793 ], [ 109.2095, 13.80813 ], [ 109.20921, 13.80816 ], [ 109.20921, 13.80807 ], [ 109.20884, 13.80807 ], [ 109.2089, 13.80785 ], [ 109.20921, 13.8078 ], [ 109.20924, 13.80786 ] ] ], [ [ [ 109.28624, 13.80934 ], [ 109.2861, 13.80927 ], [ 109.28606, 13.80907 ], [ 109.28618, 13.80913 ], [ 109.28624, 13.80925 ], [ 109.28624, 13.80934 ] ] ], [ [ [ 109.28624, 13.80934 ], [ 109.28633, 13.80934 ], [ 109.28633, 13.80943 ], [ 109.28624, 13.80943 ], [ 109.28624, 13.80934 ] ] ], [ [ [ 109.28633, 13.80943 ], [ 109.28643, 13.80944 ], [ 109.28652, 13.80944 ], [ 109.28652, 13.80953 ], [ 109.28633, 13.80953 ], [ 109.28633, 13.80943 ] ] ], [ [ [ 109.28652, 13.80953 ], [ 109.28661, 13.80953 ], [ 109.2867, 13.80953 ], [ 109.2867, 13.80962 ], [ 109.28679, 13.80962 ], [ 109.28679, 13.80971 ], [ 109.28689, 13.80971 ], [ 109.28701, 13.80977 ], [ 109.28707, 13.80989 ], [ 109.28671, 13.8098 ], [ 109.28652, 13.80953 ] ] ], [ [ [ 109.28707, 13.80989 ], [ 109.28716, 13.80989 ], [ 109.28716, 13.80998 ], [ 109.28707, 13.80998 ], [ 109.28707, 13.80989 ] ] ], [ [ [ 109.28716, 13.80998 ], [ 109.28725, 13.80998 ], [ 109.28725, 13.81007 ], [ 109.28716, 13.81007 ], [ 109.28716, 13.80998 ] ] ], [ [ [ 109.25359, 13.80993 ], [ 109.25362, 13.80982 ], [ 109.2537, 13.8099 ], [ 109.25359, 13.80993 ] ] ], [ [ [ 109.28725, 13.81007 ], [ 109.28735, 13.81007 ], [ 109.28735, 13.81017 ], [ 109.28725, 13.81016 ], [ 109.28725, 13.81007 ] ] ], [ [ [ 109.25359, 13.80993 ], [ 109.25359, 13.81002 ], [ 109.2535, 13.81002 ], [ 109.2535, 13.80993 ], [ 109.25359, 13.80993 ] ] ], [ [ [ 109.28735, 13.81017 ], [ 109.28744, 13.81017 ], [ 109.28744, 13.81026 ], [ 109.28734, 13.81026 ], [ 109.28735, 13.81017 ] ] ], [ [ [ 109.28744, 13.81026 ], [ 109.28753, 13.81026 ], [ 109.28753, 13.81035 ], [ 109.28744, 13.81035 ], [ 109.28744, 13.81026 ] ] ], [ [ [ 109.2535, 13.81002 ], [ 109.25346, 13.81013 ], [ 109.25338, 13.81005 ], [ 109.2535, 13.81002 ] ] ], [ [ [ 109.28753, 13.81035 ], [ 109.28762, 13.81035 ], [ 109.28762, 13.81044 ], [ 109.28753, 13.81044 ], [ 109.28753, 13.81035 ] ] ], [ [ [ 109.28762, 13.81044 ], [ 109.28771, 13.81044 ], [ 109.28771, 13.81053 ], [ 109.28762, 13.81053 ], [ 109.28762, 13.81044 ] ] ], [ [ [ 109.2878, 13.81071 ], [ 109.28771, 13.81071 ], [ 109.28771, 13.81062 ], [ 109.2878, 13.81062 ], [ 109.2878, 13.81071 ] ] ], [ [ [ 109.2878, 13.81071 ], [ 109.2879, 13.81071 ], [ 109.28789, 13.81089 ], [ 109.2878, 13.81089 ], [ 109.2878, 13.81071 ] ] ], [ [ [ 109.28799, 13.81098 ], [ 109.28799, 13.81107 ], [ 109.28789, 13.81107 ], [ 109.28789, 13.81098 ], [ 109.28799, 13.81098 ] ] ], [ [ [ 109.28808, 13.81116 ], [ 109.28808, 13.81135 ], [ 109.28798, 13.81134 ], [ 109.28799, 13.81116 ], [ 109.28808, 13.81116 ] ] ], [ [ [ 109.28817, 13.81171 ], [ 109.28807, 13.81171 ], [ 109.28808, 13.81153 ], [ 109.28817, 13.81153 ], [ 109.28817, 13.81171 ] ] ], [ [ [ 109.28817, 13.81171 ], [ 109.28826, 13.81171 ], [ 109.28826, 13.81198 ], [ 109.28816, 13.81198 ], [ 109.28817, 13.81171 ] ] ], [ [ [ 109.28826, 13.81198 ], [ 109.28835, 13.81198 ], [ 109.28835, 13.81216 ], [ 109.28835, 13.81225 ], [ 109.28825, 13.81225 ], [ 109.28826, 13.81198 ] ] ], [ [ [ 109.25413, 13.8121 ], [ 109.25383, 13.81193 ], [ 109.25406, 13.8117 ], [ 109.25413, 13.8121 ] ] ], [ [ [ 109.28835, 13.81225 ], [ 109.28844, 13.81225 ], [ 109.28844, 13.81243 ], [ 109.28835, 13.81243 ], [ 109.28835, 13.81225 ] ] ], [ [ [ 109.28844, 13.81243 ], [ 109.28853, 13.81243 ], [ 109.28853, 13.8127 ], [ 109.28844, 13.8127 ], [ 109.28844, 13.81243 ] ] ], [ [ [ 109.2589, 13.81312 ], [ 109.25887, 13.81363 ], [ 109.2584, 13.81361 ], [ 109.25814, 13.81306 ], [ 109.25801, 13.81294 ], [ 109.25782, 13.81274 ], [ 109.2571, 13.81257 ], [ 109.25676, 13.8128 ], [ 109.25646, 13.81298 ], [ 109.25617, 13.81297 ], [ 109.25565, 13.81279 ], [ 109.25518, 13.8127 ], [ 109.25519, 13.81246 ], [ 109.25558, 13.81229 ], [ 109.256, 13.81257 ], [ 109.25611, 13.81233 ], [ 109.25574, 13.81216 ], [ 109.25543, 13.81182 ], [ 109.25499, 13.81154 ], [ 109.25459, 13.81092 ], [ 109.25421, 13.81079 ], [ 109.25364, 13.81121 ], [ 109.25333, 13.81104 ], [ 109.25336, 13.81054 ], [ 109.254, 13.81043 ], [ 109.25428, 13.81034 ], [ 109.25503, 13.81026 ], [ 109.2552, 13.81044 ], [ 109.25538, 13.8106 ], [ 109.25548, 13.81161 ], [ 109.25641, 13.81171 ], [ 109.25693, 13.81227 ], [ 109.25762, 13.81199 ], [ 109.25854, 13.81237 ], [ 109.2589, 13.81312 ] ] ], [ [ [ 109.2551, 13.81385 ], [ 109.25501, 13.81369 ], [ 109.25513, 13.81364 ], [ 109.2551, 13.81385 ] ] ], [ [ [ 109.28853, 13.8127 ], [ 109.28862, 13.8127 ], [ 109.28862, 13.81298 ], [ 109.28862, 13.81316 ], [ 109.28871, 13.81316 ], [ 109.28871, 13.81334 ], [ 109.28871, 13.81352 ], [ 109.2888, 13.81352 ], [ 109.2888, 13.81361 ], [ 109.2888, 13.81388 ], [ 109.28889, 13.81388 ], [ 109.28889, 13.81424 ], [ 109.28881, 13.81419 ], [ 109.28856, 13.81322 ], [ 109.28853, 13.8127 ] ] ], [ [ [ 109.25928, 13.81425 ], [ 109.25909, 13.81434 ], [ 109.25879, 13.814 ], [ 109.25902, 13.81385 ], [ 109.25928, 13.81425 ] ] ], [ [ [ 109.28898, 13.81442 ], [ 109.28898, 13.81461 ], [ 109.28889, 13.8146 ], [ 109.28889, 13.81442 ], [ 109.28898, 13.81442 ] ] ], [ [ [ 109.28907, 13.8147 ], [ 109.28907, 13.81488 ], [ 109.28898, 13.81488 ], [ 109.28898, 13.8147 ], [ 109.28907, 13.8147 ] ] ], [ [ [ 109.28423, 13.81481 ], [ 109.28412, 13.81487 ], [ 109.28404, 13.81459 ], [ 109.28426, 13.81448 ], [ 109.28423, 13.81481 ] ] ], [ [ [ 109.25413, 13.8121 ], [ 109.25442, 13.81235 ], [ 109.25454, 13.81259 ], [ 109.25398, 13.81325 ], [ 109.25356, 13.81342 ], [ 109.25335, 13.81409 ], [ 109.25283, 13.8147 ], [ 109.25224, 13.81465 ], [ 109.2527, 13.8141 ], [ 109.25291, 13.81367 ], [ 109.25341, 13.81337 ], [ 109.25352, 13.81313 ], [ 109.25399, 13.8126 ], [ 109.25408, 13.81223 ], [ 109.25413, 13.8121 ] ] ], [ [ [ 109.25631, 13.81376 ], [ 109.25602, 13.81417 ], [ 109.25656, 13.81468 ], [ 109.25573, 13.81481 ], [ 109.25555, 13.81422 ], [ 109.25575, 13.81384 ], [ 109.25624, 13.81356 ], [ 109.25631, 13.81376 ] ] ], [ [ [ 109.28925, 13.8156 ], [ 109.28925, 13.81578 ], [ 109.28915, 13.81578 ], [ 109.28916, 13.8156 ], [ 109.28925, 13.8156 ] ] ], [ [ [ 109.28838, 13.81614 ], [ 109.2881, 13.8161 ], [ 109.28821, 13.8159 ], [ 109.28841, 13.81587 ], [ 109.28838, 13.81614 ] ] ], [ [ [ 109.2534, 13.81568 ], [ 109.25359, 13.81584 ], [ 109.25368, 13.81599 ], [ 109.25309, 13.8162 ], [ 109.25267, 13.81572 ], [ 109.252, 13.81557 ], [ 109.25162, 13.81496 ], [ 109.25167, 13.81441 ], [ 109.25189, 13.81434 ], [ 109.25212, 13.81485 ], [ 109.25225, 13.81509 ], [ 109.25301, 13.81523 ], [ 109.2534, 13.81568 ] ], [ [ 109.25196, 13.81519 ], [ 109.25204, 13.81527 ], [ 109.25207, 13.81516 ], [ 109.25196, 13.81519 ] ] ], [ [ [ 109.20809, 13.81618 ], [ 109.20813, 13.81638 ], [ 109.20785, 13.81638 ], [ 109.20789, 13.81608 ], [ 109.20809, 13.81618 ] ] ], [ [ [ 109.25534, 13.81632 ], [ 109.25582, 13.81652 ], [ 109.25579, 13.81673 ], [ 109.25533, 13.81666 ], [ 109.25498, 13.81635 ], [ 109.2553, 13.81627 ], [ 109.25534, 13.81632 ] ] ], [ [ [ 109.28951, 13.81723 ], [ 109.28939, 13.81717 ], [ 109.28912, 13.81664 ], [ 109.28924, 13.81641 ], [ 109.2893, 13.81645 ], [ 109.28942, 13.81696 ], [ 109.28942, 13.81705 ], [ 109.28951, 13.81705 ], [ 109.28951, 13.81714 ], [ 109.28951, 13.81723 ] ] ], [ [ [ 109.28951, 13.81723 ], [ 109.28961, 13.81723 ], [ 109.28961, 13.81732 ], [ 109.2896, 13.81741 ], [ 109.28951, 13.81741 ], [ 109.28951, 13.81723 ] ] ], [ [ [ 109.2896, 13.81741 ], [ 109.2897, 13.81741 ], [ 109.2897, 13.8175 ], [ 109.2896, 13.8175 ], [ 109.2896, 13.81741 ] ] ], [ [ [ 109.2897, 13.8175 ], [ 109.28979, 13.8175 ], [ 109.28979, 13.81768 ], [ 109.28969, 13.81768 ], [ 109.2897, 13.8175 ] ] ], [ [ [ 109.28979, 13.81768 ], [ 109.28988, 13.81768 ], [ 109.28988, 13.81778 ], [ 109.28979, 13.81777 ], [ 109.28979, 13.81768 ] ] ], [ [ [ 109.28997, 13.81796 ], [ 109.28988, 13.81796 ], [ 109.28988, 13.81787 ], [ 109.28997, 13.81787 ], [ 109.28997, 13.81796 ] ] ], [ [ [ 109.28997, 13.81796 ], [ 109.29006, 13.81796 ], [ 109.29006, 13.81805 ], [ 109.28997, 13.81805 ], [ 109.28997, 13.81796 ] ] ], [ [ [ 109.29006, 13.81805 ], [ 109.29015, 13.81805 ], [ 109.29015, 13.81814 ], [ 109.29006, 13.81814 ], [ 109.29006, 13.81805 ] ] ], [ [ [ 109.29015, 13.81814 ], [ 109.29025, 13.81814 ], [ 109.29025, 13.81823 ], [ 109.29015, 13.81823 ], [ 109.29015, 13.81814 ] ] ], [ [ [ 109.29025, 13.81823 ], [ 109.29034, 13.81823 ], [ 109.29034, 13.81832 ], [ 109.29025, 13.81832 ], [ 109.29025, 13.81823 ] ] ], [ [ [ 109.29034, 13.81832 ], [ 109.29043, 13.81832 ], [ 109.29043, 13.81841 ], [ 109.29034, 13.81841 ], [ 109.29034, 13.81832 ] ] ], [ [ [ 109.29043, 13.81841 ], [ 109.29052, 13.81841 ], [ 109.29052, 13.8185 ], [ 109.29043, 13.8185 ], [ 109.29043, 13.81841 ] ] ], [ [ [ 109.29052, 13.8185 ], [ 109.29061, 13.8185 ], [ 109.29061, 13.81859 ], [ 109.29052, 13.81859 ], [ 109.29052, 13.8185 ] ] ], [ [ [ 109.29061, 13.81859 ], [ 109.29071, 13.81859 ], [ 109.29071, 13.81868 ], [ 109.29061, 13.81868 ], [ 109.29061, 13.81859 ] ] ], [ [ [ 109.29071, 13.81868 ], [ 109.29091, 13.81873 ], [ 109.29098, 13.81887 ], [ 109.29078, 13.81883 ], [ 109.29071, 13.81868 ] ] ], [ [ [ 109.29098, 13.81887 ], [ 109.29107, 13.81887 ], [ 109.29107, 13.81896 ], [ 109.29098, 13.81896 ], [ 109.29098, 13.81887 ] ] ], [ [ [ 109.29107, 13.81896 ], [ 109.29117, 13.81896 ], [ 109.29116, 13.81905 ], [ 109.29107, 13.81905 ], [ 109.29107, 13.81896 ] ] ], [ [ [ 109.29116, 13.81905 ], [ 109.29126, 13.81905 ], [ 109.29126, 13.81914 ], [ 109.29116, 13.81914 ], [ 109.29116, 13.81905 ] ] ], [ [ [ 109.29126, 13.81914 ], [ 109.29135, 13.81914 ], [ 109.29135, 13.81923 ], [ 109.29126, 13.81923 ], [ 109.29126, 13.81914 ] ] ], [ [ [ 109.29135, 13.81923 ], [ 109.29144, 13.81923 ], [ 109.29144, 13.81932 ], [ 109.29135, 13.81932 ], [ 109.29135, 13.81923 ] ] ], [ [ [ 109.29144, 13.81932 ], [ 109.29153, 13.81932 ], [ 109.29153, 13.81941 ], [ 109.29144, 13.81941 ], [ 109.29144, 13.81932 ] ] ], [ [ [ 109.29153, 13.81941 ], [ 109.29162, 13.81941 ], [ 109.29162, 13.8195 ], [ 109.29153, 13.8195 ], [ 109.29153, 13.81941 ] ] ], [ [ [ 109.29162, 13.8195 ], [ 109.29172, 13.81951 ], [ 109.29172, 13.8196 ], [ 109.29162, 13.81959 ], [ 109.29162, 13.8195 ] ] ], [ [ [ 109.29218, 13.81996 ], [ 109.29196, 13.81981 ], [ 109.29181, 13.8196 ], [ 109.29199, 13.8196 ], [ 109.29199, 13.81969 ], [ 109.29209, 13.81969 ], [ 109.29215, 13.81981 ], [ 109.29218, 13.81996 ] ] ], [ [ [ 109.29218, 13.81996 ], [ 109.29227, 13.81996 ], [ 109.29227, 13.82014 ], [ 109.29217, 13.82014 ], [ 109.29218, 13.81996 ] ] ], [ [ [ 109.29227, 13.82014 ], [ 109.29236, 13.82014 ], [ 109.29236, 13.82023 ], [ 109.29227, 13.82023 ], [ 109.29227, 13.82014 ] ] ], [ [ [ 109.29236, 13.82023 ], [ 109.29245, 13.82023 ], [ 109.29245, 13.82032 ], [ 109.29236, 13.82032 ], [ 109.29236, 13.82023 ] ] ], [ [ [ 109.29254, 13.82051 ], [ 109.29245, 13.8205 ], [ 109.29245, 13.82041 ], [ 109.29254, 13.82041 ], [ 109.29254, 13.82051 ] ] ], [ [ [ 109.29254, 13.82051 ], [ 109.29263, 13.82051 ], [ 109.29263, 13.8206 ], [ 109.29254, 13.8206 ], [ 109.29254, 13.82051 ] ] ], [ [ [ 109.29263, 13.8206 ], [ 109.29307, 13.82089 ], [ 109.29319, 13.82105 ], [ 109.29304, 13.82101 ], [ 109.29268, 13.82078 ], [ 109.29263, 13.8206 ] ] ], [ [ [ 109.29319, 13.82105 ], [ 109.29337, 13.82105 ], [ 109.29337, 13.82114 ], [ 109.29318, 13.82114 ], [ 109.29319, 13.82105 ] ] ], [ [ [ 109.29337, 13.82114 ], [ 109.29346, 13.82114 ], [ 109.29346, 13.82123 ], [ 109.29337, 13.82123 ], [ 109.29337, 13.82114 ] ] ], [ [ [ 109.29365, 13.82133 ], [ 109.29355, 13.82133 ], [ 109.29355, 13.82124 ], [ 109.29365, 13.82124 ], [ 109.29365, 13.82133 ] ] ], [ [ [ 109.29365, 13.82133 ], [ 109.29374, 13.82133 ], [ 109.29374, 13.82142 ], [ 109.29364, 13.82142 ], [ 109.29365, 13.82133 ] ] ], [ [ [ 109.29392, 13.82151 ], [ 109.29383, 13.82151 ], [ 109.29383, 13.82142 ], [ 109.29392, 13.82142 ], [ 109.29392, 13.82151 ] ] ], [ [ [ 109.17711, 13.82094 ], [ 109.17711, 13.82085 ], [ 109.1772, 13.82085 ], [ 109.1772, 13.82094 ], [ 109.17711, 13.82094 ] ] ], [ [ [ 109.17711, 13.82094 ], [ 109.17711, 13.82103 ], [ 109.17702, 13.82103 ], [ 109.17702, 13.82094 ], [ 109.17711, 13.82094 ] ] ], [ [ [ 109.29659, 13.82361 ], [ 109.2965, 13.82361 ], [ 109.2965, 13.82352 ], [ 109.29659, 13.82352 ], [ 109.29659, 13.82361 ] ] ], [ [ [ 109.29659, 13.82361 ], [ 109.29668, 13.82361 ], [ 109.29668, 13.8237 ], [ 109.29659, 13.8237 ], [ 109.29659, 13.82361 ] ] ], [ [ [ 109.29259, 13.8244 ], [ 109.29223, 13.82454 ], [ 109.2919, 13.82449 ], [ 109.29156, 13.82428 ], [ 109.29166, 13.82364 ], [ 109.29253, 13.8235 ], [ 109.29298, 13.8234 ], [ 109.29302, 13.82345 ], [ 109.29336, 13.82359 ], [ 109.29348, 13.82394 ], [ 109.29321, 13.82414 ], [ 109.29254, 13.82404 ], [ 109.29259, 13.8244 ] ] ], [ [ [ 109.17887, 13.82379 ], [ 109.17853, 13.82362 ], [ 109.17894, 13.82357 ], [ 109.17887, 13.82379 ] ] ], [ [ [ 109.29825, 13.82479 ], [ 109.29834, 13.82479 ], [ 109.29834, 13.82488 ], [ 109.29824, 13.82488 ], [ 109.29825, 13.82479 ] ] ], [ [ [ 109.29834, 13.82488 ], [ 109.29843, 13.82488 ], [ 109.29843, 13.82516 ], [ 109.29833, 13.82516 ], [ 109.29834, 13.82488 ] ] ], [ [ [ 109.29796, 13.82533 ], [ 109.29796, 13.82542 ], [ 109.29787, 13.82542 ], [ 109.29787, 13.82533 ], [ 109.29796, 13.82533 ] ] ], [ [ [ 109.2975, 13.82569 ], [ 109.2975, 13.8256 ], [ 109.29759, 13.8256 ], [ 109.29759, 13.82569 ], [ 109.2975, 13.82569 ] ] ], [ [ [ 109.29062, 13.82388 ], [ 109.29082, 13.82406 ], [ 109.29075, 13.82485 ], [ 109.29108, 13.82506 ], [ 109.29116, 13.82513 ], [ 109.29029, 13.82532 ], [ 109.28963, 13.82572 ], [ 109.28928, 13.82547 ], [ 109.28933, 13.82498 ], [ 109.29022, 13.82394 ], [ 109.29057, 13.82384 ], [ 109.29062, 13.82388 ] ] ], [ [ [ 109.17702, 13.82103 ], [ 109.17706, 13.82108 ], [ 109.17725, 13.82116 ], [ 109.17748, 13.82129 ], [ 109.17733, 13.8218 ], [ 109.17735, 13.82216 ], [ 109.17718, 13.82305 ], [ 109.17676, 13.82417 ], [ 109.17636, 13.82488 ], [ 109.17611, 13.82486 ], [ 109.17606, 13.82491 ], [ 109.176, 13.82488 ], [ 109.17579, 13.82446 ], [ 109.17586, 13.8244 ], [ 109.17602, 13.82405 ], [ 109.1762, 13.82374 ], [ 109.17641, 13.823 ], [ 109.1767, 13.82253 ], [ 109.17664, 13.82202 ], [ 109.17674, 13.8213 ], [ 109.17683, 13.82112 ], [ 109.17702, 13.82103 ] ] ], [ [ [ 109.2975, 13.82569 ], [ 109.2975, 13.82587 ], [ 109.29737, 13.82578 ], [ 109.2975, 13.82569 ] ] ], [ [ [ 109.29759, 13.82605 ], [ 109.29759, 13.82614 ], [ 109.2975, 13.82614 ], [ 109.2975, 13.82605 ], [ 109.29759, 13.82605 ] ] ], [ [ [ 109.29768, 13.82633 ], [ 109.29759, 13.82632 ], [ 109.29759, 13.82623 ], [ 109.29768, 13.82624 ], [ 109.29768, 13.82633 ] ] ], [ [ [ 109.29768, 13.82633 ], [ 109.29777, 13.82633 ], [ 109.29777, 13.82642 ], [ 109.29768, 13.82642 ], [ 109.29768, 13.82633 ] ] ], [ [ [ 109.29594, 13.82635 ], [ 109.29576, 13.82643 ], [ 109.29561, 13.82617 ], [ 109.29583, 13.82613 ], [ 109.29594, 13.82635 ] ] ], [ [ [ 109.29823, 13.82669 ], [ 109.29823, 13.82678 ], [ 109.29814, 13.82678 ], [ 109.29814, 13.82669 ], [ 109.29823, 13.82669 ] ] ], [ [ [ 109.29879, 13.8266 ], [ 109.29891, 13.82685 ], [ 109.29897, 13.82688 ], [ 109.29897, 13.82706 ], [ 109.29888, 13.82706 ], [ 109.29868, 13.82693 ], [ 109.2986, 13.8266 ], [ 109.29879, 13.8266 ] ] ], [ [ [ 109.28745, 13.82676 ], [ 109.28767, 13.82693 ], [ 109.28762, 13.82725 ], [ 109.28722, 13.82738 ], [ 109.28705, 13.82676 ], [ 109.28741, 13.82671 ], [ 109.28745, 13.82676 ] ] ], [ [ [ 109.29079, 13.82659 ], [ 109.29089, 13.82726 ], [ 109.29086, 13.82761 ], [ 109.29061, 13.82785 ], [ 109.29046, 13.82633 ], [ 109.29065, 13.82628 ], [ 109.29079, 13.82659 ] ] ], [ [ [ 109.29371, 13.82788 ], [ 109.2934, 13.82795 ], [ 109.29353, 13.82768 ], [ 109.2936, 13.82765 ], [ 109.29371, 13.82788 ] ] ], [ [ [ 109.29868, 13.82805 ], [ 109.29862, 13.828 ], [ 109.29848, 13.82738 ], [ 109.29878, 13.82751 ], [ 109.29888, 13.8277 ], [ 109.29872, 13.8279 ], [ 109.29868, 13.82805 ] ] ], [ [ [ 109.29868, 13.82805 ], [ 109.29881, 13.82811 ], [ 109.29893, 13.82835 ], [ 109.29905, 13.82841 ], [ 109.29905, 13.8285 ], [ 109.29914, 13.82851 ], [ 109.29905, 13.82869 ], [ 109.29899, 13.82865 ], [ 109.29874, 13.82829 ], [ 109.29868, 13.82805 ] ] ], [ [ [ 109.2913, 13.82866 ], [ 109.29115, 13.82875 ], [ 109.29106, 13.82851 ], [ 109.29119, 13.82845 ], [ 109.2913, 13.82866 ] ] ], [ [ [ 109.29282, 13.82742 ], [ 109.29299, 13.82796 ], [ 109.29328, 13.82833 ], [ 109.29411, 13.82854 ], [ 109.2941, 13.82893 ], [ 109.29337, 13.82909 ], [ 109.29247, 13.82875 ], [ 109.29198, 13.82759 ], [ 109.29217, 13.82723 ], [ 109.29259, 13.8271 ], [ 109.29282, 13.82742 ] ] ], [ [ [ 109.29812, 13.82949 ], [ 109.29812, 13.82958 ], [ 109.29803, 13.82958 ], [ 109.29803, 13.82949 ], [ 109.29812, 13.82949 ] ] ], [ [ [ 109.29934, 13.82991 ], [ 109.29923, 13.82995 ], [ 109.29923, 13.82986 ], [ 109.29934, 13.82991 ] ] ], [ [ [ 109.28591, 13.82917 ], [ 109.28586, 13.82973 ], [ 109.2856, 13.82999 ], [ 109.28549, 13.82884 ], [ 109.28573, 13.82877 ], [ 109.28591, 13.82917 ] ] ], [ [ [ 109.29808, 13.82988 ], [ 109.29814, 13.83029 ], [ 109.29793, 13.83039 ], [ 109.29796, 13.82997 ], [ 109.29802, 13.82985 ], [ 109.29808, 13.82988 ] ] ], [ [ [ 109.2981, 13.83184 ], [ 109.29801, 13.83184 ], [ 109.29801, 13.83166 ], [ 109.29807, 13.83154 ], [ 109.2981, 13.83184 ] ] ], [ [ [ 109.29662, 13.83156 ], [ 109.29662, 13.8321 ], [ 109.29634, 13.8321 ], [ 109.29635, 13.83156 ], [ 109.29662, 13.83156 ] ] ], [ [ [ 109.29782, 13.83238 ], [ 109.29791, 13.83238 ], [ 109.29791, 13.83247 ], [ 109.29782, 13.83247 ], [ 109.29782, 13.83238 ] ] ], [ [ [ 109.28698, 13.83243 ], [ 109.28657, 13.83271 ], [ 109.28621, 13.83236 ], [ 109.28709, 13.83231 ], [ 109.28698, 13.83243 ] ] ], [ [ [ 109.28603, 13.83262 ], [ 109.28586, 13.83279 ], [ 109.28557, 13.83255 ], [ 109.28598, 13.83248 ], [ 109.28603, 13.83262 ] ] ], [ [ [ 109.29791, 13.83338 ], [ 109.29786, 13.83368 ], [ 109.29781, 13.83338 ], [ 109.29791, 13.83338 ] ] ], [ [ [ 109.28735, 13.83633 ], [ 109.28708, 13.83651 ], [ 109.28684, 13.83584 ], [ 109.28705, 13.83527 ], [ 109.28744, 13.8352 ], [ 109.28735, 13.83633 ] ] ], [ [ [ 109.2964, 13.8368 ], [ 109.29631, 13.8368 ], [ 109.29631, 13.83671 ], [ 109.2964, 13.83671 ], [ 109.2964, 13.8368 ] ] ], [ [ [ 109.2964, 13.8368 ], [ 109.29649, 13.8368 ], [ 109.29649, 13.83689 ], [ 109.2964, 13.83689 ], [ 109.2964, 13.8368 ] ] ], [ [ [ 109.29649, 13.83689 ], [ 109.29658, 13.83689 ], [ 109.29658, 13.83698 ], [ 109.29649, 13.83698 ], [ 109.29649, 13.83689 ] ] ], [ [ [ 109.29723, 13.83726 ], [ 109.29711, 13.8372 ], [ 109.29705, 13.83708 ], [ 109.29723, 13.83708 ], [ 109.29723, 13.83726 ] ] ], [ [ [ 109.29723, 13.83726 ], [ 109.29741, 13.83726 ], [ 109.29741, 13.83735 ], [ 109.29723, 13.83735 ], [ 109.29723, 13.83726 ] ] ], [ [ [ 109.29787, 13.83799 ], [ 109.29778, 13.83799 ], [ 109.29778, 13.8379 ], [ 109.29783, 13.83778 ], [ 109.29787, 13.83799 ] ] ], [ [ [ 109.29112, 13.83785 ], [ 109.29121, 13.83785 ], [ 109.29121, 13.83794 ], [ 109.29121, 13.83803 ], [ 109.29112, 13.83803 ], [ 109.29112, 13.83785 ] ] ], [ [ [ 109.29121, 13.83803 ], [ 109.2913, 13.83803 ], [ 109.2913, 13.83812 ], [ 109.29121, 13.83812 ], [ 109.29121, 13.83803 ] ] ], [ [ [ 109.29845, 13.83896 ], [ 109.29835, 13.8393 ], [ 109.29823, 13.83916 ], [ 109.29824, 13.83889 ], [ 109.29845, 13.83896 ] ] ], [ [ [ 109.29523, 13.84046 ], [ 109.2951, 13.84054 ], [ 109.29486, 13.8403 ], [ 109.29517, 13.84023 ], [ 109.29523, 13.84046 ] ] ], [ [ [ 109.29871, 13.84084 ], [ 109.2985, 13.84088 ], [ 109.2985, 13.84079 ], [ 109.29871, 13.84084 ] ] ], [ [ [ 109.2841, 13.84155 ], [ 109.28351, 13.842 ], [ 109.28328, 13.84171 ], [ 109.28349, 13.84132 ], [ 109.28379, 13.84105 ], [ 109.2841, 13.84155 ] ] ], [ [ [ 109.29044, 13.84245 ], [ 109.29048, 13.84232 ], [ 109.29082, 13.84196 ], [ 109.29104, 13.8424 ], [ 109.29044, 13.84245 ] ] ], [ [ [ 109.29858, 13.84224 ], [ 109.29839, 13.84251 ], [ 109.29833, 13.84248 ], [ 109.29828, 13.84174 ], [ 109.29861, 13.84165 ], [ 109.29868, 13.84152 ], [ 109.29885, 13.84159 ], [ 109.29918, 13.84152 ], [ 109.29903, 13.84213 ], [ 109.29877, 13.84206 ], [ 109.29867, 13.84206 ], [ 109.29867, 13.84215 ], [ 109.29858, 13.84215 ], [ 109.29858, 13.84224 ] ] ], [ [ [ 109.29271, 13.84259 ], [ 109.29263, 13.84235 ], [ 109.29275, 13.84229 ], [ 109.29271, 13.84259 ] ] ], [ [ [ 109.29834, 13.84345 ], [ 109.29811, 13.8435 ], [ 109.29833, 13.84318 ], [ 109.29839, 13.84314 ], [ 109.29834, 13.84345 ] ] ], [ [ [ 109.29484, 13.84172 ], [ 109.29474, 13.84199 ], [ 109.29417, 13.84265 ], [ 109.29394, 13.84332 ], [ 109.29344, 13.84349 ], [ 109.29363, 13.84269 ], [ 109.2939, 13.84218 ], [ 109.29401, 13.8418 ], [ 109.29413, 13.84108 ], [ 109.2942, 13.84117 ], [ 109.29437, 13.84152 ], [ 109.29493, 13.84108 ], [ 109.29521, 13.841 ], [ 109.29531, 13.84091 ], [ 109.29554, 13.84086 ], [ 109.29567, 13.84125 ], [ 109.29494, 13.84142 ], [ 109.29484, 13.84172 ] ] ], [ [ [ 109.29558, 13.84191 ], [ 109.29548, 13.84217 ], [ 109.29538, 13.84287 ], [ 109.29519, 13.84335 ], [ 109.2947, 13.84352 ], [ 109.29453, 13.8433 ], [ 109.29465, 13.84289 ], [ 109.29498, 13.84237 ], [ 109.2953, 13.84213 ], [ 109.29548, 13.84172 ], [ 109.29562, 13.84168 ], [ 109.29558, 13.84191 ] ] ], [ [ [ 109.29802, 13.8435 ], [ 109.29802, 13.84359 ], [ 109.29792, 13.84359 ], [ 109.29792, 13.8435 ], [ 109.29802, 13.8435 ] ] ], [ [ [ 109.29792, 13.84368 ], [ 109.29792, 13.84377 ], [ 109.29783, 13.84377 ], [ 109.29783, 13.84368 ], [ 109.29792, 13.84368 ] ] ], [ [ [ 109.29783, 13.84386 ], [ 109.29783, 13.84395 ], [ 109.29774, 13.84395 ], [ 109.29774, 13.84386 ], [ 109.29783, 13.84386 ] ] ], [ [ [ 109.29755, 13.84431 ], [ 109.29755, 13.84422 ], [ 109.29764, 13.84422 ], [ 109.29764, 13.84431 ], [ 109.29755, 13.84431 ] ] ], [ [ [ 109.29755, 13.84431 ], [ 109.29755, 13.8444 ], [ 109.29745, 13.8444 ], [ 109.29746, 13.84431 ], [ 109.29755, 13.84431 ] ] ], [ [ [ 109.29726, 13.84512 ], [ 109.29717, 13.84512 ], [ 109.29717, 13.84503 ], [ 109.29717, 13.84494 ], [ 109.29708, 13.84494 ], [ 109.29723, 13.84473 ], [ 109.29745, 13.84458 ], [ 109.29745, 13.84485 ], [ 109.29736, 13.84485 ], [ 109.29736, 13.84494 ], [ 109.29727, 13.84494 ], [ 109.29726, 13.84512 ] ] ], [ [ [ 109.29652, 13.8453 ], [ 109.29652, 13.84521 ], [ 109.29662, 13.84521 ], [ 109.29662, 13.8453 ], [ 109.29652, 13.8453 ] ] ], [ [ [ 109.29652, 13.8453 ], [ 109.29652, 13.84539 ], [ 109.29643, 13.84539 ], [ 109.29643, 13.8453 ], [ 109.29652, 13.8453 ] ] ], [ [ [ 109.29643, 13.84539 ], [ 109.29643, 13.84548 ], [ 109.29634, 13.84548 ], [ 109.29634, 13.84539 ], [ 109.29643, 13.84539 ] ] ], [ [ [ 109.29634, 13.84548 ], [ 109.29634, 13.84557 ], [ 109.29624, 13.84557 ], [ 109.29624, 13.84548 ], [ 109.29634, 13.84548 ] ] ], [ [ [ 109.29615, 13.84575 ], [ 109.29615, 13.84566 ], [ 109.29624, 13.84566 ], [ 109.29624, 13.84575 ], [ 109.29615, 13.84575 ] ] ], [ [ [ 109.29615, 13.84575 ], [ 109.29615, 13.84584 ], [ 109.29606, 13.84584 ], [ 109.29606, 13.84575 ], [ 109.29615, 13.84575 ] ] ], [ [ [ 109.29606, 13.84584 ], [ 109.29606, 13.84593 ], [ 109.29596, 13.84593 ], [ 109.29596, 13.84584 ], [ 109.29606, 13.84584 ] ] ], [ [ [ 109.29587, 13.84611 ], [ 109.29587, 13.84602 ], [ 109.29596, 13.84602 ], [ 109.29596, 13.84611 ], [ 109.29587, 13.84611 ] ] ], [ [ [ 109.29587, 13.84611 ], [ 109.29582, 13.8464 ], [ 109.29559, 13.84656 ], [ 109.29563, 13.8464 ], [ 109.29582, 13.84614 ], [ 109.29587, 13.84611 ] ] ], [ [ [ 109.29559, 13.84656 ], [ 109.29559, 13.84665 ], [ 109.2955, 13.84665 ], [ 109.2955, 13.84656 ], [ 109.29559, 13.84656 ] ] ], [ [ [ 109.2955, 13.84665 ], [ 109.2955, 13.84674 ], [ 109.2954, 13.84674 ], [ 109.2954, 13.84665 ], [ 109.2955, 13.84665 ] ] ], [ [ [ 109.27946, 13.84558 ], [ 109.27954, 13.84574 ], [ 109.27878, 13.84692 ], [ 109.27852, 13.84699 ], [ 109.27881, 13.8465 ], [ 109.27903, 13.84603 ], [ 109.27888, 13.84564 ], [ 109.27891, 13.84536 ], [ 109.27913, 13.84518 ], [ 109.27946, 13.84558 ] ] ], [ [ [ 109.27789, 13.85071 ], [ 109.27773, 13.85081 ], [ 109.27748, 13.85058 ], [ 109.2778, 13.8505 ], [ 109.27789, 13.85071 ] ] ], [ [ [ 109.27545, 13.85159 ], [ 109.27537, 13.85151 ], [ 109.27548, 13.85148 ], [ 109.27545, 13.85159 ] ] ], [ [ [ 109.27544, 13.85204 ], [ 109.27526, 13.85212 ], [ 109.2754, 13.85179 ], [ 109.27548, 13.85175 ], [ 109.27544, 13.85204 ] ] ], [ [ [ 109.28058, 13.85246 ], [ 109.28049, 13.85308 ], [ 109.28002, 13.85289 ], [ 109.27987, 13.85254 ], [ 109.28038, 13.85215 ], [ 109.28058, 13.85246 ] ] ], [ [ [ 109.28828, 13.85317 ], [ 109.28801, 13.85341 ], [ 109.28792, 13.85299 ], [ 109.28833, 13.85292 ], [ 109.28828, 13.85317 ] ] ], [ [ [ 109.27542, 13.85243 ], [ 109.27575, 13.85257 ], [ 109.27598, 13.85312 ], [ 109.27606, 13.85348 ], [ 109.27581, 13.8536 ], [ 109.27557, 13.85293 ], [ 109.27517, 13.85244 ], [ 109.27538, 13.85238 ], [ 109.27542, 13.85243 ] ] ], [ [ [ 109.29322, 13.85386 ], [ 109.29332, 13.85386 ], [ 109.29332, 13.85395 ], [ 109.29322, 13.85395 ], [ 109.29322, 13.85386 ] ] ], [ [ [ 109.29332, 13.85395 ], [ 109.29341, 13.85395 ], [ 109.29341, 13.85404 ], [ 109.29331, 13.85404 ], [ 109.29332, 13.85395 ] ] ], [ [ [ 109.28318, 13.8533 ], [ 109.28336, 13.85372 ], [ 109.28319, 13.85401 ], [ 109.28281, 13.85391 ], [ 109.28262, 13.85339 ], [ 109.28275, 13.8532 ], [ 109.28315, 13.85316 ], [ 109.28318, 13.8533 ] ] ], [ [ [ 109.29368, 13.85405 ], [ 109.29368, 13.85414 ], [ 109.29359, 13.85414 ], [ 109.29359, 13.85405 ], [ 109.29368, 13.85405 ] ] ], [ [ [ 109.29405, 13.85405 ], [ 109.29415, 13.85405 ], [ 109.29415, 13.85414 ], [ 109.29424, 13.85414 ], [ 109.29424, 13.85423 ], [ 109.29396, 13.85423 ], [ 109.29396, 13.85414 ], [ 109.29396, 13.85405 ], [ 109.29405, 13.85405 ] ] ], [ [ [ 109.29479, 13.85532 ], [ 109.29467, 13.85527 ], [ 109.29479, 13.85523 ], [ 109.29479, 13.85532 ] ] ], [ [ [ 109.27462, 13.85563 ], [ 109.27497, 13.85566 ], [ 109.27489, 13.85581 ], [ 109.27465, 13.85569 ], [ 109.27462, 13.85563 ] ] ], [ [ [ 109.29493, 13.85597 ], [ 109.29485, 13.85589 ], [ 109.29497, 13.85586 ], [ 109.29493, 13.85597 ] ] ], [ [ [ 109.27462, 13.85563 ], [ 109.27448, 13.85567 ], [ 109.27382, 13.85568 ], [ 109.27383, 13.85621 ], [ 109.27382, 13.85653 ], [ 109.27382, 13.85667 ], [ 109.2743, 13.85666 ], [ 109.27447, 13.85686 ], [ 109.27353, 13.85683 ], [ 109.27319, 13.85613 ], [ 109.27279, 13.85561 ], [ 109.27263, 13.85512 ], [ 109.27254, 13.85485 ], [ 109.27245, 13.85457 ], [ 109.27227, 13.85412 ], [ 109.27198, 13.8534 ], [ 109.27201, 13.85246 ], [ 109.27229, 13.85167 ], [ 109.27252, 13.85146 ], [ 109.27323, 13.85075 ], [ 109.27322, 13.85031 ], [ 109.2751, 13.84802 ], [ 109.27588, 13.84742 ], [ 109.27638, 13.84693 ], [ 109.27679, 13.84674 ], [ 109.27732, 13.8462 ], [ 109.27831, 13.84563 ], [ 109.27862, 13.84568 ], [ 109.27842, 13.84626 ], [ 109.27801, 13.8468 ], [ 109.27781, 13.84686 ], [ 109.27739, 13.8474 ], [ 109.27685, 13.8479 ], [ 109.27657, 13.84846 ], [ 109.27624, 13.84877 ], [ 109.27583, 13.84918 ], [ 109.27552, 13.84946 ], [ 109.27473, 13.84996 ], [ 109.27461, 13.85048 ], [ 109.27497, 13.85066 ], [ 109.2746, 13.85125 ], [ 109.27428, 13.85207 ], [ 109.27392, 13.85259 ], [ 109.27344, 13.85289 ], [ 109.27328, 13.85335 ], [ 109.27329, 13.85399 ], [ 109.27375, 13.85458 ], [ 109.27396, 13.85491 ], [ 109.27444, 13.85523 ], [ 109.27462, 13.85563 ] ], [ [ 109.27258, 13.85344 ], [ 109.27247, 13.8542 ], [ 109.27271, 13.8545 ], [ 109.27338, 13.85503 ], [ 109.27351, 13.85479 ], [ 109.2732, 13.85427 ], [ 109.27294, 13.8536 ], [ 109.27292, 13.85341 ], [ 109.27288, 13.85336 ], [ 109.27258, 13.85344 ] ], [ [ 109.2747, 13.84882 ], [ 109.27379, 13.84981 ], [ 109.27376, 13.8503 ], [ 109.27413, 13.85088 ], [ 109.27433, 13.85089 ], [ 109.27446, 13.84997 ], [ 109.27479, 13.84961 ], [ 109.27563, 13.8491 ], [ 109.27564, 13.8489 ], [ 109.27559, 13.84877 ], [ 109.2747, 13.84882 ] ], [ [ 109.27668, 13.84729 ], [ 109.27659, 13.84754 ], [ 109.27685, 13.84745 ], [ 109.2769, 13.84724 ], [ 109.27668, 13.84729 ] ], [ [ 109.27733, 13.84663 ], [ 109.27742, 13.84681 ], [ 109.27801, 13.84652 ], [ 109.27792, 13.84634 ], [ 109.27733, 13.84663 ] ] ], [ [ [ 109.27845, 13.85561 ], [ 109.27859, 13.85628 ], [ 109.27843, 13.85706 ], [ 109.27805, 13.85623 ], [ 109.27809, 13.85566 ], [ 109.27841, 13.85557 ], [ 109.27845, 13.85561 ] ] ], [ [ [ 109.27307, 13.85735 ], [ 109.2728, 13.85746 ], [ 109.27256, 13.8566 ], [ 109.27267, 13.85652 ], [ 109.27307, 13.85735 ] ] ], [ [ [ 109.27428, 13.85785 ], [ 109.27355, 13.85813 ], [ 109.27331, 13.85809 ], [ 109.27345, 13.85774 ], [ 109.27432, 13.85771 ], [ 109.27428, 13.85785 ] ] ], [ [ [ 109.29448, 13.85893 ], [ 109.29448, 13.85875 ], [ 109.29458, 13.85875 ], [ 109.29477, 13.85879 ], [ 109.29448, 13.85893 ] ] ], [ [ [ 109.29448, 13.85893 ], [ 109.29448, 13.85902 ], [ 109.29439, 13.85902 ], [ 109.29439, 13.85893 ], [ 109.29448, 13.85893 ] ] ], [ [ [ 109.29429, 13.8592 ], [ 109.2943, 13.85911 ], [ 109.29439, 13.85911 ], [ 109.29439, 13.8592 ], [ 109.29429, 13.8592 ] ] ], [ [ [ 109.28054, 13.85868 ], [ 109.28107, 13.8588 ], [ 109.2812, 13.85902 ], [ 109.28073, 13.85915 ], [ 109.28029, 13.8584 ], [ 109.28042, 13.85829 ], [ 109.28054, 13.85868 ] ] ], [ [ [ 109.29429, 13.8592 ], [ 109.29429, 13.85929 ], [ 109.2942, 13.85929 ], [ 109.2942, 13.8592 ], [ 109.29429, 13.8592 ] ] ], [ [ [ 109.29373, 13.86001 ], [ 109.29373, 13.8601 ], [ 109.29364, 13.8601 ], [ 109.29364, 13.86001 ], [ 109.29373, 13.86001 ] ] ], [ [ [ 109.27828, 13.85881 ], [ 109.27846, 13.85923 ], [ 109.27836, 13.86011 ], [ 109.27808, 13.8603 ], [ 109.27817, 13.85955 ], [ 109.27787, 13.85887 ], [ 109.27779, 13.85852 ], [ 109.27802, 13.85846 ], [ 109.27828, 13.85881 ] ] ], [ [ [ 109.27729, 13.86189 ], [ 109.27712, 13.86201 ], [ 109.27703, 13.86169 ], [ 109.27716, 13.86161 ], [ 109.27729, 13.86189 ] ] ], [ [ [ 109.29325, 13.86263 ], [ 109.29325, 13.86272 ], [ 109.29316, 13.86272 ], [ 109.29316, 13.86263 ], [ 109.29325, 13.86263 ] ] ], [ [ [ 109.28902, 13.86225 ], [ 109.2886, 13.86291 ], [ 109.28817, 13.86261 ], [ 109.28836, 13.86229 ], [ 109.28857, 13.86183 ], [ 109.28873, 13.86178 ], [ 109.28902, 13.86225 ] ] ], [ [ [ 109.27246, 13.86317 ], [ 109.27222, 13.86343 ], [ 109.27211, 13.86291 ], [ 109.27234, 13.86284 ], [ 109.27246, 13.86317 ] ] ], [ [ [ 109.27525, 13.86345 ], [ 109.27515, 13.86363 ], [ 109.27497, 13.86344 ], [ 109.27503, 13.86134 ], [ 109.27584, 13.86083 ], [ 109.27583, 13.8602 ], [ 109.27584, 13.85975 ], [ 109.27565, 13.85939 ], [ 109.27553, 13.85901 ], [ 109.27516, 13.85853 ], [ 109.27465, 13.85693 ], [ 109.27492, 13.85668 ], [ 109.27535, 13.85663 ], [ 109.27555, 13.85684 ], [ 109.27603, 13.85719 ], [ 109.27613, 13.8575 ], [ 109.27566, 13.85817 ], [ 109.27566, 13.85849 ], [ 109.27603, 13.85867 ], [ 109.27649, 13.85895 ], [ 109.27648, 13.85921 ], [ 109.27669, 13.85981 ], [ 109.27643, 13.8603 ], [ 109.27629, 13.86057 ], [ 109.27601, 13.86093 ], [ 109.27592, 13.8612 ], [ 109.27582, 13.86138 ], [ 109.27572, 13.86199 ], [ 109.27572, 13.86269 ], [ 109.27571, 13.86305 ], [ 109.27605, 13.86354 ], [ 109.27538, 13.8632 ], [ 109.27525, 13.86345 ] ] ], [ [ [ 109.29352, 13.86372 ], [ 109.29352, 13.86381 ], [ 109.29343, 13.86381 ], [ 109.29343, 13.86372 ], [ 109.29352, 13.86372 ] ] ], [ [ [ 109.29352, 13.86408 ], [ 109.2934, 13.86403 ], [ 109.29352, 13.86399 ], [ 109.29352, 13.86408 ] ] ], [ [ [ 109.27625, 13.86432 ], [ 109.27583, 13.86445 ], [ 109.2761, 13.86401 ], [ 109.27631, 13.86396 ], [ 109.27625, 13.86432 ] ] ], [ [ [ 109.29352, 13.86408 ], [ 109.2937, 13.86408 ], [ 109.2937, 13.86435 ], [ 109.29365, 13.86465 ], [ 109.29342, 13.86471 ], [ 109.29348, 13.86459 ], [ 109.29352, 13.86408 ] ] ], [ [ [ 109.29342, 13.86471 ], [ 109.29342, 13.8648 ], [ 109.29333, 13.8648 ], [ 109.29333, 13.86471 ], [ 109.29342, 13.86471 ] ] ], [ [ [ 109.29324, 13.8648 ], [ 109.29324, 13.86489 ], [ 109.29314, 13.86489 ], [ 109.29314, 13.8648 ], [ 109.29324, 13.8648 ] ] ], [ [ [ 109.27332, 13.86522 ], [ 109.27318, 13.86509 ], [ 109.27314, 13.86478 ], [ 109.27335, 13.86475 ], [ 109.27332, 13.86522 ] ] ], [ [ [ 109.27571, 13.86511 ], [ 109.27553, 13.86525 ], [ 109.27535, 13.86472 ], [ 109.27575, 13.86468 ], [ 109.27571, 13.86511 ] ] ], [ [ [ 109.29317, 13.86539 ], [ 109.29305, 13.86543 ], [ 109.29305, 13.86534 ], [ 109.29317, 13.86539 ] ] ], [ [ [ 109.28922, 13.86543 ], [ 109.28913, 13.86527 ], [ 109.28925, 13.86522 ], [ 109.28922, 13.86543 ] ] ], [ [ [ 109.2786, 13.86479 ], [ 109.27806, 13.86542 ], [ 109.27783, 13.86523 ], [ 109.27827, 13.86447 ], [ 109.27844, 13.86442 ], [ 109.2786, 13.86479 ] ] ], [ [ [ 109.2722, 13.86415 ], [ 109.2723, 13.86496 ], [ 109.27256, 13.86542 ], [ 109.27264, 13.8657 ], [ 109.2723, 13.86587 ], [ 109.2721, 13.86542 ], [ 109.27191, 13.86508 ], [ 109.2718, 13.86388 ], [ 109.27206, 13.86384 ], [ 109.2722, 13.86415 ] ] ], [ [ [ 109.27929, 13.86547 ], [ 109.28004, 13.86582 ], [ 109.27975, 13.86619 ], [ 109.27948, 13.86591 ], [ 109.27903, 13.8657 ], [ 109.27885, 13.86543 ], [ 109.27917, 13.86533 ], [ 109.27929, 13.86547 ] ] ], [ [ [ 109.27206, 13.86668 ], [ 109.27188, 13.86676 ], [ 109.27173, 13.8665 ], [ 109.27195, 13.86646 ], [ 109.27206, 13.86668 ] ] ], [ [ [ 109.27355, 13.86617 ], [ 109.27376, 13.86641 ], [ 109.27381, 13.86677 ], [ 109.27349, 13.8665 ], [ 109.27308, 13.86643 ], [ 109.27293, 13.86611 ], [ 109.27308, 13.86578 ], [ 109.27334, 13.86574 ], [ 109.27355, 13.86617 ] ] ], [ [ [ 109.27264, 13.86751 ], [ 109.27247, 13.86758 ], [ 109.27236, 13.86733 ], [ 109.27259, 13.86728 ], [ 109.27264, 13.86751 ] ] ], [ [ [ 109.27476, 13.86716 ], [ 109.27493, 13.86745 ], [ 109.27456, 13.8676 ], [ 109.27438, 13.8672 ], [ 109.27442, 13.86675 ], [ 109.27454, 13.86666 ], [ 109.27476, 13.86716 ] ] ], [ [ [ 109.2916, 13.86781 ], [ 109.29168, 13.86828 ], [ 109.29142, 13.86853 ], [ 109.29131, 13.8677 ], [ 109.29146, 13.86759 ], [ 109.2916, 13.86781 ] ] ], [ [ [ 109.28156, 13.86864 ], [ 109.2807, 13.86873 ], [ 109.28059, 13.86846 ], [ 109.28137, 13.86833 ], [ 109.28156, 13.86864 ] ] ], [ [ [ 109.28974, 13.86862 ], [ 109.28973, 13.86875 ], [ 109.28923, 13.86889 ], [ 109.28889, 13.86907 ], [ 109.2887, 13.86906 ], [ 109.28874, 13.86865 ], [ 109.28922, 13.86852 ], [ 109.28954, 13.86816 ], [ 109.2897, 13.86812 ], [ 109.28974, 13.86862 ] ] ], [ [ [ 109.27476, 13.86897 ], [ 109.27459, 13.86904 ], [ 109.27439, 13.86878 ], [ 109.2747, 13.86874 ], [ 109.27476, 13.86897 ] ] ], [ [ [ 109.27798, 13.8689 ], [ 109.27814, 13.86902 ], [ 109.27806, 13.86925 ], [ 109.27772, 13.86891 ], [ 109.27794, 13.86885 ], [ 109.27798, 13.8689 ] ] ], [ [ [ 109.27295, 13.86921 ], [ 109.27272, 13.8693 ], [ 109.27263, 13.8688 ], [ 109.27286, 13.86863 ], [ 109.27295, 13.86921 ] ] ], [ [ [ 109.28467, 13.8695 ], [ 109.28462, 13.86966 ], [ 109.28406, 13.86904 ], [ 109.28356, 13.86958 ], [ 109.28326, 13.86951 ], [ 109.2834, 13.86889 ], [ 109.28355, 13.86876 ], [ 109.28372, 13.86839 ], [ 109.28387, 13.86814 ], [ 109.28373, 13.86776 ], [ 109.28364, 13.8674 ], [ 109.28336, 13.86647 ], [ 109.28316, 13.86629 ], [ 109.28222, 13.86634 ], [ 109.28111, 13.86626 ], [ 109.28084, 13.8664 ], [ 109.28099, 13.8668 ], [ 109.28081, 13.86711 ], [ 109.28067, 13.8671 ], [ 109.28071, 13.86647 ], [ 109.28013, 13.86638 ], [ 109.28015, 13.86609 ], [ 109.28091, 13.86575 ], [ 109.2819, 13.86567 ], [ 109.28254, 13.86558 ], [ 109.28368, 13.8655 ], [ 109.28407, 13.86571 ], [ 109.2842, 13.86614 ], [ 109.28456, 13.86706 ], [ 109.28476, 13.86822 ], [ 109.28467, 13.8695 ] ], [ [ 109.28391, 13.86758 ], [ 109.28427, 13.86792 ], [ 109.28439, 13.86867 ], [ 109.28463, 13.86842 ], [ 109.28436, 13.867 ], [ 109.28402, 13.8665 ], [ 109.28381, 13.86619 ], [ 109.28338, 13.86577 ], [ 109.28333, 13.86572 ], [ 109.28291, 13.86577 ], [ 109.28264, 13.86586 ], [ 109.28209, 13.86603 ], [ 109.28344, 13.86614 ], [ 109.28391, 13.86758 ] ] ], [ [ [ 109.28272, 13.86948 ], [ 109.2824, 13.86958 ], [ 109.28214, 13.86976 ], [ 109.28197, 13.86964 ], [ 109.28217, 13.86937 ], [ 109.28266, 13.86933 ], [ 109.28272, 13.86948 ] ] ], [ [ [ 109.27997, 13.86959 ], [ 109.27997, 13.86977 ], [ 109.27969, 13.86977 ], [ 109.27969, 13.86958 ], [ 109.27997, 13.86959 ] ] ], [ [ [ 109.27895, 13.87057 ], [ 109.27898, 13.87046 ], [ 109.27906, 13.87054 ], [ 109.27895, 13.87057 ] ] ], [ [ [ 109.27779, 13.87048 ], [ 109.27751, 13.87061 ], [ 109.27747, 13.87065 ], [ 109.27715, 13.87059 ], [ 109.27751, 13.87026 ], [ 109.27779, 13.87048 ] ] ], [ [ [ 109.27895, 13.87057 ], [ 109.27891, 13.87068 ], [ 109.27883, 13.8706 ], [ 109.27895, 13.87057 ] ] ], [ [ [ 109.29217, 13.87103 ], [ 109.29212, 13.87099 ], [ 109.29195, 13.87057 ], [ 109.29178, 13.86997 ], [ 109.29188, 13.86938 ], [ 109.29209, 13.86922 ], [ 109.29209, 13.86949 ], [ 109.292, 13.86949 ], [ 109.292, 13.86994 ], [ 109.29209, 13.86994 ], [ 109.29208, 13.87049 ], [ 109.29208, 13.87058 ], [ 109.29218, 13.87058 ], [ 109.29217, 13.87103 ] ] ], [ [ [ 109.27151, 13.86993 ], [ 109.27168, 13.87074 ], [ 109.27153, 13.87092 ], [ 109.27127, 13.87059 ], [ 109.27114, 13.86968 ], [ 109.27137, 13.86962 ], [ 109.27151, 13.86993 ] ] ], [ [ [ 109.29217, 13.87103 ], [ 109.29222, 13.87107 ], [ 109.29236, 13.87139 ], [ 109.29235, 13.87157 ], [ 109.29245, 13.87157 ], [ 109.29237, 13.87171 ], [ 109.29217, 13.87175 ], [ 109.29217, 13.87103 ] ] ], [ [ [ 109.28456, 13.87128 ], [ 109.28434, 13.87155 ], [ 109.2841, 13.87196 ], [ 109.28379, 13.87172 ], [ 109.28375, 13.87124 ], [ 109.28385, 13.87124 ], [ 109.28385, 13.87106 ], [ 109.28406, 13.87092 ], [ 109.2842, 13.87055 ], [ 109.28413, 13.87021 ], [ 109.28447, 13.87012 ], [ 109.28472, 13.87061 ], [ 109.28456, 13.87128 ] ] ], [ [ [ 109.2799, 13.87232 ], [ 109.27964, 13.87224 ], [ 109.27995, 13.87203 ], [ 109.2799, 13.87232 ] ] ], [ [ [ 109.27524, 13.87199 ], [ 109.27524, 13.87208 ], [ 109.27533, 13.87208 ], [ 109.27523, 13.8724 ], [ 109.27482, 13.87216 ], [ 109.27493, 13.87188 ], [ 109.27524, 13.87199 ] ] ], [ [ [ 109.28842, 13.87222 ], [ 109.28806, 13.87257 ], [ 109.28687, 13.87259 ], [ 109.28646, 13.87229 ], [ 109.28629, 13.87211 ], [ 109.28583, 13.87212 ], [ 109.28565, 13.87176 ], [ 109.28574, 13.87148 ], [ 109.28584, 13.87121 ], [ 109.28593, 13.87031 ], [ 109.2863, 13.87019 ], [ 109.28622, 13.86977 ], [ 109.28557, 13.86951 ], [ 109.28557, 13.86908 ], [ 109.2856, 13.86807 ], [ 109.28522, 13.86733 ], [ 109.28521, 13.86714 ], [ 109.28525, 13.86596 ], [ 109.28514, 13.86551 ], [ 109.28468, 13.86497 ], [ 109.28457, 13.86418 ], [ 109.28416, 13.86403 ], [ 109.28389, 13.86428 ], [ 109.28356, 13.86461 ], [ 109.28229, 13.86478 ], [ 109.28157, 13.8653 ], [ 109.28098, 13.86517 ], [ 109.28139, 13.86446 ], [ 109.28169, 13.86415 ], [ 109.28233, 13.86366 ], [ 109.28192, 13.86306 ], [ 109.28258, 13.863 ], [ 109.28245, 13.86359 ], [ 109.28292, 13.8636 ], [ 109.28311, 13.86342 ], [ 109.28324, 13.86244 ], [ 109.28303, 13.86233 ], [ 109.28266, 13.86215 ], [ 109.28266, 13.86188 ], [ 109.28295, 13.86169 ], [ 109.28354, 13.86151 ], [ 109.28395, 13.86091 ], [ 109.28448, 13.86038 ], [ 109.28471, 13.86026 ], [ 109.28485, 13.86022 ], [ 109.2849, 13.86027 ], [ 109.28508, 13.86045 ], [ 109.28532, 13.86093 ], [ 109.28581, 13.86117 ], [ 109.28591, 13.86136 ], [ 109.28589, 13.86198 ], [ 109.28602, 13.86211 ], [ 109.28645, 13.86191 ], [ 109.28674, 13.86217 ], [ 109.28643, 13.86256 ], [ 109.28657, 13.86297 ], [ 109.28636, 13.86308 ], [ 109.28581, 13.86334 ], [ 109.28579, 13.86389 ], [ 109.28607, 13.86389 ], [ 109.28617, 13.86371 ], [ 109.28691, 13.86373 ], [ 109.28691, 13.86362 ], [ 109.28679, 13.86303 ], [ 109.28701, 13.86272 ], [ 109.28718, 13.86191 ], [ 109.28747, 13.86191 ], [ 109.28784, 13.86263 ], [ 109.28773, 13.86275 ], [ 109.28743, 13.86303 ], [ 109.28781, 13.86359 ], [ 109.28793, 13.86475 ], [ 109.28819, 13.86525 ], [ 109.28809, 13.86589 ], [ 109.28794, 13.86633 ], [ 109.28813, 13.86729 ], [ 109.28798, 13.86772 ], [ 109.28799, 13.86858 ], [ 109.28784, 13.86888 ], [ 109.2877, 13.86915 ], [ 109.28771, 13.86986 ], [ 109.28714, 13.87019 ], [ 109.28712, 13.87084 ], [ 109.28727, 13.871 ], [ 109.2875, 13.87122 ], [ 109.28764, 13.87166 ], [ 109.28842, 13.87203 ], [ 109.28842, 13.87222 ] ], [ [ 109.28641, 13.87123 ], [ 109.28635, 13.87183 ], [ 109.28721, 13.87191 ], [ 109.28722, 13.87174 ], [ 109.2869, 13.87117 ], [ 109.28641, 13.87123 ] ], [ [ 109.28625, 13.86921 ], [ 109.28633, 13.86929 ], [ 109.28636, 13.86918 ], [ 109.28625, 13.86921 ] ], [ [ 109.28615, 13.86779 ], [ 109.28613, 13.86803 ], [ 109.28637, 13.86831 ], [ 109.28659, 13.86833 ], [ 109.28646, 13.86773 ], [ 109.28615, 13.86779 ] ], [ [ 109.2867, 13.86774 ], [ 109.28682, 13.86823 ], [ 109.28715, 13.86825 ], [ 109.28702, 13.86765 ], [ 109.2867, 13.86774 ] ], [ [ 109.28735, 13.86797 ], [ 109.28752, 13.86822 ], [ 109.28757, 13.86792 ], [ 109.28735, 13.86797 ] ], [ [ 109.28615, 13.86661 ], [ 109.28581, 13.86706 ], [ 109.28602, 13.86732 ], [ 109.28632, 13.86721 ], [ 109.28643, 13.86671 ], [ 109.28712, 13.86618 ], [ 109.28726, 13.86516 ], [ 109.28692, 13.8644 ], [ 109.28644, 13.86426 ], [ 109.28639, 13.86421 ], [ 109.28611, 13.86429 ], [ 109.28604, 13.8648 ], [ 109.28624, 13.86552 ], [ 109.28615, 13.86661 ] ], [ [ 109.28674, 13.86696 ], [ 109.28692, 13.86723 ], [ 109.28713, 13.86713 ], [ 109.28693, 13.86683 ], [ 109.28674, 13.86696 ] ], [ [ 109.28765, 13.86705 ], [ 109.28773, 13.86713 ], [ 109.28776, 13.86702 ], [ 109.28765, 13.86705 ] ], [ [ 109.28737, 13.86599 ], [ 109.28733, 13.86642 ], [ 109.28762, 13.86645 ], [ 109.28768, 13.86594 ], [ 109.28737, 13.86599 ] ], [ [ 109.28541, 13.86411 ], [ 109.28532, 13.86348 ], [ 109.28539, 13.86305 ], [ 109.2852, 13.86275 ], [ 109.2849, 13.8628 ], [ 109.28486, 13.86307 ], [ 109.28492, 13.86351 ], [ 109.28474, 13.86395 ], [ 109.28495, 13.86445 ], [ 109.28541, 13.86411 ] ], [ [ 109.28446, 13.86329 ], [ 109.28434, 13.86334 ], [ 109.28442, 13.8635 ], [ 109.28446, 13.86329 ] ], [ [ 109.28519, 13.86492 ], [ 109.28507, 13.86495 ], [ 109.28515, 13.86503 ], [ 109.28519, 13.86492 ] ], [ [ 109.28577, 13.86632 ], [ 109.28595, 13.86603 ], [ 109.286, 13.86566 ], [ 109.28583, 13.86529 ], [ 109.28542, 13.86536 ], [ 109.28551, 13.86606 ], [ 109.28545, 13.8665 ], [ 109.28568, 13.86653 ], [ 109.28577, 13.86632 ] ], [ [ 109.2818, 13.86485 ], [ 109.28207, 13.86465 ], [ 109.28214, 13.86427 ], [ 109.28177, 13.86437 ], [ 109.28145, 13.86489 ], [ 109.2818, 13.86485 ] ], [ [ 109.28528, 13.86262 ], [ 109.28561, 13.86245 ], [ 109.28567, 13.86184 ], [ 109.2854, 13.8614 ], [ 109.28517, 13.86146 ], [ 109.28528, 13.86262 ] ], [ [ 109.28496, 13.86238 ], [ 109.28506, 13.8619 ], [ 109.28484, 13.86158 ], [ 109.28444, 13.86179 ], [ 109.28467, 13.86215 ], [ 109.28481, 13.86252 ], [ 109.28496, 13.86238 ] ] ], [ [ [ 109.27916, 13.87199 ], [ 109.27944, 13.87223 ], [ 109.27898, 13.87233 ], [ 109.2788, 13.87243 ], [ 109.27861, 13.87251 ], [ 109.2781, 13.87277 ], [ 109.27796, 13.87257 ], [ 109.27851, 13.87219 ], [ 109.27857, 13.87202 ], [ 109.27882, 13.87197 ], [ 109.27916, 13.87199 ] ] ], [ [ [ 109.28341, 13.87252 ], [ 109.28331, 13.87294 ], [ 109.28314, 13.8729 ], [ 109.28306, 13.87229 ], [ 109.28328, 13.87223 ], [ 109.28341, 13.87252 ] ] ], [ [ [ 109.2763, 13.87286 ], [ 109.27638, 13.87307 ], [ 109.27544, 13.87299 ], [ 109.27547, 13.8727 ], [ 109.27616, 13.87263 ], [ 109.2763, 13.87286 ] ] ], [ [ [ 109.29322, 13.85386 ], [ 109.29317, 13.85382 ], [ 109.29229, 13.85374 ], [ 109.29213, 13.85438 ], [ 109.29128, 13.85453 ], [ 109.291, 13.85496 ], [ 109.29068, 13.85509 ], [ 109.2899, 13.85526 ], [ 109.28908, 13.85576 ], [ 109.28848, 13.85601 ], [ 109.28828, 13.85664 ], [ 109.28748, 13.85685 ], [ 109.2868, 13.85637 ], [ 109.2864, 13.85639 ], [ 109.28539, 13.85684 ], [ 109.2851, 13.85692 ], [ 109.28486, 13.85705 ], [ 109.28504, 13.85754 ], [ 109.28636, 13.85769 ], [ 109.28668, 13.85747 ], [ 109.28718, 13.85751 ], [ 109.28747, 13.85784 ], [ 109.28776, 13.85793 ], [ 109.2886, 13.85764 ], [ 109.28909, 13.85709 ], [ 109.28968, 13.85673 ], [ 109.29045, 13.85641 ], [ 109.29085, 13.85644 ], [ 109.29125, 13.85641 ], [ 109.29155, 13.85576 ], [ 109.29173, 13.85518 ], [ 109.29303, 13.85529 ], [ 109.29358, 13.85525 ], [ 109.29371, 13.85578 ], [ 109.29343, 13.85617 ], [ 109.29335, 13.85633 ], [ 109.29383, 13.85599 ], [ 109.29402, 13.85621 ], [ 109.29398, 13.85667 ], [ 109.29361, 13.85689 ], [ 109.29352, 13.85762 ], [ 109.29342, 13.85833 ], [ 109.29332, 13.85928 ], [ 109.2931, 13.85942 ], [ 109.29314, 13.85888 ], [ 109.29301, 13.8587 ], [ 109.29268, 13.85888 ], [ 109.29249, 13.85955 ], [ 109.29269, 13.86008 ], [ 109.29266, 13.86032 ], [ 109.29276, 13.86068 ], [ 109.29285, 13.86108 ], [ 109.29303, 13.8614 ], [ 109.29307, 13.86172 ], [ 109.29302, 13.86177 ], [ 109.29287, 13.86226 ], [ 109.29253, 13.86249 ], [ 109.29201, 13.86221 ], [ 109.29173, 13.86222 ], [ 109.29219, 13.86369 ], [ 109.29263, 13.86408 ], [ 109.2924, 13.8647 ], [ 109.2922, 13.86532 ], [ 109.2919, 13.866 ], [ 109.29181, 13.8661 ], [ 109.29123, 13.86565 ], [ 109.29126, 13.86623 ], [ 109.29122, 13.86673 ], [ 109.29124, 13.86704 ], [ 109.2912, 13.8676 ], [ 109.29095, 13.86806 ], [ 109.29085, 13.86863 ], [ 109.29069, 13.8692 ], [ 109.29027, 13.86971 ], [ 109.29054, 13.8697 ], [ 109.29066, 13.87021 ], [ 109.29093, 13.87007 ], [ 109.29137, 13.86999 ], [ 109.29167, 13.8702 ], [ 109.29145, 13.87079 ], [ 109.29166, 13.87161 ], [ 109.29178, 13.87211 ], [ 109.29207, 13.87193 ], [ 109.29213, 13.87205 ], [ 109.29216, 13.87229 ], [ 109.29207, 13.87229 ], [ 109.29207, 13.87238 ], [ 109.29207, 13.87247 ], [ 109.29198, 13.87247 ], [ 109.29198, 13.87256 ], [ 109.29188, 13.87256 ], [ 109.29188, 13.87265 ], [ 109.29188, 13.87274 ], [ 109.29156, 13.87297 ], [ 109.29112, 13.8731 ], [ 109.29076, 13.87368 ], [ 109.29063, 13.87368 ], [ 109.29026, 13.87367 ], [ 109.28964, 13.87368 ], [ 109.28869, 13.87349 ], [ 109.28878, 13.87322 ], [ 109.28962, 13.87313 ], [ 109.28961, 13.87253 ], [ 109.2898, 13.87198 ], [ 109.29005, 13.8716 ], [ 109.29052, 13.87174 ], [ 109.29069, 13.8726 ], [ 109.291, 13.87261 ], [ 109.29119, 13.87233 ], [ 109.29129, 13.87179 ], [ 109.29145, 13.87132 ], [ 109.29117, 13.87103 ], [ 109.29026, 13.87072 ], [ 109.28991, 13.87142 ], [ 109.28955, 13.87108 ], [ 109.28973, 13.87059 ], [ 109.28992, 13.86968 ], [ 109.29028, 13.86902 ], [ 109.29045, 13.86772 ], [ 109.29094, 13.86702 ], [ 109.29097, 13.86603 ], [ 109.29079, 13.8655 ], [ 109.29106, 13.86476 ], [ 109.29119, 13.86424 ], [ 109.29153, 13.86402 ], [ 109.2919, 13.86378 ], [ 109.29192, 13.86323 ], [ 109.2914, 13.86245 ], [ 109.29058, 13.86257 ], [ 109.29034, 13.86328 ], [ 109.28952, 13.86381 ], [ 109.28913, 13.86394 ], [ 109.28929, 13.86343 ], [ 109.28988, 13.86272 ], [ 109.2903, 13.86193 ], [ 109.28988, 13.86138 ], [ 109.28989, 13.86084 ], [ 109.28989, 13.86053 ], [ 109.28989, 13.8603 ], [ 109.28989, 13.86004 ], [ 109.29007, 13.85968 ], [ 109.29064, 13.85927 ], [ 109.29142, 13.8589 ], [ 109.29176, 13.85811 ], [ 109.2916, 13.85751 ], [ 109.29131, 13.8575 ], [ 109.29094, 13.85769 ], [ 109.29103, 13.8574 ], [ 109.2913, 13.85689 ], [ 109.29131, 13.8567 ], [ 109.29103, 13.85669 ], [ 109.29048, 13.85696 ], [ 109.2901, 13.85705 ], [ 109.28987, 13.85728 ], [ 109.28936, 13.85743 ], [ 109.28887, 13.85775 ], [ 109.28815, 13.85803 ], [ 109.28758, 13.85816 ], [ 109.28696, 13.85847 ], [ 109.28665, 13.85833 ], [ 109.28602, 13.85801 ], [ 109.28501, 13.85802 ], [ 109.28482, 13.85782 ], [ 109.28445, 13.85758 ], [ 109.28447, 13.85685 ], [ 109.2839, 13.85671 ], [ 109.28392, 13.85611 ], [ 109.28372, 13.85574 ], [ 109.28391, 13.8554 ], [ 109.2841, 13.85468 ], [ 109.28355, 13.85432 ], [ 109.28369, 13.85388 ], [ 109.2841, 13.85284 ], [ 109.28424, 13.85222 ], [ 109.28442, 13.85037 ], [ 109.28543, 13.84924 ], [ 109.28545, 13.84863 ], [ 109.28527, 13.84807 ], [ 109.28508, 13.84816 ], [ 109.28453, 13.84851 ], [ 109.2845, 13.84818 ], [ 109.2847, 13.84798 ], [ 109.2849, 13.84788 ], [ 109.28526, 13.84735 ], [ 109.28581, 13.84708 ], [ 109.28601, 13.84735 ], [ 109.28548, 13.8481 ], [ 109.28563, 13.84825 ], [ 109.28597, 13.84859 ], [ 109.28674, 13.84815 ], [ 109.28665, 13.84779 ], [ 109.28645, 13.8474 ], [ 109.28675, 13.84726 ], [ 109.28693, 13.84717 ], [ 109.28737, 13.84704 ], [ 109.28768, 13.84628 ], [ 109.28811, 13.84573 ], [ 109.28835, 13.84518 ], [ 109.28834, 13.84465 ], [ 109.2887, 13.84397 ], [ 109.28827, 13.84375 ], [ 109.2877, 13.84364 ], [ 109.28789, 13.84347 ], [ 109.28828, 13.84323 ], [ 109.28855, 13.84284 ], [ 109.28903, 13.84239 ], [ 109.28943, 13.84141 ], [ 109.28985, 13.84153 ], [ 109.2903, 13.84233 ], [ 109.29044, 13.84245 ], [ 109.29057, 13.8435 ], [ 109.29069, 13.84371 ], [ 109.29057, 13.84479 ], [ 109.2907, 13.8449 ], [ 109.29073, 13.84522 ], [ 109.2909, 13.84576 ], [ 109.29077, 13.84632 ], [ 109.29094, 13.84628 ], [ 109.29121, 13.84638 ], [ 109.29156, 13.84661 ], [ 109.29221, 13.84645 ], [ 109.29213, 13.84612 ], [ 109.29153, 13.84596 ], [ 109.29124, 13.84576 ], [ 109.29135, 13.84532 ], [ 109.29112, 13.84494 ], [ 109.29107, 13.8449 ], [ 109.29101, 13.84452 ], [ 109.29112, 13.84414 ], [ 109.29125, 13.84359 ], [ 109.29163, 13.84372 ], [ 109.29153, 13.84461 ], [ 109.29189, 13.84504 ], [ 109.29211, 13.84492 ], [ 109.29226, 13.8446 ], [ 109.29284, 13.84469 ], [ 109.29311, 13.8453 ], [ 109.29342, 13.84534 ], [ 109.29343, 13.84519 ], [ 109.29339, 13.8447 ], [ 109.29359, 13.84468 ], [ 109.29381, 13.84486 ], [ 109.29365, 13.84528 ], [ 109.29405, 13.84556 ], [ 109.29445, 13.84524 ], [ 109.29472, 13.84488 ], [ 109.29486, 13.84476 ], [ 109.29519, 13.84425 ], [ 109.29534, 13.84394 ], [ 109.29583, 13.84373 ], [ 109.29594, 13.84287 ], [ 109.29624, 13.84237 ], [ 109.2962, 13.84198 ], [ 109.29651, 13.84128 ], [ 109.29695, 13.84075 ], [ 109.297, 13.84025 ], [ 109.29678, 13.83947 ], [ 109.29655, 13.8392 ], [ 109.29639, 13.83931 ], [ 109.29645, 13.83992 ], [ 109.29626, 13.84051 ], [ 109.29608, 13.84072 ], [ 109.29582, 13.84075 ], [ 109.29566, 13.84032 ], [ 109.29583, 13.83989 ], [ 109.29567, 13.83933 ], [ 109.29571, 13.83895 ], [ 109.2956, 13.83883 ], [ 109.29555, 13.83878 ], [ 109.29495, 13.8381 ], [ 109.29487, 13.83783 ], [ 109.29468, 13.83738 ], [ 109.29452, 13.83684 ], [ 109.29416, 13.83665 ], [ 109.29399, 13.83703 ], [ 109.29425, 13.83752 ], [ 109.29411, 13.83851 ], [ 109.29415, 13.83933 ], [ 109.29365, 13.8397 ], [ 109.29324, 13.83972 ], [ 109.29263, 13.83962 ], [ 109.29236, 13.83953 ], [ 109.29181, 13.83936 ], [ 109.29206, 13.83908 ], [ 109.29245, 13.83891 ], [ 109.29232, 13.83862 ], [ 109.29162, 13.838 ], [ 109.29145, 13.8378 ], [ 109.2914, 13.83776 ], [ 109.29144, 13.83762 ], [ 109.29173, 13.83726 ], [ 109.29172, 13.8368 ], [ 109.29182, 13.83627 ], [ 109.29192, 13.836 ], [ 109.29206, 13.8352 ], [ 109.29257, 13.83505 ], [ 109.29247, 13.8349 ], [ 109.29193, 13.83441 ], [ 109.29202, 13.8341 ], [ 109.29223, 13.83382 ], [ 109.2922, 13.83312 ], [ 109.2924, 13.83213 ], [ 109.2925, 13.83203 ], [ 109.29269, 13.83186 ], [ 109.29291, 13.82983 ], [ 109.29326, 13.82959 ], [ 109.29393, 13.82951 ], [ 109.29432, 13.8291 ], [ 109.29476, 13.82897 ], [ 109.29502, 13.8287 ], [ 109.29538, 13.82888 ], [ 109.29576, 13.82843 ], [ 109.29552, 13.82818 ], [ 109.2951, 13.82796 ], [ 109.2944, 13.82798 ], [ 109.29383, 13.82765 ], [ 109.29383, 13.82744 ], [ 109.29425, 13.82699 ], [ 109.29467, 13.82689 ], [ 109.29622, 13.8268 ], [ 109.29634, 13.82645 ], [ 109.29662, 13.82568 ], [ 109.29634, 13.82519 ], [ 109.29608, 13.82491 ], [ 109.29575, 13.82481 ], [ 109.29543, 13.82427 ], [ 109.29524, 13.82419 ], [ 109.29499, 13.82405 ], [ 109.2948, 13.8244 ], [ 109.29467, 13.82476 ], [ 109.29469, 13.82534 ], [ 109.29458, 13.82553 ], [ 109.29448, 13.82607 ], [ 109.2943, 13.82608 ], [ 109.29398, 13.82606 ], [ 109.29371, 13.82661 ], [ 109.29335, 13.8264 ], [ 109.2932, 13.82543 ], [ 109.29305, 13.82454 ], [ 109.29329, 13.82453 ], [ 109.294, 13.8249 ], [ 109.29422, 13.82446 ], [ 109.29426, 13.82368 ], [ 109.29395, 13.82321 ], [ 109.29358, 13.82309 ], [ 109.29345, 13.82268 ], [ 109.29298, 13.82232 ], [ 109.29233, 13.82253 ], [ 109.29157, 13.82171 ], [ 109.2912, 13.82138 ], [ 109.29101, 13.8209 ], [ 109.29064, 13.82045 ], [ 109.29022, 13.81988 ], [ 109.28977, 13.81964 ], [ 109.28931, 13.81988 ], [ 109.2891, 13.81919 ], [ 109.28868, 13.81875 ], [ 109.2883, 13.8184 ], [ 109.28826, 13.81826 ], [ 109.28816, 13.81808 ], [ 109.28808, 13.81789 ], [ 109.28795, 13.81766 ], [ 109.2878, 13.81727 ], [ 109.28771, 13.81697 ], [ 109.28735, 13.81667 ], [ 109.28759, 13.81626 ], [ 109.28781, 13.81553 ], [ 109.28774, 13.81428 ], [ 109.28764, 13.81401 ], [ 109.28749, 13.81332 ], [ 109.28737, 13.81319 ], [ 109.28732, 13.81315 ], [ 109.28723, 13.81264 ], [ 109.28702, 13.81176 ], [ 109.28618, 13.81102 ], [ 109.28562, 13.81119 ], [ 109.28597, 13.81152 ], [ 109.28609, 13.81174 ], [ 109.28607, 13.81222 ], [ 109.2862, 13.81287 ], [ 109.28589, 13.81331 ], [ 109.28607, 13.81381 ], [ 109.28699, 13.81394 ], [ 109.28676, 13.81435 ], [ 109.28741, 13.81495 ], [ 109.28726, 13.81556 ], [ 109.28682, 13.81635 ], [ 109.28674, 13.81721 ], [ 109.28674, 13.8173 ], [ 109.28669, 13.81735 ], [ 109.2866, 13.81745 ], [ 109.28696, 13.81814 ], [ 109.28714, 13.81885 ], [ 109.28686, 13.81979 ], [ 109.28686, 13.8202 ], [ 109.28675, 13.82104 ], [ 109.28638, 13.8215 ], [ 109.28628, 13.8219 ], [ 109.28629, 13.82248 ], [ 109.2873, 13.82259 ], [ 109.28739, 13.82261 ], [ 109.28701, 13.82296 ], [ 109.28665, 13.82295 ], [ 109.28665, 13.82313 ], [ 109.28665, 13.82332 ], [ 109.28627, 13.82331 ], [ 109.28609, 13.82293 ], [ 109.2861, 13.82267 ], [ 109.2861, 13.82242 ], [ 109.28562, 13.82213 ], [ 109.28527, 13.82261 ], [ 109.28564, 13.82322 ], [ 109.28618, 13.82358 ], [ 109.2863, 13.82395 ], [ 109.28706, 13.82394 ], [ 109.28786, 13.82336 ], [ 109.2884, 13.82342 ], [ 109.28817, 13.82386 ], [ 109.28786, 13.82447 ], [ 109.28811, 13.82522 ], [ 109.28821, 13.82561 ], [ 109.28901, 13.82638 ], [ 109.28949, 13.82649 ], [ 109.2897, 13.8266 ], [ 109.28966, 13.82783 ], [ 109.28978, 13.82854 ], [ 109.28973, 13.83021 ], [ 109.28932, 13.8302 ], [ 109.289, 13.83022 ], [ 109.28927, 13.83101 ], [ 109.28936, 13.83229 ], [ 109.28898, 13.83282 ], [ 109.28908, 13.8331 ], [ 109.28935, 13.83336 ], [ 109.28946, 13.83406 ], [ 109.28962, 13.83436 ], [ 109.29024, 13.83356 ], [ 109.2905, 13.8341 ], [ 109.29075, 13.83409 ], [ 109.29074, 13.83328 ], [ 109.29021, 13.83328 ], [ 109.29009, 13.83286 ], [ 109.29038, 13.83218 ], [ 109.29094, 13.83167 ], [ 109.29137, 13.83082 ], [ 109.29168, 13.83067 ], [ 109.29178, 13.83035 ], [ 109.29123, 13.83009 ], [ 109.29111, 13.8292 ], [ 109.29125, 13.82882 ], [ 109.29152, 13.82895 ], [ 109.2915, 13.82957 ], [ 109.29169, 13.82985 ], [ 109.29182, 13.83013 ], [ 109.29195, 13.83115 ], [ 109.29176, 13.8322 ], [ 109.29177, 13.83264 ], [ 109.29166, 13.83293 ], [ 109.29161, 13.83342 ], [ 109.29161, 13.83351 ], [ 109.29156, 13.83355 ], [ 109.29147, 13.83474 ], [ 109.29135, 13.83514 ], [ 109.29118, 13.83527 ], [ 109.29105, 13.83543 ], [ 109.29152, 13.83579 ], [ 109.29141, 13.83641 ], [ 109.29129, 13.83651 ], [ 109.29122, 13.83713 ], [ 109.29113, 13.83713 ], [ 109.29112, 13.83785 ], [ 109.29107, 13.83781 ], [ 109.29099, 13.83728 ], [ 109.29128, 13.83606 ], [ 109.29127, 13.83577 ], [ 109.29066, 13.83562 ], [ 109.291, 13.83518 ], [ 109.29119, 13.83491 ], [ 109.29138, 13.83464 ], [ 109.29151, 13.83276 ], [ 109.29138, 13.83266 ], [ 109.29098, 13.83307 ], [ 109.29082, 13.83428 ], [ 109.29071, 13.83459 ], [ 109.29025, 13.835 ], [ 109.29008, 13.83499 ], [ 109.28985, 13.835 ], [ 109.28947, 13.83567 ], [ 109.28935, 13.83572 ], [ 109.28943, 13.83587 ], [ 109.28947, 13.83567 ], [ 109.28983, 13.83572 ], [ 109.29022, 13.83616 ], [ 109.29037, 13.83618 ], [ 109.29087, 13.83591 ], [ 109.29097, 13.83614 ], [ 109.29062, 13.83643 ], [ 109.29049, 13.83699 ], [ 109.29027, 13.83774 ], [ 109.29046, 13.83817 ], [ 109.29083, 13.83859 ], [ 109.29125, 13.83874 ], [ 109.2913, 13.83812 ], [ 109.29135, 13.83817 ], [ 109.2915, 13.83848 ], [ 109.29116, 13.83925 ], [ 109.29106, 13.83954 ], [ 109.29071, 13.84019 ], [ 109.2911, 13.84076 ], [ 109.29129, 13.84088 ], [ 109.29152, 13.84042 ], [ 109.29231, 13.84044 ], [ 109.29244, 13.84071 ], [ 109.29189, 13.84097 ], [ 109.29179, 13.84111 ], [ 109.29209, 13.84155 ], [ 109.29196, 13.84188 ], [ 109.29142, 13.84169 ], [ 109.29114, 13.8416 ], [ 109.29099, 13.841 ], [ 109.29024, 13.84028 ], [ 109.29041, 13.83979 ], [ 109.29051, 13.83925 ], [ 109.29072, 13.83894 ], [ 109.2906, 13.83871 ], [ 109.29052, 13.83843 ], [ 109.29033, 13.83816 ], [ 109.29006, 13.8377 ], [ 109.28996, 13.83798 ], [ 109.28987, 13.83825 ], [ 109.28956, 13.83824 ], [ 109.28941, 13.83732 ], [ 109.28943, 13.83669 ], [ 109.28979, 13.83617 ], [ 109.28988, 13.83599 ], [ 109.28917, 13.83634 ], [ 109.28906, 13.83553 ], [ 109.28896, 13.83535 ], [ 109.28868, 13.83459 ], [ 109.2887, 13.83399 ], [ 109.28869, 13.83348 ], [ 109.28825, 13.83283 ], [ 109.28871, 13.83227 ], [ 109.28853, 13.83174 ], [ 109.28842, 13.83084 ], [ 109.2881, 13.83116 ], [ 109.28795, 13.83246 ], [ 109.28753, 13.83244 ], [ 109.28739, 13.83144 ], [ 109.28667, 13.83145 ], [ 109.28623, 13.83189 ], [ 109.28582, 13.83199 ], [ 109.28515, 13.83221 ], [ 109.28448, 13.83198 ], [ 109.28436, 13.83286 ], [ 109.28482, 13.83297 ], [ 109.28505, 13.83252 ], [ 109.28524, 13.83252 ], [ 109.2851, 13.83279 ], [ 109.2851, 13.83314 ], [ 109.28596, 13.8341 ], [ 109.28591, 13.83442 ], [ 109.28536, 13.83423 ], [ 109.28508, 13.83424 ], [ 109.28522, 13.83544 ], [ 109.2848, 13.83595 ], [ 109.2847, 13.83614 ], [ 109.28507, 13.83649 ], [ 109.28521, 13.83738 ], [ 109.28497, 13.83749 ], [ 109.28449, 13.83777 ], [ 109.28432, 13.83813 ], [ 109.2846, 13.83839 ], [ 109.28487, 13.83785 ], [ 109.28534, 13.83758 ], [ 109.28543, 13.8374 ], [ 109.28571, 13.83715 ], [ 109.2859, 13.83668 ], [ 109.28597, 13.83659 ], [ 109.28609, 13.83697 ], [ 109.28608, 13.83733 ], [ 109.28637, 13.83759 ], [ 109.28692, 13.83723 ], [ 109.28719, 13.83724 ], [ 109.28696, 13.83768 ], [ 109.28682, 13.83796 ], [ 109.28658, 13.83818 ], [ 109.28625, 13.83915 ], [ 109.28626, 13.8394 ], [ 109.28665, 13.8394 ], [ 109.28704, 13.8389 ], [ 109.28719, 13.83831 ], [ 109.28738, 13.83813 ], [ 109.28838, 13.83816 ], [ 109.28876, 13.8385 ], [ 109.2885, 13.83878 ], [ 109.28795, 13.83836 ], [ 109.28754, 13.83924 ], [ 109.28713, 13.8399 ], [ 109.28698, 13.83993 ], [ 109.28681, 13.84004 ], [ 109.28647, 13.84015 ], [ 109.28597, 13.84059 ], [ 109.28592, 13.8408 ], [ 109.28578, 13.84092 ], [ 109.28556, 13.84125 ], [ 109.28531, 13.84174 ], [ 109.28494, 13.84219 ], [ 109.28466, 13.84255 ], [ 109.28438, 13.84291 ], [ 109.28428, 13.84305 ], [ 109.28482, 13.84331 ], [ 109.28421, 13.84387 ], [ 109.28441, 13.84425 ], [ 109.28517, 13.84388 ], [ 109.2853, 13.84336 ], [ 109.28573, 13.84337 ], [ 109.28585, 13.84374 ], [ 109.28566, 13.84409 ], [ 109.28543, 13.84477 ], [ 109.286, 13.84547 ], [ 109.28491, 13.84609 ], [ 109.28519, 13.84635 ], [ 109.28537, 13.84657 ], [ 109.28448, 13.84725 ], [ 109.28424, 13.84771 ], [ 109.28402, 13.84792 ], [ 109.28418, 13.84742 ], [ 109.28468, 13.84673 ], [ 109.28426, 13.84647 ], [ 109.28435, 13.84634 ], [ 109.28482, 13.84576 ], [ 109.28473, 13.84535 ], [ 109.28463, 13.84526 ], [ 109.28451, 13.84499 ], [ 109.2841, 13.84509 ], [ 109.28396, 13.84553 ], [ 109.28311, 13.84584 ], [ 109.2828, 13.84649 ], [ 109.28192, 13.84723 ], [ 109.28183, 13.847 ], [ 109.282, 13.84593 ], [ 109.28183, 13.84575 ], [ 109.28142, 13.84596 ], [ 109.28122, 13.84582 ], [ 109.2812, 13.84538 ], [ 109.28145, 13.84476 ], [ 109.28194, 13.84454 ], [ 109.28207, 13.84362 ], [ 109.28235, 13.84371 ], [ 109.28268, 13.84407 ], [ 109.28271, 13.84398 ], [ 109.28282, 13.84254 ], [ 109.28307, 13.84253 ], [ 109.28319, 13.84341 ], [ 109.28393, 13.84346 ], [ 109.28414, 13.8429 ], [ 109.2841, 13.84216 ], [ 109.28452, 13.8418 ], [ 109.28436, 13.84151 ], [ 109.28441, 13.84077 ], [ 109.28416, 13.84038 ], [ 109.28402, 13.84046 ], [ 109.28364, 13.84088 ], [ 109.28319, 13.84049 ], [ 109.28333, 13.84018 ], [ 109.28378, 13.83947 ], [ 109.2836, 13.83879 ], [ 109.28356, 13.83808 ], [ 109.28437, 13.83763 ], [ 109.2847, 13.83722 ], [ 109.28405, 13.83706 ], [ 109.28404, 13.83686 ], [ 109.28433, 13.83676 ], [ 109.28484, 13.83665 ], [ 109.28451, 13.83618 ], [ 109.28457, 13.83532 ], [ 109.28391, 13.83545 ], [ 109.28378, 13.83622 ], [ 109.28354, 13.83655 ], [ 109.28371, 13.837 ], [ 109.28325, 13.8377 ], [ 109.28343, 13.83819 ], [ 109.28286, 13.83854 ], [ 109.28264, 13.8391 ], [ 109.28253, 13.83986 ], [ 109.28201, 13.84059 ], [ 109.28208, 13.84183 ], [ 109.28196, 13.84294 ], [ 109.28135, 13.84347 ], [ 109.28122, 13.8437 ], [ 109.28113, 13.84426 ], [ 109.28083, 13.84479 ], [ 109.28086, 13.84522 ], [ 109.28066, 13.84533 ], [ 109.28038, 13.84545 ], [ 109.28052, 13.84583 ], [ 109.28084, 13.84605 ], [ 109.28118, 13.84621 ], [ 109.28129, 13.84696 ], [ 109.28174, 13.8475 ], [ 109.28209, 13.84813 ], [ 109.28192, 13.84882 ], [ 109.28147, 13.84902 ], [ 109.28133, 13.84939 ], [ 109.2814, 13.85058 ], [ 109.28112, 13.85115 ], [ 109.28099, 13.85129 ], [ 109.2805, 13.85157 ], [ 109.28027, 13.85182 ], [ 109.27951, 13.85228 ], [ 109.27948, 13.85268 ], [ 109.27952, 13.85341 ], [ 109.2793, 13.85378 ], [ 109.27944, 13.85442 ], [ 109.27969, 13.85455 ], [ 109.27965, 13.85392 ], [ 109.28005, 13.85371 ], [ 109.28041, 13.85374 ], [ 109.2806, 13.85326 ], [ 109.28096, 13.85329 ], [ 109.28168, 13.85266 ], [ 109.28149, 13.85195 ], [ 109.2818, 13.8513 ], [ 109.28207, 13.85129 ], [ 109.28247, 13.85143 ], [ 109.28246, 13.85112 ], [ 109.28249, 13.8506 ], [ 109.28202, 13.84999 ], [ 109.282, 13.84958 ], [ 109.28238, 13.84957 ], [ 109.28248, 13.84985 ], [ 109.28262, 13.85031 ], [ 109.28278, 13.85066 ], [ 109.28329, 13.8507 ], [ 109.2834, 13.85032 ], [ 109.28355, 13.84915 ], [ 109.28376, 13.8483 ], [ 109.28388, 13.84804 ], [ 109.28402, 13.84792 ], [ 109.28401, 13.84819 ], [ 109.28395, 13.84825 ], [ 109.28378, 13.84887 ], [ 109.28368, 13.84941 ], [ 109.28358, 13.84995 ], [ 109.28344, 13.85079 ], [ 109.28321, 13.85104 ], [ 109.28275, 13.85114 ], [ 109.28288, 13.85139 ], [ 109.28307, 13.8514 ], [ 109.28329, 13.85139 ], [ 109.28331, 13.85167 ], [ 109.28292, 13.85175 ], [ 109.28269, 13.85247 ], [ 109.28194, 13.85258 ], [ 109.28162, 13.85315 ], [ 109.28177, 13.85353 ], [ 109.28212, 13.85385 ], [ 109.28252, 13.85457 ], [ 109.28212, 13.85475 ], [ 109.28197, 13.85527 ], [ 109.28187, 13.85569 ], [ 109.28167, 13.85622 ], [ 109.28149, 13.85695 ], [ 109.28072, 13.85761 ], [ 109.28048, 13.85798 ], [ 109.28001, 13.85815 ], [ 109.27956, 13.85839 ], [ 109.27946, 13.85797 ], [ 109.27928, 13.85747 ], [ 109.27924, 13.85671 ], [ 109.27964, 13.85669 ], [ 109.27974, 13.8577 ], [ 109.28003, 13.85761 ], [ 109.2802, 13.85743 ], [ 109.28076, 13.85704 ], [ 109.28047, 13.85688 ], [ 109.28012, 13.8569 ], [ 109.28002, 13.85671 ], [ 109.27984, 13.85548 ], [ 109.27948, 13.85531 ], [ 109.27914, 13.8538 ], [ 109.27933, 13.85331 ], [ 109.27927, 13.8525 ], [ 109.27931, 13.85246 ], [ 109.27949, 13.85211 ], [ 109.28002, 13.85147 ], [ 109.2798, 13.85105 ], [ 109.28017, 13.85039 ], [ 109.28015, 13.84998 ], [ 109.28055, 13.84942 ], [ 109.28031, 13.84884 ], [ 109.28089, 13.84794 ], [ 109.28093, 13.84695 ], [ 109.28054, 13.84694 ], [ 109.27984, 13.84766 ], [ 109.27936, 13.84768 ], [ 109.27912, 13.84745 ], [ 109.27935, 13.84712 ], [ 109.27972, 13.84649 ], [ 109.28009, 13.84597 ], [ 109.28012, 13.8455 ], [ 109.2801, 13.84514 ], [ 109.28048, 13.84502 ], [ 109.28067, 13.84451 ], [ 109.28076, 13.84388 ], [ 109.28104, 13.84352 ], [ 109.28134, 13.84314 ], [ 109.28169, 13.84282 ], [ 109.28181, 13.84187 ], [ 109.28179, 13.84133 ], [ 109.28192, 13.84038 ], [ 109.28209, 13.83991 ], [ 109.28218, 13.83964 ], [ 109.28255, 13.83883 ], [ 109.28265, 13.838 ], [ 109.28338, 13.83699 ], [ 109.28322, 13.83639 ], [ 109.28314, 13.83567 ], [ 109.28296, 13.83498 ], [ 109.28309, 13.83441 ], [ 109.28331, 13.83454 ], [ 109.28358, 13.83522 ], [ 109.28394, 13.83501 ], [ 109.28434, 13.83441 ], [ 109.2846, 13.83405 ], [ 109.2843, 13.83361 ], [ 109.28414, 13.83279 ], [ 109.28381, 13.83297 ], [ 109.28379, 13.83341 ], [ 109.28404, 13.83389 ], [ 109.28372, 13.83423 ], [ 109.28318, 13.8341 ], [ 109.28288, 13.83354 ], [ 109.28285, 13.8325 ], [ 109.28298, 13.83215 ], [ 109.28317, 13.83157 ], [ 109.28363, 13.83073 ], [ 109.28377, 13.82968 ], [ 109.28438, 13.82905 ], [ 109.28502, 13.82872 ], [ 109.28516, 13.82895 ], [ 109.2848, 13.82933 ], [ 109.28402, 13.82988 ], [ 109.28397, 13.83092 ], [ 109.28442, 13.83154 ], [ 109.28501, 13.83134 ], [ 109.28583, 13.83113 ], [ 109.28608, 13.83062 ], [ 109.28666, 13.83065 ], [ 109.28651, 13.82746 ], [ 109.28626, 13.82693 ], [ 109.28621, 13.82688 ], [ 109.28616, 13.82674 ], [ 109.28566, 13.82532 ], [ 109.28553, 13.82475 ], [ 109.28543, 13.82446 ], [ 109.28488, 13.82411 ], [ 109.28456, 13.8239 ], [ 109.28411, 13.82312 ], [ 109.28397, 13.82259 ], [ 109.28437, 13.82209 ], [ 109.28425, 13.82176 ], [ 109.28412, 13.82136 ], [ 109.28431, 13.82068 ], [ 109.28482, 13.82059 ], [ 109.28509, 13.82045 ], [ 109.2852, 13.81896 ], [ 109.28563, 13.81888 ], [ 109.28575, 13.81951 ], [ 109.28587, 13.81969 ], [ 109.28603, 13.81906 ], [ 109.28622, 13.81871 ], [ 109.28622, 13.81852 ], [ 109.28529, 13.81842 ], [ 109.28482, 13.81817 ], [ 109.28484, 13.81769 ], [ 109.28483, 13.81716 ], [ 109.28521, 13.81682 ], [ 109.28533, 13.81616 ], [ 109.28611, 13.81527 ], [ 109.28632, 13.81483 ], [ 109.286, 13.81436 ], [ 109.28589, 13.81399 ], [ 109.28578, 13.81391 ], [ 109.28534, 13.81436 ], [ 109.28504, 13.81435 ], [ 109.28474, 13.81403 ], [ 109.28419, 13.81386 ], [ 109.28391, 13.81328 ], [ 109.28395, 13.81245 ], [ 109.28392, 13.81146 ], [ 109.28378, 13.81118 ], [ 109.28369, 13.8108 ], [ 109.28424, 13.81083 ], [ 109.28446, 13.8105 ], [ 109.28488, 13.81013 ], [ 109.28588, 13.81 ], [ 109.28573, 13.80957 ], [ 109.28564, 13.80911 ], [ 109.28532, 13.80839 ], [ 109.28518, 13.80866 ], [ 109.28496, 13.80897 ], [ 109.28453, 13.8091 ], [ 109.28423, 13.80921 ], [ 109.28398, 13.80947 ], [ 109.28386, 13.80957 ], [ 109.28349, 13.80955 ], [ 109.28299, 13.80928 ], [ 109.28267, 13.80879 ], [ 109.28249, 13.80864 ], [ 109.28231, 13.80883 ], [ 109.28232, 13.80901 ], [ 109.28191, 13.80899 ], [ 109.28144, 13.80849 ], [ 109.28126, 13.80832 ], [ 109.28093, 13.80854 ], [ 109.28074, 13.80863 ], [ 109.28055, 13.80873 ], [ 109.28024, 13.80871 ], [ 109.27955, 13.80815 ], [ 109.27973, 13.80781 ], [ 109.27983, 13.80743 ], [ 109.27955, 13.80692 ], [ 109.27947, 13.80645 ], [ 109.27937, 13.80609 ], [ 109.27924, 13.80552 ], [ 109.27948, 13.80518 ], [ 109.27947, 13.80478 ], [ 109.27948, 13.8045 ], [ 109.27975, 13.80465 ], [ 109.27995, 13.80464 ], [ 109.28032, 13.80409 ], [ 109.28031, 13.80386 ], [ 109.27976, 13.80307 ], [ 109.27981, 13.80216 ], [ 109.27975, 13.80036 ], [ 109.28052, 13.79951 ], [ 109.28065, 13.79886 ], [ 109.28062, 13.7981 ], [ 109.28096, 13.79794 ], [ 109.28124, 13.79753 ], [ 109.28153, 13.79743 ], [ 109.28165, 13.79842 ], [ 109.28177, 13.79889 ], [ 109.28173, 13.79977 ], [ 109.28192, 13.80005 ], [ 109.28202, 13.80027 ], [ 109.282, 13.80082 ], [ 109.28202, 13.80155 ], [ 109.2819, 13.80176 ], [ 109.28181, 13.80204 ], [ 109.28153, 13.80254 ], [ 109.28148, 13.8028 ], [ 109.28139, 13.8028 ], [ 109.28138, 13.80343 ], [ 109.28148, 13.80344 ], [ 109.28147, 13.80353 ], [ 109.28157, 13.80457 ], [ 109.28102, 13.80525 ], [ 109.28123, 13.80583 ], [ 109.28137, 13.80659 ], [ 109.28184, 13.80714 ], [ 109.28262, 13.80746 ], [ 109.28281, 13.80737 ], [ 109.28307, 13.80702 ], [ 109.28323, 13.80667 ], [ 109.28371, 13.80664 ], [ 109.28418, 13.80747 ], [ 109.28427, 13.80739 ], [ 109.28431, 13.80716 ], [ 109.28441, 13.80716 ], [ 109.28445, 13.80721 ], [ 109.28446, 13.80743 ], [ 109.28465, 13.80777 ], [ 109.28521, 13.80803 ], [ 109.2857, 13.80865 ], [ 109.28587, 13.80956 ], [ 109.28612, 13.81015 ], [ 109.28609, 13.8106 ], [ 109.28573, 13.81047 ], [ 109.28532, 13.81038 ], [ 109.28475, 13.81058 ], [ 109.28452, 13.81138 ], [ 109.28517, 13.81179 ], [ 109.28565, 13.81262 ], [ 109.28582, 13.81243 ], [ 109.28579, 13.81187 ], [ 109.28532, 13.81145 ], [ 109.28535, 13.811 ], [ 109.28579, 13.81081 ], [ 109.28631, 13.81084 ], [ 109.28659, 13.81116 ], [ 109.28712, 13.81162 ], [ 109.28746, 13.81293 ], [ 109.28792, 13.81437 ], [ 109.28801, 13.81552 ], [ 109.28787, 13.81603 ], [ 109.28804, 13.81634 ], [ 109.28798, 13.81712 ], [ 109.28831, 13.81802 ], [ 109.28931, 13.81916 ], [ 109.29, 13.81937 ], [ 109.29085, 13.82041 ], [ 109.29152, 13.821 ], [ 109.29196, 13.82175 ], [ 109.29236, 13.82217 ], [ 109.29276, 13.82191 ], [ 109.29292, 13.82182 ], [ 109.29334, 13.82212 ], [ 109.29368, 13.82264 ], [ 109.29414, 13.82318 ], [ 109.29456, 13.82375 ], [ 109.29479, 13.82363 ], [ 109.29478, 13.82343 ], [ 109.2945, 13.82291 ], [ 109.29452, 13.82263 ], [ 109.29483, 13.82236 ], [ 109.29498, 13.82195 ], [ 109.29419, 13.8218 ], [ 109.29392, 13.82151 ], [ 109.2942, 13.82151 ], [ 109.2942, 13.8216 ], [ 109.29429, 13.8216 ], [ 109.29494, 13.82161 ], [ 109.29494, 13.8217 ], [ 109.29503, 13.8217 ], [ 109.29528, 13.82167 ], [ 109.2954, 13.82161 ], [ 109.29549, 13.82161 ], [ 109.29549, 13.82152 ], [ 109.29559, 13.82152 ], [ 109.29568, 13.82152 ], [ 109.29568, 13.82143 ], [ 109.29583, 13.8214 ], [ 109.29596, 13.82134 ], [ 109.29596, 13.82152 ], [ 109.29605, 13.82152 ], [ 109.29605, 13.82161 ], [ 109.29614, 13.82161 ], [ 109.29614, 13.82171 ], [ 109.29614, 13.8218 ], [ 109.29623, 13.8218 ], [ 109.29623, 13.82207 ], [ 109.29623, 13.82216 ], [ 109.29632, 13.82216 ], [ 109.29632, 13.82225 ], [ 109.29623, 13.82225 ], [ 109.29618, 13.8222 ], [ 109.29609, 13.82202 ], [ 109.29585, 13.82167 ], [ 109.29563, 13.82157 ], [ 109.29567, 13.8227 ], [ 109.29562, 13.82266 ], [ 109.29541, 13.8224 ], [ 109.29496, 13.82257 ], [ 109.2948, 13.8229 ], [ 109.29517, 13.82354 ], [ 109.29533, 13.82392 ], [ 109.29555, 13.82421 ], [ 109.29586, 13.82418 ], [ 109.29572, 13.82302 ], [ 109.29567, 13.8227 ], [ 109.29578, 13.82277 ], [ 109.29591, 13.82319 ], [ 109.29606, 13.82397 ], [ 109.29628, 13.82427 ], [ 109.29677, 13.82406 ], [ 109.29668, 13.8237 ], [ 109.2972, 13.82412 ], [ 109.29747, 13.82411 ], [ 109.2977, 13.82447 ], [ 109.29784, 13.82439 ], [ 109.29788, 13.82434 ], [ 109.29825, 13.82443 ], [ 109.29825, 13.82479 ], [ 109.29802, 13.82465 ], [ 109.29766, 13.82457 ], [ 109.29778, 13.82506 ], [ 109.2974, 13.82481 ], [ 109.29724, 13.82457 ], [ 109.29686, 13.82438 ], [ 109.29664, 13.82463 ], [ 109.29703, 13.8249 ], [ 109.29694, 13.82528 ], [ 109.29732, 13.82537 ], [ 109.29741, 13.82524 ], [ 109.2977, 13.8252 ], [ 109.29778, 13.82506 ], [ 109.29792, 13.82518 ], [ 109.29765, 13.82535 ], [ 109.29672, 13.8255 ], [ 109.29664, 13.82639 ], [ 109.29686, 13.82688 ], [ 109.2972, 13.82712 ], [ 109.2977, 13.82734 ], [ 109.29772, 13.82764 ], [ 109.29758, 13.82812 ], [ 109.29777, 13.82834 ], [ 109.29835, 13.82882 ], [ 109.29863, 13.8289 ], [ 109.2989, 13.829 ], [ 109.29905, 13.82905 ], [ 109.29928, 13.82912 ], [ 109.29914, 13.8295 ], [ 109.29889, 13.82953 ], [ 109.29877, 13.82959 ], [ 109.29864, 13.82953 ], [ 109.2984, 13.82949 ], [ 109.29844, 13.82944 ], [ 109.29871, 13.82933 ], [ 109.29851, 13.82903 ], [ 109.29817, 13.8289 ], [ 109.29777, 13.82881 ], [ 109.29751, 13.82849 ], [ 109.29725, 13.82868 ], [ 109.29733, 13.8289 ], [ 109.29757, 13.829 ], [ 109.29742, 13.82989 ], [ 109.29732, 13.83059 ], [ 109.29705, 13.83126 ], [ 109.29715, 13.83187 ], [ 109.29739, 13.83217 ], [ 109.29778, 13.83233 ], [ 109.29782, 13.83238 ], [ 109.29754, 13.83238 ], [ 109.29754, 13.83256 ], [ 109.29791, 13.83256 ], [ 109.29791, 13.83247 ], [ 109.298, 13.83247 ], [ 109.29794, 13.83266 ], [ 109.29738, 13.83279 ], [ 109.29675, 13.83351 ], [ 109.296, 13.83364 ], [ 109.29541, 13.83333 ], [ 109.29495, 13.83381 ], [ 109.29444, 13.83426 ], [ 109.29424, 13.83466 ], [ 109.29411, 13.83484 ], [ 109.29339, 13.8343 ], [ 109.29343, 13.83536 ], [ 109.29331, 13.83547 ], [ 109.29326, 13.83551 ], [ 109.29305, 13.83556 ], [ 109.29315, 13.83572 ], [ 109.29326, 13.83551 ], [ 109.29371, 13.8356 ], [ 109.29463, 13.83679 ], [ 109.29492, 13.83742 ], [ 109.29542, 13.8381 ], [ 109.29565, 13.83859 ], [ 109.2959, 13.83895 ], [ 109.29661, 13.83891 ], [ 109.2968, 13.8392 ], [ 109.29705, 13.83957 ], [ 109.29742, 13.84089 ], [ 109.29799, 13.84156 ], [ 109.29772, 13.84179 ], [ 109.29796, 13.84223 ], [ 109.29824, 13.84294 ], [ 109.29771, 13.8434 ], [ 109.29692, 13.8443 ], [ 109.29676, 13.84444 ], [ 109.29667, 13.84453 ], [ 109.29632, 13.84475 ], [ 109.29543, 13.84469 ], [ 109.29528, 13.84516 ], [ 109.29506, 13.84565 ], [ 109.29462, 13.84578 ], [ 109.29436, 13.84591 ], [ 109.294, 13.8463 ], [ 109.29409, 13.84659 ], [ 109.29476, 13.84614 ], [ 109.29493, 13.84615 ], [ 109.29489, 13.84676 ], [ 109.29496, 13.84705 ], [ 109.2954, 13.84674 ], [ 109.29543, 13.84698 ], [ 109.29549, 13.8471 ], [ 109.29537, 13.84716 ], [ 109.29531, 13.84728 ], [ 109.2949, 13.8475 ], [ 109.29484, 13.84782 ], [ 109.29475, 13.84782 ], [ 109.29475, 13.84791 ], [ 109.2945, 13.84774 ], [ 109.29427, 13.84779 ], [ 109.2941, 13.84772 ], [ 109.29404, 13.8476 ], [ 109.29371, 13.84767 ], [ 109.29382, 13.8479 ], [ 109.29373, 13.84808 ], [ 109.29308, 13.84821 ], [ 109.29221, 13.84798 ], [ 109.29191, 13.84959 ], [ 109.29172, 13.8501 ], [ 109.29163, 13.85055 ], [ 109.29152, 13.85064 ], [ 109.29099, 13.85007 ], [ 109.29124, 13.84937 ], [ 109.29096, 13.84938 ], [ 109.29035, 13.84968 ], [ 109.29056, 13.85028 ], [ 109.29033, 13.85081 ], [ 109.29024, 13.85105 ], [ 109.29081, 13.85131 ], [ 109.29078, 13.85193 ], [ 109.29055, 13.85234 ], [ 109.28945, 13.85332 ], [ 109.28926, 13.85389 ], [ 109.2886, 13.85435 ], [ 109.28827, 13.8545 ], [ 109.28794, 13.85467 ], [ 109.2874, 13.85487 ], [ 109.28664, 13.85566 ], [ 109.28608, 13.85579 ], [ 109.28567, 13.85621 ], [ 109.28548, 13.85638 ], [ 109.28541, 13.85656 ], [ 109.28609, 13.85621 ], [ 109.2865, 13.85612 ], [ 109.28692, 13.85598 ], [ 109.28747, 13.85617 ], [ 109.28753, 13.85649 ], [ 109.28779, 13.85636 ], [ 109.28747, 13.85617 ], [ 109.28751, 13.85603 ], [ 109.2878, 13.85586 ], [ 109.28816, 13.85558 ], [ 109.28886, 13.85549 ], [ 109.28904, 13.85527 ], [ 109.28991, 13.85503 ], [ 109.29083, 13.85466 ], [ 109.29103, 13.85442 ], [ 109.29141, 13.85412 ], [ 109.29154, 13.85358 ], [ 109.29209, 13.85327 ], [ 109.29245, 13.85335 ], [ 109.29276, 13.8535 ], [ 109.29276, 13.85359 ], [ 109.29286, 13.85359 ], [ 109.29318, 13.85372 ], [ 109.29322, 13.85386 ] ], [ [ 109.29176, 13.8565 ], [ 109.29186, 13.85679 ], [ 109.29201, 13.85742 ], [ 109.29232, 13.85743 ], [ 109.29246, 13.85715 ], [ 109.29261, 13.85687 ], [ 109.29284, 13.85619 ], [ 109.29344, 13.85564 ], [ 109.29279, 13.85553 ], [ 109.29275, 13.85549 ], [ 109.29222, 13.85555 ], [ 109.29178, 13.85596 ], [ 109.29176, 13.8565 ] ], [ [ 109.29291, 13.85686 ], [ 109.29274, 13.85721 ], [ 109.29299, 13.85731 ], [ 109.29323, 13.857 ], [ 109.29311, 13.85675 ], [ 109.29291, 13.85686 ] ], [ [ 109.29226, 13.85865 ], [ 109.29204, 13.85882 ], [ 109.29194, 13.8596 ], [ 109.29227, 13.85977 ], [ 109.29238, 13.85896 ], [ 109.29226, 13.85865 ] ], [ [ 109.2908, 13.86058 ], [ 109.29068, 13.86026 ], [ 109.29036, 13.86035 ], [ 109.2905, 13.86075 ], [ 109.2908, 13.86058 ] ], [ [ 109.29143, 13.86143 ], [ 109.29119, 13.86112 ], [ 109.29108, 13.86104 ], [ 109.29104, 13.86099 ], [ 109.29085, 13.86113 ], [ 109.29101, 13.86211 ], [ 109.29135, 13.86195 ], [ 109.29143, 13.86143 ] ], [ [ 109.29239, 13.86201 ], [ 109.2926, 13.86219 ], [ 109.29268, 13.86204 ], [ 109.29261, 13.8619 ], [ 109.29239, 13.86201 ] ], [ [ 109.2922, 13.86453 ], [ 109.29213, 13.86434 ], [ 109.2919, 13.86453 ], [ 109.29205, 13.86492 ], [ 109.2922, 13.86453 ] ], [ [ 109.28447, 13.85493 ], [ 109.28438, 13.8553 ], [ 109.28419, 13.85593 ], [ 109.28431, 13.85645 ], [ 109.28477, 13.85651 ], [ 109.28519, 13.85601 ], [ 109.2855, 13.85577 ], [ 109.28592, 13.85526 ], [ 109.28654, 13.85534 ], [ 109.28676, 13.85517 ], [ 109.28689, 13.85461 ], [ 109.28723, 13.8542 ], [ 109.28794, 13.85429 ], [ 109.28855, 13.85378 ], [ 109.28901, 13.85351 ], [ 109.28893, 13.85281 ], [ 109.28855, 13.8527 ], [ 109.28897, 13.8522 ], [ 109.28913, 13.8518 ], [ 109.28917, 13.85157 ], [ 109.28872, 13.85165 ], [ 109.28837, 13.85206 ], [ 109.28792, 13.85268 ], [ 109.2874, 13.85298 ], [ 109.28747, 13.85358 ], [ 109.28647, 13.85372 ], [ 109.28593, 13.85442 ], [ 109.286, 13.85503 ], [ 109.28577, 13.8549 ], [ 109.28567, 13.8544 ], [ 109.2854, 13.85457 ], [ 109.28526, 13.85502 ], [ 109.28493, 13.85494 ], [ 109.28462, 13.85476 ], [ 109.28447, 13.85493 ] ], [ [ 109.28817, 13.85165 ], [ 109.28806, 13.85139 ], [ 109.28775, 13.85146 ], [ 109.28783, 13.85196 ], [ 109.28808, 13.85202 ], [ 109.28817, 13.85165 ] ], [ [ 109.28568, 13.8519 ], [ 109.28556, 13.85137 ], [ 109.28517, 13.85142 ], [ 109.28504, 13.85181 ], [ 109.28452, 13.85196 ], [ 109.28437, 13.85249 ], [ 109.28428, 13.85348 ], [ 109.28431, 13.85385 ], [ 109.28427, 13.85429 ], [ 109.28446, 13.85431 ], [ 109.28457, 13.85383 ], [ 109.28493, 13.85353 ], [ 109.28498, 13.85299 ], [ 109.28477, 13.85262 ], [ 109.28492, 13.85225 ], [ 109.28514, 13.85213 ], [ 109.28568, 13.8519 ] ], [ [ 109.28497, 13.85129 ], [ 109.28501, 13.85109 ], [ 109.2847, 13.85113 ], [ 109.28478, 13.85139 ], [ 109.28497, 13.85129 ] ], [ [ 109.2856, 13.85371 ], [ 109.28575, 13.85403 ], [ 109.28588, 13.85386 ], [ 109.28592, 13.85363 ], [ 109.2856, 13.85371 ] ], [ [ 109.28636, 13.85196 ], [ 109.28646, 13.85212 ], [ 109.28658, 13.85192 ], [ 109.28636, 13.85196 ] ], [ [ 109.28588, 13.84925 ], [ 109.28516, 13.85006 ], [ 109.28533, 13.85041 ], [ 109.28552, 13.85043 ], [ 109.28574, 13.85018 ], [ 109.2863, 13.84984 ], [ 109.28618, 13.84925 ], [ 109.28613, 13.8492 ], [ 109.28588, 13.84925 ] ], [ [ 109.2872, 13.85015 ], [ 109.28759, 13.85004 ], [ 109.28749, 13.84927 ], [ 109.2878, 13.84924 ], [ 109.288, 13.84971 ], [ 109.28816, 13.84961 ], [ 109.28806, 13.84878 ], [ 109.28828, 13.84822 ], [ 109.28812, 13.8478 ], [ 109.28816, 13.84748 ], [ 109.288, 13.84723 ], [ 109.28778, 13.8474 ], [ 109.28775, 13.84762 ], [ 109.28794, 13.84795 ], [ 109.28704, 13.84903 ], [ 109.2872, 13.85015 ] ], [ [ 109.29124, 13.84725 ], [ 109.29119, 13.8473 ], [ 109.29114, 13.84785 ], [ 109.29058, 13.84832 ], [ 109.29001, 13.84827 ], [ 109.28985, 13.84878 ], [ 109.28989, 13.84931 ], [ 109.29008, 13.84945 ], [ 109.29052, 13.84878 ], [ 109.29091, 13.84861 ], [ 109.29118, 13.84847 ], [ 109.2918, 13.84838 ], [ 109.29174, 13.84754 ], [ 109.29124, 13.84725 ], [ 109.2912, 13.84677 ], [ 109.29093, 13.84684 ], [ 109.29099, 13.84713 ], [ 109.29124, 13.84725 ] ], [ [ 109.28901, 13.84814 ], [ 109.2886, 13.84824 ], [ 109.2887, 13.84854 ], [ 109.28914, 13.84845 ], [ 109.28901, 13.84814 ] ], [ [ 109.29342, 13.84713 ], [ 109.29387, 13.84698 ], [ 109.29375, 13.84656 ], [ 109.29314, 13.84641 ], [ 109.29309, 13.84636 ], [ 109.29268, 13.84644 ], [ 109.29342, 13.84713 ] ], [ [ 109.28935, 13.84656 ], [ 109.28964, 13.84612 ], [ 109.29031, 13.84602 ], [ 109.2906, 13.84569 ], [ 109.29053, 13.84497 ], [ 109.29033, 13.84453 ], [ 109.29006, 13.84458 ], [ 109.29014, 13.84539 ], [ 109.28947, 13.84588 ], [ 109.28895, 13.84583 ], [ 109.28879, 13.84563 ], [ 109.2885, 13.84566 ], [ 109.2883, 13.84651 ], [ 109.28868, 13.84739 ], [ 109.28899, 13.84736 ], [ 109.28915, 13.84682 ], [ 109.28935, 13.84656 ] ], [ [ 109.28956, 13.84367 ], [ 109.28969, 13.84402 ], [ 109.28984, 13.84386 ], [ 109.28988, 13.84363 ], [ 109.28956, 13.84367 ] ], [ [ 109.28993, 13.84317 ], [ 109.29003, 13.84358 ], [ 109.29029, 13.84333 ], [ 109.29016, 13.84299 ], [ 109.28993, 13.84317 ] ], [ [ 109.28953, 13.84208 ], [ 109.28928, 13.84273 ], [ 109.28986, 13.84285 ], [ 109.29, 13.84233 ], [ 109.28979, 13.842 ], [ 109.28953, 13.84208 ] ], [ [ 109.29278, 13.84548 ], [ 109.293, 13.84577 ], [ 109.29313, 13.84556 ], [ 109.29296, 13.84541 ], [ 109.29292, 13.84536 ], [ 109.29278, 13.84548 ] ], [ [ 109.29663, 13.84416 ], [ 109.29699, 13.84404 ], [ 109.29733, 13.84364 ], [ 109.2975, 13.84336 ], [ 109.29797, 13.84282 ], [ 109.29789, 13.84264 ], [ 109.29775, 13.84241 ], [ 109.2974, 13.84247 ], [ 109.29671, 13.84359 ], [ 109.29663, 13.84416 ] ], [ [ 109.29638, 13.84393 ], [ 109.29645, 13.84348 ], [ 109.29635, 13.84322 ], [ 109.29615, 13.84327 ], [ 109.29603, 13.84406 ], [ 109.29638, 13.84393 ] ], [ [ 109.2972, 13.84146 ], [ 109.29706, 13.84205 ], [ 109.29734, 13.84199 ], [ 109.29744, 13.84155 ], [ 109.29738, 13.84142 ], [ 109.2972, 13.84146 ] ], [ [ 109.2927, 13.83669 ], [ 109.29248, 13.83673 ], [ 109.29266, 13.83698 ], [ 109.2927, 13.83669 ] ], [ [ 109.29353, 13.83915 ], [ 109.29337, 13.83864 ], [ 109.29334, 13.83841 ], [ 109.293, 13.83844 ], [ 109.29288, 13.83902 ], [ 109.29305, 13.83926 ], [ 109.29353, 13.83915 ] ], [ [ 109.29215, 13.83575 ], [ 109.29206, 13.83636 ], [ 109.29239, 13.83628 ], [ 109.2926, 13.83616 ], [ 109.29301, 13.83622 ], [ 109.29307, 13.83575 ], [ 109.29265, 13.83598 ], [ 109.29234, 13.8356 ], [ 109.29215, 13.83575 ] ], [ [ 109.2937, 13.8341 ], [ 109.29397, 13.83447 ], [ 109.29468, 13.83388 ], [ 109.29498, 13.83321 ], [ 109.29504, 13.833 ], [ 109.29455, 13.83313 ], [ 109.29414, 13.83342 ], [ 109.2938, 13.83338 ], [ 109.2937, 13.8341 ] ], [ [ 109.29583, 13.83317 ], [ 109.29596, 13.8334 ], [ 109.29626, 13.83343 ], [ 109.29644, 13.83328 ], [ 109.2971, 13.83253 ], [ 109.29695, 13.8317 ], [ 109.29685, 13.83143 ], [ 109.29676, 13.83102 ], [ 109.2963, 13.83074 ], [ 109.29608, 13.8302 ], [ 109.29575, 13.83024 ], [ 109.29548, 13.83043 ], [ 109.29494, 13.83058 ], [ 109.29446, 13.83115 ], [ 109.29459, 13.83157 ], [ 109.29543, 13.83139 ], [ 109.29557, 13.83115 ], [ 109.29573, 13.83079 ], [ 109.29621, 13.831 ], [ 109.2961, 13.83141 ], [ 109.29548, 13.83193 ], [ 109.29528, 13.83262 ], [ 109.29541, 13.83286 ], [ 109.29561, 13.83275 ], [ 109.2959, 13.83242 ], [ 109.2962, 13.8324 ], [ 109.29611, 13.83269 ], [ 109.29583, 13.83317 ] ], [ [ 109.29686, 13.8307 ], [ 109.29722, 13.83056 ], [ 109.29715, 13.83006 ], [ 109.2971, 13.82994 ], [ 109.29678, 13.83001 ], [ 109.29686, 13.8307 ] ], [ [ 109.29485, 13.83011 ], [ 109.29512, 13.8297 ], [ 109.29516, 13.82947 ], [ 109.29439, 13.82951 ], [ 109.2941, 13.82987 ], [ 109.29431, 13.83023 ], [ 109.29485, 13.83011 ] ], [ [ 109.29539, 13.82953 ], [ 109.29584, 13.8295 ], [ 109.29622, 13.82925 ], [ 109.29675, 13.82916 ], [ 109.29664, 13.82885 ], [ 109.29593, 13.8289 ], [ 109.29539, 13.82953 ] ], [ [ 109.29377, 13.83009 ], [ 109.29345, 13.83015 ], [ 109.29307, 13.83081 ], [ 109.29351, 13.83095 ], [ 109.29399, 13.8306 ], [ 109.29377, 13.83009 ] ], [ [ 109.29398, 13.83253 ], [ 109.29389, 13.83229 ], [ 109.29365, 13.83209 ], [ 109.29357, 13.83199 ], [ 109.29297, 13.83205 ], [ 109.29317, 13.83311 ], [ 109.29369, 13.83302 ], [ 109.29398, 13.83253 ] ], [ [ 109.29663, 13.82815 ], [ 109.29689, 13.82853 ], [ 109.29742, 13.82831 ], [ 109.2973, 13.82793 ], [ 109.2971, 13.82778 ], [ 109.29702, 13.82768 ], [ 109.29672, 13.82775 ], [ 109.29663, 13.82815 ] ], [ [ 109.29558, 13.82771 ], [ 109.29549, 13.82739 ], [ 109.29512, 13.82717 ], [ 109.29508, 13.82712 ], [ 109.29449, 13.82721 ], [ 109.29443, 13.82759 ], [ 109.29495, 13.82779 ], [ 109.29558, 13.82771 ] ], [ [ 109.29607, 13.82726 ], [ 109.29622, 13.82752 ], [ 109.29639, 13.82744 ], [ 109.29629, 13.82722 ], [ 109.29607, 13.82726 ] ], [ [ 109.28533, 13.81241 ], [ 109.28506, 13.81219 ], [ 109.28502, 13.81214 ], [ 109.28471, 13.81238 ], [ 109.28464, 13.81302 ], [ 109.28484, 13.81326 ], [ 109.28542, 13.81332 ], [ 109.28533, 13.81241 ] ], [ [ 109.28437, 13.81186 ], [ 109.28425, 13.81192 ], [ 109.28433, 13.81216 ], [ 109.28437, 13.81186 ] ], [ [ 109.28599, 13.82166 ], [ 109.28611, 13.82139 ], [ 109.28635, 13.82118 ], [ 109.2865, 13.82094 ], [ 109.28667, 13.82033 ], [ 109.28676, 13.8196 ], [ 109.28695, 13.81913 ], [ 109.28698, 13.81871 ], [ 109.28682, 13.81815 ], [ 109.28646, 13.81766 ], [ 109.28664, 13.81704 ], [ 109.28673, 13.816 ], [ 109.28657, 13.8154 ], [ 109.28615, 13.81575 ], [ 109.28605, 13.81644 ], [ 109.28577, 13.81693 ], [ 109.28585, 13.81771 ], [ 109.28604, 13.81787 ], [ 109.28636, 13.81861 ], [ 109.28613, 13.8196 ], [ 109.28623, 13.82103 ], [ 109.28556, 13.82115 ], [ 109.2857, 13.82176 ], [ 109.28599, 13.82166 ] ], [ [ 109.28547, 13.81796 ], [ 109.28556, 13.81773 ], [ 109.28544, 13.81747 ], [ 109.28513, 13.81751 ], [ 109.2852, 13.81805 ], [ 109.28547, 13.81796 ] ], [ [ 109.28568, 13.82055 ], [ 109.28555, 13.82024 ], [ 109.28552, 13.82009 ], [ 109.28538, 13.8202 ], [ 109.28511, 13.82084 ], [ 109.28562, 13.82092 ], [ 109.28568, 13.82055 ] ], [ [ 109.28504, 13.82199 ], [ 109.28482, 13.82204 ], [ 109.28472, 13.8224 ], [ 109.28499, 13.82275 ], [ 109.28522, 13.82237 ], [ 109.28504, 13.82199 ] ], [ [ 109.28477, 13.82318 ], [ 109.28442, 13.82294 ], [ 109.28438, 13.82289 ], [ 109.28425, 13.82298 ], [ 109.28436, 13.82333 ], [ 109.28468, 13.82354 ], [ 109.28477, 13.82318 ] ], [ [ 109.28735, 13.8258 ], [ 109.28695, 13.82546 ], [ 109.28682, 13.82503 ], [ 109.28668, 13.8248 ], [ 109.28648, 13.82486 ], [ 109.2867, 13.82546 ], [ 109.28588, 13.82501 ], [ 109.2859, 13.82539 ], [ 109.28617, 13.82602 ], [ 109.28627, 13.82659 ], [ 109.28662, 13.82738 ], [ 109.28674, 13.8279 ], [ 109.28726, 13.82835 ], [ 109.28734, 13.82908 ], [ 109.28715, 13.82993 ], [ 109.28743, 13.83043 ], [ 109.28752, 13.83115 ], [ 109.28772, 13.83145 ], [ 109.28792, 13.83122 ], [ 109.28814, 13.83076 ], [ 109.28859, 13.8302 ], [ 109.28826, 13.82947 ], [ 109.28815, 13.82908 ], [ 109.28824, 13.82806 ], [ 109.28809, 13.82766 ], [ 109.28795, 13.82669 ], [ 109.28753, 13.82619 ], [ 109.28735, 13.8258 ] ], [ [ 109.28725, 13.82906 ], [ 109.28712, 13.82869 ], [ 109.2869, 13.82876 ], [ 109.28687, 13.82917 ], [ 109.28705, 13.82937 ], [ 109.28725, 13.82906 ] ], [ [ 109.28938, 13.82974 ], [ 109.28965, 13.82938 ], [ 109.28952, 13.82907 ], [ 109.28929, 13.82923 ], [ 109.28938, 13.82974 ] ], [ [ 109.28883, 13.8292 ], [ 109.28851, 13.82861 ], [ 109.28828, 13.82881 ], [ 109.2884, 13.82937 ], [ 109.28891, 13.8294 ], [ 109.28883, 13.8292 ] ], [ [ 109.28833, 13.827 ], [ 109.2885, 13.82729 ], [ 109.28864, 13.82716 ], [ 109.28852, 13.82689 ], [ 109.28833, 13.827 ] ], [ [ 109.28786, 13.82594 ], [ 109.28777, 13.82611 ], [ 109.28806, 13.82626 ], [ 109.28815, 13.82608 ], [ 109.28806, 13.8259 ], [ 109.28786, 13.82594 ] ], [ [ 109.29136, 13.83133 ], [ 109.29115, 13.832 ], [ 109.29137, 13.83204 ], [ 109.29175, 13.83155 ], [ 109.29163, 13.83125 ], [ 109.29136, 13.83133 ] ], [ [ 109.28967, 13.8344 ], [ 109.28944, 13.83457 ], [ 109.28961, 13.83471 ], [ 109.28967, 13.8344 ] ], [ [ 109.28911, 13.83449 ], [ 109.28888, 13.83465 ], [ 109.28922, 13.83498 ], [ 109.28911, 13.83449 ] ], [ [ 109.29009, 13.83479 ], [ 109.29013, 13.83468 ], [ 109.29001, 13.83471 ], [ 109.29009, 13.83479 ] ], [ [ 109.28342, 13.83258 ], [ 109.28348, 13.8321 ], [ 109.28325, 13.83217 ], [ 109.28297, 13.83292 ], [ 109.2832, 13.83377 ], [ 109.28361, 13.83379 ], [ 109.28353, 13.83287 ], [ 109.28342, 13.83258 ] ], [ [ 109.28538, 13.83369 ], [ 109.28505, 13.83329 ], [ 109.28464, 13.83335 ], [ 109.2848, 13.83386 ], [ 109.28555, 13.83404 ], [ 109.28538, 13.83369 ] ], [ [ 109.28496, 13.83823 ], [ 109.2848, 13.83893 ], [ 109.28516, 13.83886 ], [ 109.2852, 13.83817 ], [ 109.28496, 13.83823 ] ], [ [ 109.28591, 13.83857 ], [ 109.286, 13.83865 ], [ 109.28603, 13.83854 ], [ 109.28591, 13.83857 ] ], [ [ 109.28544, 13.83822 ], [ 109.28571, 13.83824 ], [ 109.28576, 13.83781 ], [ 109.28553, 13.83786 ], [ 109.28544, 13.83822 ] ], [ [ 109.28593, 13.83935 ], [ 109.28571, 13.8394 ], [ 109.28544, 13.83978 ], [ 109.28516, 13.83996 ], [ 109.28513, 13.84011 ], [ 109.28516, 13.84026 ], [ 109.28503, 13.84056 ], [ 109.28495, 13.84129 ], [ 109.28481, 13.84172 ], [ 109.28498, 13.84176 ], [ 109.28513, 13.84166 ], [ 109.2854, 13.84119 ], [ 109.28615, 13.84011 ], [ 109.28607, 13.83975 ], [ 109.28597, 13.83949 ], [ 109.28593, 13.83935 ] ], [ [ 109.28387, 13.84407 ], [ 109.28368, 13.84376 ], [ 109.28308, 13.8438 ], [ 109.28318, 13.84416 ], [ 109.28387, 13.84407 ] ], [ [ 109.28497, 13.84431 ], [ 109.28475, 13.84443 ], [ 109.28492, 13.84452 ], [ 109.28497, 13.84431 ] ], [ [ 109.28321, 13.84484 ], [ 109.28289, 13.84492 ], [ 109.28299, 13.84524 ], [ 109.28327, 13.845 ], [ 109.28321, 13.84484 ] ], [ [ 109.28045, 13.84665 ], [ 109.28047, 13.84649 ], [ 109.28042, 13.84636 ], [ 109.27994, 13.84644 ], [ 109.27986, 13.84694 ], [ 109.28045, 13.84665 ] ], [ [ 109.28077, 13.84862 ], [ 109.28065, 13.84867 ], [ 109.28074, 13.84883 ], [ 109.28077, 13.84862 ] ], [ [ 109.28089, 13.85064 ], [ 109.28076, 13.85034 ], [ 109.28044, 13.85055 ], [ 109.28054, 13.85092 ], [ 109.28089, 13.85064 ] ], [ [ 109.28094, 13.85383 ], [ 109.2811, 13.85442 ], [ 109.28087, 13.85455 ], [ 109.28041, 13.85468 ], [ 109.28077, 13.85535 ], [ 109.2816, 13.85473 ], [ 109.28178, 13.85427 ], [ 109.28115, 13.85374 ], [ 109.28111, 13.85369 ], [ 109.28094, 13.85383 ] ], [ [ 109.28192, 13.85177 ], [ 109.282, 13.852 ], [ 109.28205, 13.85171 ], [ 109.28192, 13.85177 ] ], [ [ 109.28156, 13.85541 ], [ 109.28144, 13.85546 ], [ 109.28152, 13.85561 ], [ 109.28156, 13.85541 ] ], [ [ 109.28142, 13.85612 ], [ 109.28146, 13.85568 ], [ 109.28106, 13.85589 ], [ 109.28097, 13.85622 ], [ 109.28123, 13.85662 ], [ 109.28142, 13.85612 ] ], [ [ 109.28388, 13.80892 ], [ 109.28446, 13.8088 ], [ 109.28487, 13.80831 ], [ 109.28477, 13.80807 ], [ 109.28433, 13.80811 ], [ 109.28411, 13.80862 ], [ 109.28373, 13.80873 ], [ 109.28297, 13.80813 ], [ 109.2826, 13.80824 ], [ 109.28292, 13.80877 ], [ 109.2834, 13.80909 ], [ 109.28388, 13.80892 ] ], [ [ 109.28196, 13.80755 ], [ 109.28177, 13.80737 ], [ 109.28172, 13.80732 ], [ 109.28131, 13.80756 ], [ 109.28149, 13.80791 ], [ 109.28175, 13.80845 ], [ 109.28193, 13.80846 ], [ 109.28196, 13.80755 ] ], [ [ 109.28112, 13.80787 ], [ 109.28103, 13.80727 ], [ 109.28087, 13.80697 ], [ 109.28054, 13.8061 ], [ 109.28021, 13.80628 ], [ 109.28038, 13.80683 ], [ 109.2807, 13.8071 ], [ 109.28056, 13.80745 ], [ 109.28052, 13.80768 ], [ 109.28038, 13.80779 ], [ 109.28049, 13.80817 ], [ 109.28112, 13.80787 ] ], [ [ 109.28007, 13.80641 ], [ 109.27984, 13.80647 ], [ 109.28, 13.80662 ], [ 109.28007, 13.80641 ] ], [ [ 109.28024, 13.80758 ], [ 109.28001, 13.80779 ], [ 109.28016, 13.80798 ], [ 109.28024, 13.80758 ] ], [ [ 109.28033, 13.80822 ], [ 109.28001, 13.80829 ], [ 109.28026, 13.80853 ], [ 109.28042, 13.80843 ], [ 109.28033, 13.80822 ] ], [ [ 109.28362, 13.80767 ], [ 109.28378, 13.80783 ], [ 109.28385, 13.80761 ], [ 109.28362, 13.80767 ] ], [ [ 109.28037, 13.80307 ], [ 109.28025, 13.80338 ], [ 109.28048, 13.80402 ], [ 109.28031, 13.80483 ], [ 109.27996, 13.80514 ], [ 109.28038, 13.80553 ], [ 109.28083, 13.8061 ], [ 109.28104, 13.80595 ], [ 109.28074, 13.80523 ], [ 109.28133, 13.80431 ], [ 109.28135, 13.80378 ], [ 109.28122, 13.80158 ], [ 109.28077, 13.80156 ], [ 109.28059, 13.80207 ], [ 109.28061, 13.80281 ], [ 109.28051, 13.80302 ], [ 109.28037, 13.80307 ], [ 109.28046, 13.80241 ], [ 109.28016, 13.80237 ], [ 109.27996, 13.80286 ], [ 109.2801, 13.80299 ], [ 109.28037, 13.80307 ] ], [ [ 109.28153, 13.80184 ], [ 109.28179, 13.80169 ], [ 109.28167, 13.80145 ], [ 109.28146, 13.80149 ], [ 109.28153, 13.80184 ] ], [ [ 109.28008, 13.80111 ], [ 109.28017, 13.80119 ], [ 109.2802, 13.80108 ], [ 109.28008, 13.80111 ] ], [ [ 109.28137, 13.80077 ], [ 109.28154, 13.80102 ], [ 109.28159, 13.80072 ], [ 109.28137, 13.80077 ] ], [ [ 109.28026, 13.80047 ], [ 109.28043, 13.80056 ], [ 109.28048, 13.80036 ], [ 109.28026, 13.80047 ] ], [ [ 109.29519, 13.82184 ], [ 109.29527, 13.82199 ], [ 109.29531, 13.82179 ], [ 109.29519, 13.82184 ] ] ], [ [ [ 109.27915, 13.87413 ], [ 109.27891, 13.87422 ], [ 109.27903, 13.87395 ], [ 109.2792, 13.87392 ], [ 109.27915, 13.87413 ] ] ], [ [ [ 109.28693, 13.87393 ], [ 109.28666, 13.87438 ], [ 109.2864, 13.87446 ], [ 109.28614, 13.87386 ], [ 109.2862, 13.8734 ], [ 109.28666, 13.87305 ], [ 109.28707, 13.87298 ], [ 109.28711, 13.87303 ], [ 109.28728, 13.87317 ], [ 109.28739, 13.87333 ], [ 109.2871, 13.87355 ], [ 109.28693, 13.87393 ] ], [ [ 109.28667, 13.87339 ], [ 109.28657, 13.87364 ], [ 109.28683, 13.87355 ], [ 109.28688, 13.87334 ], [ 109.28667, 13.87339 ] ] ], [ [ [ 109.2886, 13.87432 ], [ 109.28828, 13.87456 ], [ 109.28804, 13.87405 ], [ 109.28845, 13.87398 ], [ 109.2886, 13.87432 ] ] ], [ [ [ 109.28312, 13.87411 ], [ 109.28258, 13.87453 ], [ 109.28249, 13.87401 ], [ 109.28327, 13.87395 ], [ 109.28312, 13.87411 ] ] ], [ [ [ 109.28989, 13.87486 ], [ 109.28944, 13.87493 ], [ 109.28965, 13.8743 ], [ 109.28993, 13.87427 ], [ 109.28989, 13.87486 ] ] ], [ [ [ 109.28929, 13.87512 ], [ 109.28911, 13.87547 ], [ 109.28886, 13.87527 ], [ 109.28878, 13.87493 ], [ 109.28918, 13.87489 ], [ 109.28929, 13.87512 ] ] ], [ [ [ 109.28829, 13.87547 ], [ 109.28803, 13.87524 ], [ 109.28835, 13.87516 ], [ 109.28829, 13.87547 ] ] ], [ [ [ 109.28594, 13.87529 ], [ 109.28549, 13.87581 ], [ 109.28512, 13.87561 ], [ 109.28528, 13.87522 ], [ 109.28585, 13.87505 ], [ 109.28594, 13.87529 ] ] ], [ [ [ 109.28433, 13.87642 ], [ 109.28425, 13.87634 ], [ 109.28436, 13.87631 ], [ 109.28433, 13.87642 ] ] ], [ [ [ 109.29731, 13.87721 ], [ 109.29731, 13.8773 ], [ 109.29722, 13.8773 ], [ 109.29722, 13.87721 ], [ 109.29731, 13.87721 ] ] ], [ [ [ 109.29582, 13.87774 ], [ 109.29582, 13.87783 ], [ 109.29573, 13.87783 ], [ 109.29573, 13.87774 ], [ 109.29582, 13.87774 ] ] ], [ [ [ 109.29554, 13.87819 ], [ 109.29545, 13.87819 ], [ 109.29545, 13.8781 ], [ 109.29554, 13.8781 ], [ 109.29554, 13.87819 ] ] ], [ [ [ 109.29711, 13.87847 ], [ 109.29715, 13.87824 ], [ 109.29738, 13.8779 ], [ 109.29727, 13.87739 ], [ 109.29745, 13.87743 ], [ 109.29757, 13.87759 ], [ 109.29786, 13.87767 ], [ 109.29762, 13.87797 ], [ 109.29758, 13.87812 ], [ 109.29736, 13.87817 ], [ 109.29717, 13.87844 ], [ 109.29711, 13.87847 ] ] ], [ [ [ 109.29711, 13.87847 ], [ 109.29711, 13.87865 ], [ 109.29702, 13.87865 ], [ 109.29702, 13.87847 ], [ 109.29711, 13.87847 ] ] ], [ [ [ 109.27645, 13.87857 ], [ 109.27624, 13.87867 ], [ 109.27617, 13.87855 ], [ 109.27648, 13.87851 ], [ 109.27645, 13.87857 ] ] ], [ [ [ 109.28801, 13.87879 ], [ 109.28793, 13.87871 ], [ 109.28805, 13.87868 ], [ 109.28801, 13.87879 ] ] ], [ [ [ 109.27277, 13.87844 ], [ 109.27301, 13.87887 ], [ 109.27278, 13.87894 ], [ 109.27278, 13.87885 ], [ 109.27269, 13.87884 ], [ 109.27269, 13.87875 ], [ 109.2726, 13.87875 ], [ 109.27248, 13.87843 ], [ 109.27277, 13.87844 ] ] ], [ [ [ 109.27423, 13.87929 ], [ 109.27419, 13.87947 ], [ 109.27389, 13.8794 ], [ 109.27394, 13.8791 ], [ 109.27423, 13.87929 ] ] ], [ [ [ 109.27157, 13.87938 ], [ 109.27172, 13.87916 ], [ 109.2718, 13.87888 ], [ 109.27199, 13.8788 ], [ 109.27204, 13.8792 ], [ 109.27194, 13.8792 ], [ 109.27194, 13.87938 ], [ 109.27176, 13.87947 ], [ 109.27157, 13.87938 ] ] ], [ [ [ 109.2774, 13.8796 ], [ 109.27717, 13.87953 ], [ 109.2774, 13.87911 ], [ 109.27773, 13.87909 ], [ 109.2774, 13.8796 ] ] ], [ [ [ 109.27157, 13.87938 ], [ 109.27146, 13.87959 ], [ 109.27117, 13.87945 ], [ 109.27124, 13.87922 ], [ 109.27157, 13.87938 ] ] ], [ [ [ 109.25226, 13.88054 ], [ 109.2521, 13.88039 ], [ 109.25232, 13.88033 ], [ 109.25226, 13.88054 ] ] ], [ [ [ 109.29554, 13.87819 ], [ 109.29573, 13.87819 ], [ 109.29573, 13.8781 ], [ 109.29582, 13.8781 ], [ 109.29582, 13.87801 ], [ 109.29624, 13.87798 ], [ 109.29686, 13.87781 ], [ 109.29697, 13.87807 ], [ 109.29606, 13.87904 ], [ 109.2957, 13.87984 ], [ 109.29548, 13.88055 ], [ 109.29493, 13.88121 ], [ 109.29474, 13.88059 ], [ 109.29518, 13.87962 ], [ 109.29531, 13.87889 ], [ 109.29528, 13.87859 ], [ 109.29554, 13.87819 ] ] ], [ [ [ 109.29662, 13.88317 ], [ 109.29662, 13.88326 ], [ 109.29652, 13.88326 ], [ 109.29652, 13.88317 ], [ 109.29662, 13.88317 ] ] ], [ [ [ 109.29652, 13.88326 ], [ 109.29652, 13.88362 ], [ 109.29643, 13.88362 ], [ 109.29643, 13.88326 ], [ 109.29652, 13.88326 ] ] ], [ [ [ 109.27928, 13.88335 ], [ 109.27929, 13.8838 ], [ 109.27907, 13.8837 ], [ 109.27901, 13.88327 ], [ 109.27922, 13.88323 ], [ 109.27928, 13.88335 ] ] ], [ [ [ 109.29396, 13.88222 ], [ 109.29362, 13.88256 ], [ 109.29384, 13.88378 ], [ 109.29365, 13.88401 ], [ 109.29302, 13.88323 ], [ 109.29306, 13.88274 ], [ 109.29304, 13.88238 ], [ 109.29307, 13.88194 ], [ 109.29379, 13.88163 ], [ 109.29487, 13.88153 ], [ 109.29494, 13.88173 ], [ 109.29491, 13.88214 ], [ 109.29467, 13.88234 ], [ 109.29417, 13.8822 ], [ 109.29396, 13.88222 ] ] ], [ [ [ 109.29652, 13.88407 ], [ 109.29652, 13.88444 ], [ 109.29633, 13.88443 ], [ 109.29639, 13.88431 ], [ 109.29643, 13.88407 ], [ 109.29652, 13.88407 ] ] ], [ [ [ 109.29624, 13.88443 ], [ 109.29624, 13.88452 ], [ 109.29614, 13.88452 ], [ 109.29615, 13.88443 ], [ 109.29624, 13.88443 ] ] ], [ [ [ 109.27324, 13.88457 ], [ 109.27308, 13.88449 ], [ 109.27329, 13.88445 ], [ 109.27324, 13.88457 ] ] ], [ [ [ 109.29287, 13.88463 ], [ 109.29274, 13.88494 ], [ 109.29248, 13.8849 ], [ 109.29231, 13.8844 ], [ 109.29263, 13.88432 ], [ 109.29287, 13.88463 ] ] ], [ [ [ 109.29531, 13.88515 ], [ 109.29537, 13.88508 ], [ 109.29614, 13.88461 ], [ 109.29617, 13.88476 ], [ 109.29623, 13.88489 ], [ 109.29594, 13.88496 ], [ 109.29586, 13.88506 ], [ 109.29564, 13.88512 ], [ 109.29531, 13.88515 ] ] ], [ [ [ 109.29531, 13.88515 ], [ 109.29519, 13.88536 ], [ 109.29512, 13.88524 ], [ 109.29512, 13.88515 ], [ 109.29531, 13.88515 ] ] ], [ [ [ 109.29392, 13.8855 ], [ 109.29392, 13.88559 ], [ 109.29382, 13.88559 ], [ 109.29382, 13.8855 ], [ 109.29392, 13.8855 ] ] ], [ [ [ 109.27098, 13.88557 ], [ 109.27062, 13.88565 ], [ 109.2702, 13.88538 ], [ 109.27088, 13.88534 ], [ 109.27098, 13.88557 ] ] ], [ [ [ 109.29392, 13.8855 ], [ 109.29386, 13.88528 ], [ 109.29318, 13.88539 ], [ 109.29295, 13.88575 ], [ 109.2936, 13.88573 ], [ 109.29382, 13.88568 ], [ 109.29382, 13.88577 ], [ 109.29382, 13.88586 ], [ 109.29354, 13.88586 ], [ 109.29354, 13.88595 ], [ 109.29288, 13.88584 ], [ 109.29243, 13.88603 ], [ 109.29234, 13.88603 ], [ 109.29241, 13.88568 ], [ 109.29351, 13.88512 ], [ 109.29442, 13.88498 ], [ 109.29416, 13.88448 ], [ 109.29425, 13.88437 ], [ 109.29495, 13.88421 ], [ 109.29536, 13.88403 ], [ 109.29537, 13.88379 ], [ 109.29535, 13.88324 ], [ 109.29555, 13.88285 ], [ 109.29608, 13.88273 ], [ 109.29621, 13.88249 ], [ 109.29633, 13.88213 ], [ 109.29662, 13.88172 ], [ 109.29649, 13.88132 ], [ 109.29624, 13.88069 ], [ 109.29641, 13.88005 ], [ 109.29658, 13.87937 ], [ 109.29674, 13.87906 ], [ 109.29688, 13.87879 ], [ 109.29693, 13.87865 ], [ 109.29702, 13.87865 ], [ 109.29698, 13.87888 ], [ 109.29679, 13.87936 ], [ 109.29676, 13.87977 ], [ 109.29724, 13.87937 ], [ 109.29753, 13.87862 ], [ 109.29762, 13.87825 ], [ 109.29767, 13.87821 ], [ 109.29776, 13.87821 ], [ 109.29776, 13.8783 ], [ 109.29771, 13.87852 ], [ 109.29767, 13.87875 ], [ 109.29756, 13.87883 ], [ 109.29741, 13.8798 ], [ 109.29703, 13.88029 ], [ 109.2971, 13.88073 ], [ 109.29721, 13.88141 ], [ 109.29709, 13.88209 ], [ 109.297, 13.88209 ], [ 109.29699, 13.88218 ], [ 109.29691, 13.88238 ], [ 109.29699, 13.88272 ], [ 109.2969, 13.88272 ], [ 109.2969, 13.88281 ], [ 109.29674, 13.88311 ], [ 109.29662, 13.88317 ], [ 109.29681, 13.8825 ], [ 109.29648, 13.88248 ], [ 109.2959, 13.8835 ], [ 109.2961, 13.88425 ], [ 109.29586, 13.88438 ], [ 109.29525, 13.88452 ], [ 109.29452, 13.88502 ], [ 109.29461, 13.88519 ], [ 109.29494, 13.88524 ], [ 109.29491, 13.8853 ], [ 109.2945, 13.88536 ], [ 109.29426, 13.88547 ], [ 109.29392, 13.8855 ] ] ], [ [ [ 109.2711, 13.88608 ], [ 109.27054, 13.88619 ], [ 109.2701, 13.88592 ], [ 109.27115, 13.88588 ], [ 109.2711, 13.88608 ] ] ], [ [ [ 109.29144, 13.88748 ], [ 109.29115, 13.88732 ], [ 109.29119, 13.88681 ], [ 109.2915, 13.88675 ], [ 109.29144, 13.88748 ] ] ], [ [ [ 109.29234, 13.88603 ], [ 109.29234, 13.88612 ], [ 109.29234, 13.88658 ], [ 109.29233, 13.88685 ], [ 109.29243, 13.88685 ], [ 109.29239, 13.88708 ], [ 109.29227, 13.88752 ], [ 109.29224, 13.88775 ], [ 109.29214, 13.88775 ], [ 109.29214, 13.88784 ], [ 109.2919, 13.8879 ], [ 109.29187, 13.88748 ], [ 109.29187, 13.88702 ], [ 109.29191, 13.88642 ], [ 109.29209, 13.88606 ], [ 109.29234, 13.88603 ] ], [ [ 109.29228, 13.88721 ], [ 109.29221, 13.88661 ], [ 109.29215, 13.88648 ], [ 109.29203, 13.88657 ], [ 109.29197, 13.88685 ], [ 109.29211, 13.88752 ], [ 109.29228, 13.88721 ] ] ], [ [ [ 109.27416, 13.888 ], [ 109.27408, 13.88792 ], [ 109.27419, 13.88789 ], [ 109.27416, 13.888 ] ] ], [ [ [ 109.29212, 13.89055 ], [ 109.29231, 13.89055 ], [ 109.29221, 13.89073 ], [ 109.29212, 13.89073 ], [ 109.29212, 13.89055 ] ] ], [ [ [ 109.2923, 13.89091 ], [ 109.29221, 13.89091 ], [ 109.29221, 13.89082 ], [ 109.29231, 13.89082 ], [ 109.2923, 13.89091 ] ] ], [ [ [ 109.29212, 13.89055 ], [ 109.29181, 13.89032 ], [ 109.29165, 13.89024 ], [ 109.2918, 13.89077 ], [ 109.29184, 13.891 ], [ 109.29175, 13.891 ], [ 109.29165, 13.8906 ], [ 109.29157, 13.89055 ], [ 109.29161, 13.88998 ], [ 109.29185, 13.88983 ], [ 109.29185, 13.88992 ], [ 109.29185, 13.89001 ], [ 109.29194, 13.89001 ], [ 109.29197, 13.89016 ], [ 109.29212, 13.89046 ], [ 109.29212, 13.89055 ] ] ], [ [ [ 109.2923, 13.89091 ], [ 109.2924, 13.89091 ], [ 109.2924, 13.891 ], [ 109.2923, 13.891 ], [ 109.2923, 13.89091 ] ] ], [ [ [ 109.2924, 13.891 ], [ 109.29254, 13.89108 ], [ 109.29258, 13.89137 ], [ 109.29247, 13.89129 ], [ 109.2924, 13.891 ] ] ], [ [ [ 109.29184, 13.891 ], [ 109.29205, 13.89116 ], [ 109.29212, 13.89155 ], [ 109.29202, 13.89154 ], [ 109.29202, 13.89136 ], [ 109.29193, 13.89136 ], [ 109.29193, 13.89118 ], [ 109.29184, 13.89118 ], [ 109.29184, 13.891 ] ] ], [ [ [ 109.29267, 13.89155 ], [ 109.29267, 13.89164 ], [ 109.29258, 13.89164 ], [ 109.29258, 13.89155 ], [ 109.29267, 13.89155 ] ] ], [ [ [ 109.29212, 13.89155 ], [ 109.29221, 13.89155 ], [ 109.29221, 13.89173 ], [ 109.29211, 13.89173 ], [ 109.29212, 13.89155 ] ] ], [ [ [ 109.29221, 13.89173 ], [ 109.29254, 13.89189 ], [ 109.29261, 13.89176 ], [ 109.29267, 13.89173 ], [ 109.29276, 13.89173 ], [ 109.29276, 13.89182 ], [ 109.29276, 13.89191 ], [ 109.29285, 13.89191 ], [ 109.29277, 13.89221 ], [ 109.29228, 13.892 ], [ 109.29221, 13.89173 ] ] ], [ [ [ 109.29331, 13.89246 ], [ 109.29319, 13.89241 ], [ 109.29331, 13.89237 ], [ 109.29331, 13.89246 ] ] ], [ [ [ 109.29206, 13.89269 ], [ 109.29169, 13.89267 ], [ 109.29085, 13.89174 ], [ 109.29105, 13.89023 ], [ 109.2912, 13.89018 ], [ 109.29133, 13.89068 ], [ 109.29143, 13.89095 ], [ 109.29151, 13.8915 ], [ 109.29209, 13.8922 ], [ 109.29206, 13.89269 ] ], [ [ 109.29151, 13.89218 ], [ 109.29173, 13.8923 ], [ 109.29165, 13.89208 ], [ 109.29151, 13.89218 ] ] ], [ [ [ 109.29355, 13.8933 ], [ 109.29367, 13.89336 ], [ 109.29364, 13.8936 ], [ 109.29358, 13.89372 ], [ 109.29349, 13.89372 ], [ 109.29349, 13.89336 ], [ 109.2934, 13.89336 ], [ 109.2934, 13.89327 ], [ 109.29331, 13.89327 ], [ 109.29331, 13.89318 ], [ 109.29331, 13.893 ], [ 109.29321, 13.893 ], [ 109.29325, 13.89286 ], [ 109.2934, 13.89264 ], [ 109.29349, 13.89264 ], [ 109.29349, 13.89273 ], [ 109.29359, 13.89273 ], [ 109.29364, 13.89295 ], [ 109.29368, 13.89318 ], [ 109.29361, 13.89315 ], [ 109.29355, 13.89303 ], [ 109.29339, 13.89297 ], [ 109.29355, 13.8933 ] ] ], [ [ [ 109.29395, 13.89373 ], [ 109.2939, 13.89384 ], [ 109.29383, 13.89368 ], [ 109.29395, 13.89364 ], [ 109.29395, 13.89373 ] ] ], [ [ [ 109.29358, 13.894 ], [ 109.29345, 13.8939 ], [ 109.29358, 13.89381 ], [ 109.29358, 13.894 ] ] ], [ [ [ 109.29358, 13.894 ], [ 109.29367, 13.894 ], [ 109.29367, 13.89409 ], [ 109.29358, 13.89409 ], [ 109.29358, 13.894 ] ] ] ] } },
{ "type": "Feature", "properties": { "OBJECTID": 3, "gridcode": 3, "Shape_Length": 424066.00037356321, "Shape_Area": 8912663.3055437114 }, "geometry": { "type": "MultiPolygon", "coordinates": [ [ [ [ 109.28876, 13.75522 ], [ 109.28867, 13.75522 ], [ 109.28867, 13.75513 ], [ 109.28876, 13.75513 ], [ 109.28876, 13.75504 ], [ 109.28892, 13.75501 ], [ 109.28904, 13.75495 ], [ 109.28901, 13.7551 ], [ 109.28876, 13.75522 ] ] ], [ [ [ 109.28909, 13.75645 ], [ 109.28903, 13.75667 ], [ 109.28897, 13.75679 ], [ 109.28884, 13.75685 ], [ 109.28891, 13.75636 ], [ 109.28885, 13.75631 ], [ 109.28892, 13.75617 ], [ 109.28913, 13.75613 ], [ 109.28909, 13.75645 ] ] ], [ [ [ 109.26137, 13.75765 ], [ 109.26077, 13.75751 ], [ 109.26064, 13.75746 ], [ 109.26068, 13.75732 ], [ 109.26101, 13.75738 ], [ 109.26101, 13.75747 ], [ 109.2611, 13.75747 ], [ 109.2613, 13.75751 ], [ 109.26137, 13.75765 ] ] ], [ [ [ 109.26137, 13.75765 ], [ 109.26147, 13.75765 ], [ 109.26147, 13.75774 ], [ 109.26137, 13.75774 ], [ 109.26137, 13.75765 ] ] ], [ [ [ 109.26221, 13.75766 ], [ 109.26221, 13.75775 ], [ 109.26174, 13.75774 ], [ 109.26174, 13.75765 ], [ 109.26221, 13.75766 ] ] ], [ [ [ 109.26886, 13.7577 ], [ 109.26886, 13.75779 ], [ 109.26877, 13.75779 ], [ 109.26877, 13.7577 ], [ 109.26886, 13.7577 ] ] ], [ [ [ 109.28439, 13.75826 ], [ 109.28443, 13.75811 ], [ 109.28458, 13.75781 ], [ 109.28468, 13.75781 ], [ 109.28468, 13.75772 ], [ 109.28468, 13.75763 ], [ 109.28491, 13.75748 ], [ 109.28496, 13.75718 ], [ 109.28508, 13.75709 ], [ 109.28528, 13.75677 ], [ 109.28552, 13.75646 ], [ 109.28561, 13.75646 ], [ 109.28561, 13.75637 ], [ 109.2857, 13.75637 ], [ 109.2857, 13.75628 ], [ 109.2857, 13.75619 ], [ 109.2858, 13.75619 ], [ 109.2858, 13.7561 ], [ 109.28608, 13.75556 ], [ 109.28617, 13.75556 ], [ 109.28617, 13.75547 ], [ 109.28617, 13.75538 ], [ 109.28626, 13.75538 ], [ 109.28627, 13.75529 ], [ 109.28636, 13.75529 ], [ 109.28636, 13.7552 ], [ 109.28645, 13.7552 ], [ 109.28645, 13.75502 ], [ 109.28654, 13.75502 ], [ 109.28655, 13.75493 ], [ 109.28655, 13.75484 ], [ 109.28664, 13.75484 ], [ 109.28664, 13.75475 ], [ 109.287, 13.75432 ], [ 109.28738, 13.75422 ], [ 109.28822, 13.75422 ], [ 109.28828, 13.75434 ], [ 109.2883, 13.75458 ], [ 109.28808, 13.75444 ], [ 109.28772, 13.75434 ], [ 109.28739, 13.75436 ], [ 109.28682, 13.75467 ], [ 109.28646, 13.75544 ], [ 109.28603, 13.75597 ], [ 109.28548, 13.75688 ], [ 109.28538, 13.75741 ], [ 109.28523, 13.75754 ], [ 109.2851, 13.75768 ], [ 109.28439, 13.75826 ] ] ], [ [ [ 109.2843, 13.7588 ], [ 109.2843, 13.75835 ], [ 109.28439, 13.75835 ], [ 109.28439, 13.75881 ], [ 109.2843, 13.7588 ] ] ], [ [ [ 109.26955, 13.75804 ], [ 109.2696, 13.75843 ], [ 109.2696, 13.75852 ], [ 109.26969, 13.75852 ], [ 109.26962, 13.75877 ], [ 109.26941, 13.75901 ], [ 109.26928, 13.75856 ], [ 109.26897, 13.75804 ], [ 109.26905, 13.75798 ], [ 109.26955, 13.75804 ] ] ], [ [ [ 109.28846, 13.75814 ], [ 109.28834, 13.7583 ], [ 109.28853, 13.7585 ], [ 109.28858, 13.75881 ], [ 109.28871, 13.75895 ], [ 109.28876, 13.75924 ], [ 109.28864, 13.75929 ], [ 109.28851, 13.75906 ], [ 109.28825, 13.7587 ], [ 109.28822, 13.75852 ], [ 109.28828, 13.75811 ], [ 109.28846, 13.75814 ] ] ], [ [ [ 109.26297, 13.75958 ], [ 109.26281, 13.7595 ], [ 109.26303, 13.75947 ], [ 109.26297, 13.75958 ] ] ], [ [ [ 109.287, 13.75656 ], [ 109.28699, 13.75674 ], [ 109.28689, 13.75682 ], [ 109.28675, 13.7576 ], [ 109.28647, 13.75805 ], [ 109.28639, 13.75869 ], [ 109.28619, 13.75913 ], [ 109.2861, 13.7595 ], [ 109.286, 13.75985 ], [ 109.28595, 13.76008 ], [ 109.28586, 13.76008 ], [ 109.2859, 13.75976 ], [ 109.28604, 13.75896 ], [ 109.28595, 13.75832 ], [ 109.28614, 13.75808 ], [ 109.28631, 13.75796 ], [ 109.2866, 13.75758 ], [ 109.28679, 13.75672 ], [ 109.287, 13.75656 ] ] ], [ [ [ 109.27162, 13.7598 ], [ 109.27162, 13.75989 ], [ 109.27171, 13.75989 ], [ 109.27168, 13.75995 ], [ 109.2715, 13.76001 ], [ 109.27136, 13.75975 ], [ 109.27144, 13.75971 ], [ 109.27162, 13.7598 ] ] ], [ [ [ 109.28845, 13.76001 ], [ 109.28845, 13.76028 ], [ 109.28836, 13.76028 ], [ 109.28836, 13.76001 ], [ 109.28845, 13.76001 ] ] ], [ [ [ 109.28854, 13.76055 ], [ 109.28845, 13.76055 ], [ 109.28845, 13.76046 ], [ 109.28854, 13.76046 ], [ 109.28854, 13.76055 ] ] ], [ [ [ 109.28854, 13.76055 ], [ 109.28863, 13.76055 ], [ 109.28863, 13.76064 ], [ 109.28854, 13.76064 ], [ 109.28854, 13.76055 ] ] ], [ [ [ 109.28586, 13.76008 ], [ 109.28586, 13.76062 ], [ 109.28586, 13.76071 ], [ 109.28576, 13.76071 ], [ 109.28577, 13.76008 ], [ 109.28586, 13.76008 ] ] ], [ [ [ 109.28882, 13.76064 ], [ 109.28882, 13.76073 ], [ 109.28872, 13.76073 ], [ 109.28872, 13.76064 ], [ 109.28882, 13.76064 ] ] ], [ [ [ 109.28891, 13.76092 ], [ 109.28891, 13.76101 ], [ 109.28881, 13.76101 ], [ 109.28881, 13.76092 ], [ 109.28891, 13.76092 ] ] ], [ [ [ 109.289, 13.76119 ], [ 109.2889, 13.76119 ], [ 109.2889, 13.7611 ], [ 109.289, 13.7611 ], [ 109.289, 13.76119 ] ] ], [ [ [ 109.289, 13.76119 ], [ 109.28909, 13.76119 ], [ 109.28909, 13.76128 ], [ 109.289, 13.76128 ], [ 109.289, 13.76119 ] ] ], [ [ [ 109.26229, 13.76023 ], [ 109.26159, 13.76037 ], [ 109.26189, 13.76088 ], [ 109.26174, 13.76128 ], [ 109.26144, 13.76136 ], [ 109.26135, 13.76136 ], [ 109.26135, 13.76117 ], [ 109.26148, 13.76107 ], [ 109.26136, 13.76087 ], [ 109.26112, 13.76077 ], [ 109.26078, 13.76022 ], [ 109.26062, 13.76018 ], [ 109.26071, 13.75981 ], [ 109.26076, 13.75986 ], [ 109.26131, 13.75993 ], [ 109.26155, 13.75937 ], [ 109.26188, 13.75924 ], [ 109.2622, 13.75901 ], [ 109.26263, 13.75907 ], [ 109.26279, 13.75941 ], [ 109.26217, 13.75951 ], [ 109.26206, 13.75983 ], [ 109.26229, 13.76023 ] ] ], [ [ [ 109.28576, 13.76071 ], [ 109.28582, 13.7611 ], [ 109.28544, 13.76176 ], [ 109.28529, 13.76188 ], [ 109.28539, 13.76152 ], [ 109.28548, 13.76152 ], [ 109.28548, 13.76134 ], [ 109.2856, 13.76126 ], [ 109.28571, 13.76075 ], [ 109.28576, 13.76071 ] ] ], [ [ [ 109.28529, 13.76188 ], [ 109.28529, 13.76198 ], [ 109.2852, 13.76197 ], [ 109.2852, 13.76188 ], [ 109.28529, 13.76188 ] ] ], [ [ [ 109.2852, 13.76197 ], [ 109.2852, 13.76207 ], [ 109.28511, 13.76206 ], [ 109.28511, 13.76197 ], [ 109.2852, 13.76197 ] ] ], [ [ [ 109.28909, 13.76128 ], [ 109.28936, 13.76136 ], [ 109.28927, 13.76227 ], [ 109.28921, 13.76224 ], [ 109.28915, 13.7614 ], [ 109.28909, 13.76128 ] ] ], [ [ [ 109.28936, 13.76246 ], [ 109.28926, 13.76245 ], [ 109.28927, 13.76236 ], [ 109.28936, 13.76237 ], [ 109.28936, 13.76246 ] ] ], [ [ [ 109.28349, 13.76228 ], [ 109.28339, 13.76254 ], [ 109.28328, 13.76335 ], [ 109.28288, 13.76344 ], [ 109.28275, 13.76301 ], [ 109.28303, 13.76264 ], [ 109.2832, 13.76236 ], [ 109.28353, 13.76214 ], [ 109.28349, 13.76228 ] ] ], [ [ [ 109.28331, 13.76379 ], [ 109.28322, 13.76371 ], [ 109.28334, 13.76368 ], [ 109.28331, 13.76379 ] ] ], [ [ [ 109.26667, 13.76645 ], [ 109.26667, 13.76655 ], [ 109.26658, 13.76654 ], [ 109.26658, 13.76645 ], [ 109.26667, 13.76645 ] ] ], [ [ [ 109.26695, 13.76655 ], [ 109.26695, 13.76664 ], [ 109.26686, 13.76664 ], [ 109.26686, 13.76655 ], [ 109.26695, 13.76655 ] ] ], [ [ [ 109.26713, 13.76664 ], [ 109.26713, 13.76673 ], [ 109.26704, 13.76673 ], [ 109.26704, 13.76664 ], [ 109.26713, 13.76664 ] ] ], [ [ [ 109.26963, 13.76711 ], [ 109.26943, 13.76732 ], [ 109.26808, 13.76751 ], [ 109.26811, 13.76805 ], [ 109.26768, 13.76809 ], [ 109.26774, 13.76797 ], [ 109.26778, 13.76746 ], [ 109.26808, 13.76727 ], [ 109.26857, 13.76733 ], [ 109.26922, 13.76725 ], [ 109.26948, 13.76715 ], [ 109.26963, 13.76711 ] ] ], [ [ [ 109.28878, 13.76974 ], [ 109.28892, 13.76982 ], [ 109.28906, 13.77015 ], [ 109.28895, 13.77049 ], [ 109.28874, 13.77042 ], [ 109.28858, 13.76996 ], [ 109.28865, 13.76974 ], [ 109.28875, 13.76968 ], [ 109.28878, 13.76974 ] ] ], [ [ [ 109.28972, 13.77089 ], [ 109.28964, 13.77073 ], [ 109.28976, 13.77068 ], [ 109.28972, 13.77089 ] ] ], [ [ [ 109.28795, 13.7709 ], [ 109.28805, 13.77107 ], [ 109.28813, 13.77141 ], [ 109.2877, 13.77132 ], [ 109.28759, 13.77081 ], [ 109.28791, 13.77076 ], [ 109.28795, 13.7709 ] ] ], [ [ [ 109.28842, 13.77151 ], [ 109.28834, 13.77136 ], [ 109.28846, 13.77131 ], [ 109.28842, 13.77151 ] ] ], [ [ [ 109.28945, 13.77178 ], [ 109.28927, 13.77161 ], [ 109.28948, 13.77159 ], [ 109.28945, 13.77178 ] ] ], [ [ [ 109.2876, 13.77158 ], [ 109.28742, 13.77179 ], [ 109.28731, 13.77146 ], [ 109.28754, 13.77139 ], [ 109.2876, 13.77158 ] ] ], [ [ [ 109.29036, 13.77233 ], [ 109.29028, 13.77225 ], [ 109.2904, 13.77222 ], [ 109.29036, 13.77233 ] ] ], [ [ [ 109.27803, 13.77299 ], [ 109.27787, 13.77283 ], [ 109.27809, 13.77277 ], [ 109.27803, 13.77299 ] ] ], [ [ [ 109.29344, 13.77324 ], [ 109.29344, 13.77333 ], [ 109.29335, 13.77333 ], [ 109.29335, 13.77324 ], [ 109.29344, 13.77324 ] ] ], [ [ [ 109.28478, 13.77332 ], [ 109.28446, 13.77349 ], [ 109.28423, 13.77319 ], [ 109.28427, 13.77288 ], [ 109.28484, 13.77282 ], [ 109.28478, 13.77332 ] ] ], [ [ [ 109.29374, 13.77383 ], [ 109.29362, 13.77387 ], [ 109.29362, 13.77378 ], [ 109.29374, 13.77383 ] ] ], [ [ [ 109.27106, 13.77299 ], [ 109.27119, 13.77333 ], [ 109.27107, 13.77385 ], [ 109.2708, 13.77354 ], [ 109.27084, 13.77306 ], [ 109.27106, 13.77299 ] ] ], [ [ [ 109.28395, 13.77367 ], [ 109.28396, 13.77376 ], [ 109.28393, 13.774 ], [ 109.28351, 13.77369 ], [ 109.28338, 13.77292 ], [ 109.28376, 13.77178 ], [ 109.2842, 13.77173 ], [ 109.28437, 13.77198 ], [ 109.28415, 13.77267 ], [ 109.28406, 13.77322 ], [ 109.28395, 13.77367 ] ], [ [ 109.28384, 13.77197 ], [ 109.28368, 13.77249 ], [ 109.28364, 13.77272 ], [ 109.2835, 13.77284 ], [ 109.28361, 13.77358 ], [ 109.28386, 13.77331 ], [ 109.28392, 13.77263 ], [ 109.28403, 13.77255 ], [ 109.28424, 13.77188 ], [ 109.28384, 13.77197 ] ] ], [ [ [ 109.28312, 13.77336 ], [ 109.28265, 13.77403 ], [ 109.28247, 13.77402 ], [ 109.28248, 13.7738 ], [ 109.28247, 13.77348 ], [ 109.28249, 13.77308 ], [ 109.28299, 13.77299 ], [ 109.28312, 13.77336 ] ] ], [ [ [ 109.29288, 13.77396 ], [ 109.29297, 13.77396 ], [ 109.29297, 13.7745 ], [ 109.29288, 13.7745 ], [ 109.29288, 13.77396 ] ] ], [ [ [ 109.29288, 13.7745 ], [ 109.29288, 13.77459 ], [ 109.29278, 13.77459 ], [ 109.29278, 13.7745 ], [ 109.29288, 13.7745 ] ] ], [ [ [ 109.29393, 13.77451 ], [ 109.29371, 13.77469 ], [ 109.29371, 13.77433 ], [ 109.29393, 13.77451 ] ] ], [ [ [ 109.26852, 13.7742 ], [ 109.26832, 13.77428 ], [ 109.26814, 13.77473 ], [ 109.26798, 13.77461 ], [ 109.26769, 13.77418 ], [ 109.26743, 13.77401 ], [ 109.26738, 13.77375 ], [ 109.26757, 13.77371 ], [ 109.26791, 13.77397 ], [ 109.26825, 13.77375 ], [ 109.26842, 13.77346 ], [ 109.26866, 13.77343 ], [ 109.26872, 13.77367 ], [ 109.26904, 13.77408 ], [ 109.26884, 13.77413 ], [ 109.26869, 13.7741 ], [ 109.26852, 13.7742 ] ] ], [ [ [ 109.29278, 13.77459 ], [ 109.29278, 13.77477 ], [ 109.29273, 13.77481 ], [ 109.29261, 13.77496 ], [ 109.29246, 13.77545 ], [ 109.29213, 13.77562 ], [ 109.29181, 13.77527 ], [ 109.29233, 13.77464 ], [ 109.29246, 13.77409 ], [ 109.29258, 13.77368 ], [ 109.29277, 13.77356 ], [ 109.29288, 13.77396 ], [ 109.29273, 13.77399 ], [ 109.29262, 13.77443 ], [ 109.29245, 13.77481 ], [ 109.29241, 13.77495 ], [ 109.29209, 13.77519 ], [ 109.29221, 13.77544 ], [ 109.29235, 13.77527 ], [ 109.29241, 13.77495 ], [ 109.29253, 13.77489 ], [ 109.29266, 13.77465 ], [ 109.29278, 13.77459 ] ] ], [ [ [ 109.29236, 13.77687 ], [ 109.29227, 13.77664 ], [ 109.2924, 13.77658 ], [ 109.29236, 13.77687 ] ] ], [ [ [ 109.27106, 13.77299 ], [ 109.27088, 13.77254 ], [ 109.27064, 13.77221 ], [ 109.27055, 13.77102 ], [ 109.27075, 13.77033 ], [ 109.27048, 13.77002 ], [ 109.27015, 13.77016 ], [ 109.27009, 13.77073 ], [ 109.27021, 13.77117 ], [ 109.27005, 13.77187 ], [ 109.27011, 13.77259 ], [ 109.26969, 13.7733 ], [ 109.26974, 13.77391 ], [ 109.26948, 13.77425 ], [ 109.26954, 13.77504 ], [ 109.26934, 13.77556 ], [ 109.26919, 13.77582 ], [ 109.26906, 13.7761 ], [ 109.26868, 13.77656 ], [ 109.2688, 13.77718 ], [ 109.26896, 13.77709 ], [ 109.26972, 13.77656 ], [ 109.26988, 13.77674 ], [ 109.26968, 13.77704 ], [ 109.2695, 13.77718 ], [ 109.26914, 13.77782 ], [ 109.26894, 13.77808 ], [ 109.26885, 13.77872 ], [ 109.26873, 13.77903 ], [ 109.26877, 13.77952 ], [ 109.2687, 13.77957 ], [ 109.2687, 13.77948 ], [ 109.2687, 13.77939 ], [ 109.26861, 13.77939 ], [ 109.26858, 13.77907 ], [ 109.26843, 13.77849 ], [ 109.26858, 13.77842 ], [ 109.26866, 13.77802 ], [ 109.26902, 13.77784 ], [ 109.26895, 13.77747 ], [ 109.26866, 13.77753 ], [ 109.26844, 13.77794 ], [ 109.26819, 13.77806 ], [ 109.26816, 13.77812 ], [ 109.26743, 13.77754 ], [ 109.26733, 13.77722 ], [ 109.26756, 13.77703 ], [ 109.26736, 13.77527 ], [ 109.26752, 13.77491 ], [ 109.26768, 13.775 ], [ 109.26802, 13.77591 ], [ 109.2684, 13.7758 ], [ 109.26856, 13.77454 ], [ 109.26906, 13.77458 ], [ 109.26917, 13.77395 ], [ 109.26947, 13.77354 ], [ 109.26943, 13.77293 ], [ 109.2697, 13.7727 ], [ 109.26977, 13.77191 ], [ 109.26964, 13.77176 ], [ 109.26928, 13.77153 ], [ 109.26886, 13.77105 ], [ 109.26864, 13.77143 ], [ 109.26899, 13.77167 ], [ 109.26936, 13.77178 ], [ 109.26916, 13.77235 ], [ 109.26898, 13.77266 ], [ 109.26886, 13.77304 ], [ 109.26815, 13.7732 ], [ 109.26791, 13.77356 ], [ 109.26774, 13.77334 ], [ 109.26759, 13.77207 ], [ 109.26765, 13.77146 ], [ 109.26743, 13.77049 ], [ 109.26731, 13.7696 ], [ 109.26693, 13.76953 ], [ 109.26697, 13.76939 ], [ 109.26712, 13.76917 ], [ 109.26758, 13.76939 ], [ 109.26801, 13.7691 ], [ 109.26831, 13.76828 ], [ 109.26867, 13.76836 ], [ 109.26917, 13.76764 ], [ 109.26965, 13.76747 ], [ 109.26972, 13.76717 ], [ 109.26963, 13.76711 ], [ 109.26967, 13.76706 ], [ 109.26979, 13.76696 ], [ 109.27001, 13.76647 ], [ 109.27057, 13.76604 ], [ 109.27071, 13.76557 ], [ 109.27089, 13.76527 ], [ 109.27116, 13.76433 ], [ 109.2709, 13.76373 ], [ 109.27082, 13.76337 ], [ 109.2713, 13.7631 ], [ 109.27149, 13.76356 ], [ 109.27173, 13.76396 ], [ 109.27182, 13.76437 ], [ 109.27192, 13.76454 ], [ 109.27204, 13.76499 ], [ 109.27189, 13.76574 ], [ 109.27136, 13.76567 ], [ 109.27126, 13.76599 ], [ 109.2709, 13.7662 ], [ 109.27098, 13.76684 ], [ 109.27131, 13.7671 ], [ 109.27156, 13.76741 ], [ 109.27138, 13.76802 ], [ 109.27176, 13.76854 ], [ 109.27188, 13.76909 ], [ 109.27207, 13.76924 ], [ 109.27222, 13.76943 ], [ 109.27256, 13.77039 ], [ 109.27232, 13.77114 ], [ 109.27223, 13.77154 ], [ 109.2718, 13.77187 ], [ 109.27159, 13.77233 ], [ 109.27146, 13.77278 ], [ 109.27106, 13.77299 ] ], [ [ 109.27169, 13.77098 ], [ 109.27178, 13.77122 ], [ 109.27182, 13.77092 ], [ 109.27169, 13.77098 ] ], [ [ 109.27144, 13.77023 ], [ 109.27154, 13.76998 ], [ 109.27146, 13.76947 ], [ 109.27105, 13.76952 ], [ 109.27114, 13.76985 ], [ 109.27144, 13.77023 ] ], [ [ 109.2702, 13.76943 ], [ 109.27007, 13.7691 ], [ 109.26952, 13.76915 ], [ 109.26929, 13.76956 ], [ 109.27004, 13.76977 ], [ 109.2702, 13.76943 ] ], [ [ 109.26832, 13.76945 ], [ 109.26822, 13.76951 ], [ 109.268, 13.77002 ], [ 109.26827, 13.77021 ], [ 109.26832, 13.76945 ] ], [ [ 109.26896, 13.77027 ], [ 109.26873, 13.77033 ], [ 109.26889, 13.77048 ], [ 109.26896, 13.77027 ] ], [ [ 109.26912, 13.7703 ], [ 109.2692, 13.77038 ], [ 109.26923, 13.77027 ], [ 109.26912, 13.7703 ] ], [ [ 109.26942, 13.77063 ], [ 109.26919, 13.77069 ], [ 109.26935, 13.77085 ], [ 109.26942, 13.77063 ] ], [ [ 109.26824, 13.77143 ], [ 109.26812, 13.77116 ], [ 109.2679, 13.7713 ], [ 109.26802, 13.77165 ], [ 109.26824, 13.77143 ] ], [ [ 109.27088, 13.76879 ], [ 109.2711, 13.76854 ], [ 109.27101, 13.76811 ], [ 109.27078, 13.76832 ], [ 109.27088, 13.76879 ] ], [ [ 109.27019, 13.76836 ], [ 109.27035, 13.76783 ], [ 109.27056, 13.7673 ], [ 109.27046, 13.76702 ], [ 109.26999, 13.76708 ], [ 109.2698, 13.76755 ], [ 109.26967, 13.7685 ], [ 109.27019, 13.76836 ] ], [ [ 109.27075, 13.76727 ], [ 109.27056, 13.76786 ], [ 109.27113, 13.76804 ], [ 109.27123, 13.76754 ], [ 109.27101, 13.76721 ], [ 109.27075, 13.76727 ] ], [ [ 109.27049, 13.76634 ], [ 109.27015, 13.76657 ], [ 109.27034, 13.76674 ], [ 109.27061, 13.76657 ], [ 109.27065, 13.7663 ], [ 109.27049, 13.76634 ] ], [ [ 109.27081, 13.76551 ], [ 109.27089, 13.76579 ], [ 109.27099, 13.76573 ], [ 109.27103, 13.7654 ], [ 109.27081, 13.76551 ] ], [ [ 109.27123, 13.76456 ], [ 109.27104, 13.76516 ], [ 109.27158, 13.76524 ], [ 109.27173, 13.765 ], [ 109.27163, 13.76455 ], [ 109.27159, 13.7645 ], [ 109.27123, 13.76456 ] ] ], [ [ [ 109.29386, 13.77997 ], [ 109.29394, 13.78029 ], [ 109.29375, 13.78016 ], [ 109.29367, 13.77984 ], [ 109.29386, 13.77997 ] ] ], [ [ [ 109.26991, 13.77949 ], [ 109.26981, 13.77985 ], [ 109.26972, 13.77985 ], [ 109.26972, 13.78003 ], [ 109.26966, 13.78007 ], [ 109.26952, 13.78061 ], [ 109.26944, 13.78066 ], [ 109.26934, 13.78066 ], [ 109.26934, 13.78048 ], [ 109.26939, 13.78044 ], [ 109.2697, 13.77966 ], [ 109.26991, 13.77949 ] ] ], [ [ [ 109.29178, 13.78096 ], [ 109.29172, 13.78113 ], [ 109.2915, 13.78088 ], [ 109.29172, 13.78073 ], [ 109.29178, 13.78096 ] ] ], [ [ [ 109.29104, 13.78171 ], [ 109.291, 13.78209 ], [ 109.29056, 13.78216 ], [ 109.29078, 13.78159 ], [ 109.29098, 13.78154 ], [ 109.29104, 13.78171 ] ] ], [ [ [ 109.27926, 13.7822 ], [ 109.27898, 13.7824 ], [ 109.27863, 13.78206 ], [ 109.27885, 13.78151 ], [ 109.27905, 13.78145 ], [ 109.27926, 13.7822 ] ] ], [ [ [ 109.2918, 13.78317 ], [ 109.29172, 13.78331 ], [ 109.29152, 13.78335 ], [ 109.29152, 13.78326 ], [ 109.29161, 13.78326 ], [ 109.29161, 13.78317 ], [ 109.2918, 13.78317 ] ] ], [ [ [ 109.29152, 13.78335 ], [ 109.29152, 13.78344 ], [ 109.29142, 13.78344 ], [ 109.29142, 13.78335 ], [ 109.29152, 13.78335 ] ] ], [ [ [ 109.29142, 13.78344 ], [ 109.29142, 13.78353 ], [ 109.29133, 13.78353 ], [ 109.29133, 13.78344 ], [ 109.29142, 13.78344 ] ] ], [ [ [ 109.29133, 13.78353 ], [ 109.29133, 13.78371 ], [ 109.29124, 13.78371 ], [ 109.29124, 13.78353 ], [ 109.29133, 13.78353 ] ] ], [ [ [ 109.28909, 13.78067 ], [ 109.28906, 13.78119 ], [ 109.28887, 13.78172 ], [ 109.2887, 13.78202 ], [ 109.28848, 13.78248 ], [ 109.28814, 13.78309 ], [ 109.28796, 13.78346 ], [ 109.28786, 13.78364 ], [ 109.28777, 13.78391 ], [ 109.28766, 13.78409 ], [ 109.2877, 13.78331 ], [ 109.28759, 13.7831 ], [ 109.2875, 13.7829 ], [ 109.28829, 13.78146 ], [ 109.28881, 13.78085 ], [ 109.2889, 13.78056 ], [ 109.28904, 13.78044 ], [ 109.28909, 13.78067 ] ] ], [ [ [ 109.2675, 13.78393 ], [ 109.26689, 13.78403 ], [ 109.26673, 13.78363 ], [ 109.26682, 13.78363 ], [ 109.26692, 13.78363 ], [ 109.26692, 13.78354 ], [ 109.26738, 13.78336 ], [ 109.26757, 13.7835 ], [ 109.2675, 13.78393 ] ] ], [ [ [ 109.29188, 13.7848 ], [ 109.29188, 13.78471 ], [ 109.29197, 13.78471 ], [ 109.29197, 13.7848 ], [ 109.29188, 13.7848 ] ] ], [ [ [ 109.29188, 13.7848 ], [ 109.29188, 13.78489 ], [ 109.29178, 13.78489 ], [ 109.29178, 13.7848 ], [ 109.29188, 13.7848 ] ] ], [ [ [ 109.27322, 13.78492 ], [ 109.27276, 13.78512 ], [ 109.27246, 13.78495 ], [ 109.27252, 13.78428 ], [ 109.27279, 13.78381 ], [ 109.27288, 13.78362 ], [ 109.27311, 13.78358 ], [ 109.27322, 13.78492 ] ], [ [ 109.27274, 13.78426 ], [ 109.27267, 13.78446 ], [ 109.27281, 13.7847 ], [ 109.27304, 13.78448 ], [ 109.27292, 13.78421 ], [ 109.27274, 13.78426 ] ] ], [ [ [ 109.28729, 13.78542 ], [ 109.28713, 13.78534 ], [ 109.28734, 13.78531 ], [ 109.28729, 13.78542 ] ] ], [ [ [ 109.28638, 13.78526 ], [ 109.286, 13.78554 ], [ 109.28591, 13.78547 ], [ 109.28614, 13.7851 ], [ 109.28642, 13.78503 ], [ 109.28638, 13.78526 ] ] ], [ [ [ 109.26695, 13.78449 ], [ 109.26705, 13.78457 ], [ 109.26718, 13.78533 ], [ 109.26689, 13.78548 ], [ 109.26652, 13.785 ], [ 109.2666, 13.78452 ], [ 109.26691, 13.78444 ], [ 109.26695, 13.78449 ] ] ], [ [ [ 109.27359, 13.78572 ], [ 109.27378, 13.78583 ], [ 109.27368, 13.78606 ], [ 109.27342, 13.78615 ], [ 109.27334, 13.78571 ], [ 109.27356, 13.78566 ], [ 109.27359, 13.78572 ] ] ], [ [ [ 109.29131, 13.78642 ], [ 109.29131, 13.78624 ], [ 109.2914, 13.78624 ], [ 109.2914, 13.78642 ], [ 109.29131, 13.78642 ] ] ], [ [ [ 109.26991, 13.77949 ], [ 109.26997, 13.77918 ], [ 109.27055, 13.77845 ], [ 109.27118, 13.77809 ], [ 109.2717, 13.77756 ], [ 109.27187, 13.77704 ], [ 109.27225, 13.77684 ], [ 109.27237, 13.77714 ], [ 109.27209, 13.77766 ], [ 109.27209, 13.77784 ], [ 109.27245, 13.7782 ], [ 109.27255, 13.77748 ], [ 109.27266, 13.77708 ], [ 109.27265, 13.7767 ], [ 109.27316, 13.77697 ], [ 109.27329, 13.77767 ], [ 109.27339, 13.77811 ], [ 109.27352, 13.77884 ], [ 109.27335, 13.77915 ], [ 109.27285, 13.77931 ], [ 109.27263, 13.77974 ], [ 109.2724, 13.78017 ], [ 109.27226, 13.78048 ], [ 109.27259, 13.7811 ], [ 109.27289, 13.78224 ], [ 109.27255, 13.7827 ], [ 109.27124, 13.78287 ], [ 109.27106, 13.78376 ], [ 109.27121, 13.78434 ], [ 109.27121, 13.78445 ], [ 109.27087, 13.78505 ], [ 109.27028, 13.78532 ], [ 109.27019, 13.7856 ], [ 109.2699, 13.78595 ], [ 109.26978, 13.78631 ], [ 109.26932, 13.78582 ], [ 109.269, 13.78466 ], [ 109.26886, 13.78391 ], [ 109.26869, 13.78342 ], [ 109.26882, 13.78305 ], [ 109.26868, 13.78265 ], [ 109.26887, 13.78256 ], [ 109.26901, 13.78307 ], [ 109.26897, 13.78368 ], [ 109.26936, 13.78477 ], [ 109.26949, 13.78546 ], [ 109.26994, 13.78577 ], [ 109.27008, 13.7854 ], [ 109.26954, 13.78478 ], [ 109.26946, 13.78414 ], [ 109.26941, 13.7841 ], [ 109.26937, 13.78378 ], [ 109.26925, 13.78323 ], [ 109.26932, 13.78252 ], [ 109.26927, 13.7819 ], [ 109.26971, 13.78139 ], [ 109.26985, 13.78053 ], [ 109.26997, 13.78033 ], [ 109.2703, 13.77945 ], [ 109.27034, 13.77904 ], [ 109.27001, 13.77941 ], [ 109.26991, 13.77949 ] ], [ [ 109.27133, 13.77837 ], [ 109.27063, 13.77915 ], [ 109.27051, 13.77955 ], [ 109.27025, 13.78013 ], [ 109.27065, 13.78035 ], [ 109.27078, 13.78027 ], [ 109.27101, 13.77978 ], [ 109.27148, 13.77958 ], [ 109.27162, 13.779 ], [ 109.27175, 13.77854 ], [ 109.27167, 13.77833 ], [ 109.27133, 13.77837 ] ], [ [ 109.27217, 13.77865 ], [ 109.27182, 13.77944 ], [ 109.27224, 13.77948 ], [ 109.27259, 13.77901 ], [ 109.27241, 13.77861 ], [ 109.27217, 13.77865 ] ], [ [ 109.27154, 13.77787 ], [ 109.27171, 13.77801 ], [ 109.27186, 13.77779 ], [ 109.27154, 13.77787 ] ], [ [ 109.27294, 13.77795 ], [ 109.27302, 13.77819 ], [ 109.27306, 13.77789 ], [ 109.27294, 13.77795 ] ], [ [ 109.27116, 13.78072 ], [ 109.2711, 13.78059 ], [ 109.27047, 13.78062 ], [ 109.27017, 13.78083 ], [ 109.26993, 13.78134 ], [ 109.26978, 13.78205 ], [ 109.27017, 13.78212 ], [ 109.271, 13.78197 ], [ 109.27109, 13.78153 ], [ 109.271, 13.78108 ], [ 109.27116, 13.78072 ] ], [ [ 109.27142, 13.78204 ], [ 109.27167, 13.78224 ], [ 109.27155, 13.78194 ], [ 109.27142, 13.78204 ] ], [ [ 109.27181, 13.78085 ], [ 109.27152, 13.78128 ], [ 109.27163, 13.78153 ], [ 109.27206, 13.78126 ], [ 109.27198, 13.7809 ], [ 109.27193, 13.78077 ], [ 109.27181, 13.78085 ] ], [ [ 109.27183, 13.7824 ], [ 109.27171, 13.78243 ], [ 109.27179, 13.78251 ], [ 109.27183, 13.7824 ] ], [ [ 109.2696, 13.78293 ], [ 109.26945, 13.78297 ], [ 109.26956, 13.78351 ], [ 109.26965, 13.78324 ], [ 109.2696, 13.78293 ] ], [ [ 109.27034, 13.7832 ], [ 109.27023, 13.78323 ], [ 109.27031, 13.78331 ], [ 109.27034, 13.7832 ], [ 109.27045, 13.78317 ], [ 109.27037, 13.78309 ], [ 109.27034, 13.7832 ] ], [ [ 109.27027, 13.78431 ], [ 109.26973, 13.7837 ], [ 109.26969, 13.78356 ], [ 109.26956, 13.78366 ], [ 109.26964, 13.7844 ], [ 109.26982, 13.78485 ], [ 109.27018, 13.7849 ], [ 109.27027, 13.78431 ] ] ], [ [ [ 109.29131, 13.78642 ], [ 109.29131, 13.78651 ], [ 109.29122, 13.78651 ], [ 109.29122, 13.78642 ], [ 109.29131, 13.78642 ] ] ], [ [ [ 109.29122, 13.78651 ], [ 109.29122, 13.7866 ], [ 109.29112, 13.7866 ], [ 109.29112, 13.78651 ], [ 109.29122, 13.78651 ] ] ], [ [ [ 109.28155, 13.7871 ], [ 109.28128, 13.7872 ], [ 109.28119, 13.78693 ], [ 109.2816, 13.7869 ], [ 109.28155, 13.7871 ] ] ], [ [ [ 109.29065, 13.7875 ], [ 109.29053, 13.78741 ], [ 109.29066, 13.78732 ], [ 109.29065, 13.7875 ] ] ], [ [ [ 109.29065, 13.7875 ], [ 109.29112, 13.7875 ], [ 109.29112, 13.78759 ], [ 109.29121, 13.7876 ], [ 109.29121, 13.78796 ], [ 109.29115, 13.78793 ], [ 109.29108, 13.78781 ], [ 109.29072, 13.78762 ], [ 109.29065, 13.7875 ] ] ], [ [ [ 109.26885, 13.78726 ], [ 109.26896, 13.78772 ], [ 109.26844, 13.78784 ], [ 109.2676, 13.78761 ], [ 109.2677, 13.78651 ], [ 109.2681, 13.78644 ], [ 109.26814, 13.78649 ], [ 109.26829, 13.78662 ], [ 109.26885, 13.78726 ] ], [ [ 109.26787, 13.78695 ], [ 109.26818, 13.78711 ], [ 109.26809, 13.78689 ], [ 109.26787, 13.78695 ] ] ], [ [ [ 109.27277, 13.78812 ], [ 109.27269, 13.78804 ], [ 109.2728, 13.78801 ], [ 109.27277, 13.78812 ] ] ], [ [ [ 109.28252, 13.78636 ], [ 109.28249, 13.78659 ], [ 109.28237, 13.78685 ], [ 109.28229, 13.78737 ], [ 109.28209, 13.78766 ], [ 109.28191, 13.78816 ], [ 109.28177, 13.78825 ], [ 109.28183, 13.78792 ], [ 109.28211, 13.78731 ], [ 109.28222, 13.7868 ], [ 109.28247, 13.7864 ], [ 109.28252, 13.78636 ] ] ], [ [ [ 109.28177, 13.78825 ], [ 109.28177, 13.78834 ], [ 109.28168, 13.78834 ], [ 109.28168, 13.78825 ], [ 109.28177, 13.78825 ] ] ], [ [ [ 109.28372, 13.7889 ], [ 109.28335, 13.78903 ], [ 109.2834, 13.78869 ], [ 109.2838, 13.78863 ], [ 109.28372, 13.7889 ] ] ], [ [ [ 109.26962, 13.78713 ], [ 109.2696, 13.78743 ], [ 109.26989, 13.78785 ], [ 109.26998, 13.78813 ], [ 109.27042, 13.78909 ], [ 109.27095, 13.78933 ], [ 109.27108, 13.78953 ], [ 109.2706, 13.78966 ], [ 109.27044, 13.7893 ], [ 109.26988, 13.78867 ], [ 109.26973, 13.78833 ], [ 109.26918, 13.78767 ], [ 109.26907, 13.78697 ], [ 109.26948, 13.7869 ], [ 109.26962, 13.78713 ] ] ], [ [ [ 109.26798, 13.78978 ], [ 109.26787, 13.78975 ], [ 109.26795, 13.78967 ], [ 109.26798, 13.78978 ] ] ], [ [ [ 109.26798, 13.78978 ], [ 109.26807, 13.78978 ], [ 109.26807, 13.78987 ], [ 109.26798, 13.78987 ], [ 109.26798, 13.78978 ] ] ], [ [ [ 109.28331, 13.78978 ], [ 109.28326, 13.78998 ], [ 109.28294, 13.78991 ], [ 109.28283, 13.78972 ], [ 109.28324, 13.78962 ], [ 109.28331, 13.78978 ] ] ], [ [ [ 109.26807, 13.78987 ], [ 109.26818, 13.78991 ], [ 109.2681, 13.78998 ], [ 109.26807, 13.78987 ] ] ], [ [ [ 109.26468, 13.79007 ], [ 109.2643, 13.79016 ], [ 109.26435, 13.78995 ], [ 109.26474, 13.78985 ], [ 109.26468, 13.79007 ] ] ], [ [ [ 109.26236, 13.79145 ], [ 109.26214, 13.79164 ], [ 109.2622, 13.79142 ], [ 109.26224, 13.7911 ], [ 109.26233, 13.7911 ], [ 109.26233, 13.79101 ], [ 109.2624, 13.78993 ], [ 109.26271, 13.78869 ], [ 109.26346, 13.78831 ], [ 109.26383, 13.78844 ], [ 109.26413, 13.78808 ], [ 109.26439, 13.78702 ], [ 109.26425, 13.78671 ], [ 109.26412, 13.78659 ], [ 109.26413, 13.78488 ], [ 109.26423, 13.78488 ], [ 109.26471, 13.78494 ], [ 109.26503, 13.7854 ], [ 109.26519, 13.78574 ], [ 109.26533, 13.78601 ], [ 109.26553, 13.78643 ], [ 109.26583, 13.78692 ], [ 109.26592, 13.78719 ], [ 109.26601, 13.78746 ], [ 109.26615, 13.78792 ], [ 109.26619, 13.78783 ], [ 109.26632, 13.78722 ], [ 109.26656, 13.78677 ], [ 109.26619, 13.78665 ], [ 109.2662, 13.78638 ], [ 109.26599, 13.78598 ], [ 109.26583, 13.78535 ], [ 109.26586, 13.78459 ], [ 109.26567, 13.78438 ], [ 109.26552, 13.78425 ], [ 109.26571, 13.78398 ], [ 109.26576, 13.78403 ], [ 109.26585, 13.7843 ], [ 109.26614, 13.78506 ], [ 109.26611, 13.78548 ], [ 109.26612, 13.78572 ], [ 109.26641, 13.78584 ], [ 109.26658, 13.78566 ], [ 109.26673, 13.78553 ], [ 109.26713, 13.786 ], [ 109.26685, 13.78665 ], [ 109.26675, 13.78712 ], [ 109.26648, 13.78735 ], [ 109.26638, 13.78829 ], [ 109.26606, 13.78827 ], [ 109.26592, 13.78764 ], [ 109.26581, 13.78723 ], [ 109.2653, 13.78629 ], [ 109.26477, 13.78555 ], [ 109.26444, 13.78529 ], [ 109.26424, 13.7855 ], [ 109.26428, 13.78626 ], [ 109.26458, 13.78681 ], [ 109.26452, 13.78778 ], [ 109.26424, 13.78826 ], [ 109.264, 13.78888 ], [ 109.26342, 13.78856 ], [ 109.26311, 13.78873 ], [ 109.26313, 13.78919 ], [ 109.26257, 13.79012 ], [ 109.26247, 13.79106 ], [ 109.26236, 13.79145 ] ] ], [ [ [ 109.28844, 13.79232 ], [ 109.28824, 13.79258 ], [ 109.28809, 13.79206 ], [ 109.28831, 13.792 ], [ 109.28844, 13.79232 ] ] ], [ [ [ 109.26717, 13.79279 ], [ 109.26677, 13.79307 ], [ 109.26604, 13.79281 ], [ 109.2657, 13.79231 ], [ 109.26602, 13.79221 ], [ 109.2661, 13.79246 ], [ 109.26675, 13.79277 ], [ 109.26706, 13.79245 ], [ 109.26717, 13.79279 ] ] ], [ [ [ 109.2895, 13.79427 ], [ 109.2894, 13.79427 ], [ 109.2894, 13.79418 ], [ 109.28946, 13.79406 ], [ 109.2895, 13.79427 ] ] ], [ [ [ 109.28791, 13.79467 ], [ 109.28752, 13.79456 ], [ 109.28742, 13.79403 ], [ 109.28732, 13.79385 ], [ 109.28716, 13.7935 ], [ 109.28687, 13.79324 ], [ 109.28722, 13.79286 ], [ 109.28743, 13.79294 ], [ 109.28754, 13.79357 ], [ 109.28778, 13.79359 ], [ 109.28807, 13.79323 ], [ 109.28818, 13.79301 ], [ 109.2884, 13.79282 ], [ 109.28847, 13.79302 ], [ 109.28855, 13.79445 ], [ 109.28791, 13.79467 ] ], [ [ 109.28799, 13.79404 ], [ 109.28783, 13.79437 ], [ 109.28813, 13.79446 ], [ 109.28842, 13.79428 ], [ 109.2883, 13.79399 ], [ 109.28799, 13.79404 ] ] ], [ [ [ 109.28961, 13.79468 ], [ 109.28949, 13.79472 ], [ 109.28949, 13.79463 ], [ 109.28961, 13.79468 ] ] ], [ [ [ 109.28838, 13.79544 ], [ 109.28838, 13.79535 ], [ 109.28847, 13.79535 ], [ 109.28847, 13.79544 ], [ 109.28838, 13.79544 ] ] ], [ [ [ 109.28838, 13.79544 ], [ 109.28838, 13.79553 ], [ 109.28828, 13.79553 ], [ 109.28828, 13.79544 ], [ 109.28838, 13.79544 ] ] ], [ [ [ 109.28828, 13.79553 ], [ 109.28828, 13.79571 ], [ 109.28819, 13.79571 ], [ 109.28819, 13.79553 ], [ 109.28828, 13.79553 ] ] ], [ [ [ 109.28819, 13.79571 ], [ 109.28819, 13.79589 ], [ 109.2881, 13.79589 ], [ 109.2881, 13.79571 ], [ 109.28819, 13.79571 ] ] ], [ [ [ 109.2881, 13.79589 ], [ 109.2881, 13.79598 ], [ 109.288, 13.79598 ], [ 109.288, 13.79589 ], [ 109.2881, 13.79589 ] ] ], [ [ [ 109.21199, 13.79535 ], [ 109.21149, 13.79546 ], [ 109.21111, 13.79538 ], [ 109.21107, 13.79471 ], [ 109.21119, 13.79477 ], [ 109.21125, 13.79489 ], [ 109.21133, 13.79529 ], [ 109.21171, 13.79516 ], [ 109.21192, 13.79521 ], [ 109.21199, 13.79535 ] ] ], [ [ [ 109.26372, 13.79644 ], [ 109.2632, 13.79657 ], [ 109.26246, 13.79627 ], [ 109.26239, 13.79589 ], [ 109.26266, 13.79589 ], [ 109.26286, 13.79611 ], [ 109.26342, 13.7963 ], [ 109.2636, 13.79576 ], [ 109.26375, 13.79577 ], [ 109.26372, 13.79644 ] ] ], [ [ [ 109.21333, 13.79642 ], [ 109.21337, 13.79662 ], [ 109.21275, 13.79657 ], [ 109.21259, 13.79639 ], [ 109.21318, 13.79635 ], [ 109.21333, 13.79642 ] ] ], [ [ [ 109.28679, 13.79742 ], [ 109.28679, 13.79733 ], [ 109.28688, 13.79733 ], [ 109.28688, 13.79742 ], [ 109.28679, 13.79742 ] ] ], [ [ [ 109.28679, 13.79742 ], [ 109.28679, 13.79751 ], [ 109.2867, 13.79751 ], [ 109.2867, 13.79742 ], [ 109.28679, 13.79742 ] ] ], [ [ [ 109.2867, 13.7976 ], [ 109.2867, 13.79769 ], [ 109.2866, 13.79769 ], [ 109.2866, 13.7976 ], [ 109.2867, 13.7976 ] ] ], [ [ [ 109.21361, 13.79693 ], [ 109.21373, 13.79717 ], [ 109.21319, 13.79725 ], [ 109.21264, 13.79717 ], [ 109.21268, 13.79693 ], [ 109.21355, 13.7969 ], [ 109.21361, 13.79693 ] ] ], [ [ [ 109.2866, 13.79778 ], [ 109.2866, 13.79796 ], [ 109.28651, 13.79796 ], [ 109.28651, 13.79778 ], [ 109.2866, 13.79778 ] ] ], [ [ [ 109.28641, 13.79832 ], [ 109.28642, 13.79805 ], [ 109.28651, 13.79805 ], [ 109.28651, 13.79832 ], [ 109.28641, 13.79832 ] ] ], [ [ [ 109.20715, 13.79768 ], [ 109.20667, 13.79788 ], [ 109.20657, 13.7976 ], [ 109.20707, 13.79748 ], [ 109.20715, 13.79768 ] ] ], [ [ [ 109.28641, 13.79832 ], [ 109.28641, 13.79859 ], [ 109.28632, 13.79859 ], [ 109.28632, 13.79832 ], [ 109.28641, 13.79832 ] ] ], [ [ [ 109.2073, 13.79838 ], [ 109.20687, 13.79851 ], [ 109.20656, 13.79833 ], [ 109.20734, 13.79812 ], [ 109.2073, 13.79838 ] ] ], [ [ [ 109.28632, 13.79859 ], [ 109.28623, 13.79923 ], [ 109.28613, 13.79931 ], [ 109.2862, 13.79869 ], [ 109.28632, 13.79859 ] ] ], [ [ [ 109.20743, 13.79938 ], [ 109.20738, 13.79942 ], [ 109.20729, 13.79952 ], [ 109.20707, 13.7996 ], [ 109.20713, 13.79915 ], [ 109.20673, 13.79907 ], [ 109.20656, 13.7989 ], [ 109.20736, 13.7988 ], [ 109.20743, 13.79938 ] ] ], [ [ [ 109.26748, 13.80021 ], [ 109.26702, 13.8003 ], [ 109.26698, 13.80035 ], [ 109.26675, 13.8004 ], [ 109.26663, 13.80038 ], [ 109.26669, 13.80008 ], [ 109.26726, 13.79995 ], [ 109.26748, 13.80021 ] ] ], [ [ [ 109.28043, 13.80056 ], [ 109.28026, 13.80047 ], [ 109.28048, 13.80036 ], [ 109.28043, 13.80056 ] ] ], [ [ [ 109.28627, 13.80025 ], [ 109.28664, 13.80034 ], [ 109.28671, 13.80061 ], [ 109.28621, 13.80049 ], [ 109.28622, 13.80021 ], [ 109.28627, 13.80025 ] ] ], [ [ [ 109.20406, 13.79986 ], [ 109.20393, 13.80024 ], [ 109.2037, 13.80019 ], [ 109.20386, 13.7995 ], [ 109.2041, 13.79945 ], [ 109.20406, 13.79986 ] ] ], [ [ [ 109.20501, 13.80092 ], [ 109.20445, 13.80103 ], [ 109.20432, 13.80078 ], [ 109.2052, 13.80072 ], [ 109.20501, 13.80092 ] ] ], [ [ [ 109.28179, 13.80169 ], [ 109.28153, 13.80184 ], [ 109.28146, 13.80149 ], [ 109.28167, 13.80145 ], [ 109.28179, 13.80169 ] ] ], [ [ [ 109.26484, 13.80169 ], [ 109.26462, 13.80178 ], [ 109.26452, 13.80158 ], [ 109.26487, 13.80104 ], [ 109.26551, 13.80093 ], [ 109.26562, 13.80116 ], [ 109.26501, 13.80132 ], [ 109.26493, 13.8016 ], [ 109.26484, 13.8016 ], [ 109.26484, 13.80169 ] ] ], [ [ [ 109.27101, 13.80064 ], [ 109.27129, 13.80089 ], [ 109.27151, 13.80137 ], [ 109.27135, 13.80206 ], [ 109.27116, 13.80205 ], [ 109.27119, 13.80165 ], [ 109.27117, 13.80133 ], [ 109.27064, 13.8007 ], [ 109.27058, 13.80065 ], [ 109.27055, 13.80027 ], [ 109.27035, 13.80017 ], [ 109.27027, 13.80086 ], [ 109.27006, 13.80079 ], [ 109.27003, 13.80028 ], [ 109.27003, 13.80019 ], [ 109.27008, 13.80015 ], [ 109.2702, 13.80001 ], [ 109.27083, 13.80007 ], [ 109.27101, 13.80064 ] ] ], [ [ [ 109.21575, 13.80156 ], [ 109.2158, 13.80183 ], [ 109.21564, 13.80192 ], [ 109.21551, 13.80132 ], [ 109.21571, 13.80102 ], [ 109.2162, 13.80089 ], [ 109.21624, 13.80094 ], [ 109.21659, 13.80115 ], [ 109.2167, 13.80136 ], [ 109.2159, 13.80121 ], [ 109.21575, 13.80156 ] ] ], [ [ [ 109.28657, 13.80248 ], [ 109.28657, 13.80293 ], [ 109.28647, 13.80293 ], [ 109.28644, 13.8026 ], [ 109.28638, 13.80248 ], [ 109.28657, 13.80248 ] ] ], [ [ [ 109.27935, 13.80297 ], [ 109.2791, 13.80302 ], [ 109.27894, 13.80282 ], [ 109.27886, 13.80192 ], [ 109.27867, 13.80161 ], [ 109.27858, 13.80115 ], [ 109.27911, 13.80076 ], [ 109.27932, 13.80089 ], [ 109.279, 13.8014 ], [ 109.2792, 13.80192 ], [ 109.2793, 13.80275 ], [ 109.27935, 13.80297 ] ] ], [ [ [ 109.26415, 13.80255 ], [ 109.26381, 13.8031 ], [ 109.2636, 13.80307 ], [ 109.26384, 13.80247 ], [ 109.26419, 13.80241 ], [ 109.26415, 13.80255 ] ] ], [ [ [ 109.28148, 13.8028 ], [ 109.28148, 13.80344 ], [ 109.28138, 13.80343 ], [ 109.28139, 13.8028 ], [ 109.28148, 13.8028 ] ] ], [ [ [ 109.28647, 13.80329 ], [ 109.28654, 13.80344 ], [ 109.28638, 13.80347 ], [ 109.28638, 13.80329 ], [ 109.28647, 13.80329 ] ] ], [ [ [ 109.2631, 13.80416 ], [ 109.26306, 13.8043 ], [ 109.26293, 13.80439 ], [ 109.2628, 13.80471 ], [ 109.26256, 13.80472 ], [ 109.26266, 13.80425 ], [ 109.26295, 13.80389 ], [ 109.26329, 13.80387 ], [ 109.2631, 13.80416 ] ] ], [ [ [ 109.27144, 13.80593 ], [ 109.27144, 13.80638 ], [ 109.27123, 13.80628 ], [ 109.27116, 13.80585 ], [ 109.27138, 13.80581 ], [ 109.27144, 13.80593 ] ] ], [ [ [ 109.28423, 13.80662 ], [ 109.28432, 13.80662 ], [ 109.28432, 13.80689 ], [ 109.28422, 13.80689 ], [ 109.28423, 13.8068 ], [ 109.28423, 13.80662 ] ] ], [ [ [ 109.28431, 13.80716 ], [ 109.28432, 13.80698 ], [ 109.28441, 13.80698 ], [ 109.28441, 13.80716 ], [ 109.28431, 13.80716 ] ] ], [ [ [ 109.2085, 13.80738 ], [ 109.20826, 13.80746 ], [ 109.20817, 13.80729 ], [ 109.20857, 13.80725 ], [ 109.2085, 13.80738 ] ] ], [ [ [ 109.28052, 13.80768 ], [ 109.28056, 13.80745 ], [ 109.2807, 13.8071 ], [ 109.28038, 13.80683 ], [ 109.28021, 13.80628 ], [ 109.28054, 13.8061 ], [ 109.28087, 13.80697 ], [ 109.28103, 13.80727 ], [ 109.28112, 13.80787 ], [ 109.28049, 13.80817 ], [ 109.28038, 13.80779 ], [ 109.28052, 13.80768 ], [ 109.28055, 13.80803 ], [ 109.28092, 13.80783 ], [ 109.28078, 13.80756 ], [ 109.28052, 13.80768 ] ] ], [ [ [ 109.21084, 13.80778 ], [ 109.21056, 13.80779 ], [ 109.21072, 13.8073 ], [ 109.21088, 13.80727 ], [ 109.21084, 13.80778 ] ] ], [ [ [ 109.20884, 13.80807 ], [ 109.20921, 13.80807 ], [ 109.20921, 13.80816 ], [ 109.20884, 13.80816 ], [ 109.20884, 13.80807 ] ] ], [ [ [ 109.27567, 13.80839 ], [ 109.27555, 13.80868 ], [ 109.27519, 13.80829 ], [ 109.27455, 13.80832 ], [ 109.27446, 13.80806 ], [ 109.27543, 13.808 ], [ 109.27567, 13.80839 ] ] ], [ [ [ 109.20884, 13.80807 ], [ 109.20829, 13.80806 ], [ 109.20829, 13.80797 ], [ 109.20801, 13.80797 ], [ 109.20789, 13.80774 ], [ 109.2082, 13.8077 ], [ 109.20829, 13.8077 ], [ 109.20829, 13.80779 ], [ 109.20847, 13.80779 ], [ 109.20854, 13.80789 ], [ 109.20882, 13.80783 ], [ 109.2087, 13.80729 ], [ 109.20894, 13.80713 ], [ 109.20956, 13.80727 ], [ 109.2098, 13.80763 ], [ 109.20967, 13.80819 ], [ 109.20939, 13.80825 ], [ 109.20921, 13.80825 ], [ 109.20921, 13.80816 ], [ 109.2095, 13.80813 ], [ 109.20961, 13.80793 ], [ 109.20924, 13.80786 ], [ 109.20921, 13.8078 ], [ 109.20953, 13.80775 ], [ 109.20931, 13.80749 ], [ 109.209, 13.80765 ], [ 109.20921, 13.80771 ], [ 109.20921, 13.8078 ], [ 109.2089, 13.80785 ], [ 109.20884, 13.80807 ] ] ], [ [ [ 109.20957, 13.80865 ], [ 109.20891, 13.80874 ], [ 109.20908, 13.80848 ], [ 109.20948, 13.80843 ], [ 109.20957, 13.80865 ] ] ], [ [ [ 109.28633, 13.80934 ], [ 109.28624, 13.80934 ], [ 109.28624, 13.80925 ], [ 109.28633, 13.80925 ], [ 109.28633, 13.80934 ] ] ], [ [ [ 109.27103, 13.80919 ], [ 109.27095, 13.80928 ], [ 109.27085, 13.80883 ], [ 109.27075, 13.80855 ], [ 109.27076, 13.80831 ], [ 109.27099, 13.80824 ], [ 109.27103, 13.80919 ] ] ], [ [ [ 109.28633, 13.80934 ], [ 109.28643, 13.80935 ], [ 109.28643, 13.80944 ], [ 109.28633, 13.80943 ], [ 109.28633, 13.80934 ] ] ], [ [ [ 109.27233, 13.80883 ], [ 109.27245, 13.80912 ], [ 109.27236, 13.80938 ], [ 109.27205, 13.80883 ], [ 109.27168, 13.80839 ], [ 109.2716, 13.80822 ], [ 109.27182, 13.80816 ], [ 109.27233, 13.80883 ] ] ], [ [ [ 109.28661, 13.80944 ], [ 109.28661, 13.80953 ], [ 109.28652, 13.80953 ], [ 109.28652, 13.80944 ], [ 109.28661, 13.80944 ] ] ], [ [ [ 109.28679, 13.80962 ], [ 109.2867, 13.80962 ], [ 109.2867, 13.80953 ], [ 109.28679, 13.80953 ], [ 109.28679, 13.80962 ] ] ], [ [ [ 109.28679, 13.80962 ], [ 109.28689, 13.80962 ], [ 109.28689, 13.80971 ], [ 109.28679, 13.80971 ], [ 109.28679, 13.80962 ] ] ], [ [ [ 109.2098, 13.80966 ], [ 109.20924, 13.80974 ], [ 109.20925, 13.80956 ], [ 109.20943, 13.80956 ], [ 109.20953, 13.80956 ], [ 109.20998, 13.80912 ], [ 109.21003, 13.80952 ], [ 109.2098, 13.80966 ] ] ], [ [ [ 109.25974, 13.81012 ], [ 109.25946, 13.81037 ], [ 109.25941, 13.81051 ], [ 109.25927, 13.81058 ], [ 109.25922, 13.81078 ], [ 109.25908, 13.81083 ], [ 109.25882, 13.81082 ], [ 109.25933, 13.81003 ], [ 109.25974, 13.81012 ] ] ], [ [ [ 109.25722, 13.81135 ], [ 109.25666, 13.81125 ], [ 109.25669, 13.81108 ], [ 109.2571, 13.81104 ], [ 109.25722, 13.81135 ] ] ], [ [ [ 109.28844, 13.81216 ], [ 109.28844, 13.81225 ], [ 109.28835, 13.81225 ], [ 109.28835, 13.81216 ], [ 109.28844, 13.81216 ] ] ], [ [ [ 109.28871, 13.81298 ], [ 109.28871, 13.81316 ], [ 109.28862, 13.81316 ], [ 109.28862, 13.81298 ], [ 109.28871, 13.81298 ] ] ], [ [ [ 109.28506, 13.81219 ], [ 109.28533, 13.81241 ], [ 109.28542, 13.81332 ], [ 109.28484, 13.81326 ], [ 109.28464, 13.81302 ], [ 109.28471, 13.81238 ], [ 109.28502, 13.81214 ], [ 109.28506, 13.81219 ] ] ], [ [ [ 109.2888, 13.81334 ], [ 109.2888, 13.81352 ], [ 109.28871, 13.81352 ], [ 109.28871, 13.81334 ], [ 109.2888, 13.81334 ] ] ], [ [ [ 109.28889, 13.81361 ], [ 109.28889, 13.81388 ], [ 109.2888, 13.81388 ], [ 109.2888, 13.81361 ], [ 109.28889, 13.81361 ] ] ], [ [ [ 109.26253, 13.81452 ], [ 109.26247, 13.81482 ], [ 109.26216, 13.81428 ], [ 109.26234, 13.81424 ], [ 109.26253, 13.81452 ] ] ], [ [ [ 109.25896, 13.81601 ], [ 109.25858, 13.81615 ], [ 109.25841, 13.81601 ], [ 109.25875, 13.81579 ], [ 109.259, 13.81575 ], [ 109.25896, 13.81601 ] ] ], [ [ [ 109.20683, 13.81529 ], [ 109.20678, 13.81566 ], [ 109.20652, 13.81577 ], [ 109.20647, 13.81546 ], [ 109.2066, 13.81536 ], [ 109.20635, 13.81524 ], [ 109.20624, 13.8156 ], [ 109.206, 13.81568 ], [ 109.20608, 13.81509 ], [ 109.20657, 13.81497 ], [ 109.20683, 13.81529 ] ] ], [ [ [ 109.20822, 13.81611 ], [ 109.20822, 13.8162 ], [ 109.20822, 13.81629 ], [ 109.20831, 13.81629 ], [ 109.20831, 13.81638 ], [ 109.20813, 13.81638 ], [ 109.20809, 13.81618 ], [ 109.20789, 13.81608 ], [ 109.20785, 13.81638 ], [ 109.20776, 13.81638 ], [ 109.20765, 13.81609 ], [ 109.20808, 13.81578 ], [ 109.2085, 13.81575 ], [ 109.2085, 13.81584 ], [ 109.2086, 13.81584 ], [ 109.2086, 13.81593 ], [ 109.20869, 13.81593 ], [ 109.20872, 13.81617 ], [ 109.20878, 13.81629 ], [ 109.2085, 13.81629 ], [ 109.2085, 13.8162 ], [ 109.20841, 13.8162 ], [ 109.20834, 13.81598 ], [ 109.20822, 13.81611 ] ] ], [ [ [ 109.20591, 13.81645 ], [ 109.20566, 13.81633 ], [ 109.20563, 13.81627 ], [ 109.20571, 13.81612 ], [ 109.20536, 13.81609 ], [ 109.20523, 13.81603 ], [ 109.20517, 13.8159 ], [ 109.20582, 13.81578 ], [ 109.20591, 13.81645 ] ] ], [ [ [ 109.28952, 13.81696 ], [ 109.28951, 13.81705 ], [ 109.28942, 13.81705 ], [ 109.28942, 13.81696 ], [ 109.28952, 13.81696 ] ] ], [ [ [ 109.25593, 13.81695 ], [ 109.25528, 13.81683 ], [ 109.25461, 13.81642 ], [ 109.25458, 13.81608 ], [ 109.25463, 13.81561 ], [ 109.25452, 13.81532 ], [ 109.25442, 13.81478 ], [ 109.25417, 13.81476 ], [ 109.25404, 13.81498 ], [ 109.25406, 13.81535 ], [ 109.25404, 13.81562 ], [ 109.25408, 13.8161 ], [ 109.25356, 13.81638 ], [ 109.25317, 13.81641 ], [ 109.25258, 13.81595 ], [ 109.25197, 13.81581 ], [ 109.25147, 13.81493 ], [ 109.2516, 13.81415 ], [ 109.25188, 13.814 ], [ 109.25258, 13.81406 ], [ 109.25261, 13.81378 ], [ 109.25246, 13.81352 ], [ 109.25283, 13.81295 ], [ 109.25358, 13.81283 ], [ 109.2538, 13.81245 ], [ 109.2537, 13.81231 ], [ 109.25306, 13.81195 ], [ 109.25288, 13.81223 ], [ 109.25267, 13.81212 ], [ 109.25223, 13.81215 ], [ 109.25232, 13.81177 ], [ 109.25242, 13.8115 ], [ 109.25253, 13.81079 ], [ 109.2529, 13.81033 ], [ 109.25312, 13.80998 ], [ 109.25372, 13.80957 ], [ 109.25405, 13.80948 ], [ 109.25416, 13.8096 ], [ 109.25442, 13.80962 ], [ 109.25498, 13.80958 ], [ 109.25567, 13.81035 ], [ 109.25583, 13.81089 ], [ 109.25651, 13.811 ], [ 109.25648, 13.81135 ], [ 109.25702, 13.81177 ], [ 109.25815, 13.81192 ], [ 109.25894, 13.81259 ], [ 109.25907, 13.81308 ], [ 109.25923, 13.81379 ], [ 109.25961, 13.81439 ], [ 109.25949, 13.81509 ], [ 109.25916, 13.81506 ], [ 109.25896, 13.81517 ], [ 109.25847, 13.81525 ], [ 109.25798, 13.81551 ], [ 109.2572, 13.81542 ], [ 109.25616, 13.81497 ], [ 109.25603, 13.81529 ], [ 109.25655, 13.81602 ], [ 109.25642, 13.81668 ], [ 109.25593, 13.81695 ] ], [ [ 109.25498, 13.81635 ], [ 109.25533, 13.81666 ], [ 109.25579, 13.81673 ], [ 109.25582, 13.81652 ], [ 109.25534, 13.81632 ], [ 109.2553, 13.81627 ], [ 109.25498, 13.81635 ] ], [ [ 109.25578, 13.81631 ], [ 109.25591, 13.81614 ], [ 109.2558, 13.81569 ], [ 109.25573, 13.81522 ], [ 109.25539, 13.81503 ], [ 109.25531, 13.81491 ], [ 109.25491, 13.81501 ], [ 109.25486, 13.81521 ], [ 109.25515, 13.81602 ], [ 109.25578, 13.81631 ] ], [ [ 109.25801, 13.81294 ], [ 109.25786, 13.8129 ], [ 109.25724, 13.81286 ], [ 109.25703, 13.81317 ], [ 109.25685, 13.81316 ], [ 109.25673, 13.81316 ], [ 109.25657, 13.81335 ], [ 109.25681, 13.81357 ], [ 109.25703, 13.81333 ], [ 109.25729, 13.81335 ], [ 109.25688, 13.81385 ], [ 109.25666, 13.81404 ], [ 109.25657, 13.81425 ], [ 109.25774, 13.81479 ], [ 109.25817, 13.81489 ], [ 109.25839, 13.81488 ], [ 109.25859, 13.81458 ], [ 109.25832, 13.81408 ], [ 109.25822, 13.81374 ], [ 109.25787, 13.81358 ], [ 109.25807, 13.81323 ], [ 109.25801, 13.81294 ], [ 109.25814, 13.81306 ], [ 109.2584, 13.81361 ], [ 109.25887, 13.81363 ], [ 109.2589, 13.81312 ], [ 109.25854, 13.81237 ], [ 109.25762, 13.81199 ], [ 109.25693, 13.81227 ], [ 109.25641, 13.81171 ], [ 109.25548, 13.81161 ], [ 109.25538, 13.8106 ], [ 109.2552, 13.81044 ], [ 109.25503, 13.81026 ], [ 109.25428, 13.81034 ], [ 109.254, 13.81043 ], [ 109.25336, 13.81054 ], [ 109.25333, 13.81104 ], [ 109.25364, 13.81121 ], [ 109.25421, 13.81079 ], [ 109.25459, 13.81092 ], [ 109.25499, 13.81154 ], [ 109.25543, 13.81182 ], [ 109.25574, 13.81216 ], [ 109.25611, 13.81233 ], [ 109.256, 13.81257 ], [ 109.25558, 13.81229 ], [ 109.25519, 13.81246 ], [ 109.25518, 13.8127 ], [ 109.25565, 13.81279 ], [ 109.25617, 13.81297 ], [ 109.25646, 13.81298 ], [ 109.25676, 13.8128 ], [ 109.2571, 13.81257 ], [ 109.25782, 13.81274 ], [ 109.25801, 13.81294 ] ], [ [ 109.25413, 13.8121 ], [ 109.25408, 13.81223 ], [ 109.25399, 13.8126 ], [ 109.25352, 13.81313 ], [ 109.25341, 13.81337 ], [ 109.25291, 13.81367 ], [ 109.2527, 13.8141 ], [ 109.25224, 13.81465 ], [ 109.25283, 13.8147 ], [ 109.25335, 13.81409 ], [ 109.25356, 13.81342 ], [ 109.25398, 13.81325 ], [ 109.25454, 13.81259 ], [ 109.25442, 13.81235 ], [ 109.25413, 13.8121 ], [ 109.25406, 13.8117 ], [ 109.25383, 13.81193 ], [ 109.25413, 13.8121 ] ], [ [ 109.25189, 13.81434 ], [ 109.25167, 13.81441 ], [ 109.25162, 13.81496 ], [ 109.252, 13.81557 ], [ 109.25267, 13.81572 ], [ 109.25309, 13.8162 ], [ 109.25368, 13.81599 ], [ 109.25359, 13.81584 ], [ 109.2534, 13.81568 ], [ 109.25301, 13.81523 ], [ 109.25225, 13.81509 ], [ 109.25212, 13.81485 ], [ 109.25189, 13.81434 ] ], [ [ 109.253, 13.81479 ], [ 109.25246, 13.81494 ], [ 109.25289, 13.81506 ], [ 109.2534, 13.81536 ], [ 109.25366, 13.81473 ], [ 109.25382, 13.81416 ], [ 109.25429, 13.8141 ], [ 109.25423, 13.81449 ], [ 109.25451, 13.81453 ], [ 109.25453, 13.81441 ], [ 109.25451, 13.81424 ], [ 109.25465, 13.81401 ], [ 109.25452, 13.81366 ], [ 109.25455, 13.81344 ], [ 109.25449, 13.81328 ], [ 109.25408, 13.81332 ], [ 109.25366, 13.8138 ], [ 109.25351, 13.81416 ], [ 109.253, 13.81479 ] ], [ [ 109.25573, 13.81481 ], [ 109.25656, 13.81468 ], [ 109.25602, 13.81417 ], [ 109.25631, 13.81376 ], [ 109.25624, 13.81356 ], [ 109.25575, 13.81384 ], [ 109.25555, 13.81422 ], [ 109.25573, 13.81481 ] ], [ [ 109.25609, 13.81336 ], [ 109.25599, 13.81316 ], [ 109.25573, 13.81307 ], [ 109.25569, 13.81302 ], [ 109.25539, 13.81305 ], [ 109.25529, 13.81331 ], [ 109.25562, 13.81359 ], [ 109.25609, 13.81336 ] ], [ [ 109.25513, 13.81364 ], [ 109.25501, 13.81369 ], [ 109.2551, 13.81385 ], [ 109.25513, 13.81364 ] ], [ [ 109.25468, 13.81251 ], [ 109.25519, 13.8121 ], [ 109.2551, 13.81197 ], [ 109.25482, 13.81161 ], [ 109.25451, 13.81102 ], [ 109.254, 13.81108 ], [ 109.25413, 13.81148 ], [ 109.25436, 13.81167 ], [ 109.25468, 13.81251 ] ], [ [ 109.25879, 13.814 ], [ 109.25909, 13.81434 ], [ 109.25928, 13.81425 ], [ 109.25902, 13.81385 ], [ 109.25879, 13.814 ] ], [ [ 109.2535, 13.81002 ], [ 109.25338, 13.81005 ], [ 109.25346, 13.81013 ], [ 109.2535, 13.81002 ], [ 109.25359, 13.81002 ], [ 109.25359, 13.80993 ], [ 109.2537, 13.8099 ], [ 109.25362, 13.80982 ], [ 109.25359, 13.80993 ], [ 109.2535, 13.80993 ], [ 109.2535, 13.81002 ] ], [ [ 109.25471, 13.80997 ], [ 109.25461, 13.80975 ], [ 109.2543, 13.80979 ], [ 109.25471, 13.80997 ] ] ], [ [ [ 109.28961, 13.81714 ], [ 109.28961, 13.81723 ], [ 109.28951, 13.81723 ], [ 109.28951, 13.81714 ], [ 109.28961, 13.81714 ] ] ], [ [ [ 109.2897, 13.81732 ], [ 109.2897, 13.81741 ], [ 109.2896, 13.81741 ], [ 109.28961, 13.81732 ], [ 109.2897, 13.81732 ] ] ], [ [ [ 109.26135, 13.81707 ], [ 109.26112, 13.81734 ], [ 109.26118, 13.81664 ], [ 109.2614, 13.81658 ], [ 109.26135, 13.81707 ] ] ], [ [ [ 109.28732, 13.81315 ], [ 109.28737, 13.81319 ], [ 109.28749, 13.81332 ], [ 109.28764, 13.81401 ], [ 109.28774, 13.81428 ], [ 109.28781, 13.81553 ], [ 109.28759, 13.81626 ], [ 109.28735, 13.81667 ], [ 109.28771, 13.81697 ], [ 109.2878, 13.81727 ], [ 109.28795, 13.81766 ], [ 109.28808, 13.81789 ], [ 109.28816, 13.81808 ], [ 109.28826, 13.81826 ], [ 109.2883, 13.8184 ], [ 109.28785, 13.81804 ], [ 109.28769, 13.81766 ], [ 109.28711, 13.8172 ], [ 109.28719, 13.81663 ], [ 109.28758, 13.81599 ], [ 109.28772, 13.81534 ], [ 109.28755, 13.81501 ], [ 109.28749, 13.81532 ], [ 109.28744, 13.81536 ], [ 109.2873, 13.81595 ], [ 109.287, 13.81617 ], [ 109.28688, 13.81685 ], [ 109.28683, 13.81721 ], [ 109.28674, 13.81721 ], [ 109.28682, 13.81635 ], [ 109.28726, 13.81556 ], [ 109.28741, 13.81495 ], [ 109.28676, 13.81435 ], [ 109.28699, 13.81394 ], [ 109.28607, 13.81381 ], [ 109.28589, 13.81331 ], [ 109.2862, 13.81287 ], [ 109.28607, 13.81222 ], [ 109.28609, 13.81174 ], [ 109.28597, 13.81152 ], [ 109.28562, 13.81119 ], [ 109.28618, 13.81102 ], [ 109.28702, 13.81176 ], [ 109.28723, 13.81264 ], [ 109.28732, 13.81315 ], [ 109.28723, 13.81315 ], [ 109.28723, 13.81297 ], [ 109.28714, 13.81297 ], [ 109.2871, 13.81271 ], [ 109.28687, 13.81178 ], [ 109.28665, 13.81164 ], [ 109.2865, 13.81161 ], [ 109.28645, 13.81139 ], [ 109.28623, 13.81124 ], [ 109.28613, 13.81111 ], [ 109.28601, 13.81133 ], [ 109.28613, 13.81142 ], [ 109.28621, 13.81157 ], [ 109.2865, 13.81161 ], [ 109.28646, 13.81183 ], [ 109.28627, 13.81215 ], [ 109.28645, 13.81264 ], [ 109.28661, 13.81318 ], [ 109.28705, 13.81355 ], [ 109.28718, 13.81391 ], [ 109.2873, 13.81473 ], [ 109.28768, 13.8146 ], [ 109.28743, 13.81376 ], [ 109.28732, 13.81315 ] ] ], [ [ [ 109.28772, 13.81854 ], [ 109.28751, 13.81878 ], [ 109.28744, 13.81827 ], [ 109.28775, 13.81812 ], [ 109.28772, 13.81854 ] ] ], [ [ [ 109.26116, 13.81798 ], [ 109.26082, 13.81858 ], [ 109.26064, 13.81879 ], [ 109.26051, 13.81856 ], [ 109.26087, 13.81793 ], [ 109.26098, 13.81758 ], [ 109.26121, 13.81739 ], [ 109.26116, 13.81798 ] ] ], [ [ [ 109.29209, 13.8196 ], [ 109.29209, 13.81969 ], [ 109.29199, 13.81969 ], [ 109.29199, 13.8196 ], [ 109.29209, 13.8196 ] ] ], [ [ [ 109.27428, 13.8188 ], [ 109.27444, 13.81959 ], [ 109.27421, 13.81969 ], [ 109.2741, 13.81902 ], [ 109.27375, 13.81844 ], [ 109.27397, 13.81839 ], [ 109.27428, 13.8188 ] ] ], [ [ [ 109.28878, 13.82025 ], [ 109.28868, 13.82052 ], [ 109.28806, 13.81989 ], [ 109.28848, 13.81984 ], [ 109.28878, 13.82025 ] ] ], [ [ [ 109.25893, 13.81953 ], [ 109.2593, 13.81985 ], [ 109.26023, 13.82027 ], [ 109.26021, 13.82051 ], [ 109.25913, 13.82042 ], [ 109.25886, 13.82028 ], [ 109.25853, 13.81982 ], [ 109.25856, 13.81947 ], [ 109.25875, 13.81932 ], [ 109.25888, 13.81918 ], [ 109.25957, 13.81898 ], [ 109.26018, 13.81892 ], [ 109.26022, 13.81897 ], [ 109.26044, 13.81916 ], [ 109.26077, 13.81951 ], [ 109.25927, 13.81963 ], [ 109.25902, 13.8195 ], [ 109.25893, 13.81953 ] ] ], [ [ [ 109.27497, 13.82078 ], [ 109.27464, 13.8206 ], [ 109.27478, 13.82047 ], [ 109.27497, 13.82078 ] ] ], [ [ [ 109.29605, 13.82152 ], [ 109.29596, 13.82152 ], [ 109.29596, 13.82134 ], [ 109.29605, 13.82134 ], [ 109.29605, 13.82152 ] ] ], [ [ [ 109.17917, 13.82014 ], [ 109.17856, 13.82061 ], [ 109.17794, 13.82077 ], [ 109.17791, 13.82061 ], [ 109.17752, 13.81983 ], [ 109.17749, 13.81968 ], [ 109.17763, 13.81972 ], [ 109.17813, 13.82003 ], [ 109.17884, 13.81995 ], [ 109.17917, 13.82014 ] ] ], [ [ [ 109.29429, 13.82151 ], [ 109.29429, 13.8216 ], [ 109.2942, 13.8216 ], [ 109.2942, 13.82151 ], [ 109.29429, 13.82151 ] ] ], [ [ [ 109.29605, 13.82152 ], [ 109.29614, 13.82152 ], [ 109.29614, 13.82161 ], [ 109.29605, 13.82161 ], [ 109.29605, 13.82152 ] ] ], [ [ [ 109.29623, 13.82171 ], [ 109.29623, 13.8218 ], [ 109.29614, 13.8218 ], [ 109.29614, 13.82171 ], [ 109.29623, 13.82171 ] ] ], [ [ [ 109.29527, 13.82199 ], [ 109.29519, 13.82184 ], [ 109.29531, 13.82179 ], [ 109.29527, 13.82199 ] ] ], [ [ [ 109.29632, 13.82207 ], [ 109.29632, 13.82216 ], [ 109.29623, 13.82216 ], [ 109.29623, 13.82207 ], [ 109.29632, 13.82207 ] ] ], [ [ [ 109.18725, 13.82114 ], [ 109.18737, 13.8212 ], [ 109.18733, 13.8214 ], [ 109.18719, 13.82147 ], [ 109.18697, 13.82114 ], [ 109.18725, 13.82114 ] ] ], [ [ [ 109.27454, 13.82152 ], [ 109.27467, 13.82205 ], [ 109.27461, 13.82229 ], [ 109.27436, 13.82213 ], [ 109.27427, 13.82161 ], [ 109.2745, 13.82146 ], [ 109.27454, 13.82152 ] ] ], [ [ [ 109.17959, 13.82087 ], [ 109.179, 13.82154 ], [ 109.17883, 13.8219 ], [ 109.17903, 13.82264 ], [ 109.17867, 13.82262 ], [ 109.17854, 13.8219 ], [ 109.17827, 13.82151 ], [ 109.17874, 13.82087 ], [ 109.17923, 13.82056 ], [ 109.17943, 13.82051 ], [ 109.17959, 13.82087 ] ] ], [ [ [ 109.27533, 13.82111 ], [ 109.27547, 13.82124 ], [ 109.27568, 13.82156 ], [ 109.27583, 13.82224 ], [ 109.2761, 13.82272 ], [ 109.27619, 13.82316 ], [ 109.27593, 13.82341 ], [ 109.27573, 13.82231 ], [ 109.27524, 13.82209 ], [ 109.2751, 13.82178 ], [ 109.27482, 13.82133 ], [ 109.27495, 13.8211 ], [ 109.27524, 13.82102 ], [ 109.27533, 13.82111 ] ] ], [ [ [ 109.1857, 13.82308 ], [ 109.18529, 13.82296 ], [ 109.18526, 13.82254 ], [ 109.18554, 13.82222 ], [ 109.18585, 13.82214 ], [ 109.18599, 13.82169 ], [ 109.18621, 13.82197 ], [ 109.18611, 13.82216 ], [ 109.18575, 13.82241 ], [ 109.18547, 13.82253 ], [ 109.18558, 13.82285 ], [ 109.1857, 13.82272 ], [ 109.18579, 13.82272 ], [ 109.18579, 13.82263 ], [ 109.18605, 13.82253 ], [ 109.18635, 13.82245 ], [ 109.18606, 13.82281 ], [ 109.1857, 13.82308 ] ] ], [ [ [ 109.29586, 13.82418 ], [ 109.29555, 13.82421 ], [ 109.29533, 13.82392 ], [ 109.29517, 13.82354 ], [ 109.2948, 13.8229 ], [ 109.29496, 13.82257 ], [ 109.29541, 13.8224 ], [ 109.29562, 13.82266 ], [ 109.29567, 13.8227 ], [ 109.29572, 13.82302 ], [ 109.29586, 13.82418 ] ], [ [ 109.29516, 13.82288 ], [ 109.29541, 13.82328 ], [ 109.29561, 13.82314 ], [ 109.29548, 13.82279 ], [ 109.29516, 13.82288 ] ] ], [ [ [ 109.25841, 13.8239 ], [ 109.25819, 13.82401 ], [ 109.25807, 13.82358 ], [ 109.2583, 13.82343 ], [ 109.25841, 13.8239 ] ] ], [ [ [ 109.29825, 13.82443 ], [ 109.29788, 13.82434 ], [ 109.29795, 13.82412 ], [ 109.29825, 13.82443 ] ] ], [ [ [ 109.17935, 13.8238 ], [ 109.17888, 13.82407 ], [ 109.17823, 13.82388 ], [ 109.17786, 13.82339 ], [ 109.17754, 13.82262 ], [ 109.17784, 13.82257 ], [ 109.17798, 13.82279 ], [ 109.17819, 13.82331 ], [ 109.17878, 13.82347 ], [ 109.17924, 13.82341 ], [ 109.17935, 13.8238 ] ], [ [ 109.17853, 13.82362 ], [ 109.17887, 13.82379 ], [ 109.17894, 13.82357 ], [ 109.17853, 13.82362 ] ] ], [ [ [ 109.17586, 13.8244 ], [ 109.17579, 13.82446 ], [ 109.17564, 13.82424 ], [ 109.17561, 13.82409 ], [ 109.1757, 13.82409 ], [ 109.1757, 13.824 ], [ 109.1757, 13.82391 ], [ 109.17579, 13.82391 ], [ 109.17579, 13.82382 ], [ 109.17596, 13.8237 ], [ 109.17606, 13.8231 ], [ 109.17586, 13.82259 ], [ 109.17597, 13.82199 ], [ 109.17623, 13.8218 ], [ 109.17631, 13.8217 ], [ 109.17659, 13.82149 ], [ 109.17665, 13.8213 ], [ 109.17674, 13.8213 ], [ 109.17664, 13.82202 ], [ 109.1767, 13.82253 ], [ 109.17641, 13.823 ], [ 109.1762, 13.82374 ], [ 109.17602, 13.82405 ], [ 109.17586, 13.8244 ] ] ], [ [ [ 109.29741, 13.82524 ], [ 109.29732, 13.82537 ], [ 109.29694, 13.82528 ], [ 109.29703, 13.8249 ], [ 109.29664, 13.82463 ], [ 109.29686, 13.82438 ], [ 109.29724, 13.82457 ], [ 109.2974, 13.82481 ], [ 109.29778, 13.82506 ], [ 109.2977, 13.8252 ], [ 109.29741, 13.82524 ], [ 109.29745, 13.82519 ], [ 109.29763, 13.82507 ], [ 109.2972, 13.8251 ], [ 109.29741, 13.82524 ] ] ], [ [ [ 109.2601, 13.82394 ], [ 109.26, 13.82438 ], [ 109.25991, 13.82484 ], [ 109.25964, 13.82506 ], [ 109.25946, 13.82547 ], [ 109.25926, 13.82555 ], [ 109.2594, 13.82426 ], [ 109.2597, 13.82386 ], [ 109.26005, 13.8238 ], [ 109.2601, 13.82394 ] ] ], [ [ [ 109.28815, 13.82608 ], [ 109.28806, 13.82626 ], [ 109.28777, 13.82611 ], [ 109.28786, 13.82594 ], [ 109.28806, 13.8259 ], [ 109.28815, 13.82608 ] ] ], [ [ [ 109.17657, 13.82551 ], [ 109.17624, 13.82554 ], [ 109.17621, 13.82521 ], [ 109.17606, 13.82491 ], [ 109.17611, 13.82486 ], [ 109.17636, 13.82488 ], [ 109.17676, 13.82417 ], [ 109.17718, 13.82305 ], [ 109.17735, 13.82216 ], [ 109.17733, 13.8218 ], [ 109.17748, 13.82129 ], [ 109.17725, 13.82116 ], [ 109.17706, 13.82108 ], [ 109.17702, 13.82103 ], [ 109.17711, 13.82103 ], [ 109.17711, 13.82094 ], [ 109.1772, 13.82094 ], [ 109.1772, 13.82085 ], [ 109.17725, 13.82079 ], [ 109.17745, 13.82107 ], [ 109.17766, 13.82113 ], [ 109.17762, 13.82217 ], [ 109.17749, 13.82237 ], [ 109.17726, 13.82364 ], [ 109.17713, 13.82396 ], [ 109.17702, 13.82434 ], [ 109.17667, 13.82479 ], [ 109.17657, 13.82551 ] ] ], [ [ [ 109.29897, 13.82661 ], [ 109.29897, 13.82688 ], [ 109.29891, 13.82685 ], [ 109.29879, 13.8266 ], [ 109.29897, 13.82661 ] ] ], [ [ [ 109.28148, 13.8028 ], [ 109.28153, 13.80254 ], [ 109.28181, 13.80204 ], [ 109.2819, 13.80176 ], [ 109.28202, 13.80155 ], [ 109.282, 13.80082 ], [ 109.28202, 13.80027 ], [ 109.28192, 13.80005 ], [ 109.28173, 13.79977 ], [ 109.28177, 13.79889 ], [ 109.28165, 13.79842 ], [ 109.28153, 13.79743 ], [ 109.28124, 13.79753 ], [ 109.28096, 13.79794 ], [ 109.28062, 13.7981 ], [ 109.28065, 13.79886 ], [ 109.28052, 13.79951 ], [ 109.27975, 13.80036 ], [ 109.27981, 13.80216 ], [ 109.27976, 13.80307 ], [ 109.28031, 13.80386 ], [ 109.28032, 13.80409 ], [ 109.27995, 13.80464 ], [ 109.27975, 13.80465 ], [ 109.27948, 13.8045 ], [ 109.27947, 13.80478 ], [ 109.27948, 13.80518 ], [ 109.27924, 13.80552 ], [ 109.27937, 13.80609 ], [ 109.27947, 13.80645 ], [ 109.27955, 13.80692 ], [ 109.27983, 13.80743 ], [ 109.27973, 13.80781 ], [ 109.27955, 13.80815 ], [ 109.28024, 13.80871 ], [ 109.28055, 13.80873 ], [ 109.28074, 13.80863 ], [ 109.28093, 13.80854 ], [ 109.28126, 13.80832 ], [ 109.28144, 13.80849 ], [ 109.28191, 13.80899 ], [ 109.28232, 13.80901 ], [ 109.28231, 13.80883 ], [ 109.28249, 13.80864 ], [ 109.28267, 13.80879 ], [ 109.28299, 13.80928 ], [ 109.28349, 13.80955 ], [ 109.28386, 13.80957 ], [ 109.28398, 13.80947 ], [ 109.28423, 13.80921 ], [ 109.28453, 13.8091 ], [ 109.28496, 13.80897 ], [ 109.28518, 13.80866 ], [ 109.28532, 13.80839 ], [ 109.28564, 13.80911 ], [ 109.28573, 13.80957 ], [ 109.28588, 13.81 ], [ 109.28488, 13.81013 ], [ 109.28446, 13.8105 ], [ 109.28424, 13.81083 ], [ 109.28369, 13.8108 ], [ 109.28378, 13.81118 ], [ 109.28392, 13.81146 ], [ 109.28395, 13.81245 ], [ 109.28391, 13.81328 ], [ 109.28419, 13.81386 ], [ 109.28474, 13.81403 ], [ 109.28504, 13.81435 ], [ 109.28534, 13.81436 ], [ 109.28578, 13.81391 ], [ 109.28589, 13.81399 ], [ 109.286, 13.81436 ], [ 109.28632, 13.81483 ], [ 109.28611, 13.81527 ], [ 109.28533, 13.81616 ], [ 109.28521, 13.81682 ], [ 109.28483, 13.81716 ], [ 109.28484, 13.81769 ], [ 109.28482, 13.81817 ], [ 109.28529, 13.81842 ], [ 109.28622, 13.81852 ], [ 109.28622, 13.81871 ], [ 109.28603, 13.81906 ], [ 109.28587, 13.81969 ], [ 109.28575, 13.81951 ], [ 109.28563, 13.81888 ], [ 109.2852, 13.81896 ], [ 109.28509, 13.82045 ], [ 109.28482, 13.82059 ], [ 109.28431, 13.82068 ], [ 109.28412, 13.82136 ], [ 109.28425, 13.82176 ], [ 109.28437, 13.82209 ], [ 109.28397, 13.82259 ], [ 109.28411, 13.82312 ], [ 109.28456, 13.8239 ], [ 109.28488, 13.82411 ], [ 109.28543, 13.82446 ], [ 109.28553, 13.82475 ], [ 109.28566, 13.82532 ], [ 109.28616, 13.82674 ], [ 109.28621, 13.82688 ], [ 109.28602, 13.82679 ], [ 109.28602, 13.82661 ], [ 109.28593, 13.82661 ], [ 109.28556, 13.82541 ], [ 109.28548, 13.82534 ], [ 109.28548, 13.82507 ], [ 109.28539, 13.82506 ], [ 109.28535, 13.82469 ], [ 109.2852, 13.82461 ], [ 109.28501, 13.8244 ], [ 109.28462, 13.82422 ], [ 109.28438, 13.82387 ], [ 109.28388, 13.82296 ], [ 109.28378, 13.82206 ], [ 109.28379, 13.82185 ], [ 109.28377, 13.82144 ], [ 109.28399, 13.82095 ], [ 109.28403, 13.82081 ], [ 109.28412, 13.82081 ], [ 109.28412, 13.82063 ], [ 109.28424, 13.82053 ], [ 109.28415, 13.81888 ], [ 109.28434, 13.81829 ], [ 109.28459, 13.81772 ], [ 109.28455, 13.81687 ], [ 109.28494, 13.81654 ], [ 109.28495, 13.81638 ], [ 109.28493, 13.8161 ], [ 109.28537, 13.81555 ], [ 109.28483, 13.81536 ], [ 109.28449, 13.81533 ], [ 109.28438, 13.81564 ], [ 109.2844, 13.81606 ], [ 109.2841, 13.81593 ], [ 109.28375, 13.81529 ], [ 109.28384, 13.81461 ], [ 109.28395, 13.81411 ], [ 109.28368, 13.81308 ], [ 109.28367, 13.81285 ], [ 109.2837, 13.81243 ], [ 109.28359, 13.81163 ], [ 109.28349, 13.81145 ], [ 109.28339, 13.81054 ], [ 109.28316, 13.81029 ], [ 109.28231, 13.80963 ], [ 109.28175, 13.80927 ], [ 109.2813, 13.80878 ], [ 109.28086, 13.80926 ], [ 109.28067, 13.80927 ], [ 109.28005, 13.80876 ], [ 109.27946, 13.80839 ], [ 109.27943, 13.80787 ], [ 109.27958, 13.80747 ], [ 109.27923, 13.80684 ], [ 109.27884, 13.80574 ], [ 109.27881, 13.80524 ], [ 109.27893, 13.80473 ], [ 109.27847, 13.80418 ], [ 109.27844, 13.80359 ], [ 109.27871, 13.80329 ], [ 109.27902, 13.80327 ], [ 109.27903, 13.80338 ], [ 109.27884, 13.80371 ], [ 109.27907, 13.80427 ], [ 109.27941, 13.80409 ], [ 109.27965, 13.80383 ], [ 109.27976, 13.80383 ], [ 109.28022, 13.80399 ], [ 109.27992, 13.80357 ], [ 109.27976, 13.80356 ], [ 109.2794, 13.80358 ], [ 109.27935, 13.80297 ], [ 109.27972, 13.80265 ], [ 109.27959, 13.8013 ], [ 109.27951, 13.80021 ], [ 109.27933, 13.79936 ], [ 109.27961, 13.79887 ], [ 109.28003, 13.79842 ], [ 109.28022, 13.79904 ], [ 109.28036, 13.79878 ], [ 109.28045, 13.79783 ], [ 109.28078, 13.79726 ], [ 109.28052, 13.79714 ], [ 109.2803, 13.79618 ], [ 109.28001, 13.79579 ], [ 109.27964, 13.79532 ], [ 109.27982, 13.7948 ], [ 109.28001, 13.79479 ], [ 109.28013, 13.79551 ], [ 109.28047, 13.7954 ], [ 109.28031, 13.79462 ], [ 109.28002, 13.79436 ], [ 109.28015, 13.79419 ], [ 109.28033, 13.79439 ], [ 109.28052, 13.79398 ], [ 109.2809, 13.79332 ], [ 109.28104, 13.79272 ], [ 109.28114, 13.79236 ], [ 109.28126, 13.79167 ], [ 109.28151, 13.79122 ], [ 109.28162, 13.79088 ], [ 109.28189, 13.7904 ], [ 109.28181, 13.79001 ], [ 109.28153, 13.78936 ], [ 109.28162, 13.78911 ], [ 109.28182, 13.78876 ], [ 109.28207, 13.78824 ], [ 109.28233, 13.78788 ], [ 109.28257, 13.78729 ], [ 109.28321, 13.78674 ], [ 109.2835, 13.78614 ], [ 109.28401, 13.78553 ], [ 109.28415, 13.78515 ], [ 109.28432, 13.78464 ], [ 109.28555, 13.78389 ], [ 109.28582, 13.78341 ], [ 109.28593, 13.78236 ], [ 109.28621, 13.78173 ], [ 109.28644, 13.78104 ], [ 109.28738, 13.78024 ], [ 109.28761, 13.77961 ], [ 109.28771, 13.77912 ], [ 109.28795, 13.77833 ], [ 109.28781, 13.77803 ], [ 109.28713, 13.77838 ], [ 109.28655, 13.77841 ], [ 109.28624, 13.77825 ], [ 109.28623, 13.7785 ], [ 109.28634, 13.77913 ], [ 109.28695, 13.7791 ], [ 109.28649, 13.77991 ], [ 109.28618, 13.78056 ], [ 109.28603, 13.78082 ], [ 109.28599, 13.78096 ], [ 109.28581, 13.78111 ], [ 109.28538, 13.78223 ], [ 109.28512, 13.78303 ], [ 109.28448, 13.78376 ], [ 109.28416, 13.78443 ], [ 109.28405, 13.78463 ], [ 109.28339, 13.78503 ], [ 109.28321, 13.78577 ], [ 109.28252, 13.78636 ], [ 109.28258, 13.78619 ], [ 109.28291, 13.78561 ], [ 109.2832, 13.78488 ], [ 109.28387, 13.78459 ], [ 109.28433, 13.78363 ], [ 109.28505, 13.78283 ], [ 109.28531, 13.78193 ], [ 109.28528, 13.78137 ], [ 109.28579, 13.78079 ], [ 109.28632, 13.77986 ], [ 109.28623, 13.77956 ], [ 109.28604, 13.77929 ], [ 109.28591, 13.77887 ], [ 109.28552, 13.77866 ], [ 109.28547, 13.7788 ], [ 109.28551, 13.77959 ], [ 109.28484, 13.78006 ], [ 109.28498, 13.78027 ], [ 109.28539, 13.78039 ], [ 109.2852, 13.78073 ], [ 109.285, 13.78101 ], [ 109.28502, 13.78136 ], [ 109.28464, 13.78181 ], [ 109.2843, 13.78251 ], [ 109.28359, 13.78279 ], [ 109.28336, 13.78252 ], [ 109.28353, 13.78208 ], [ 109.28372, 13.7813 ], [ 109.28436, 13.78101 ], [ 109.2842, 13.78063 ], [ 109.28388, 13.78076 ], [ 109.28309, 13.78144 ], [ 109.28305, 13.78207 ], [ 109.28331, 13.78254 ], [ 109.28308, 13.78279 ], [ 109.28287, 13.78288 ], [ 109.28245, 13.7831 ], [ 109.28174, 13.78252 ], [ 109.28158, 13.7826 ], [ 109.28133, 13.78312 ], [ 109.28102, 13.78332 ], [ 109.28019, 13.78363 ], [ 109.28031, 13.78438 ], [ 109.28159, 13.78455 ], [ 109.282, 13.78428 ], [ 109.2825, 13.78406 ], [ 109.28249, 13.78392 ], [ 109.2825, 13.78378 ], [ 109.28248, 13.78349 ], [ 109.28297, 13.78316 ], [ 109.28313, 13.78298 ], [ 109.28342, 13.78296 ], [ 109.28346, 13.78355 ], [ 109.28324, 13.78388 ], [ 109.28257, 13.78424 ], [ 109.28227, 13.78487 ], [ 109.2818, 13.78515 ], [ 109.28152, 13.78633 ], [ 109.28076, 13.78655 ], [ 109.28035, 13.7868 ], [ 109.28045, 13.78736 ], [ 109.2809, 13.7875 ], [ 109.28056, 13.7878 ], [ 109.28027, 13.78748 ], [ 109.27964, 13.7877 ], [ 109.27906, 13.78842 ], [ 109.27867, 13.78939 ], [ 109.27864, 13.7898 ], [ 109.27916, 13.78999 ], [ 109.27965, 13.78973 ], [ 109.27983, 13.78986 ], [ 109.27949, 13.79016 ], [ 109.27937, 13.79089 ], [ 109.27893, 13.79091 ], [ 109.27867, 13.79063 ], [ 109.27839, 13.79074 ], [ 109.27835, 13.79134 ], [ 109.27855, 13.79136 ], [ 109.2789, 13.79117 ], [ 109.27902, 13.79126 ], [ 109.27919, 13.79144 ], [ 109.27947, 13.79146 ], [ 109.28013, 13.79073 ], [ 109.28016, 13.79022 ], [ 109.27996, 13.78985 ], [ 109.28098, 13.78892 ], [ 109.28168, 13.78834 ], [ 109.28164, 13.78848 ], [ 109.28143, 13.78883 ], [ 109.28092, 13.78923 ], [ 109.28061, 13.7896 ], [ 109.28051, 13.79028 ], [ 109.28011, 13.79119 ], [ 109.27948, 13.7917 ], [ 109.27896, 13.79191 ], [ 109.27856, 13.79187 ], [ 109.27845, 13.79221 ], [ 109.27848, 13.79249 ], [ 109.278, 13.7927 ], [ 109.27717, 13.79251 ], [ 109.27676, 13.7918 ], [ 109.27659, 13.79124 ], [ 109.27663, 13.79087 ], [ 109.27643, 13.79052 ], [ 109.27634, 13.7903 ], [ 109.27637, 13.78998 ], [ 109.27629, 13.78916 ], [ 109.2764, 13.78824 ], [ 109.27627, 13.7879 ], [ 109.27619, 13.78762 ], [ 109.27592, 13.78726 ], [ 109.27582, 13.78681 ], [ 109.27559, 13.78625 ], [ 109.27567, 13.7855 ], [ 109.27564, 13.78518 ], [ 109.27566, 13.78502 ], [ 109.27609, 13.7849 ], [ 109.27616, 13.78469 ], [ 109.27624, 13.78462 ], [ 109.27619, 13.78366 ], [ 109.27658, 13.78332 ], [ 109.27641, 13.78247 ], [ 109.27623, 13.78198 ], [ 109.27621, 13.7816 ], [ 109.27632, 13.78148 ], [ 109.27666, 13.78138 ], [ 109.27679, 13.78031 ], [ 109.27707, 13.77968 ], [ 109.27721, 13.77902 ], [ 109.2776, 13.77853 ], [ 109.27703, 13.77802 ], [ 109.27733, 13.77706 ], [ 109.27676, 13.77643 ], [ 109.27655, 13.77641 ], [ 109.27626, 13.77678 ], [ 109.27672, 13.77707 ], [ 109.27654, 13.77724 ], [ 109.27608, 13.77705 ], [ 109.27575, 13.77706 ], [ 109.27534, 13.77704 ], [ 109.27532, 13.77731 ], [ 109.27561, 13.77795 ], [ 109.2756, 13.77812 ], [ 109.2757, 13.77849 ], [ 109.27578, 13.77895 ], [ 109.27596, 13.77928 ], [ 109.2755, 13.78049 ], [ 109.27539, 13.78175 ], [ 109.27528, 13.78214 ], [ 109.2753, 13.78251 ], [ 109.27528, 13.78282 ], [ 109.27546, 13.78301 ], [ 109.2758, 13.78316 ], [ 109.27538, 13.78352 ], [ 109.27522, 13.78403 ], [ 109.27498, 13.78459 ], [ 109.27515, 13.78507 ], [ 109.2749, 13.78552 ], [ 109.27481, 13.78617 ], [ 109.27471, 13.78644 ], [ 109.2746, 13.78781 ], [ 109.27413, 13.78888 ], [ 109.27449, 13.78938 ], [ 109.27452, 13.7899 ], [ 109.27441, 13.79024 ], [ 109.27431, 13.7905 ], [ 109.27395, 13.79174 ], [ 109.27374, 13.79197 ], [ 109.27272, 13.79283 ], [ 109.27195, 13.79295 ], [ 109.27162, 13.7928 ], [ 109.27146, 13.79193 ], [ 109.27121, 13.79211 ], [ 109.27101, 13.79247 ], [ 109.27084, 13.79283 ], [ 109.2702, 13.79286 ], [ 109.26933, 13.79238 ], [ 109.26839, 13.79133 ], [ 109.26801, 13.7911 ], [ 109.26736, 13.79059 ], [ 109.26689, 13.79034 ], [ 109.26658, 13.79081 ], [ 109.26617, 13.79108 ], [ 109.26552, 13.79144 ], [ 109.26487, 13.79187 ], [ 109.26386, 13.79205 ], [ 109.26362, 13.79247 ], [ 109.26335, 13.79318 ], [ 109.26305, 13.7944 ], [ 109.26258, 13.79454 ], [ 109.26245, 13.79442 ], [ 109.26236, 13.7934 ], [ 109.26218, 13.79273 ], [ 109.26214, 13.79218 ], [ 109.26235, 13.79238 ], [ 109.26246, 13.79268 ], [ 109.26263, 13.79395 ], [ 109.26282, 13.79395 ], [ 109.26306, 13.79323 ], [ 109.26328, 13.79277 ], [ 109.26353, 13.79233 ], [ 109.26378, 13.79181 ], [ 109.26413, 13.7917 ], [ 109.26489, 13.79156 ], [ 109.26567, 13.79114 ], [ 109.26592, 13.79076 ], [ 109.26654, 13.79021 ], [ 109.26667, 13.7896 ], [ 109.26637, 13.78903 ], [ 109.2665, 13.78873 ], [ 109.26675, 13.78902 ], [ 109.26699, 13.78953 ], [ 109.2672, 13.78982 ], [ 109.26768, 13.79064 ], [ 109.26785, 13.79064 ], [ 109.26825, 13.79044 ], [ 109.26896, 13.79081 ], [ 109.27013, 13.79086 ], [ 109.27034, 13.79048 ], [ 109.27033, 13.79022 ], [ 109.27046, 13.79008 ], [ 109.2707, 13.79021 ], [ 109.27107, 13.79038 ], [ 109.27098, 13.79104 ], [ 109.27051, 13.79145 ], [ 109.27049, 13.79192 ], [ 109.27104, 13.79195 ], [ 109.27142, 13.79148 ], [ 109.27144, 13.79103 ], [ 109.27143, 13.79077 ], [ 109.27163, 13.79041 ], [ 109.27154, 13.78957 ], [ 109.27102, 13.78881 ], [ 109.27123, 13.78817 ], [ 109.27188, 13.78769 ], [ 109.27229, 13.78795 ], [ 109.2722, 13.78832 ], [ 109.27201, 13.78884 ], [ 109.2721, 13.78896 ], [ 109.27256, 13.78925 ], [ 109.27278, 13.78988 ], [ 109.27272, 13.79113 ], [ 109.27274, 13.79175 ], [ 109.27245, 13.79228 ], [ 109.27284, 13.79218 ], [ 109.27382, 13.7915 ], [ 109.27394, 13.79014 ], [ 109.27409, 13.7896 ], [ 109.27385, 13.78987 ], [ 109.27355, 13.79032 ], [ 109.27333, 13.79005 ], [ 109.2732, 13.78969 ], [ 109.27312, 13.78941 ], [ 109.27295, 13.78909 ], [ 109.27321, 13.78896 ], [ 109.27357, 13.7888 ], [ 109.27429, 13.78801 ], [ 109.27423, 13.78643 ], [ 109.27434, 13.78589 ], [ 109.27455, 13.78534 ], [ 109.27452, 13.78459 ], [ 109.27482, 13.78391 ], [ 109.27501, 13.78357 ], [ 109.27502, 13.78332 ], [ 109.275, 13.78282 ], [ 109.27513, 13.78189 ], [ 109.27511, 13.78129 ], [ 109.27513, 13.78102 ], [ 109.27512, 13.78077 ], [ 109.27521, 13.78048 ], [ 109.27547, 13.77988 ], [ 109.2748, 13.77975 ], [ 109.27511, 13.7788 ], [ 109.2754, 13.77828 ], [ 109.27524, 13.7775 ], [ 109.27511, 13.7764 ], [ 109.27449, 13.77564 ], [ 109.27424, 13.77478 ], [ 109.27411, 13.77424 ], [ 109.27353, 13.77421 ], [ 109.27293, 13.77452 ], [ 109.27224, 13.77448 ], [ 109.27135, 13.77527 ], [ 109.27091, 13.77593 ], [ 109.27054, 13.77594 ], [ 109.27053, 13.77563 ], [ 109.27091, 13.77503 ], [ 109.27113, 13.77458 ], [ 109.2718, 13.77416 ], [ 109.272, 13.77398 ], [ 109.27231, 13.77355 ], [ 109.27261, 13.7731 ], [ 109.27314, 13.77263 ], [ 109.27317, 13.77216 ], [ 109.27297, 13.77198 ], [ 109.27306, 13.77142 ], [ 109.27332, 13.77119 ], [ 109.27356, 13.77074 ], [ 109.27345, 13.76998 ], [ 109.27335, 13.76953 ], [ 109.27327, 13.76908 ], [ 109.27316, 13.76866 ], [ 109.27319, 13.7681 ], [ 109.27306, 13.76749 ], [ 109.27334, 13.7671 ], [ 109.27343, 13.76523 ], [ 109.27328, 13.76413 ], [ 109.27288, 13.76352 ], [ 109.27163, 13.76214 ], [ 109.27118, 13.76244 ], [ 109.27059, 13.76246 ], [ 109.27027, 13.76245 ], [ 109.27005, 13.76286 ], [ 109.2701, 13.76446 ], [ 109.26945, 13.76483 ], [ 109.26982, 13.765 ], [ 109.26967, 13.76529 ], [ 109.26883, 13.76562 ], [ 109.26848, 13.76561 ], [ 109.26795, 13.76587 ], [ 109.26765, 13.76549 ], [ 109.26767, 13.76497 ], [ 109.26719, 13.76495 ], [ 109.26728, 13.76524 ], [ 109.26746, 13.76541 ], [ 109.26722, 13.76569 ], [ 109.26697, 13.76548 ], [ 109.26717, 13.76511 ], [ 109.2667, 13.76475 ], [ 109.26618, 13.76451 ], [ 109.2659, 13.76432 ], [ 109.2655, 13.76406 ], [ 109.26536, 13.76333 ], [ 109.26521, 13.7629 ], [ 109.26546, 13.76278 ], [ 109.26573, 13.76224 ], [ 109.2661, 13.76191 ], [ 109.26613, 13.76144 ], [ 109.26584, 13.76142 ], [ 109.26555, 13.76161 ], [ 109.26488, 13.76192 ], [ 109.26468, 13.76253 ], [ 109.26426, 13.76272 ], [ 109.26416, 13.76323 ], [ 109.26388, 13.76348 ], [ 109.26409, 13.76394 ], [ 109.26424, 13.76422 ], [ 109.26441, 13.76457 ], [ 109.2647, 13.76495 ], [ 109.26508, 13.76547 ], [ 109.26568, 13.76568 ], [ 109.26626, 13.76577 ], [ 109.26663, 13.76605 ], [ 109.26727, 13.7663 ], [ 109.26728, 13.76651 ], [ 109.26713, 13.76664 ], [ 109.26713, 13.76655 ], [ 109.26695, 13.76655 ], [ 109.26684, 13.76634 ], [ 109.26643, 13.76639 ], [ 109.2664, 13.76645 ], [ 109.26565, 13.7659 ], [ 109.26505, 13.76568 ], [ 109.26483, 13.76554 ], [ 109.26483, 13.76545 ], [ 109.26474, 13.76545 ], [ 109.26474, 13.76536 ], [ 109.26465, 13.76536 ], [ 109.26465, 13.76527 ], [ 109.26455, 13.76526 ], [ 109.26443, 13.76517 ], [ 109.26409, 13.76456 ], [ 109.26377, 13.76414 ], [ 109.26373, 13.76399 ], [ 109.2637, 13.7637 ], [ 109.26355, 13.76363 ], [ 109.26355, 13.76354 ], [ 109.26346, 13.76354 ], [ 109.26346, 13.76345 ], [ 109.26346, 13.76336 ], [ 109.26337, 13.76336 ], [ 109.26322, 13.76309 ], [ 109.26262, 13.76262 ], [ 109.26254, 13.76236 ], [ 109.26268, 13.76226 ], [ 109.26259, 13.76151 ], [ 109.26227, 13.76146 ], [ 109.2619, 13.76172 ], [ 109.26172, 13.76163 ], [ 109.26176, 13.76158 ], [ 109.262, 13.76137 ], [ 109.26223, 13.76113 ], [ 109.26272, 13.76099 ], [ 109.26288, 13.76051 ], [ 109.26371, 13.76042 ], [ 109.26402, 13.76011 ], [ 109.2651, 13.75997 ], [ 109.26501, 13.75971 ], [ 109.26474, 13.75919 ], [ 109.26487, 13.7589 ], [ 109.26608, 13.75922 ], [ 109.26631, 13.75901 ], [ 109.26631, 13.7589 ], [ 109.26631, 13.75865 ], [ 109.26664, 13.7583 ], [ 109.26689, 13.75817 ], [ 109.26752, 13.7582 ], [ 109.26754, 13.75775 ], [ 109.26689, 13.75748 ], [ 109.26646, 13.75777 ], [ 109.26595, 13.758 ], [ 109.26555, 13.75826 ], [ 109.26494, 13.75794 ], [ 109.26348, 13.75787 ], [ 109.26313, 13.7581 ], [ 109.2629, 13.75798 ], [ 109.2627, 13.75788 ], [ 109.26258, 13.75775 ], [ 109.26323, 13.75764 ], [ 109.26362, 13.7575 ], [ 109.26387, 13.75779 ], [ 109.26526, 13.75769 ], [ 109.26564, 13.7579 ], [ 109.26595, 13.75773 ], [ 109.26646, 13.75739 ], [ 109.26688, 13.75728 ], [ 109.26711, 13.75724 ], [ 109.26726, 13.75727 ], [ 109.26769, 13.75748 ], [ 109.26785, 13.75751 ], [ 109.2679, 13.75797 ], [ 109.26831, 13.75788 ], [ 109.26826, 13.75829 ], [ 109.26816, 13.75846 ], [ 109.26807, 13.75866 ], [ 109.26835, 13.75864 ], [ 109.26846, 13.75865 ], [ 109.26862, 13.75901 ], [ 109.26876, 13.75913 ], [ 109.26853, 13.75953 ], [ 109.26841, 13.7607 ], [ 109.26797, 13.76078 ], [ 109.26818, 13.76041 ], [ 109.26807, 13.76019 ], [ 109.26758, 13.76056 ], [ 109.26763, 13.76123 ], [ 109.26738, 13.76165 ], [ 109.267, 13.76181 ], [ 109.26685, 13.7618 ], [ 109.2665, 13.76182 ], [ 109.26639, 13.76206 ], [ 109.26718, 13.76217 ], [ 109.26734, 13.76253 ], [ 109.26779, 13.76333 ], [ 109.26775, 13.76371 ], [ 109.26805, 13.76412 ], [ 109.26791, 13.76448 ], [ 109.26806, 13.76475 ], [ 109.26875, 13.7647 ], [ 109.26922, 13.76438 ], [ 109.26942, 13.76406 ], [ 109.2697, 13.76408 ], [ 109.26988, 13.76393 ], [ 109.2696, 13.76354 ], [ 109.26984, 13.76272 ], [ 109.27032, 13.76213 ], [ 109.27105, 13.76192 ], [ 109.27161, 13.76188 ], [ 109.27165, 13.76193 ], [ 109.27193, 13.76211 ], [ 109.27225, 13.76244 ], [ 109.27281, 13.76288 ], [ 109.27322, 13.76347 ], [ 109.2734, 13.76384 ], [ 109.27358, 13.76411 ], [ 109.27367, 13.76438 ], [ 109.27393, 13.76488 ], [ 109.2736, 13.76581 ], [ 109.27355, 13.76741 ], [ 109.27356, 13.76772 ], [ 109.27351, 13.76946 ], [ 109.2738, 13.77018 ], [ 109.27381, 13.77105 ], [ 109.27371, 13.77134 ], [ 109.27362, 13.77179 ], [ 109.27352, 13.77224 ], [ 109.27341, 13.77288 ], [ 109.27306, 13.77323 ], [ 109.27277, 13.77336 ], [ 109.27276, 13.77368 ], [ 109.27304, 13.77369 ], [ 109.27331, 13.77342 ], [ 109.27388, 13.77387 ], [ 109.27459, 13.77429 ], [ 109.27489, 13.77474 ], [ 109.27488, 13.7751 ], [ 109.27544, 13.77587 ], [ 109.27558, 13.77616 ], [ 109.27589, 13.77605 ], [ 109.27645, 13.77593 ], [ 109.27645, 13.77579 ], [ 109.27628, 13.77544 ], [ 109.27664, 13.77498 ], [ 109.27683, 13.77444 ], [ 109.2772, 13.77453 ], [ 109.27761, 13.77463 ], [ 109.27793, 13.774 ], [ 109.2786, 13.77345 ], [ 109.27923, 13.77297 ], [ 109.27906, 13.77264 ], [ 109.27898, 13.77237 ], [ 109.27888, 13.77218 ], [ 109.27889, 13.77165 ], [ 109.2787, 13.77165 ], [ 109.27852, 13.7711 ], [ 109.27853, 13.77074 ], [ 109.27843, 13.77074 ], [ 109.27816, 13.77088 ], [ 109.27815, 13.77065 ], [ 109.2783, 13.77033 ], [ 109.27839, 13.77033 ], [ 109.27839, 13.77024 ], [ 109.27853, 13.7702 ], [ 109.2788, 13.77002 ], [ 109.27913, 13.76988 ], [ 109.2799, 13.76924 ], [ 109.28024, 13.76836 ], [ 109.28016, 13.7674 ], [ 109.28043, 13.76656 ], [ 109.28069, 13.76597 ], [ 109.28081, 13.76547 ], [ 109.2811, 13.7647 ], [ 109.28089, 13.76412 ], [ 109.28107, 13.7638 ], [ 109.28161, 13.76347 ], [ 109.2818, 13.76314 ], [ 109.28183, 13.76283 ], [ 109.28173, 13.76272 ], [ 109.28147, 13.7626 ], [ 109.28168, 13.76213 ], [ 109.28178, 13.76213 ], [ 109.28178, 13.76204 ], [ 109.28187, 13.76204 ], [ 109.28226, 13.76198 ], [ 109.28243, 13.76177 ], [ 109.28252, 13.76178 ], [ 109.28252, 13.76168 ], [ 109.28261, 13.76169 ], [ 109.28261, 13.7616 ], [ 109.28303, 13.76105 ], [ 109.28308, 13.76078 ], [ 109.28317, 13.76079 ], [ 109.28318, 13.76051 ], [ 109.28318, 13.76042 ], [ 109.28327, 13.76042 ], [ 109.28327, 13.76033 ], [ 109.28327, 13.76024 ], [ 109.28336, 13.76024 ], [ 109.28336, 13.76015 ], [ 109.28336, 13.76006 ], [ 109.28346, 13.76006 ], [ 109.28346, 13.75997 ], [ 109.28359, 13.75974 ], [ 109.28383, 13.75943 ], [ 109.28392, 13.75943 ], [ 109.28392, 13.75934 ], [ 109.28402, 13.75935 ], [ 109.28402, 13.75925 ], [ 109.28402, 13.75916 ], [ 109.28411, 13.75917 ], [ 109.28411, 13.75907 ], [ 109.28424, 13.75883 ], [ 109.2843, 13.7588 ], [ 109.28424, 13.75918 ], [ 109.28426, 13.75946 ], [ 109.28457, 13.75957 ], [ 109.28484, 13.75916 ], [ 109.28503, 13.75904 ], [ 109.28497, 13.75976 ], [ 109.28499, 13.76012 ], [ 109.28495, 13.76058 ], [ 109.28464, 13.76101 ], [ 109.28386, 13.7611 ], [ 109.28312, 13.76121 ], [ 109.28241, 13.76216 ], [ 109.28221, 13.76233 ], [ 109.2821, 13.76291 ], [ 109.28198, 13.76343 ], [ 109.28127, 13.7643 ], [ 109.28116, 13.76507 ], [ 109.28106, 13.76542 ], [ 109.28096, 13.76639 ], [ 109.28125, 13.76651 ], [ 109.28159, 13.76579 ], [ 109.28188, 13.76555 ], [ 109.28215, 13.76514 ], [ 109.2823, 13.76436 ], [ 109.28246, 13.76408 ], [ 109.28279, 13.7639 ], [ 109.28291, 13.76418 ], [ 109.28304, 13.7644 ], [ 109.28298, 13.7651 ], [ 109.28261, 13.76526 ], [ 109.28264, 13.76562 ], [ 109.28262, 13.76587 ], [ 109.28216, 13.76606 ], [ 109.28207, 13.76643 ], [ 109.28184, 13.76695 ], [ 109.28198, 13.76821 ], [ 109.28243, 13.76841 ], [ 109.28286, 13.76866 ], [ 109.28297, 13.7688 ], [ 109.2826, 13.76896 ], [ 109.28197, 13.76948 ], [ 109.28165, 13.76858 ], [ 109.28143, 13.7686 ], [ 109.2813, 13.76931 ], [ 109.28132, 13.76966 ], [ 109.28162, 13.76986 ], [ 109.28195, 13.76967 ], [ 109.28223, 13.76987 ], [ 109.28241, 13.76977 ], [ 109.28266, 13.76966 ], [ 109.28291, 13.7698 ], [ 109.28276, 13.77018 ], [ 109.28232, 13.77031 ], [ 109.28158, 13.77092 ], [ 109.28142, 13.77143 ], [ 109.28201, 13.77139 ], [ 109.28222, 13.77094 ], [ 109.28234, 13.77073 ], [ 109.28308, 13.77057 ], [ 109.28345, 13.76963 ], [ 109.2839, 13.76886 ], [ 109.28337, 13.76863 ], [ 109.28291, 13.76827 ], [ 109.28277, 13.76811 ], [ 109.28282, 13.76752 ], [ 109.28326, 13.76692 ], [ 109.28336, 13.76661 ], [ 109.28365, 13.76599 ], [ 109.28347, 13.7655 ], [ 109.28384, 13.765 ], [ 109.28393, 13.76442 ], [ 109.28422, 13.76392 ], [ 109.28448, 13.76338 ], [ 109.28416, 13.76293 ], [ 109.28475, 13.76244 ], [ 109.28501, 13.76215 ], [ 109.28511, 13.76206 ], [ 109.28506, 13.7622 ], [ 109.28469, 13.76306 ], [ 109.28458, 13.76367 ], [ 109.28459, 13.76399 ], [ 109.28441, 13.76435 ], [ 109.28406, 13.76479 ], [ 109.28392, 13.76599 ], [ 109.28364, 13.76662 ], [ 109.28353, 13.76758 ], [ 109.2833, 13.76821 ], [ 109.28354, 13.76834 ], [ 109.28389, 13.76798 ], [ 109.28419, 13.76789 ], [ 109.28446, 13.7678 ], [ 109.28481, 13.76769 ], [ 109.28493, 13.76697 ], [ 109.28531, 13.7663 ], [ 109.28522, 13.76618 ], [ 109.28478, 13.76604 ], [ 109.28466, 13.76581 ], [ 109.28549, 13.76571 ], [ 109.28551, 13.76528 ], [ 109.28506, 13.76526 ], [ 109.28463, 13.76554 ], [ 109.28467, 13.76475 ], [ 109.28505, 13.76428 ], [ 109.28489, 13.76384 ], [ 109.28505, 13.76356 ], [ 109.28524, 13.7631 ], [ 109.28542, 13.76276 ], [ 109.28552, 13.76229 ], [ 109.2859, 13.76148 ], [ 109.28603, 13.76095 ], [ 109.28658, 13.76093 ], [ 109.28653, 13.76198 ], [ 109.28654, 13.76231 ], [ 109.28617, 13.76264 ], [ 109.28603, 13.76316 ], [ 109.28616, 13.76385 ], [ 109.28634, 13.7642 ], [ 109.28647, 13.76474 ], [ 109.2867, 13.76475 ], [ 109.2868, 13.76465 ], [ 109.28718, 13.76453 ], [ 109.28716, 13.76388 ], [ 109.28727, 13.76357 ], [ 109.28746, 13.76312 ], [ 109.28693, 13.7625 ], [ 109.28728, 13.76153 ], [ 109.28656, 13.76037 ], [ 109.28677, 13.76 ], [ 109.28672, 13.75875 ], [ 109.28693, 13.75819 ], [ 109.28704, 13.75752 ], [ 109.28709, 13.75702 ], [ 109.28718, 13.75695 ], [ 109.28739, 13.75599 ], [ 109.28722, 13.75615 ], [ 109.28713, 13.75647 ], [ 109.287, 13.75656 ], [ 109.28708, 13.75614 ], [ 109.28733, 13.75579 ], [ 109.28731, 13.75517 ], [ 109.28748, 13.75508 ], [ 109.2879, 13.75536 ], [ 109.28808, 13.75576 ], [ 109.28806, 13.75629 ], [ 109.28787, 13.75661 ], [ 109.2876, 13.75606 ], [ 109.28747, 13.75621 ], [ 109.28732, 13.75679 ], [ 109.28721, 13.75719 ], [ 109.28703, 13.75824 ], [ 109.28688, 13.75879 ], [ 109.28706, 13.76081 ], [ 109.28748, 13.76159 ], [ 109.28746, 13.76204 ], [ 109.28812, 13.76202 ], [ 109.28811, 13.76229 ], [ 109.28727, 13.76241 ], [ 109.28728, 13.76272 ], [ 109.28783, 13.76285 ], [ 109.28801, 13.76297 ], [ 109.28746, 13.76346 ], [ 109.28735, 13.7637 ], [ 109.28737, 13.76451 ], [ 109.28726, 13.76492 ], [ 109.28716, 13.76556 ], [ 109.287, 13.76574 ], [ 109.28652, 13.76537 ], [ 109.28633, 13.76548 ], [ 109.28652, 13.76583 ], [ 109.28679, 13.76582 ], [ 109.28691, 13.76595 ], [ 109.28715, 13.76702 ], [ 109.28678, 13.76754 ], [ 109.28658, 13.76783 ], [ 109.28638, 13.76801 ], [ 109.28596, 13.7682 ], [ 109.28554, 13.76749 ], [ 109.28513, 13.76735 ], [ 109.285, 13.76891 ], [ 109.28448, 13.76938 ], [ 109.28417, 13.76988 ], [ 109.28398, 13.77014 ], [ 109.28371, 13.77055 ], [ 109.2839, 13.77108 ], [ 109.28388, 13.77151 ], [ 109.28352, 13.77149 ], [ 109.28295, 13.77172 ], [ 109.28265, 13.77217 ], [ 109.28126, 13.77338 ], [ 109.28156, 13.77347 ], [ 109.28165, 13.77366 ], [ 109.28109, 13.77383 ], [ 109.28091, 13.77402 ], [ 109.28062, 13.77427 ], [ 109.28052, 13.7748 ], [ 109.28019, 13.77526 ], [ 109.27968, 13.77508 ], [ 109.27938, 13.77509 ], [ 109.27858, 13.77571 ], [ 109.27802, 13.7758 ], [ 109.27779, 13.77591 ], [ 109.27757, 13.7766 ], [ 109.27744, 13.77761 ], [ 109.27747, 13.77778 ], [ 109.27799, 13.77725 ], [ 109.27857, 13.77716 ], [ 109.27894, 13.77701 ], [ 109.27851, 13.77687 ], [ 109.27839, 13.77661 ], [ 109.27881, 13.77648 ], [ 109.27869, 13.7768 ], [ 109.27922, 13.77671 ], [ 109.2795, 13.77653 ], [ 109.27987, 13.77654 ], [ 109.27988, 13.77618 ], [ 109.27881, 13.77648 ], [ 109.27894, 13.77635 ], [ 109.27941, 13.77608 ], [ 109.27988, 13.77574 ], [ 109.28043, 13.77618 ], [ 109.28093, 13.77643 ], [ 109.28107, 13.7765 ], [ 109.28019, 13.77663 ], [ 109.27996, 13.77708 ], [ 109.27944, 13.77706 ], [ 109.27911, 13.77754 ], [ 109.27736, 13.77916 ], [ 109.27726, 13.77978 ], [ 109.27699, 13.78027 ], [ 109.27688, 13.78051 ], [ 109.27716, 13.78076 ], [ 109.27735, 13.7804 ], [ 109.27781, 13.78041 ], [ 109.27801, 13.78041 ], [ 109.27832, 13.77966 ], [ 109.27865, 13.77951 ], [ 109.27864, 13.78002 ], [ 109.27906, 13.78057 ], [ 109.27835, 13.78141 ], [ 109.27779, 13.78167 ], [ 109.2778, 13.78224 ], [ 109.27825, 13.78258 ], [ 109.27843, 13.78286 ], [ 109.27771, 13.78354 ], [ 109.2773, 13.78421 ], [ 109.27671, 13.78419 ], [ 109.27648, 13.78465 ], [ 109.27639, 13.78482 ], [ 109.27629, 13.78528 ], [ 109.27611, 13.78527 ], [ 109.27589, 13.78528 ], [ 109.27573, 13.78637 ], [ 109.27629, 13.78709 ], [ 109.27663, 13.7878 ], [ 109.27673, 13.7879 ], [ 109.27682, 13.78845 ], [ 109.27663, 13.78882 ], [ 109.27664, 13.78968 ], [ 109.2769, 13.79007 ], [ 109.27701, 13.79061 ], [ 109.27741, 13.79113 ], [ 109.27758, 13.79125 ], [ 109.27783, 13.79088 ], [ 109.27801, 13.79071 ], [ 109.27816, 13.79042 ], [ 109.27792, 13.78922 ], [ 109.27807, 13.7885 ], [ 109.27792, 13.78804 ], [ 109.27812, 13.78755 ], [ 109.27822, 13.78726 ], [ 109.27847, 13.78679 ], [ 109.27878, 13.78665 ], [ 109.27896, 13.78656 ], [ 109.27921, 13.78644 ], [ 109.27938, 13.78612 ], [ 109.28036, 13.78603 ], [ 109.28064, 13.78594 ], [ 109.28106, 13.78551 ], [ 109.28057, 13.78528 ], [ 109.28045, 13.78503 ], [ 109.28033, 13.7848 ], [ 109.27981, 13.78521 ], [ 109.27928, 13.78533 ], [ 109.27864, 13.78575 ], [ 109.27832, 13.78573 ], [ 109.27852, 13.78537 ], [ 109.27865, 13.78525 ], [ 109.27871, 13.78556 ], [ 109.27893, 13.78534 ], [ 109.27909, 13.78529 ], [ 109.27929, 13.78507 ], [ 109.27961, 13.7848 ], [ 109.27971, 13.78457 ], [ 109.28004, 13.7843 ], [ 109.27976, 13.78386 ], [ 109.27933, 13.78394 ], [ 109.27937, 13.78445 ], [ 109.2787, 13.78521 ], [ 109.27865, 13.78525 ], [ 109.2787, 13.78493 ], [ 109.27915, 13.78436 ], [ 109.2788, 13.78404 ], [ 109.27897, 13.78368 ], [ 109.27934, 13.78349 ], [ 109.27953, 13.78349 ], [ 109.28, 13.78365 ], [ 109.28001, 13.78333 ], [ 109.27986, 13.78289 ], [ 109.28005, 13.7822 ], [ 109.27993, 13.78169 ], [ 109.27975, 13.78101 ], [ 109.28, 13.78034 ], [ 109.27947, 13.77969 ], [ 109.27949, 13.77938 ], [ 109.27947, 13.77901 ], [ 109.28012, 13.77877 ], [ 109.28069, 13.77782 ], [ 109.28122, 13.77771 ], [ 109.28159, 13.77695 ], [ 109.28191, 13.7765 ], [ 109.28189, 13.77584 ], [ 109.28248, 13.77549 ], [ 109.28321, 13.77538 ], [ 109.28382, 13.77475 ], [ 109.28413, 13.77477 ], [ 109.28441, 13.77458 ], [ 109.2846, 13.77449 ], [ 109.28509, 13.77413 ], [ 109.28534, 13.77441 ], [ 109.28522, 13.77498 ], [ 109.2846, 13.77539 ], [ 109.28415, 13.7755 ], [ 109.28348, 13.77597 ], [ 109.2837, 13.77637 ], [ 109.28421, 13.77649 ], [ 109.28394, 13.77666 ], [ 109.28356, 13.77677 ], [ 109.28338, 13.7771 ], [ 109.28319, 13.77755 ], [ 109.283, 13.77789 ], [ 109.28316, 13.77809 ], [ 109.28338, 13.77783 ], [ 109.28353, 13.7775 ], [ 109.28375, 13.77728 ], [ 109.28457, 13.77697 ], [ 109.28459, 13.77657 ], [ 109.28422, 13.77645 ], [ 109.28471, 13.77612 ], [ 109.28495, 13.77639 ], [ 109.28505, 13.77648 ], [ 109.28514, 13.77657 ], [ 109.28523, 13.77666 ], [ 109.28514, 13.77693 ], [ 109.28504, 13.77721 ], [ 109.28458, 13.77776 ], [ 109.28496, 13.77792 ], [ 109.28553, 13.77782 ], [ 109.28611, 13.77716 ], [ 109.28596, 13.77673 ], [ 109.28598, 13.7764 ], [ 109.28578, 13.77603 ], [ 109.28635, 13.77595 ], [ 109.28681, 13.77577 ], [ 109.28736, 13.7756 ], [ 109.28763, 13.77533 ], [ 109.28778, 13.77558 ], [ 109.28745, 13.77635 ], [ 109.28769, 13.77704 ], [ 109.28799, 13.77684 ], [ 109.28812, 13.77626 ], [ 109.28809, 13.77545 ], [ 109.28838, 13.77515 ], [ 109.28875, 13.77482 ], [ 109.28879, 13.77412 ], [ 109.28867, 13.77388 ], [ 109.28849, 13.77354 ], [ 109.28839, 13.77247 ], [ 109.28785, 13.77234 ], [ 109.28732, 13.77216 ], [ 109.28703, 13.7724 ], [ 109.28789, 13.77291 ], [ 109.28794, 13.77442 ], [ 109.28765, 13.77455 ], [ 109.28704, 13.77486 ], [ 109.28663, 13.77487 ], [ 109.28673, 13.77432 ], [ 109.2871, 13.77415 ], [ 109.28697, 13.77387 ], [ 109.28664, 13.77388 ], [ 109.28663, 13.77342 ], [ 109.28692, 13.77329 ], [ 109.28647, 13.7727 ], [ 109.28508, 13.77259 ], [ 109.28558, 13.7723 ], [ 109.28627, 13.77199 ], [ 109.28644, 13.77168 ], [ 109.28621, 13.77143 ], [ 109.28582, 13.77154 ], [ 109.28583, 13.77187 ], [ 109.28529, 13.77205 ], [ 109.2849, 13.77194 ], [ 109.28499, 13.77168 ], [ 109.28564, 13.77149 ], [ 109.28551, 13.77099 ], [ 109.28417, 13.77086 ], [ 109.28426, 13.77078 ], [ 109.28454, 13.7706 ], [ 109.2853, 13.76995 ], [ 109.28612, 13.76958 ], [ 109.2861, 13.769 ], [ 109.28653, 13.76872 ], [ 109.28668, 13.7689 ], [ 109.28685, 13.76944 ], [ 109.28712, 13.76945 ], [ 109.28732, 13.76928 ], [ 109.28733, 13.76893 ], [ 109.28723, 13.76872 ], [ 109.28712, 13.7685 ], [ 109.28733, 13.76808 ], [ 109.2878, 13.7681 ], [ 109.28778, 13.76747 ], [ 109.28812, 13.76716 ], [ 109.28795, 13.76571 ], [ 109.28837, 13.76513 ], [ 109.28851, 13.76419 ], [ 109.28885, 13.76375 ], [ 109.28911, 13.76323 ], [ 109.28931, 13.76305 ], [ 109.28936, 13.76246 ], [ 109.28957, 13.7626 ], [ 109.28967, 13.76289 ], [ 109.28931, 13.76342 ], [ 109.28944, 13.76372 ], [ 109.28915, 13.76397 ], [ 109.28897, 13.76505 ], [ 109.28845, 13.76566 ], [ 109.28832, 13.7662 ], [ 109.28837, 13.76724 ], [ 109.28832, 13.76797 ], [ 109.28815, 13.76875 ], [ 109.28765, 13.76871 ], [ 109.2877, 13.76963 ], [ 109.28743, 13.76987 ], [ 109.28636, 13.76998 ], [ 109.28621, 13.77018 ], [ 109.28695, 13.77052 ], [ 109.2873, 13.77091 ], [ 109.28705, 13.77113 ], [ 109.28674, 13.77154 ], [ 109.28676, 13.77203 ], [ 109.2875, 13.77188 ], [ 109.28786, 13.7719 ], [ 109.28818, 13.77189 ], [ 109.28843, 13.7719 ], [ 109.28896, 13.7728 ], [ 109.28939, 13.77336 ], [ 109.28908, 13.77474 ], [ 109.28885, 13.77506 ], [ 109.28875, 13.77526 ], [ 109.28852, 13.77546 ], [ 109.28837, 13.77562 ], [ 109.28838, 13.77597 ], [ 109.2887, 13.77596 ], [ 109.28894, 13.7756 ], [ 109.28915, 13.77531 ], [ 109.28932, 13.77495 ], [ 109.28987, 13.77471 ], [ 109.29017, 13.77431 ], [ 109.29124, 13.77384 ], [ 109.29205, 13.77296 ], [ 109.29237, 13.77268 ], [ 109.2927, 13.77256 ], [ 109.29307, 13.77269 ], [ 109.29307, 13.77279 ], [ 109.29298, 13.77278 ], [ 109.29289, 13.77278 ], [ 109.29289, 13.77287 ], [ 109.29232, 13.77305 ], [ 109.29199, 13.77338 ], [ 109.29201, 13.77399 ], [ 109.29171, 13.77436 ], [ 109.29172, 13.77472 ], [ 109.29171, 13.77499 ], [ 109.29107, 13.77474 ], [ 109.29154, 13.77445 ], [ 109.29126, 13.77436 ], [ 109.29098, 13.77426 ], [ 109.29067, 13.77427 ], [ 109.29017, 13.77479 ], [ 109.28963, 13.77504 ], [ 109.2895, 13.77543 ], [ 109.28885, 13.77624 ], [ 109.28874, 13.77688 ], [ 109.28847, 13.77738 ], [ 109.28837, 13.77768 ], [ 109.28809, 13.77807 ], [ 109.28837, 13.77859 ], [ 109.28876, 13.77858 ], [ 109.28873, 13.77794 ], [ 109.28902, 13.77769 ], [ 109.28938, 13.77731 ], [ 109.28988, 13.77649 ], [ 109.2906, 13.77652 ], [ 109.29115, 13.77634 ], [ 109.29169, 13.77626 ], [ 109.29149, 13.77698 ], [ 109.29166, 13.77763 ], [ 109.29157, 13.77944 ], [ 109.29215, 13.77981 ], [ 109.29288, 13.78024 ], [ 109.29318, 13.78044 ], [ 109.29314, 13.78122 ], [ 109.2925, 13.78195 ], [ 109.29213, 13.78255 ], [ 109.29203, 13.78297 ], [ 109.2918, 13.78317 ], [ 109.29175, 13.78294 ], [ 109.29149, 13.78269 ], [ 109.29198, 13.78255 ], [ 109.29213, 13.78195 ], [ 109.29233, 13.78167 ], [ 109.29253, 13.78128 ], [ 109.29297, 13.781 ], [ 109.2928, 13.78042 ], [ 109.2926, 13.78042 ], [ 109.29247, 13.78055 ], [ 109.29205, 13.78023 ], [ 109.29177, 13.78042 ], [ 109.29153, 13.78017 ], [ 109.29079, 13.77999 ], [ 109.29061, 13.77927 ], [ 109.29036, 13.77901 ], [ 109.28969, 13.7794 ], [ 109.28956, 13.77913 ], [ 109.28937, 13.77904 ], [ 109.28905, 13.77882 ], [ 109.28873, 13.77912 ], [ 109.28863, 13.7794 ], [ 109.28817, 13.77995 ], [ 109.28816, 13.78021 ], [ 109.28837, 13.78083 ], [ 109.28773, 13.78142 ], [ 109.28721, 13.78238 ], [ 109.28722, 13.78299 ], [ 109.28698, 13.7838 ], [ 109.28598, 13.78455 ], [ 109.28573, 13.7848 ], [ 109.28521, 13.78492 ], [ 109.28495, 13.78676 ], [ 109.28525, 13.78715 ], [ 109.28534, 13.78751 ], [ 109.28561, 13.78845 ], [ 109.28527, 13.78855 ], [ 109.28515, 13.78805 ], [ 109.28488, 13.78754 ], [ 109.28473, 13.78705 ], [ 109.28469, 13.78716 ], [ 109.28469, 13.78757 ], [ 109.28422, 13.78861 ], [ 109.28451, 13.78868 ], [ 109.28496, 13.78868 ], [ 109.28496, 13.78895 ], [ 109.28482, 13.78909 ], [ 109.28459, 13.78931 ], [ 109.28422, 13.7893 ], [ 109.28435, 13.78958 ], [ 109.28467, 13.78958 ], [ 109.28478, 13.79002 ], [ 109.28445, 13.79033 ], [ 109.2842, 13.79101 ], [ 109.28419, 13.79154 ], [ 109.28429, 13.79184 ], [ 109.28443, 13.7927 ], [ 109.28485, 13.79401 ], [ 109.28518, 13.7939 ], [ 109.28538, 13.79331 ], [ 109.28576, 13.79284 ], [ 109.28667, 13.79242 ], [ 109.28706, 13.79192 ], [ 109.28684, 13.79132 ], [ 109.28642, 13.79131 ], [ 109.28614, 13.79167 ], [ 109.28604, 13.79204 ], [ 109.28581, 13.79226 ], [ 109.2855, 13.79257 ], [ 109.28503, 13.79258 ], [ 109.28466, 13.79222 ], [ 109.28465, 13.79132 ], [ 109.28481, 13.79116 ], [ 109.28533, 13.7917 ], [ 109.28576, 13.7915 ], [ 109.28633, 13.79104 ], [ 109.28652, 13.79095 ], [ 109.28651, 13.79068 ], [ 109.2867, 13.79059 ], [ 109.28743, 13.79061 ], [ 109.28761, 13.79028 ], [ 109.28735, 13.79014 ], [ 109.28702, 13.79015 ], [ 109.28685, 13.78927 ], [ 109.28635, 13.78879 ], [ 109.28677, 13.78876 ], [ 109.28727, 13.78906 ], [ 109.28745, 13.78915 ], [ 109.28772, 13.78929 ], [ 109.28773, 13.78879 ], [ 109.28764, 13.78843 ], [ 109.28765, 13.78816 ], [ 109.28738, 13.78789 ], [ 109.28654, 13.78797 ], [ 109.28607, 13.78812 ], [ 109.28618, 13.78794 ], [ 109.287, 13.78747 ], [ 109.28738, 13.78698 ], [ 109.28793, 13.78672 ], [ 109.28794, 13.78626 ], [ 109.28794, 13.78581 ], [ 109.28808, 13.78568 ], [ 109.28831, 13.78545 ], [ 109.28859, 13.78571 ], [ 109.28849, 13.78609 ], [ 109.28812, 13.78678 ], [ 109.28811, 13.78708 ], [ 109.2883, 13.78726 ], [ 109.28848, 13.78744 ], [ 109.28903, 13.78727 ], [ 109.28933, 13.78672 ], [ 109.28932, 13.78618 ], [ 109.28951, 13.78618 ], [ 109.28961, 13.78672 ], [ 109.28997, 13.78649 ], [ 109.28998, 13.786 ], [ 109.28953, 13.78557 ], [ 109.28979, 13.78456 ], [ 109.29016, 13.78438 ], [ 109.29045, 13.78456 ], [ 109.29062, 13.78474 ], [ 109.29072, 13.78466 ], [ 109.29082, 13.78437 ], [ 109.291, 13.78402 ], [ 109.29105, 13.78389 ], [ 109.29114, 13.78389 ], [ 109.29114, 13.7838 ], [ 109.29114, 13.78371 ], [ 109.29124, 13.78371 ], [ 109.29119, 13.78403 ], [ 109.29087, 13.78476 ], [ 109.291, 13.78547 ], [ 109.29097, 13.78581 ], [ 109.28984, 13.78679 ], [ 109.28942, 13.78705 ], [ 109.28932, 13.78747 ], [ 109.28955, 13.78789 ], [ 109.29006, 13.78763 ], [ 109.29026, 13.78764 ], [ 109.29021, 13.78833 ], [ 109.29073, 13.78846 ], [ 109.29087, 13.78866 ], [ 109.29044, 13.78903 ], [ 109.29014, 13.78948 ], [ 109.28944, 13.78966 ], [ 109.28957, 13.78952 ], [ 109.29013, 13.78927 ], [ 109.29032, 13.78899 ], [ 109.29061, 13.78863 ], [ 109.28971, 13.78853 ], [ 109.28919, 13.78781 ], [ 109.28841, 13.78776 ], [ 109.28826, 13.78815 ], [ 109.28839, 13.78865 ], [ 109.28819, 13.78972 ], [ 109.2886, 13.78996 ], [ 109.28904, 13.78973 ], [ 109.28944, 13.78966 ], [ 109.28938, 13.78972 ], [ 109.28902, 13.78988 ], [ 109.28856, 13.79015 ], [ 109.2883, 13.79027 ], [ 109.28797, 13.79094 ], [ 109.28757, 13.79106 ], [ 109.28698, 13.79104 ], [ 109.28688, 13.7912 ], [ 109.2873, 13.79174 ], [ 109.28713, 13.7922 ], [ 109.28637, 13.79287 ], [ 109.28622, 13.79304 ], [ 109.28659, 13.79321 ], [ 109.28673, 13.79378 ], [ 109.28695, 13.79421 ], [ 109.28708, 13.79461 ], [ 109.28694, 13.79514 ], [ 109.28665, 13.79539 ], [ 109.28613, 13.79537 ], [ 109.28589, 13.79549 ], [ 109.28594, 13.79601 ], [ 109.28645, 13.79575 ], [ 109.28666, 13.79589 ], [ 109.28636, 13.79632 ], [ 109.28572, 13.79646 ], [ 109.28542, 13.79677 ], [ 109.2852, 13.7963 ], [ 109.28506, 13.7961 ], [ 109.2849, 13.79673 ], [ 109.28479, 13.79703 ], [ 109.28457, 13.7979 ], [ 109.28441, 13.7985 ], [ 109.28424, 13.79934 ], [ 109.28412, 13.79967 ], [ 109.28424, 13.79989 ], [ 109.28453, 13.79988 ], [ 109.28478, 13.79962 ], [ 109.28509, 13.79935 ], [ 109.28543, 13.80023 ], [ 109.28475, 13.80099 ], [ 109.28458, 13.80215 ], [ 109.28448, 13.80224 ], [ 109.28449, 13.80273 ], [ 109.28495, 13.80287 ], [ 109.28522, 13.80297 ], [ 109.28551, 13.80306 ], [ 109.2855, 13.80325 ], [ 109.28522, 13.80323 ], [ 109.28487, 13.80335 ], [ 109.28472, 13.80424 ], [ 109.28456, 13.80468 ], [ 109.28437, 13.80526 ], [ 109.28439, 13.80591 ], [ 109.28427, 13.80612 ], [ 109.28423, 13.80662 ], [ 109.28391, 13.80642 ], [ 109.28412, 13.80723 ], [ 109.28431, 13.80716 ], [ 109.28427, 13.80739 ], [ 109.28418, 13.80747 ], [ 109.28371, 13.80664 ], [ 109.28323, 13.80667 ], [ 109.28307, 13.80702 ], [ 109.28281, 13.80737 ], [ 109.28262, 13.80746 ], [ 109.28184, 13.80714 ], [ 109.28137, 13.80659 ], [ 109.28123, 13.80583 ], [ 109.28102, 13.80525 ], [ 109.28157, 13.80457 ], [ 109.28147, 13.80353 ], [ 109.28157, 13.8036 ], [ 109.28179, 13.80442 ], [ 109.2817, 13.80475 ], [ 109.28122, 13.80529 ], [ 109.28144, 13.80559 ], [ 109.28166, 13.80607 ], [ 109.28187, 13.80637 ], [ 109.28199, 13.807 ], [ 109.28269, 13.80706 ], [ 109.28271, 13.80681 ], [ 109.2825, 13.80634 ], [ 109.28223, 13.8061 ], [ 109.28206, 13.80556 ], [ 109.2816, 13.80545 ], [ 109.28177, 13.80512 ], [ 109.28211, 13.8049 ], [ 109.28259, 13.80531 ], [ 109.28293, 13.80619 ], [ 109.28365, 13.80626 ], [ 109.28382, 13.80612 ], [ 109.28324, 13.80545 ], [ 109.28298, 13.80457 ], [ 109.28253, 13.80403 ], [ 109.28245, 13.80385 ], [ 109.28233, 13.80364 ], [ 109.28238, 13.80311 ], [ 109.2819, 13.8027 ], [ 109.28202, 13.80253 ], [ 109.28242, 13.80281 ], [ 109.28256, 13.80258 ], [ 109.28254, 13.80231 ], [ 109.28259, 13.80173 ], [ 109.28233, 13.80087 ], [ 109.28211, 13.80112 ], [ 109.2822, 13.80221 ], [ 109.28181, 13.80245 ], [ 109.28153, 13.80276 ], [ 109.28148, 13.8028 ] ], [ [ 109.28323, 13.79978 ], [ 109.2829, 13.79998 ], [ 109.2826, 13.80032 ], [ 109.28293, 13.80078 ], [ 109.28307, 13.80109 ], [ 109.28345, 13.80083 ], [ 109.28361, 13.80136 ], [ 109.28397, 13.80117 ], [ 109.28436, 13.80073 ], [ 109.2842, 13.80028 ], [ 109.28367, 13.80016 ], [ 109.28358, 13.79998 ], [ 109.28404, 13.79943 ], [ 109.28423, 13.79843 ], [ 109.2845, 13.79774 ], [ 109.28462, 13.79699 ], [ 109.28472, 13.79664 ], [ 109.28481, 13.79587 ], [ 109.28502, 13.79533 ], [ 109.28533, 13.7955 ], [ 109.28565, 13.79528 ], [ 109.2861, 13.79501 ], [ 109.28663, 13.79478 ], [ 109.28686, 13.79445 ], [ 109.28667, 13.79412 ], [ 109.28645, 13.79353 ], [ 109.28614, 13.79358 ], [ 109.28603, 13.79412 ], [ 109.28592, 13.79459 ], [ 109.2857, 13.79478 ], [ 109.28504, 13.79472 ], [ 109.28472, 13.79454 ], [ 109.28475, 13.79421 ], [ 109.28468, 13.79411 ], [ 109.28455, 13.79438 ], [ 109.28445, 13.79455 ], [ 109.28436, 13.79564 ], [ 109.28418, 13.79609 ], [ 109.28443, 13.79676 ], [ 109.28415, 13.79725 ], [ 109.28392, 13.79797 ], [ 109.28377, 13.79901 ], [ 109.28347, 13.79926 ], [ 109.28323, 13.79978 ] ], [ [ 109.2847, 13.80018 ], [ 109.2848, 13.80042 ], [ 109.28514, 13.80029 ], [ 109.28501, 13.80003 ], [ 109.2847, 13.80018 ] ], [ [ 109.28583, 13.7941 ], [ 109.28571, 13.79379 ], [ 109.28539, 13.79387 ], [ 109.28564, 13.79437 ], [ 109.28583, 13.7941 ] ], [ [ 109.28196, 13.79372 ], [ 109.28215, 13.79327 ], [ 109.28232, 13.79276 ], [ 109.28274, 13.79247 ], [ 109.28269, 13.7932 ], [ 109.2828, 13.79374 ], [ 109.28334, 13.794 ], [ 109.28348, 13.79269 ], [ 109.28365, 13.79209 ], [ 109.28364, 13.79192 ], [ 109.28371, 13.79184 ], [ 109.28382, 13.7922 ], [ 109.28408, 13.79247 ], [ 109.28419, 13.79209 ], [ 109.28391, 13.79184 ], [ 109.28393, 13.79157 ], [ 109.28391, 13.79126 ], [ 109.28421, 13.79058 ], [ 109.2843, 13.78999 ], [ 109.28378, 13.78933 ], [ 109.28436, 13.78912 ], [ 109.28458, 13.789 ], [ 109.28397, 13.78864 ], [ 109.28441, 13.78787 ], [ 109.28452, 13.78765 ], [ 109.28449, 13.78719 ], [ 109.2847, 13.78643 ], [ 109.2846, 13.78605 ], [ 109.2849, 13.78526 ], [ 109.2848, 13.78498 ], [ 109.28476, 13.78484 ], [ 109.28452, 13.78497 ], [ 109.28443, 13.78516 ], [ 109.28417, 13.78561 ], [ 109.28436, 13.78612 ], [ 109.28382, 13.78624 ], [ 109.28352, 13.78671 ], [ 109.2834, 13.78741 ], [ 109.28329, 13.7876 ], [ 109.28266, 13.78756 ], [ 109.2825, 13.7879 ], [ 109.28211, 13.7885 ], [ 109.28187, 13.78925 ], [ 109.28192, 13.78947 ], [ 109.28215, 13.78922 ], [ 109.28231, 13.78912 ], [ 109.28273, 13.78978 ], [ 109.28229, 13.79016 ], [ 109.28183, 13.79093 ], [ 109.28166, 13.79165 ], [ 109.28149, 13.79194 ], [ 109.2812, 13.79284 ], [ 109.28095, 13.79372 ], [ 109.2806, 13.79452 ], [ 109.28048, 13.79487 ], [ 109.28075, 13.79552 ], [ 109.28083, 13.79607 ], [ 109.28097, 13.79631 ], [ 109.28111, 13.79615 ], [ 109.28145, 13.79595 ], [ 109.28139, 13.79487 ], [ 109.28179, 13.79424 ], [ 109.28196, 13.79372 ] ], [ [ 109.28363, 13.79316 ], [ 109.28377, 13.79364 ], [ 109.28409, 13.79344 ], [ 109.28396, 13.79306 ], [ 109.28363, 13.79316 ] ], [ [ 109.28264, 13.79567 ], [ 109.28253, 13.79581 ], [ 109.28201, 13.79589 ], [ 109.28223, 13.79626 ], [ 109.28196, 13.79636 ], [ 109.28185, 13.79662 ], [ 109.28167, 13.79692 ], [ 109.2818, 13.79732 ], [ 109.28203, 13.79736 ], [ 109.28212, 13.79688 ], [ 109.28222, 13.79671 ], [ 109.28231, 13.7964 ], [ 109.28251, 13.79626 ], [ 109.28273, 13.79573 ], [ 109.28264, 13.79567 ], [ 109.2826, 13.79514 ], [ 109.28196, 13.79527 ], [ 109.28231, 13.79554 ], [ 109.28264, 13.79567 ] ], [ [ 109.28238, 13.79713 ], [ 109.2824, 13.79744 ], [ 109.28295, 13.7977 ], [ 109.28304, 13.79798 ], [ 109.28313, 13.79825 ], [ 109.28322, 13.79864 ], [ 109.28303, 13.79897 ], [ 109.28298, 13.79915 ], [ 109.28368, 13.79891 ], [ 109.28385, 13.79683 ], [ 109.28407, 13.79663 ], [ 109.28416, 13.7965 ], [ 109.28398, 13.796 ], [ 109.28386, 13.79562 ], [ 109.28357, 13.79523 ], [ 109.28317, 13.79527 ], [ 109.28303, 13.79585 ], [ 109.28307, 13.79657 ], [ 109.28353, 13.79698 ], [ 109.2835, 13.79729 ], [ 109.28307, 13.79743 ], [ 109.28296, 13.79671 ], [ 109.28271, 13.79644 ], [ 109.28238, 13.79713 ] ], [ [ 109.28216, 13.79802 ], [ 109.28205, 13.79805 ], [ 109.28213, 13.79813 ], [ 109.28216, 13.79802 ] ], [ [ 109.28251, 13.79906 ], [ 109.28248, 13.7987 ], [ 109.28244, 13.79865 ], [ 109.28214, 13.79874 ], [ 109.282, 13.79907 ], [ 109.28203, 13.79933 ], [ 109.28198, 13.79976 ], [ 109.28229, 13.7996 ], [ 109.28275, 13.79947 ], [ 109.28251, 13.79906 ] ], [ [ 109.28202, 13.79447 ], [ 109.28178, 13.79482 ], [ 109.28198, 13.79493 ], [ 109.28243, 13.79482 ], [ 109.28232, 13.79455 ], [ 109.28228, 13.7944 ], [ 109.28202, 13.79447 ] ], [ [ 109.28521, 13.80906 ], [ 109.28443, 13.80946 ], [ 109.28427, 13.80983 ], [ 109.28362, 13.80993 ], [ 109.28357, 13.81025 ], [ 109.28401, 13.81043 ], [ 109.28454, 13.81003 ], [ 109.28472, 13.80975 ], [ 109.28487, 13.80939 ], [ 109.28509, 13.80947 ], [ 109.28563, 13.80981 ], [ 109.28555, 13.8092 ], [ 109.2855, 13.80898 ], [ 109.28521, 13.80906 ] ], [ [ 109.28423, 13.81481 ], [ 109.28426, 13.81448 ], [ 109.28404, 13.81459 ], [ 109.28412, 13.81487 ], [ 109.28423, 13.81481 ] ], [ [ 109.2846, 13.81864 ], [ 109.28428, 13.81872 ], [ 109.2844, 13.81922 ], [ 109.28471, 13.81908 ], [ 109.2846, 13.81864 ] ], [ [ 109.28577, 13.81869 ], [ 109.28603, 13.81886 ], [ 109.28608, 13.81865 ], [ 109.28577, 13.81869 ] ], [ [ 109.28485, 13.78466 ], [ 109.28474, 13.78469 ], [ 109.28482, 13.78477 ], [ 109.28485, 13.78466 ], [ 109.28503, 13.78466 ], [ 109.28503, 13.78457 ], [ 109.28515, 13.78454 ], [ 109.28507, 13.78446 ], [ 109.28503, 13.78457 ], [ 109.28485, 13.78457 ], [ 109.28485, 13.78466 ] ], [ [ 109.28596, 13.78365 ], [ 109.28578, 13.78407 ], [ 109.2862, 13.78398 ], [ 109.28624, 13.78358 ], [ 109.28596, 13.78365 ] ], [ [ 109.28729, 13.78086 ], [ 109.28692, 13.78143 ], [ 109.28655, 13.78174 ], [ 109.28622, 13.78231 ], [ 109.28618, 13.78279 ], [ 109.28687, 13.78336 ], [ 109.28697, 13.78312 ], [ 109.28693, 13.78257 ], [ 109.28732, 13.78192 ], [ 109.28769, 13.78129 ], [ 109.28797, 13.78091 ], [ 109.28789, 13.78075 ], [ 109.28779, 13.78066 ], [ 109.28775, 13.78061 ], [ 109.28729, 13.78086 ] ], [ [ 109.29063, 13.77828 ], [ 109.29067, 13.77844 ], [ 109.29101, 13.77887 ], [ 109.29113, 13.77864 ], [ 109.29095, 13.77834 ], [ 109.29063, 13.77828 ], [ 109.29048, 13.77806 ], [ 109.29031, 13.7782 ], [ 109.29063, 13.77828 ] ], [ [ 109.29124, 13.77824 ], [ 109.29146, 13.77851 ], [ 109.29159, 13.77811 ], [ 109.29147, 13.77756 ], [ 109.29117, 13.77761 ], [ 109.29078, 13.77792 ], [ 109.29124, 13.77824 ] ], [ [ 109.28955, 13.77779 ], [ 109.29003, 13.77751 ], [ 109.29122, 13.77741 ], [ 109.29134, 13.77689 ], [ 109.29138, 13.77648 ], [ 109.29104, 13.77658 ], [ 109.2905, 13.77679 ], [ 109.28987, 13.77688 ], [ 109.28916, 13.77775 ], [ 109.2893, 13.7784 ], [ 109.28938, 13.77832 ], [ 109.28955, 13.77779 ] ], [ [ 109.28301, 13.77818 ], [ 109.28272, 13.77801 ], [ 109.28268, 13.77796 ], [ 109.28243, 13.77802 ], [ 109.28208, 13.77844 ], [ 109.28225, 13.77847 ], [ 109.28255, 13.77828 ], [ 109.28286, 13.77872 ], [ 109.28316, 13.77857 ], [ 109.28301, 13.77818 ] ], [ [ 109.28198, 13.77812 ], [ 109.28225, 13.77756 ], [ 109.28245, 13.77745 ], [ 109.28264, 13.77737 ], [ 109.28338, 13.77645 ], [ 109.28329, 13.77628 ], [ 109.28306, 13.77608 ], [ 109.28297, 13.77561 ], [ 109.28247, 13.77565 ], [ 109.28209, 13.77598 ], [ 109.28199, 13.77669 ], [ 109.28144, 13.77755 ], [ 109.28163, 13.77835 ], [ 109.28198, 13.77812 ] ], [ [ 109.28359, 13.77572 ], [ 109.28394, 13.77542 ], [ 109.28386, 13.77529 ], [ 109.28376, 13.77521 ], [ 109.28372, 13.77516 ], [ 109.2833, 13.77551 ], [ 109.28359, 13.77572 ] ], [ [ 109.28439, 13.77521 ], [ 109.28469, 13.77513 ], [ 109.28473, 13.77508 ], [ 109.28492, 13.77508 ], [ 109.28492, 13.77499 ], [ 109.28515, 13.7748 ], [ 109.28516, 13.77461 ], [ 109.28506, 13.77438 ], [ 109.28442, 13.77492 ], [ 109.28439, 13.77521 ] ], [ [ 109.28111, 13.77813 ], [ 109.28069, 13.77818 ], [ 109.27971, 13.77969 ], [ 109.28023, 13.78051 ], [ 109.28031, 13.78034 ], [ 109.28045, 13.77961 ], [ 109.28083, 13.77897 ], [ 109.28136, 13.77853 ], [ 109.28111, 13.77813 ] ], [ [ 109.28125, 13.77881 ], [ 109.28073, 13.77938 ], [ 109.2805, 13.78015 ], [ 109.28057, 13.78052 ], [ 109.28079, 13.78082 ], [ 109.2807, 13.78138 ], [ 109.28128, 13.78211 ], [ 109.28167, 13.78217 ], [ 109.28173, 13.78179 ], [ 109.28142, 13.78128 ], [ 109.28111, 13.78087 ], [ 109.28122, 13.7802 ], [ 109.2811, 13.77941 ], [ 109.28125, 13.77922 ], [ 109.28178, 13.7793 ], [ 109.28183, 13.77897 ], [ 109.28175, 13.77876 ], [ 109.28125, 13.77881 ] ], [ [ 109.28071, 13.78185 ], [ 109.28038, 13.78137 ], [ 109.2804, 13.78079 ], [ 109.28026, 13.78056 ], [ 109.28003, 13.78063 ], [ 109.28001, 13.78109 ], [ 109.28011, 13.78196 ], [ 109.2802, 13.78349 ], [ 109.28074, 13.78314 ], [ 109.28117, 13.78287 ], [ 109.28093, 13.78242 ], [ 109.28071, 13.78185 ] ], [ [ 109.28214, 13.78226 ], [ 109.28244, 13.7827 ], [ 109.28281, 13.7825 ], [ 109.28299, 13.78122 ], [ 109.28358, 13.78071 ], [ 109.28372, 13.78023 ], [ 109.28359, 13.77986 ], [ 109.28331, 13.77994 ], [ 109.28292, 13.78036 ], [ 109.28222, 13.78032 ], [ 109.28137, 13.78001 ], [ 109.28142, 13.78089 ], [ 109.28201, 13.78197 ], [ 109.28214, 13.78226 ] ], [ [ 109.28405, 13.78001 ], [ 109.28431, 13.78036 ], [ 109.28447, 13.78028 ], [ 109.28458, 13.78003 ], [ 109.2852, 13.77956 ], [ 109.28529, 13.77899 ], [ 109.28499, 13.77851 ], [ 109.28454, 13.77858 ], [ 109.28418, 13.77916 ], [ 109.28405, 13.78001 ] ], [ [ 109.28248, 13.77949 ], [ 109.28217, 13.77954 ], [ 109.28231, 13.77989 ], [ 109.28261, 13.77979 ], [ 109.28248, 13.77949 ] ], [ [ 109.28288, 13.7797 ], [ 109.28273, 13.78001 ], [ 109.283, 13.78001 ], [ 109.28304, 13.77968 ], [ 109.28288, 13.7797 ] ], [ [ 109.28427, 13.78186 ], [ 109.28432, 13.78149 ], [ 109.28402, 13.78157 ], [ 109.28395, 13.78225 ], [ 109.28427, 13.78186 ] ], [ [ 109.27891, 13.78814 ], [ 109.27917, 13.78794 ], [ 109.27941, 13.78755 ], [ 109.27997, 13.78723 ], [ 109.27985, 13.78665 ], [ 109.27966, 13.78641 ], [ 109.27946, 13.78665 ], [ 109.27872, 13.78691 ], [ 109.27886, 13.78809 ], [ 109.27891, 13.78814 ], [ 109.27857, 13.78827 ], [ 109.27815, 13.78882 ], [ 109.27806, 13.78953 ], [ 109.27844, 13.78957 ], [ 109.27871, 13.78867 ], [ 109.27886, 13.78828 ], [ 109.27891, 13.78814 ] ], [ [ 109.27805, 13.79184 ], [ 109.27783, 13.79188 ], [ 109.27799, 13.79196 ], [ 109.27805, 13.79184 ] ], [ [ 109.27732, 13.78211 ], [ 109.27722, 13.78228 ], [ 109.27697, 13.78241 ], [ 109.27709, 13.78256 ], [ 109.27746, 13.78241 ], [ 109.27753, 13.78221 ], [ 109.27747, 13.78208 ], [ 109.27732, 13.78211 ] ], [ [ 109.27688, 13.7817 ], [ 109.27703, 13.78202 ], [ 109.27732, 13.78192 ], [ 109.2772, 13.78162 ], [ 109.27688, 13.7817 ] ], [ [ 109.27802, 13.77796 ], [ 109.27844, 13.77762 ], [ 109.27834, 13.77738 ], [ 109.27814, 13.77751 ], [ 109.27802, 13.77796 ] ], [ [ 109.27857, 13.77739 ], [ 109.27882, 13.77751 ], [ 109.27889, 13.7773 ], [ 109.27857, 13.77739 ] ], [ [ 109.27548, 13.77637 ], [ 109.27536, 13.7764 ], [ 109.27544, 13.77648 ], [ 109.27548, 13.77637 ], [ 109.27559, 13.77634 ], [ 109.27551, 13.77626 ], [ 109.27548, 13.77637 ] ], [ [ 109.27024, 13.79226 ], [ 109.2699, 13.79201 ], [ 109.26997, 13.79163 ], [ 109.26935, 13.79138 ], [ 109.26917, 13.79115 ], [ 109.26876, 13.79119 ], [ 109.26902, 13.7918 ], [ 109.26974, 13.79244 ], [ 109.27023, 13.79264 ], [ 109.27024, 13.79226 ] ], [ [ 109.27034, 13.79263 ], [ 109.27042, 13.79271 ], [ 109.27046, 13.7926 ], [ 109.27034, 13.79263 ] ], [ [ 109.27222, 13.79171 ], [ 109.27241, 13.79171 ], [ 109.27241, 13.79144 ], [ 109.27222, 13.79144 ], [ 109.27222, 13.79171 ] ], [ [ 109.27176, 13.79117 ], [ 109.27164, 13.79123 ], [ 109.27172, 13.79146 ], [ 109.27176, 13.79117 ] ], [ [ 109.27182, 13.7905 ], [ 109.27195, 13.79111 ], [ 109.27223, 13.79115 ], [ 109.27252, 13.79092 ], [ 109.27214, 13.79045 ], [ 109.27182, 13.7905 ] ], [ [ 109.27252, 13.79067 ], [ 109.27273, 13.79054 ], [ 109.27262, 13.78966 ], [ 109.27219, 13.78932 ], [ 109.27215, 13.78927 ], [ 109.27184, 13.78932 ], [ 109.27181, 13.78949 ], [ 109.27184, 13.78972 ], [ 109.27179, 13.79012 ], [ 109.27223, 13.79031 ], [ 109.27252, 13.79067 ] ], [ [ 109.2716, 13.78823 ], [ 109.2712, 13.78876 ], [ 109.27142, 13.78903 ], [ 109.27157, 13.78905 ], [ 109.27154, 13.78872 ], [ 109.272, 13.78852 ], [ 109.27188, 13.78818 ], [ 109.2716, 13.78823 ] ], [ [ 109.27275, 13.77411 ], [ 109.27263, 13.77382 ], [ 109.27236, 13.77389 ], [ 109.27215, 13.77421 ], [ 109.27275, 13.77411 ] ], [ [ 109.27151, 13.77462 ], [ 109.2713, 13.77474 ], [ 109.27147, 13.77482 ], [ 109.27151, 13.77462 ] ], [ [ 109.27095, 13.77543 ], [ 109.27073, 13.77558 ], [ 109.27087, 13.77574 ], [ 109.27095, 13.77543 ] ], [ [ 109.26872, 13.76502 ], [ 109.2685, 13.76507 ], [ 109.26867, 13.76532 ], [ 109.26872, 13.76502 ] ], [ [ 109.2666, 13.76419 ], [ 109.26663, 13.7643 ], [ 109.26671, 13.76423 ], [ 109.2666, 13.76419 ], [ 109.26642, 13.76382 ], [ 109.26651, 13.76345 ], [ 109.26614, 13.76336 ], [ 109.26607, 13.76364 ], [ 109.26636, 13.76413 ], [ 109.2666, 13.76419 ] ], [ [ 109.26535, 13.76092 ], [ 109.26524, 13.76048 ], [ 109.26506, 13.7606 ], [ 109.26495, 13.76105 ], [ 109.26521, 13.76149 ], [ 109.26535, 13.76092 ] ], [ [ 109.26604, 13.76057 ], [ 109.2664, 13.7607 ], [ 109.26668, 13.76089 ], [ 109.26696, 13.76077 ], [ 109.26713, 13.76017 ], [ 109.26724, 13.75991 ], [ 109.26728, 13.7595 ], [ 109.2669, 13.75954 ], [ 109.26647, 13.75969 ], [ 109.26604, 13.76057 ] ], [ [ 109.26809, 13.75971 ], [ 109.26826, 13.75988 ], [ 109.26829, 13.75969 ], [ 109.26809, 13.75971 ] ], [ [ 109.26592, 13.76015 ], [ 109.26637, 13.75953 ], [ 109.2667, 13.75929 ], [ 109.26682, 13.75913 ], [ 109.26658, 13.75917 ], [ 109.26636, 13.7593 ], [ 109.26548, 13.75953 ], [ 109.26536, 13.76024 ], [ 109.2655, 13.76027 ], [ 109.26592, 13.76015 ] ], [ [ 109.26782, 13.75926 ], [ 109.2679, 13.75934 ], [ 109.26793, 13.75923 ], [ 109.26782, 13.75926 ] ], [ [ 109.26468, 13.76038 ], [ 109.26456, 13.76043 ], [ 109.26464, 13.76059 ], [ 109.26468, 13.76038 ] ], [ [ 109.26403, 13.76056 ], [ 109.2638, 13.7606 ], [ 109.26343, 13.76123 ], [ 109.26306, 13.76169 ], [ 109.26278, 13.76191 ], [ 109.26293, 13.76266 ], [ 109.26321, 13.76282 ], [ 109.26346, 13.76254 ], [ 109.26388, 13.7622 ], [ 109.26435, 13.76114 ], [ 109.26422, 13.76073 ], [ 109.26408, 13.76061 ], [ 109.26403, 13.76056 ] ], [ [ 109.26455, 13.76144 ], [ 109.26477, 13.76169 ], [ 109.26482, 13.76152 ], [ 109.26477, 13.76129 ], [ 109.26455, 13.76144 ] ], [ [ 109.27804, 13.77472 ], [ 109.27757, 13.77529 ], [ 109.27775, 13.77561 ], [ 109.27807, 13.77563 ], [ 109.27865, 13.77539 ], [ 109.27884, 13.77458 ], [ 109.27956, 13.77374 ], [ 109.27947, 13.7735 ], [ 109.27883, 13.77358 ], [ 109.2784, 13.77408 ], [ 109.27804, 13.77472 ] ], [ [ 109.27947, 13.7745 ], [ 109.27917, 13.77457 ], [ 109.27909, 13.77489 ], [ 109.27942, 13.7748 ], [ 109.27947, 13.7745 ], [ 109.27958, 13.77447 ], [ 109.2795, 13.77439 ], [ 109.27947, 13.7745 ] ], [ [ 109.28, 13.77238 ], [ 109.27966, 13.77278 ], [ 109.27959, 13.77307 ], [ 109.28041, 13.77346 ], [ 109.28065, 13.77333 ], [ 109.28093, 13.77274 ], [ 109.28065, 13.77255 ], [ 109.28041, 13.77247 ], [ 109.28032, 13.77233 ], [ 109.28, 13.77238 ] ], [ [ 109.2819, 13.77247 ], [ 109.28207, 13.77226 ], [ 109.28176, 13.77231 ], [ 109.2819, 13.77247 ] ], [ [ 109.27926, 13.77167 ], [ 109.27939, 13.77219 ], [ 109.28003, 13.77209 ], [ 109.27999, 13.77166 ], [ 109.27995, 13.77161 ], [ 109.27926, 13.77167 ] ], [ [ 109.28213, 13.7721 ], [ 109.28231, 13.77219 ], [ 109.28235, 13.77199 ], [ 109.28213, 13.7721 ] ], [ [ 109.27982, 13.77105 ], [ 109.28005, 13.77124 ], [ 109.28046, 13.77119 ], [ 109.28065, 13.77121 ], [ 109.28081, 13.77119 ], [ 109.2812, 13.77097 ], [ 109.28098, 13.77062 ], [ 109.28065, 13.77066 ], [ 109.28045, 13.77077 ], [ 109.28004, 13.77072 ], [ 109.27982, 13.77105 ] ], [ [ 109.27999, 13.77034 ], [ 109.27987, 13.77007 ], [ 109.2794, 13.77031 ], [ 109.2793, 13.77061 ], [ 109.27977, 13.77082 ], [ 109.27999, 13.77034 ] ], [ [ 109.28066, 13.76991 ], [ 109.28092, 13.76997 ], [ 109.28097, 13.76976 ], [ 109.28089, 13.76945 ], [ 109.28058, 13.76952 ], [ 109.28066, 13.76991 ] ], [ [ 109.28006, 13.76971 ], [ 109.27994, 13.76974 ], [ 109.28002, 13.76982 ], [ 109.28006, 13.76971 ] ], [ [ 109.28481, 13.76046 ], [ 109.28484, 13.76035 ], [ 109.28473, 13.76038 ], [ 109.28481, 13.76046 ] ], [ [ 109.28365, 13.7714 ], [ 109.28375, 13.77111 ], [ 109.28352, 13.77073 ], [ 109.28366, 13.77034 ], [ 109.28432, 13.76931 ], [ 109.28491, 13.76885 ], [ 109.28482, 13.76835 ], [ 109.28464, 13.76843 ], [ 109.28438, 13.76903 ], [ 109.28388, 13.76923 ], [ 109.28347, 13.76989 ], [ 109.28338, 13.77037 ], [ 109.28325, 13.77047 ], [ 109.28336, 13.77105 ], [ 109.28365, 13.7714 ] ], [ [ 109.28442, 13.76858 ], [ 109.28432, 13.76839 ], [ 109.2841, 13.7685 ], [ 109.28424, 13.76878 ], [ 109.28442, 13.76858 ] ], [ [ 109.28273, 13.77118 ], [ 109.28252, 13.77121 ], [ 109.28268, 13.77129 ], [ 109.28273, 13.77118 ] ], [ [ 109.28577, 13.76747 ], [ 109.28612, 13.76762 ], [ 109.28599, 13.76731 ], [ 109.28577, 13.76747 ] ], [ [ 109.28674, 13.76632 ], [ 109.2867, 13.76646 ], [ 109.28651, 13.76695 ], [ 109.28664, 13.76718 ], [ 109.2869, 13.76686 ], [ 109.28679, 13.76637 ], [ 109.28674, 13.76632 ], [ 109.28671, 13.76621 ], [ 109.28663, 13.76629 ], [ 109.28674, 13.76632 ] ], [ [ 109.28641, 13.76689 ], [ 109.28631, 13.76644 ], [ 109.28592, 13.76649 ], [ 109.28572, 13.76614 ], [ 109.28553, 13.76619 ], [ 109.2854, 13.76697 ], [ 109.28563, 13.76701 ], [ 109.28641, 13.76689 ] ], [ [ 109.28691, 13.76536 ], [ 109.28699, 13.76544 ], [ 109.28702, 13.76533 ], [ 109.28691, 13.76536 ] ], [ [ 109.28662, 13.76503 ], [ 109.28678, 13.76518 ], [ 109.28684, 13.76497 ], [ 109.28662, 13.76503 ] ], [ [ 109.28569, 13.7641 ], [ 109.2856, 13.76437 ], [ 109.28541, 13.76471 ], [ 109.28589, 13.76482 ], [ 109.28607, 13.76445 ], [ 109.28602, 13.76406 ], [ 109.28569, 13.7641 ] ], [ [ 109.28751, 13.75554 ], [ 109.28775, 13.75598 ], [ 109.2879, 13.75578 ], [ 109.28784, 13.75549 ], [ 109.28751, 13.75554 ] ], [ [ 109.27846, 13.78051 ], [ 109.27861, 13.78067 ], [ 109.27878, 13.78046 ], [ 109.27846, 13.78051 ] ], [ [ 109.28616, 13.77766 ], [ 109.28609, 13.77792 ], [ 109.28642, 13.77783 ], [ 109.28647, 13.77762 ], [ 109.28616, 13.77766 ] ], [ [ 109.28781, 13.77776 ], [ 109.28806, 13.77777 ], [ 109.28814, 13.77754 ], [ 109.28827, 13.77742 ], [ 109.28847, 13.7767 ], [ 109.2883, 13.77651 ], [ 109.28819, 13.77696 ], [ 109.28782, 13.77748 ], [ 109.28781, 13.77776 ] ], [ [ 109.28744, 13.77697 ], [ 109.28727, 13.77649 ], [ 109.28709, 13.7762 ], [ 109.28704, 13.776 ], [ 109.28683, 13.77605 ], [ 109.28672, 13.77632 ], [ 109.28635, 13.77676 ], [ 109.28656, 13.77729 ], [ 109.28716, 13.77739 ], [ 109.28744, 13.77697 ] ], [ [ 109.28888, 13.77317 ], [ 109.28896, 13.77332 ], [ 109.289, 13.77312 ], [ 109.28888, 13.77317 ] ], [ [ 109.28642, 13.7722 ], [ 109.2863, 13.77225 ], [ 109.28638, 13.7724 ], [ 109.28642, 13.7722 ] ], [ [ 109.28615, 13.77084 ], [ 109.28643, 13.77084 ], [ 109.28643, 13.77066 ], [ 109.28615, 13.77066 ], [ 109.28615, 13.77084 ] ], [ [ 109.28584, 13.77044 ], [ 109.28588, 13.77029 ], [ 109.28554, 13.77033 ], [ 109.28531, 13.77067 ], [ 109.2856, 13.77074 ], [ 109.28584, 13.77044 ] ], [ [ 109.29028, 13.78568 ], [ 109.29069, 13.78598 ], [ 109.29087, 13.78539 ], [ 109.29067, 13.78511 ], [ 109.29043, 13.78502 ], [ 109.2904, 13.78497 ], [ 109.29017, 13.78503 ], [ 109.29028, 13.78568 ] ], [ [ 109.29012, 13.78513 ], [ 109.29003, 13.78488 ], [ 109.2898, 13.78494 ], [ 109.2899, 13.78537 ], [ 109.29012, 13.78513 ] ], [ [ 109.28397, 13.80235 ], [ 109.28389, 13.80201 ], [ 109.2835, 13.80207 ], [ 109.28341, 13.80265 ], [ 109.28382, 13.80271 ], [ 109.28397, 13.80235 ] ], [ [ 109.28314, 13.8029 ], [ 109.28274, 13.80295 ], [ 109.2827, 13.80311 ], [ 109.28307, 13.80319 ], [ 109.28314, 13.8029 ] ], [ [ 109.28384, 13.80296 ], [ 109.28301, 13.8033 ], [ 109.2829, 13.80358 ], [ 109.28321, 13.80397 ], [ 109.28344, 13.80448 ], [ 109.28368, 13.80439 ], [ 109.28362, 13.80377 ], [ 109.28382, 13.80376 ], [ 109.28401, 13.80386 ], [ 109.28439, 13.80395 ], [ 109.28449, 13.80431 ], [ 109.2846, 13.80409 ], [ 109.28456, 13.80371 ], [ 109.28473, 13.80311 ], [ 109.28439, 13.80296 ], [ 109.28435, 13.80291 ], [ 109.28384, 13.80296 ] ], [ [ 109.28268, 13.80353 ], [ 109.28256, 13.80356 ], [ 109.28264, 13.80364 ], [ 109.28268, 13.80353 ] ], [ [ 109.2842, 13.80477 ], [ 109.28424, 13.80454 ], [ 109.28411, 13.80459 ], [ 109.28365, 13.80471 ], [ 109.28376, 13.80521 ], [ 109.2842, 13.80477 ] ], [ [ 109.28405, 13.80553 ], [ 109.28364, 13.80557 ], [ 109.28398, 13.80565 ], [ 109.28405, 13.80553 ] ] ], [ [ [ 109.17673, 13.82595 ], [ 109.17645, 13.82613 ], [ 109.17615, 13.82618 ], [ 109.17615, 13.8259 ], [ 109.17673, 13.82595 ] ] ], [ [ [ 109.28864, 13.82716 ], [ 109.2885, 13.82729 ], [ 109.28833, 13.827 ], [ 109.28852, 13.82689 ], [ 109.28864, 13.82716 ] ] ], [ [ [ 109.25944, 13.82692 ], [ 109.25927, 13.82709 ], [ 109.25912, 13.82635 ], [ 109.25929, 13.82584 ], [ 109.25948, 13.82579 ], [ 109.25944, 13.82692 ] ] ], [ [ [ 109.29914, 13.82841 ], [ 109.29914, 13.82851 ], [ 109.29905, 13.8285 ], [ 109.29905, 13.82841 ], [ 109.29914, 13.82841 ] ] ], [ [ [ 109.29689, 13.82853 ], [ 109.29663, 13.82815 ], [ 109.29672, 13.82775 ], [ 109.29702, 13.82768 ], [ 109.2971, 13.82778 ], [ 109.2973, 13.82793 ], [ 109.29742, 13.82831 ], [ 109.29689, 13.82853 ] ], [ [ 109.2968, 13.82807 ], [ 109.29695, 13.82834 ], [ 109.29716, 13.82824 ], [ 109.2972, 13.82804 ], [ 109.2968, 13.82807 ] ] ], [ [ [ 109.28725, 13.82906 ], [ 109.28705, 13.82937 ], [ 109.28687, 13.82917 ], [ 109.2869, 13.82876 ], [ 109.28712, 13.82869 ], [ 109.28725, 13.82906 ] ] ], [ [ [ 109.28883, 13.8292 ], [ 109.28891, 13.8294 ], [ 109.2884, 13.82937 ], [ 109.28828, 13.82881 ], [ 109.28851, 13.82861 ], [ 109.28883, 13.8292 ] ] ], [ [ [ 109.29917, 13.82974 ], [ 109.29923, 13.82986 ], [ 109.29923, 13.82995 ], [ 109.29884, 13.8297 ], [ 109.29877, 13.82959 ], [ 109.29889, 13.82953 ], [ 109.29914, 13.8295 ], [ 109.29917, 13.82974 ] ] ], [ [ [ 109.29715, 13.83006 ], [ 109.29722, 13.83056 ], [ 109.29686, 13.8307 ], [ 109.29678, 13.83001 ], [ 109.2971, 13.82994 ], [ 109.29715, 13.83006 ] ] ], [ [ [ 109.29399, 13.8306 ], [ 109.29351, 13.83095 ], [ 109.29307, 13.83081 ], [ 109.29345, 13.83015 ], [ 109.29377, 13.83009 ], [ 109.29399, 13.8306 ] ] ], [ [ [ 109.25933, 13.829 ], [ 109.25912, 13.82933 ], [ 109.25915, 13.82949 ], [ 109.25909, 13.82985 ], [ 109.25919, 13.83053 ], [ 109.25911, 13.831 ], [ 109.2589, 13.83097 ], [ 109.25873, 13.82995 ], [ 109.25878, 13.82964 ], [ 109.25895, 13.82936 ], [ 109.25904, 13.82881 ], [ 109.25914, 13.82855 ], [ 109.25932, 13.8279 ], [ 109.25937, 13.82786 ], [ 109.25933, 13.829 ] ] ], [ [ [ 109.29782, 13.83238 ], [ 109.29782, 13.83247 ], [ 109.29791, 13.83247 ], [ 109.29791, 13.83256 ], [ 109.29754, 13.83256 ], [ 109.29754, 13.83238 ], [ 109.29782, 13.83238 ] ] ], [ [ [ 109.29365, 13.83209 ], [ 109.29389, 13.83229 ], [ 109.29398, 13.83253 ], [ 109.29369, 13.83302 ], [ 109.29317, 13.83311 ], [ 109.29297, 13.83205 ], [ 109.29357, 13.83199 ], [ 109.29365, 13.83209 ] ] ], [ [ [ 109.2971, 13.83253 ], [ 109.29644, 13.83328 ], [ 109.29626, 13.83343 ], [ 109.29596, 13.8334 ], [ 109.29583, 13.83317 ], [ 109.29611, 13.83269 ], [ 109.2962, 13.8324 ], [ 109.2959, 13.83242 ], [ 109.29561, 13.83275 ], [ 109.29541, 13.83286 ], [ 109.29528, 13.83262 ], [ 109.29548, 13.83193 ], [ 109.2961, 13.83141 ], [ 109.29621, 13.831 ], [ 109.29573, 13.83079 ], [ 109.29557, 13.83115 ], [ 109.29543, 13.83139 ], [ 109.29459, 13.83157 ], [ 109.29446, 13.83115 ], [ 109.29494, 13.83058 ], [ 109.29548, 13.83043 ], [ 109.29575, 13.83024 ], [ 109.29608, 13.8302 ], [ 109.2963, 13.83074 ], [ 109.29676, 13.83102 ], [ 109.29685, 13.83143 ], [ 109.29695, 13.8317 ], [ 109.2971, 13.83253 ] ], [ [ 109.29634, 13.8321 ], [ 109.29662, 13.8321 ], [ 109.29662, 13.83156 ], [ 109.29635, 13.83156 ], [ 109.29634, 13.8321 ] ] ], [ [ [ 109.29397, 13.83447 ], [ 109.2937, 13.8341 ], [ 109.2938, 13.83338 ], [ 109.29414, 13.83342 ], [ 109.29455, 13.83313 ], [ 109.29504, 13.833 ], [ 109.29498, 13.83321 ], [ 109.29468, 13.83388 ], [ 109.29397, 13.83447 ] ], [ [ 109.294, 13.83401 ], [ 109.29408, 13.83409 ], [ 109.29411, 13.83398 ], [ 109.294, 13.83401 ] ] ], [ [ [ 109.28961, 13.83471 ], [ 109.28944, 13.83457 ], [ 109.28967, 13.8344 ], [ 109.28961, 13.83471 ] ] ], [ [ [ 109.29266, 13.83698 ], [ 109.29248, 13.83673 ], [ 109.2927, 13.83669 ], [ 109.29266, 13.83698 ] ] ], [ [ [ 109.29141, 13.83641 ], [ 109.29132, 13.83705 ], [ 109.29122, 13.83713 ], [ 109.29129, 13.83651 ], [ 109.29141, 13.83641 ] ] ], [ [ [ 109.2883, 13.8184 ], [ 109.28868, 13.81875 ], [ 109.2891, 13.81919 ], [ 109.28931, 13.81988 ], [ 109.28977, 13.81964 ], [ 109.29022, 13.81988 ], [ 109.29064, 13.82045 ], [ 109.29101, 13.8209 ], [ 109.2912, 13.82138 ], [ 109.29157, 13.82171 ], [ 109.29233, 13.82253 ], [ 109.29298, 13.82232 ], [ 109.29345, 13.82268 ], [ 109.29358, 13.82309 ], [ 109.29395, 13.82321 ], [ 109.29426, 13.82368 ], [ 109.29422, 13.82446 ], [ 109.294, 13.8249 ], [ 109.29329, 13.82453 ], [ 109.29305, 13.82454 ], [ 109.2932, 13.82543 ], [ 109.29335, 13.8264 ], [ 109.29371, 13.82661 ], [ 109.29398, 13.82606 ], [ 109.2943, 13.82608 ], [ 109.29448, 13.82607 ], [ 109.29458, 13.82553 ], [ 109.29469, 13.82534 ], [ 109.29467, 13.82476 ], [ 109.2948, 13.8244 ], [ 109.29499, 13.82405 ], [ 109.29524, 13.82419 ], [ 109.29543, 13.82427 ], [ 109.29575, 13.82481 ], [ 109.29608, 13.82491 ], [ 109.29634, 13.82519 ], [ 109.29662, 13.82568 ], [ 109.29634, 13.82645 ], [ 109.29622, 13.8268 ], [ 109.29467, 13.82689 ], [ 109.29425, 13.82699 ], [ 109.29383, 13.82744 ], [ 109.29383, 13.82765 ], [ 109.2944, 13.82798 ], [ 109.2951, 13.82796 ], [ 109.29552, 13.82818 ], [ 109.29576, 13.82843 ], [ 109.29538, 13.82888 ], [ 109.29502, 13.8287 ], [ 109.29476, 13.82897 ], [ 109.29432, 13.8291 ], [ 109.29393, 13.82951 ], [ 109.29326, 13.82959 ], [ 109.29291, 13.82983 ], [ 109.29269, 13.83186 ], [ 109.2925, 13.83203 ], [ 109.2924, 13.83213 ], [ 109.2922, 13.83312 ], [ 109.29223, 13.83382 ], [ 109.29202, 13.8341 ], [ 109.29193, 13.83441 ], [ 109.29247, 13.8349 ], [ 109.29257, 13.83505 ], [ 109.29206, 13.8352 ], [ 109.29192, 13.836 ], [ 109.29182, 13.83627 ], [ 109.29172, 13.8368 ], [ 109.29173, 13.83726 ], [ 109.29144, 13.83762 ], [ 109.2914, 13.83776 ], [ 109.29135, 13.83772 ], [ 109.29126, 13.83759 ], [ 109.29146, 13.83725 ], [ 109.29173, 13.83633 ], [ 109.2916, 13.83609 ], [ 109.2915, 13.83641 ], [ 109.29141, 13.83641 ], [ 109.29152, 13.83579 ], [ 109.29105, 13.83543 ], [ 109.29118, 13.83527 ], [ 109.29135, 13.83514 ], [ 109.29147, 13.83474 ], [ 109.29156, 13.83355 ], [ 109.29161, 13.83351 ], [ 109.29172, 13.8341 ], [ 109.29201, 13.83348 ], [ 109.29207, 13.83257 ], [ 109.29185, 13.83284 ], [ 109.2918, 13.83297 ], [ 109.29171, 13.83297 ], [ 109.29171, 13.83342 ], [ 109.29161, 13.83342 ], [ 109.29166, 13.83293 ], [ 109.29177, 13.83264 ], [ 109.29176, 13.8322 ], [ 109.29195, 13.83115 ], [ 109.29182, 13.83013 ], [ 109.29169, 13.82985 ], [ 109.2915, 13.82957 ], [ 109.29152, 13.82895 ], [ 109.29125, 13.82882 ], [ 109.29111, 13.8292 ], [ 109.29123, 13.83009 ], [ 109.29178, 13.83035 ], [ 109.29168, 13.83067 ], [ 109.29137, 13.83082 ], [ 109.29094, 13.83167 ], [ 109.29038, 13.83218 ], [ 109.29009, 13.83286 ], [ 109.29021, 13.83328 ], [ 109.29074, 13.83328 ], [ 109.29075, 13.83409 ], [ 109.2905, 13.8341 ], [ 109.29024, 13.83356 ], [ 109.28962, 13.83436 ], [ 109.28946, 13.83406 ], [ 109.28935, 13.83336 ], [ 109.28908, 13.8331 ], [ 109.28898, 13.83282 ], [ 109.28936, 13.83229 ], [ 109.28927, 13.83101 ], [ 109.289, 13.83022 ], [ 109.28932, 13.8302 ], [ 109.28973, 13.83021 ], [ 109.28978, 13.82854 ], [ 109.28966, 13.82783 ], [ 109.2897, 13.8266 ], [ 109.28949, 13.82649 ], [ 109.28901, 13.82638 ], [ 109.28821, 13.82561 ], [ 109.28811, 13.82522 ], [ 109.28786, 13.82447 ], [ 109.28817, 13.82386 ], [ 109.2884, 13.82342 ], [ 109.28786, 13.82336 ], [ 109.28706, 13.82394 ], [ 109.2863, 13.82395 ], [ 109.28618, 13.82358 ], [ 109.28564, 13.82322 ], [ 109.28527, 13.82261 ], [ 109.28562, 13.82213 ], [ 109.2861, 13.82242 ], [ 109.2861, 13.82267 ], [ 109.28609, 13.82293 ], [ 109.28627, 13.82331 ], [ 109.28665, 13.82332 ], [ 109.28665, 13.82313 ], [ 109.28665, 13.82295 ], [ 109.28701, 13.82296 ], [ 109.28739, 13.82261 ], [ 109.2873, 13.82259 ], [ 109.28629, 13.82248 ], [ 109.28628, 13.8219 ], [ 109.28638, 13.8215 ], [ 109.28675, 13.82104 ], [ 109.28686, 13.8202 ], [ 109.28686, 13.81979 ], [ 109.28714, 13.81885 ], [ 109.28696, 13.81814 ], [ 109.2866, 13.81745 ], [ 109.28669, 13.81735 ], [ 109.28674, 13.8173 ], [ 109.28674, 13.81757 ], [ 109.28683, 13.81757 ], [ 109.28715, 13.81808 ], [ 109.28723, 13.8192 ], [ 109.28704, 13.8197 ], [ 109.28695, 13.82061 ], [ 109.28685, 13.82105 ], [ 109.2868, 13.82128 ], [ 109.28658, 13.82147 ], [ 109.28656, 13.82182 ], [ 109.28668, 13.82222 ], [ 109.28711, 13.82201 ], [ 109.28721, 13.82141 ], [ 109.28732, 13.82097 ], [ 109.28743, 13.82016 ], [ 109.28767, 13.82015 ], [ 109.28779, 13.82093 ], [ 109.28775, 13.8214 ], [ 109.28798, 13.82164 ], [ 109.28839, 13.82143 ], [ 109.28844, 13.82158 ], [ 109.28807, 13.82204 ], [ 109.28776, 13.82259 ], [ 109.28759, 13.82295 ], [ 109.28703, 13.82329 ], [ 109.28683, 13.82365 ], [ 109.2873, 13.8235 ], [ 109.28776, 13.82323 ], [ 109.28842, 13.82303 ], [ 109.28916, 13.82243 ], [ 109.28934, 13.82252 ], [ 109.28915, 13.82285 ], [ 109.2893, 13.8229 ], [ 109.28967, 13.82271 ], [ 109.29007, 13.82259 ], [ 109.29041, 13.82153 ], [ 109.29058, 13.82176 ], [ 109.29072, 13.82284 ], [ 109.29102, 13.823 ], [ 109.29146, 13.82298 ], [ 109.29201, 13.82301 ], [ 109.29205, 13.82243 ], [ 109.29149, 13.82246 ], [ 109.29137, 13.82235 ], [ 109.29119, 13.82177 ], [ 109.29091, 13.82126 ], [ 109.2908, 13.82088 ], [ 109.29046, 13.82045 ], [ 109.29025, 13.82012 ], [ 109.28995, 13.81996 ], [ 109.28981, 13.82008 ], [ 109.2895, 13.82087 ], [ 109.28916, 13.82116 ], [ 109.28903, 13.82143 ], [ 109.28863, 13.8212 ], [ 109.28843, 13.82082 ], [ 109.28866, 13.82078 ], [ 109.28916, 13.82082 ], [ 109.28906, 13.81934 ], [ 109.28835, 13.81854 ], [ 109.2883, 13.8184 ] ], [ [ 109.29234, 13.82294 ], [ 109.29223, 13.82297 ], [ 109.29231, 13.82305 ], [ 109.29234, 13.82294 ] ], [ [ 109.28975, 13.82302 ], [ 109.28933, 13.82306 ], [ 109.28908, 13.82344 ], [ 109.28823, 13.82414 ], [ 109.28817, 13.82485 ], [ 109.28852, 13.82563 ], [ 109.28903, 13.82591 ], [ 109.28904, 13.82575 ], [ 109.28885, 13.82559 ], [ 109.28876, 13.82487 ], [ 109.28833, 13.82433 ], [ 109.28859, 13.82431 ], [ 109.2891, 13.82459 ], [ 109.2898, 13.82401 ], [ 109.29025, 13.82341 ], [ 109.28988, 13.82325 ], [ 109.28975, 13.82302 ] ], [ [ 109.2909, 13.82639 ], [ 109.29113, 13.82767 ], [ 109.29145, 13.82807 ], [ 109.2916, 13.82841 ], [ 109.29191, 13.82884 ], [ 109.29176, 13.82947 ], [ 109.29206, 13.82999 ], [ 109.29216, 13.83121 ], [ 109.29246, 13.83112 ], [ 109.29262, 13.83054 ], [ 109.29259, 13.83018 ], [ 109.2927, 13.82995 ], [ 109.29312, 13.82946 ], [ 109.29348, 13.82941 ], [ 109.2939, 13.82944 ], [ 109.29392, 13.82923 ], [ 109.29271, 13.82914 ], [ 109.29222, 13.82871 ], [ 109.292, 13.82797 ], [ 109.29168, 13.82757 ], [ 109.2915, 13.82606 ], [ 109.29155, 13.82552 ], [ 109.29099, 13.82547 ], [ 109.2909, 13.82639 ] ], [ [ 109.29063, 13.82845 ], [ 109.29059, 13.82822 ], [ 109.2904, 13.82777 ], [ 109.29021, 13.82641 ], [ 109.28994, 13.82655 ], [ 109.29, 13.8274 ], [ 109.2899, 13.82858 ], [ 109.29004, 13.83035 ], [ 109.28992, 13.83065 ], [ 109.28983, 13.83147 ], [ 109.28955, 13.8317 ], [ 109.28953, 13.83196 ], [ 109.28956, 13.83232 ], [ 109.28953, 13.83264 ], [ 109.2898, 13.83266 ], [ 109.29001, 13.83238 ], [ 109.29028, 13.83192 ], [ 109.29102, 13.83112 ], [ 109.29109, 13.83038 ], [ 109.29094, 13.83012 ], [ 109.29086, 13.82927 ], [ 109.29068, 13.82849 ], [ 109.29063, 13.82845 ] ], [ [ 109.29061, 13.82785 ], [ 109.29086, 13.82761 ], [ 109.29089, 13.82726 ], [ 109.29079, 13.82659 ], [ 109.29065, 13.82628 ], [ 109.29046, 13.82633 ], [ 109.29061, 13.82785 ] ], [ [ 109.29106, 13.82851 ], [ 109.29115, 13.82875 ], [ 109.2913, 13.82866 ], [ 109.29119, 13.82845 ], [ 109.29106, 13.82851 ] ], [ [ 109.29217, 13.82723 ], [ 109.29198, 13.82759 ], [ 109.29247, 13.82875 ], [ 109.29337, 13.82909 ], [ 109.2941, 13.82893 ], [ 109.29411, 13.82854 ], [ 109.29328, 13.82833 ], [ 109.29299, 13.82796 ], [ 109.29282, 13.82742 ], [ 109.29259, 13.8271 ], [ 109.29217, 13.82723 ] ], [ [ 109.29439, 13.82868 ], [ 109.29456, 13.82877 ], [ 109.29461, 13.82856 ], [ 109.29439, 13.82868 ] ], [ [ 109.29458, 13.82824 ], [ 109.29465, 13.82845 ], [ 109.29495, 13.82835 ], [ 109.29498, 13.8282 ], [ 109.29458, 13.82824 ] ], [ [ 109.29353, 13.82768 ], [ 109.2934, 13.82795 ], [ 109.29371, 13.82788 ], [ 109.2936, 13.82765 ], [ 109.29353, 13.82768 ] ], [ [ 109.29227, 13.8259 ], [ 109.29268, 13.8266 ], [ 109.29299, 13.82642 ], [ 109.29306, 13.82552 ], [ 109.29288, 13.82503 ], [ 109.29216, 13.82507 ], [ 109.29227, 13.8259 ] ], [ [ 109.29029, 13.82532 ], [ 109.29116, 13.82513 ], [ 109.29108, 13.82506 ], [ 109.29075, 13.82485 ], [ 109.29082, 13.82406 ], [ 109.29062, 13.82388 ], [ 109.29057, 13.82384 ], [ 109.29022, 13.82394 ], [ 109.28933, 13.82498 ], [ 109.28928, 13.82547 ], [ 109.28963, 13.82572 ], [ 109.29029, 13.82532 ] ], [ [ 109.29156, 13.82428 ], [ 109.2919, 13.82449 ], [ 109.29223, 13.82454 ], [ 109.29259, 13.8244 ], [ 109.29254, 13.82404 ], [ 109.29321, 13.82414 ], [ 109.29348, 13.82394 ], [ 109.29336, 13.82359 ], [ 109.29302, 13.82345 ], [ 109.29298, 13.8234 ], [ 109.29253, 13.8235 ], [ 109.29166, 13.82364 ], [ 109.29156, 13.82428 ] ], [ [ 109.29371, 13.82444 ], [ 109.29393, 13.8242 ], [ 109.29407, 13.82378 ], [ 109.294, 13.8235 ], [ 109.29382, 13.82354 ], [ 109.29376, 13.82381 ], [ 109.29381, 13.82404 ], [ 109.29371, 13.82444 ] ], [ [ 109.29561, 13.82617 ], [ 109.29576, 13.82643 ], [ 109.29594, 13.82635 ], [ 109.29583, 13.82613 ], [ 109.29561, 13.82617 ] ], [ [ 109.2958, 13.82528 ], [ 109.29561, 13.82555 ], [ 109.29587, 13.82587 ], [ 109.29631, 13.82598 ], [ 109.29642, 13.82556 ], [ 109.2961, 13.82534 ], [ 109.29602, 13.82523 ], [ 109.2958, 13.82528 ] ], [ [ 109.29223, 13.83231 ], [ 109.29231, 13.83166 ], [ 109.29237, 13.83144 ], [ 109.29222, 13.83148 ], [ 109.29214, 13.83167 ], [ 109.29196, 13.83196 ], [ 109.29207, 13.83247 ], [ 109.29223, 13.83231 ] ], [ [ 109.29188, 13.83587 ], [ 109.2918, 13.83528 ], [ 109.2919, 13.83464 ], [ 109.29172, 13.8342 ], [ 109.29165, 13.83446 ], [ 109.29156, 13.83528 ], [ 109.2914, 13.83553 ], [ 109.2916, 13.83568 ], [ 109.29167, 13.83608 ], [ 109.29188, 13.83587 ] ] ], [ [ [ 109.29122, 13.83713 ], [ 109.29121, 13.83785 ], [ 109.29112, 13.83785 ], [ 109.29113, 13.83713 ], [ 109.29122, 13.83713 ] ] ], [ [ [ 109.2913, 13.83803 ], [ 109.29121, 13.83803 ], [ 109.29121, 13.83794 ], [ 109.2913, 13.83794 ], [ 109.2913, 13.83803 ] ] ], [ [ [ 109.25879, 13.83567 ], [ 109.25868, 13.83681 ], [ 109.25871, 13.83717 ], [ 109.25869, 13.83744 ], [ 109.25843, 13.83793 ], [ 109.25831, 13.83689 ], [ 109.25845, 13.83542 ], [ 109.25867, 13.83536 ], [ 109.25879, 13.83567 ] ] ], [ [ [ 109.28571, 13.83824 ], [ 109.28544, 13.83822 ], [ 109.28553, 13.83786 ], [ 109.28576, 13.83781 ], [ 109.28571, 13.83824 ] ] ], [ [ [ 109.28052, 13.83844 ], [ 109.28003, 13.83853 ], [ 109.28008, 13.83822 ], [ 109.28057, 13.83814 ], [ 109.28052, 13.83844 ] ] ], [ [ [ 109.29337, 13.83864 ], [ 109.29353, 13.83915 ], [ 109.29305, 13.83926 ], [ 109.29288, 13.83902 ], [ 109.293, 13.83844 ], [ 109.29334, 13.83841 ], [ 109.29337, 13.83864 ] ] ], [ [ [ 109.258, 13.83937 ], [ 109.25793, 13.8398 ], [ 109.25772, 13.83991 ], [ 109.25759, 13.83906 ], [ 109.2579, 13.83897 ], [ 109.258, 13.83937 ] ] ], [ [ [ 109.27931, 13.84017 ], [ 109.27909, 13.84016 ], [ 109.27914, 13.83946 ], [ 109.27936, 13.83939 ], [ 109.27931, 13.84017 ] ] ], [ [ [ 109.27161, 13.84055 ], [ 109.27144, 13.84037 ], [ 109.27146, 13.84004 ], [ 109.27168, 13.83997 ], [ 109.27161, 13.84055 ] ] ], [ [ [ 109.28713, 13.8399 ], [ 109.28687, 13.84017 ], [ 109.28652, 13.84039 ], [ 109.28592, 13.8408 ], [ 109.28597, 13.84059 ], [ 109.28647, 13.84015 ], [ 109.28681, 13.84004 ], [ 109.28698, 13.83993 ], [ 109.28713, 13.8399 ] ] ], [ [ [ 109.25779, 13.84102 ], [ 109.25762, 13.84136 ], [ 109.25746, 13.84115 ], [ 109.2576, 13.84041 ], [ 109.25771, 13.84033 ], [ 109.25779, 13.84102 ] ] ], [ [ [ 109.28573, 13.84143 ], [ 109.28605, 13.84138 ], [ 109.2863, 13.84142 ], [ 109.28651, 13.84165 ], [ 109.28578, 13.84174 ], [ 109.28573, 13.84143 ] ] ], [ [ [ 109.29744, 13.84155 ], [ 109.29734, 13.84199 ], [ 109.29706, 13.84205 ], [ 109.2972, 13.84146 ], [ 109.29738, 13.84142 ], [ 109.29744, 13.84155 ] ] ], [ [ [ 109.29867, 13.84215 ], [ 109.29867, 13.84206 ], [ 109.29877, 13.84206 ], [ 109.29877, 13.84215 ], [ 109.29867, 13.84215 ] ] ], [ [ [ 109.29867, 13.84215 ], [ 109.29867, 13.84224 ], [ 109.29858, 13.84224 ], [ 109.29858, 13.84215 ], [ 109.29867, 13.84215 ] ] ], [ [ [ 109.27098, 13.84234 ], [ 109.2709, 13.84226 ], [ 109.27102, 13.84223 ], [ 109.27098, 13.84234 ] ] ], [ [ [ 109.29733, 13.84364 ], [ 109.29699, 13.84404 ], [ 109.29663, 13.84416 ], [ 109.29671, 13.84359 ], [ 109.2974, 13.84247 ], [ 109.29775, 13.84241 ], [ 109.29789, 13.84264 ], [ 109.29797, 13.84282 ], [ 109.2975, 13.84336 ], [ 109.29733, 13.84364 ] ], [ [ 109.29708, 13.84336 ], [ 109.29702, 13.84362 ], [ 109.2972, 13.84352 ], [ 109.29728, 13.84322 ], [ 109.29708, 13.84336 ] ] ], [ [ [ 109.28387, 13.84407 ], [ 109.28318, 13.84416 ], [ 109.28308, 13.8438 ], [ 109.28368, 13.84376 ], [ 109.28387, 13.84407 ] ] ], [ [ [ 109.27134, 13.84318 ], [ 109.27131, 13.8434 ], [ 109.27104, 13.84399 ], [ 109.27072, 13.84416 ], [ 109.27079, 13.84365 ], [ 109.27114, 13.84308 ], [ 109.27129, 13.84304 ], [ 109.27134, 13.84318 ] ] ], [ [ [ 109.26504, 13.84465 ], [ 109.26495, 13.84442 ], [ 109.26508, 13.84435 ], [ 109.26504, 13.84465 ] ] ], [ [ [ 109.29736, 13.84494 ], [ 109.29736, 13.84485 ], [ 109.29745, 13.84485 ], [ 109.29745, 13.84494 ], [ 109.29736, 13.84494 ] ] ], [ [ [ 109.29736, 13.84494 ], [ 109.29736, 13.84512 ], [ 109.29726, 13.84512 ], [ 109.29727, 13.84494 ], [ 109.29736, 13.84494 ] ] ], [ [ [ 109.26513, 13.84545 ], [ 109.26493, 13.84556 ], [ 109.26486, 13.84511 ], [ 109.26517, 13.84508 ], [ 109.26513, 13.84545 ] ] ], [ [ [ 109.25704, 13.84551 ], [ 109.25689, 13.84535 ], [ 109.25712, 13.8452 ], [ 109.25704, 13.84551 ] ] ], [ [ [ 109.29107, 13.8449 ], [ 109.29112, 13.84494 ], [ 109.29135, 13.84532 ], [ 109.29124, 13.84576 ], [ 109.29153, 13.84596 ], [ 109.29213, 13.84612 ], [ 109.29221, 13.84645 ], [ 109.29156, 13.84661 ], [ 109.29121, 13.84638 ], [ 109.29094, 13.84628 ], [ 109.29077, 13.84632 ], [ 109.2909, 13.84576 ], [ 109.29073, 13.84522 ], [ 109.2907, 13.8449 ], [ 109.29079, 13.8449 ], [ 109.29084, 13.84511 ], [ 109.29102, 13.84538 ], [ 109.29107, 13.8449 ] ] ], [ [ [ 109.26483, 13.84602 ], [ 109.26474, 13.84652 ], [ 109.26447, 13.84643 ], [ 109.26461, 13.84587 ], [ 109.26488, 13.8458 ], [ 109.26483, 13.84602 ] ] ], [ [ [ 109.29562, 13.84719 ], [ 109.29571, 13.84738 ], [ 109.29531, 13.84728 ], [ 109.29537, 13.84716 ], [ 109.29549, 13.8471 ], [ 109.29562, 13.84719 ] ] ], [ [ [ 109.25604, 13.84712 ], [ 109.25587, 13.84687 ], [ 109.25609, 13.84682 ], [ 109.25604, 13.84712 ] ] ], [ [ [ 109.26522, 13.84683 ], [ 109.26522, 13.84728 ], [ 109.26501, 13.84718 ], [ 109.26494, 13.84675 ], [ 109.26515, 13.84671 ], [ 109.26522, 13.84683 ] ] ], [ [ [ 109.29484, 13.84782 ], [ 109.29484, 13.84791 ], [ 109.29475, 13.84791 ], [ 109.29475, 13.84782 ], [ 109.29484, 13.84782 ] ] ], [ [ [ 109.27788, 13.8483 ], [ 109.27771, 13.84851 ], [ 109.27751, 13.84839 ], [ 109.27772, 13.84797 ], [ 109.27791, 13.84788 ], [ 109.27788, 13.8483 ] ] ], [ [ [ 109.27729, 13.84894 ], [ 109.27713, 13.84909 ], [ 109.27703, 13.8486 ], [ 109.27735, 13.84851 ], [ 109.27729, 13.84894 ] ] ], [ [ [ 109.2788, 13.84894 ], [ 109.27849, 13.84918 ], [ 109.27833, 13.84886 ], [ 109.27892, 13.84879 ], [ 109.2788, 13.84894 ] ] ], [ [ [ 109.27664, 13.85006 ], [ 109.27639, 13.85017 ], [ 109.27653, 13.84956 ], [ 109.27679, 13.8495 ], [ 109.27664, 13.85006 ] ] ], [ [ [ 109.25501, 13.85103 ], [ 109.2549, 13.85118 ], [ 109.25483, 13.85081 ], [ 109.25504, 13.8507 ], [ 109.25501, 13.85103 ] ] ], [ [ [ 109.29236, 13.85066 ], [ 109.29241, 13.85096 ], [ 109.29241, 13.85114 ], [ 109.29236, 13.85118 ], [ 109.29224, 13.85134 ], [ 109.29184, 13.85161 ], [ 109.29166, 13.85136 ], [ 109.29208, 13.85108 ], [ 109.2922, 13.85062 ], [ 109.29236, 13.85066 ] ] ], [ [ [ 109.28817, 13.85165 ], [ 109.28808, 13.85202 ], [ 109.28783, 13.85196 ], [ 109.28775, 13.85146 ], [ 109.28806, 13.85139 ], [ 109.28817, 13.85165 ] ] ], [ [ [ 109.282, 13.852 ], [ 109.28192, 13.85177 ], [ 109.28205, 13.85171 ], [ 109.282, 13.852 ] ] ], [ [ [ 109.28646, 13.85212 ], [ 109.28636, 13.85196 ], [ 109.28658, 13.85192 ], [ 109.28646, 13.85212 ] ] ], [ [ [ 109.25582, 13.85209 ], [ 109.25558, 13.85238 ], [ 109.25545, 13.85177 ], [ 109.25568, 13.8517 ], [ 109.25582, 13.85209 ] ] ], [ [ [ 109.2919, 13.85264 ], [ 109.29175, 13.85271 ], [ 109.29163, 13.85209 ], [ 109.29194, 13.85205 ], [ 109.2919, 13.85264 ] ] ], [ [ [ 109.26884, 13.85175 ], [ 109.2689, 13.85273 ], [ 109.26883, 13.85292 ], [ 109.26847, 13.85273 ], [ 109.26823, 13.8522 ], [ 109.26842, 13.8515 ], [ 109.26839, 13.85087 ], [ 109.26864, 13.8508 ], [ 109.26877, 13.85103 ], [ 109.26906, 13.8512 ], [ 109.26919, 13.85135 ], [ 109.26949, 13.85162 ], [ 109.2694, 13.85202 ], [ 109.26914, 13.85174 ], [ 109.26884, 13.85175 ] ] ], [ [ [ 109.26571, 13.85297 ], [ 109.26544, 13.85307 ], [ 109.26554, 13.85273 ], [ 109.26576, 13.85267 ], [ 109.26571, 13.85297 ] ] ], [ [ [ 109.29276, 13.8535 ], [ 109.29286, 13.8535 ], [ 109.29286, 13.85359 ], [ 109.29276, 13.85359 ], [ 109.29276, 13.8535 ] ] ], [ [ [ 109.29415, 13.85405 ], [ 109.29405, 13.85405 ], [ 109.2941, 13.85393 ], [ 109.29415, 13.85405 ] ] ], [ [ [ 109.28588, 13.85386 ], [ 109.28575, 13.85403 ], [ 109.2856, 13.85371 ], [ 109.28592, 13.85363 ], [ 109.28588, 13.85386 ] ] ], [ [ [ 109.29415, 13.85405 ], [ 109.29424, 13.85405 ], [ 109.29424, 13.85414 ], [ 109.29415, 13.85414 ], [ 109.29415, 13.85405 ] ] ], [ [ [ 109.26886, 13.85383 ], [ 109.26869, 13.854 ], [ 109.26858, 13.8535 ], [ 109.2689, 13.85342 ], [ 109.26886, 13.85383 ] ] ], [ [ [ 109.29424, 13.85414 ], [ 109.29433, 13.85414 ], [ 109.29433, 13.85423 ], [ 109.29424, 13.85423 ], [ 109.29424, 13.85414 ] ] ], [ [ [ 109.26461, 13.85477 ], [ 109.26451, 13.85461 ], [ 109.26473, 13.85457 ], [ 109.26461, 13.85477 ] ] ], [ [ [ 109.27735, 13.85474 ], [ 109.27691, 13.85487 ], [ 109.2768, 13.85457 ], [ 109.2774, 13.85447 ], [ 109.27735, 13.85474 ] ] ], [ [ [ 109.28115, 13.85374 ], [ 109.28178, 13.85427 ], [ 109.2816, 13.85473 ], [ 109.28077, 13.85535 ], [ 109.28041, 13.85468 ], [ 109.28087, 13.85455 ], [ 109.2811, 13.85442 ], [ 109.28094, 13.85383 ], [ 109.28111, 13.85369 ], [ 109.28115, 13.85374 ] ] ], [ [ [ 109.26959, 13.85565 ], [ 109.26948, 13.85571 ], [ 109.26941, 13.85534 ], [ 109.26962, 13.85523 ], [ 109.26959, 13.85565 ] ] ], [ [ [ 109.26522, 13.85544 ], [ 109.26512, 13.8559 ], [ 109.26495, 13.85587 ], [ 109.26487, 13.85499 ], [ 109.26509, 13.85493 ], [ 109.26522, 13.85544 ] ] ], [ [ [ 109.28747, 13.85617 ], [ 109.28779, 13.85636 ], [ 109.28753, 13.85649 ], [ 109.28747, 13.85617 ] ] ], [ [ [ 109.28747, 13.85617 ], [ 109.28692, 13.85598 ], [ 109.2865, 13.85612 ], [ 109.28609, 13.85621 ], [ 109.28541, 13.85656 ], [ 109.28548, 13.85638 ], [ 109.28567, 13.85621 ], [ 109.28608, 13.85579 ], [ 109.28664, 13.85566 ], [ 109.2874, 13.85487 ], [ 109.28794, 13.85467 ], [ 109.28827, 13.8545 ], [ 109.2886, 13.85435 ], [ 109.28926, 13.85389 ], [ 109.28945, 13.85332 ], [ 109.29055, 13.85234 ], [ 109.29078, 13.85193 ], [ 109.29081, 13.85131 ], [ 109.29024, 13.85105 ], [ 109.29033, 13.85081 ], [ 109.29056, 13.85028 ], [ 109.29035, 13.84968 ], [ 109.29096, 13.84938 ], [ 109.29124, 13.84937 ], [ 109.29099, 13.85007 ], [ 109.29152, 13.85064 ], [ 109.29163, 13.85055 ], [ 109.29172, 13.8501 ], [ 109.29191, 13.84959 ], [ 109.29221, 13.84798 ], [ 109.29308, 13.84821 ], [ 109.29373, 13.84808 ], [ 109.29363, 13.84826 ], [ 109.29354, 13.84826 ], [ 109.29354, 13.84835 ], [ 109.29267, 13.84839 ], [ 109.29236, 13.84853 ], [ 109.29239, 13.84921 ], [ 109.29192, 13.85005 ], [ 109.29173, 13.85081 ], [ 109.29162, 13.851 ], [ 109.29153, 13.85139 ], [ 109.29117, 13.8517 ], [ 109.29062, 13.85263 ], [ 109.29, 13.85307 ], [ 109.28967, 13.85366 ], [ 109.28987, 13.85397 ], [ 109.2905, 13.85389 ], [ 109.29066, 13.85354 ], [ 109.29086, 13.85344 ], [ 109.29131, 13.85331 ], [ 109.29152, 13.85298 ], [ 109.29176, 13.853 ], [ 109.2924, 13.85295 ], [ 109.29244, 13.85315 ], [ 109.29272, 13.8533 ], [ 109.29276, 13.8535 ], [ 109.29245, 13.85335 ], [ 109.29209, 13.85327 ], [ 109.29154, 13.85358 ], [ 109.29141, 13.85412 ], [ 109.29103, 13.85442 ], [ 109.29083, 13.85466 ], [ 109.28991, 13.85503 ], [ 109.28904, 13.85527 ], [ 109.28886, 13.85549 ], [ 109.28816, 13.85558 ], [ 109.2878, 13.85586 ], [ 109.28751, 13.85603 ], [ 109.28747, 13.85617 ] ], [ [ 109.28756, 13.85522 ], [ 109.2874, 13.85541 ], [ 109.28765, 13.85553 ], [ 109.28783, 13.85532 ], [ 109.28776, 13.85518 ], [ 109.28756, 13.85522 ] ], [ [ 109.28909, 13.85444 ], [ 109.28866, 13.85472 ], [ 109.28861, 13.85494 ], [ 109.28889, 13.85501 ], [ 109.28965, 13.85461 ], [ 109.28957, 13.85451 ], [ 109.28937, 13.85443 ], [ 109.28933, 13.85438 ], [ 109.28909, 13.85444 ] ], [ [ 109.29059, 13.85399 ], [ 109.29091, 13.85415 ], [ 109.29082, 13.85394 ], [ 109.29059, 13.85399 ] ] ], [ [ [ 109.25524, 13.85581 ], [ 109.25505, 13.85644 ], [ 109.2549, 13.85661 ], [ 109.25504, 13.85556 ], [ 109.25528, 13.85549 ], [ 109.25524, 13.85581 ] ] ], [ [ [ 109.26928, 13.8568 ], [ 109.26911, 13.85666 ], [ 109.26934, 13.8565 ], [ 109.26928, 13.8568 ] ] ], [ [ [ 109.27095, 13.85512 ], [ 109.27124, 13.85535 ], [ 109.27142, 13.85602 ], [ 109.2717, 13.85639 ], [ 109.27178, 13.85718 ], [ 109.27138, 13.85727 ], [ 109.2711, 13.85692 ], [ 109.27116, 13.85659 ], [ 109.27104, 13.85607 ], [ 109.27061, 13.85513 ], [ 109.27083, 13.85497 ], [ 109.27095, 13.85512 ] ] ], [ [ [ 109.29246, 13.85715 ], [ 109.29232, 13.85743 ], [ 109.29201, 13.85742 ], [ 109.29186, 13.85679 ], [ 109.29176, 13.8565 ], [ 109.29178, 13.85596 ], [ 109.29222, 13.85555 ], [ 109.29275, 13.85549 ], [ 109.29279, 13.85553 ], [ 109.29344, 13.85564 ], [ 109.29284, 13.85619 ], [ 109.29261, 13.85687 ], [ 109.29246, 13.85715 ] ], [ [ 109.29228, 13.85574 ], [ 109.29196, 13.85625 ], [ 109.2922, 13.85688 ], [ 109.29249, 13.85654 ], [ 109.29282, 13.85585 ], [ 109.29275, 13.85567 ], [ 109.29228, 13.85574 ] ] ], [ [ [ 109.25485, 13.85742 ], [ 109.25468, 13.85729 ], [ 109.2549, 13.85712 ], [ 109.25485, 13.85742 ] ] ], [ [ [ 109.27225, 13.85746 ], [ 109.27233, 13.85786 ], [ 109.27214, 13.858 ], [ 109.27184, 13.85728 ], [ 109.27202, 13.85715 ], [ 109.27225, 13.85746 ] ] ], [ [ [ 109.28931, 13.85799 ], [ 109.28931, 13.85826 ], [ 109.28912, 13.85826 ], [ 109.28912, 13.85799 ], [ 109.28931, 13.85799 ] ] ], [ [ [ 109.2549, 13.85825 ], [ 109.25472, 13.85864 ], [ 109.25451, 13.85857 ], [ 109.25466, 13.85811 ], [ 109.2548, 13.85802 ], [ 109.2549, 13.85825 ] ] ], [ [ [ 109.27021, 13.85873 ], [ 109.27011, 13.85879 ], [ 109.27003, 13.85851 ], [ 109.27025, 13.8584 ], [ 109.27021, 13.85873 ] ] ], [ [ [ 109.26257, 13.85874 ], [ 109.26225, 13.8584 ], [ 109.26248, 13.85835 ], [ 109.26257, 13.85874 ] ] ], [ [ [ 109.2846, 13.85885 ], [ 109.28451, 13.85926 ], [ 109.28426, 13.85944 ], [ 109.28418, 13.85867 ], [ 109.28449, 13.85859 ], [ 109.2846, 13.85885 ] ] ], [ [ [ 109.29238, 13.85896 ], [ 109.29227, 13.85977 ], [ 109.29194, 13.8596 ], [ 109.29204, 13.85882 ], [ 109.29226, 13.85865 ], [ 109.29238, 13.85896 ] ] ], [ [ [ 109.2873, 13.85921 ], [ 109.28755, 13.85938 ], [ 109.28776, 13.85979 ], [ 109.28747, 13.85973 ], [ 109.28705, 13.85912 ], [ 109.28726, 13.85906 ], [ 109.2873, 13.85921 ] ] ], [ [ [ 109.26294, 13.85922 ], [ 109.26286, 13.85956 ], [ 109.26261, 13.85965 ], [ 109.26253, 13.85889 ], [ 109.26266, 13.8588 ], [ 109.26294, 13.85922 ] ] ], [ [ [ 109.26945, 13.8605 ], [ 109.26937, 13.86027 ], [ 109.2695, 13.8602 ], [ 109.26945, 13.8605 ] ] ], [ [ [ 109.28684, 13.86098 ], [ 109.28666, 13.86089 ], [ 109.28688, 13.86078 ], [ 109.28684, 13.86098 ] ] ], [ [ [ 109.27064, 13.86111 ], [ 109.27032, 13.86105 ], [ 109.27019, 13.86065 ], [ 109.27051, 13.86057 ], [ 109.27064, 13.86111 ] ] ], [ [ [ 109.27929, 13.86113 ], [ 109.27873, 13.86121 ], [ 109.2786, 13.86096 ], [ 109.27957, 13.86082 ], [ 109.27929, 13.86113 ] ] ], [ [ [ 109.27389, 13.86119 ], [ 109.27376, 13.86168 ], [ 109.27348, 13.86162 ], [ 109.27364, 13.861 ], [ 109.27393, 13.86096 ], [ 109.27389, 13.86119 ] ] ], [ [ [ 109.27101, 13.86108 ], [ 109.27119, 13.86152 ], [ 109.27108, 13.86204 ], [ 109.2707, 13.86196 ], [ 109.27056, 13.86162 ], [ 109.27069, 13.86098 ], [ 109.27097, 13.86094 ], [ 109.27101, 13.86108 ] ] ], [ [ [ 109.29268, 13.86204 ], [ 109.2926, 13.86219 ], [ 109.29239, 13.86201 ], [ 109.29261, 13.8619 ], [ 109.29268, 13.86204 ] ] ], [ [ [ 109.27258, 13.86014 ], [ 109.27262, 13.86063 ], [ 109.27256, 13.86122 ], [ 109.27261, 13.86176 ], [ 109.27257, 13.86213 ], [ 109.27228, 13.86197 ], [ 109.27213, 13.86144 ], [ 109.27168, 13.86107 ], [ 109.27188, 13.86038 ], [ 109.27164, 13.86005 ], [ 109.27169, 13.85965 ], [ 109.2715, 13.85915 ], [ 109.2716, 13.85823 ], [ 109.27192, 13.85814 ], [ 109.27195, 13.85891 ], [ 109.27207, 13.85943 ], [ 109.27225, 13.85976 ], [ 109.27274, 13.85958 ], [ 109.27258, 13.86014 ] ] ], [ [ [ 109.25424, 13.86182 ], [ 109.25409, 13.86212 ], [ 109.25391, 13.86113 ], [ 109.25409, 13.86032 ], [ 109.25419, 13.85959 ], [ 109.25442, 13.85955 ], [ 109.25424, 13.86182 ] ] ], [ [ [ 109.28506, 13.8619 ], [ 109.28496, 13.86238 ], [ 109.28481, 13.86252 ], [ 109.28467, 13.86215 ], [ 109.28444, 13.86179 ], [ 109.28484, 13.86158 ], [ 109.28506, 13.8619 ] ] ], [ [ [ 109.25427, 13.86247 ], [ 109.25418, 13.86224 ], [ 109.25431, 13.86217 ], [ 109.25427, 13.86247 ] ] ], [ [ [ 109.2539, 13.86273 ], [ 109.25382, 13.86265 ], [ 109.25394, 13.86262 ], [ 109.2539, 13.86273 ] ] ], [ [ [ 109.27711, 13.86308 ], [ 109.27684, 13.86296 ], [ 109.27695, 13.86274 ], [ 109.27715, 13.8627 ], [ 109.27711, 13.86308 ] ] ], [ [ [ 109.27805, 13.8632 ], [ 109.27795, 13.86329 ], [ 109.27785, 13.86281 ], [ 109.27799, 13.8627 ], [ 109.27805, 13.8632 ] ] ], [ [ [ 109.28442, 13.8635 ], [ 109.28434, 13.86334 ], [ 109.28446, 13.86329 ], [ 109.28442, 13.8635 ] ] ], [ [ [ 109.25426, 13.86294 ], [ 109.25425, 13.86317 ], [ 109.25426, 13.86356 ], [ 109.25408, 13.86375 ], [ 109.25394, 13.86288 ], [ 109.25408, 13.86276 ], [ 109.25417, 13.86258 ], [ 109.25421, 13.86254 ], [ 109.25426, 13.86294 ] ] ], [ [ [ 109.29382, 13.8643 ], [ 109.2937, 13.86435 ], [ 109.2937, 13.86408 ], [ 109.29376, 13.86396 ], [ 109.29382, 13.8643 ] ] ], [ [ [ 109.2922, 13.86453 ], [ 109.29205, 13.86492 ], [ 109.2919, 13.86453 ], [ 109.29213, 13.86434 ], [ 109.2922, 13.86453 ] ] ], [ [ [ 109.25882, 13.86507 ], [ 109.25862, 13.86532 ], [ 109.2585, 13.86502 ], [ 109.25873, 13.86483 ], [ 109.25882, 13.86507 ] ] ], [ [ [ 109.28773, 13.86713 ], [ 109.28765, 13.86705 ], [ 109.28776, 13.86702 ], [ 109.28773, 13.86713 ] ] ], [ [ [ 109.25407, 13.86422 ], [ 109.25401, 13.86538 ], [ 109.25384, 13.8663 ], [ 109.25349, 13.86646 ], [ 109.2534, 13.86673 ], [ 109.25331, 13.86691 ], [ 109.25322, 13.86606 ], [ 109.25377, 13.86536 ], [ 109.2535, 13.86511 ], [ 109.25338, 13.86498 ], [ 109.25343, 13.86404 ], [ 109.25402, 13.86398 ], [ 109.25407, 13.86422 ] ] ], [ [ [ 109.28712, 13.86618 ], [ 109.28643, 13.86671 ], [ 109.28632, 13.86721 ], [ 109.28602, 13.86732 ], [ 109.28581, 13.86706 ], [ 109.28615, 13.86661 ], [ 109.28624, 13.86552 ], [ 109.28604, 13.8648 ], [ 109.28611, 13.86429 ], [ 109.28639, 13.86421 ], [ 109.28644, 13.86426 ], [ 109.28692, 13.8644 ], [ 109.28726, 13.86516 ], [ 109.28712, 13.86618 ] ], [ [ 109.28661, 13.86488 ], [ 109.28634, 13.86553 ], [ 109.28644, 13.86586 ], [ 109.28667, 13.86615 ], [ 109.28696, 13.86582 ], [ 109.28705, 13.86527 ], [ 109.28685, 13.86484 ], [ 109.28661, 13.86488 ] ] ], [ [ [ 109.28715, 13.86825 ], [ 109.28682, 13.86823 ], [ 109.2867, 13.86774 ], [ 109.28702, 13.86765 ], [ 109.28715, 13.86825 ] ] ], [ [ [ 109.25329, 13.86836 ], [ 109.25329, 13.86848 ], [ 109.25309, 13.86881 ], [ 109.2529, 13.86839 ], [ 109.25293, 13.8676 ], [ 109.25325, 13.8675 ], [ 109.25329, 13.86836 ] ] ], [ [ [ 109.27604, 13.86898 ], [ 109.27588, 13.86915 ], [ 109.27553, 13.86871 ], [ 109.27572, 13.86856 ], [ 109.27604, 13.86898 ] ] ], [ [ [ 109.28633, 13.86929 ], [ 109.28625, 13.86921 ], [ 109.28636, 13.86918 ], [ 109.28633, 13.86929 ] ] ], [ [ [ 109.27357, 13.86979 ], [ 109.27323, 13.86976 ], [ 109.27299, 13.86949 ], [ 109.27271, 13.86967 ], [ 109.27254, 13.86976 ], [ 109.27244, 13.86882 ], [ 109.27266, 13.86845 ], [ 109.27295, 13.86836 ], [ 109.27299, 13.86841 ], [ 109.27364, 13.86895 ], [ 109.27377, 13.8691 ], [ 109.27357, 13.86979 ] ], [ [ 109.27317, 13.86939 ], [ 109.27344, 13.86931 ], [ 109.27338, 13.86894 ], [ 109.27332, 13.86882 ], [ 109.2731, 13.86892 ], [ 109.27317, 13.86939 ] ], [ [ 109.27295, 13.86921 ], [ 109.27286, 13.86863 ], [ 109.27263, 13.8688 ], [ 109.27272, 13.8693 ], [ 109.27295, 13.86921 ] ] ], [ [ [ 109.29209, 13.86949 ], [ 109.29209, 13.86994 ], [ 109.292, 13.86994 ], [ 109.292, 13.86949 ], [ 109.29209, 13.86949 ] ] ], [ [ [ 109.25329, 13.87017 ], [ 109.25309, 13.87025 ], [ 109.25301, 13.86966 ], [ 109.25333, 13.86958 ], [ 109.25329, 13.87017 ] ] ], [ [ [ 109.29218, 13.87049 ], [ 109.29218, 13.87058 ], [ 109.29208, 13.87058 ], [ 109.29208, 13.87049 ], [ 109.29218, 13.87049 ] ] ], [ [ [ 109.27747, 13.87065 ], [ 109.27747, 13.87074 ], [ 109.27677, 13.8707 ], [ 109.27657, 13.87059 ], [ 109.27624, 13.87061 ], [ 109.27516, 13.87048 ], [ 109.27482, 13.87009 ], [ 109.2744, 13.87031 ], [ 109.27394, 13.87019 ], [ 109.27377, 13.86987 ], [ 109.27407, 13.86985 ], [ 109.27428, 13.86996 ], [ 109.2746, 13.86984 ], [ 109.27521, 13.86996 ], [ 109.27541, 13.87019 ], [ 109.27617, 13.87025 ], [ 109.27641, 13.87024 ], [ 109.27674, 13.87042 ], [ 109.27654, 13.87007 ], [ 109.27676, 13.87005 ], [ 109.27728, 13.87024 ], [ 109.27752, 13.87016 ], [ 109.27756, 13.87011 ], [ 109.27789, 13.87016 ], [ 109.27838, 13.8705 ], [ 109.27861, 13.87061 ], [ 109.27893, 13.87012 ], [ 109.2789, 13.8698 ], [ 109.27912, 13.8693 ], [ 109.28044, 13.86951 ], [ 109.28081, 13.87049 ], [ 109.28058, 13.87072 ], [ 109.28021, 13.87013 ], [ 109.27994, 13.87 ], [ 109.27965, 13.87045 ], [ 109.27945, 13.87053 ], [ 109.27924, 13.87077 ], [ 109.27913, 13.87112 ], [ 109.27881, 13.87097 ], [ 109.27802, 13.87075 ], [ 109.27802, 13.87066 ], [ 109.27747, 13.87065 ], [ 109.27751, 13.87061 ], [ 109.27779, 13.87048 ], [ 109.27751, 13.87026 ], [ 109.27715, 13.87059 ], [ 109.27747, 13.87065 ] ], [ [ 109.27895, 13.87057 ], [ 109.27883, 13.8706 ], [ 109.27891, 13.87068 ], [ 109.27895, 13.87057 ], [ 109.27906, 13.87054 ], [ 109.27898, 13.87046 ], [ 109.27895, 13.87057 ] ], [ [ 109.27969, 13.86977 ], [ 109.27997, 13.86977 ], [ 109.27997, 13.86959 ], [ 109.27969, 13.86958 ], [ 109.27969, 13.86977 ] ] ], [ [ [ 109.2795, 13.87112 ], [ 109.27938, 13.87084 ], [ 109.27979, 13.87072 ], [ 109.27972, 13.87098 ], [ 109.2795, 13.87112 ] ] ], [ [ [ 109.27363, 13.8704 ], [ 109.27362, 13.87052 ], [ 109.27254, 13.87112 ], [ 109.27241, 13.87111 ], [ 109.27243, 13.87091 ], [ 109.27316, 13.87034 ], [ 109.27358, 13.87026 ], [ 109.27363, 13.8704 ] ] ], [ [ [ 109.28385, 13.87106 ], [ 109.28385, 13.87124 ], [ 109.28375, 13.87124 ], [ 109.28375, 13.87106 ], [ 109.28385, 13.87106 ] ] ], [ [ [ 109.29258, 13.87146 ], [ 109.29245, 13.87157 ], [ 109.29235, 13.87157 ], [ 109.29236, 13.87139 ], [ 109.29258, 13.87146 ] ] ], [ [ [ 109.28213, 13.87111 ], [ 109.28156, 13.87154 ], [ 109.28121, 13.87155 ], [ 109.2818, 13.87079 ], [ 109.28218, 13.87069 ], [ 109.28213, 13.87111 ] ] ], [ [ [ 109.25285, 13.87165 ], [ 109.25289, 13.87113 ], [ 109.25308, 13.87099 ], [ 109.25317, 13.87144 ], [ 109.25285, 13.87165 ] ] ], [ [ [ 109.28722, 13.87174 ], [ 109.28721, 13.87191 ], [ 109.28635, 13.87183 ], [ 109.28641, 13.87123 ], [ 109.2869, 13.87117 ], [ 109.28722, 13.87174 ] ] ], [ [ [ 109.2795, 13.87112 ], [ 109.27953, 13.87135 ], [ 109.27965, 13.87172 ], [ 109.27946, 13.87188 ], [ 109.27927, 13.87161 ], [ 109.27902, 13.87152 ], [ 109.27913, 13.87112 ], [ 109.2795, 13.87112 ] ] ], [ [ [ 109.27524, 13.87199 ], [ 109.27533, 13.87199 ], [ 109.27533, 13.87208 ], [ 109.27524, 13.87208 ], [ 109.27524, 13.87199 ] ] ], [ [ [ 109.27157, 13.87221 ], [ 109.27107, 13.87219 ], [ 109.27093, 13.87219 ], [ 109.27073, 13.87218 ], [ 109.27057, 13.87181 ], [ 109.27084, 13.87131 ], [ 109.27108, 13.87124 ], [ 109.27112, 13.87129 ], [ 109.27113, 13.87164 ], [ 109.27157, 13.87221 ] ] ], [ [ [ 109.29216, 13.87229 ], [ 109.29216, 13.87238 ], [ 109.29207, 13.87238 ], [ 109.29207, 13.87229 ], [ 109.29216, 13.87229 ] ] ], [ [ [ 109.29198, 13.87256 ], [ 109.29198, 13.87247 ], [ 109.29207, 13.87247 ], [ 109.29207, 13.87256 ], [ 109.29198, 13.87256 ] ] ], [ [ [ 109.27801, 13.8468 ], [ 109.27773, 13.84715 ], [ 109.2776, 13.84748 ], [ 109.27745, 13.8477 ], [ 109.27716, 13.84778 ], [ 109.27698, 13.84809 ], [ 109.27685, 13.84837 ], [ 109.27638, 13.84891 ], [ 109.27619, 13.84918 ], [ 109.27555, 13.84963 ], [ 109.27542, 13.85029 ], [ 109.27524, 13.85086 ], [ 109.27483, 13.85104 ], [ 109.27444, 13.85237 ], [ 109.27423, 13.8526 ], [ 109.27404, 13.85276 ], [ 109.27395, 13.85296 ], [ 109.27348, 13.8536 ], [ 109.27378, 13.8542 ], [ 109.27403, 13.85431 ], [ 109.27412, 13.85483 ], [ 109.27478, 13.85501 ], [ 109.2751, 13.85474 ], [ 109.27538, 13.85425 ], [ 109.27521, 13.85361 ], [ 109.27524, 13.85315 ], [ 109.27487, 13.85263 ], [ 109.27485, 13.85218 ], [ 109.27506, 13.85188 ], [ 109.27528, 13.851 ], [ 109.27575, 13.85086 ], [ 109.27613, 13.85029 ], [ 109.27645, 13.85075 ], [ 109.27636, 13.8511 ], [ 109.27595, 13.85167 ], [ 109.27575, 13.85219 ], [ 109.27608, 13.85261 ], [ 109.2763, 13.85342 ], [ 109.27661, 13.85344 ], [ 109.27685, 13.85301 ], [ 109.27679, 13.85184 ], [ 109.27696, 13.85158 ], [ 109.27705, 13.85158 ], [ 109.27705, 13.85149 ], [ 109.27714, 13.85149 ], [ 109.27715, 13.8514 ], [ 109.27721, 13.85135 ], [ 109.2774, 13.85037 ], [ 109.27815, 13.85046 ], [ 109.27877, 13.85084 ], [ 109.2789, 13.85261 ], [ 109.27863, 13.85323 ], [ 109.27874, 13.85426 ], [ 109.27886, 13.8547 ], [ 109.27867, 13.85552 ], [ 109.27878, 13.85704 ], [ 109.27835, 13.85853 ], [ 109.27843, 13.85869 ], [ 109.27848, 13.85873 ], [ 109.27848, 13.859 ], [ 109.27857, 13.859 ], [ 109.27857, 13.85918 ], [ 109.27866, 13.85918 ], [ 109.27859, 13.86015 ], [ 109.27833, 13.86068 ], [ 109.27801, 13.86096 ], [ 109.27749, 13.86162 ], [ 109.27757, 13.86193 ], [ 109.27776, 13.86228 ], [ 109.27767, 13.8623 ], [ 109.2774, 13.86228 ], [ 109.27704, 13.86247 ], [ 109.27695, 13.86128 ], [ 109.27748, 13.86104 ], [ 109.27759, 13.86038 ], [ 109.27784, 13.85993 ], [ 109.27761, 13.85928 ], [ 109.27758, 13.85845 ], [ 109.27762, 13.85778 ], [ 109.27734, 13.85725 ], [ 109.27745, 13.85687 ], [ 109.27753, 13.85697 ], [ 109.27778, 13.85777 ], [ 109.27802, 13.85737 ], [ 109.27787, 13.8568 ], [ 109.27791, 13.85608 ], [ 109.27779, 13.85565 ], [ 109.2779, 13.85543 ], [ 109.27818, 13.85492 ], [ 109.27819, 13.85471 ], [ 109.278, 13.85443 ], [ 109.27835, 13.85427 ], [ 109.27792, 13.85323 ], [ 109.27811, 13.85307 ], [ 109.27836, 13.85308 ], [ 109.27855, 13.85223 ], [ 109.27822, 13.85154 ], [ 109.27771, 13.85166 ], [ 109.27724, 13.85221 ], [ 109.2774, 13.8533 ], [ 109.27709, 13.85362 ], [ 109.27657, 13.8536 ], [ 109.27615, 13.85397 ], [ 109.27595, 13.85427 ], [ 109.27544, 13.85473 ], [ 109.27528, 13.85502 ], [ 109.27548, 13.85521 ], [ 109.2755, 13.85559 ], [ 109.27531, 13.85611 ], [ 109.27552, 13.85617 ], [ 109.27601, 13.85573 ], [ 109.2763, 13.85543 ], [ 109.27645, 13.85575 ], [ 109.27679, 13.85591 ], [ 109.27669, 13.8566 ], [ 109.27648, 13.8573 ], [ 109.27659, 13.85813 ], [ 109.27673, 13.85853 ], [ 109.2768, 13.86007 ], [ 109.27675, 13.86011 ], [ 109.27656, 13.86037 ], [ 109.27652, 13.86061 ], [ 109.27642, 13.8607 ], [ 109.27629, 13.86111 ], [ 109.27619, 13.86138 ], [ 109.276, 13.86198 ], [ 109.27588, 13.86302 ], [ 109.27623, 13.86332 ], [ 109.27642, 13.86354 ], [ 109.27654, 13.86418 ], [ 109.27607, 13.86472 ], [ 109.27598, 13.86545 ], [ 109.2757, 13.86553 ], [ 109.27536, 13.86576 ], [ 109.27519, 13.86633 ], [ 109.27588, 13.86644 ], [ 109.2765, 13.86657 ], [ 109.27671, 13.86633 ], [ 109.27658, 13.86502 ], [ 109.27691, 13.86446 ], [ 109.277, 13.86382 ], [ 109.27712, 13.86374 ], [ 109.27735, 13.86427 ], [ 109.27724, 13.86532 ], [ 109.27732, 13.86613 ], [ 109.27725, 13.86668 ], [ 109.27683, 13.86702 ], [ 109.27615, 13.86716 ], [ 109.27578, 13.86748 ], [ 109.27624, 13.86761 ], [ 109.27651, 13.86771 ], [ 109.27728, 13.86789 ], [ 109.27743, 13.8681 ], [ 109.27706, 13.86825 ], [ 109.2769, 13.86844 ], [ 109.27658, 13.86841 ], [ 109.27615, 13.86825 ], [ 109.27549, 13.86816 ], [ 109.27532, 13.86802 ], [ 109.2756, 13.86779 ], [ 109.27545, 13.86767 ], [ 109.2747, 13.86773 ], [ 109.2745, 13.86839 ], [ 109.27479, 13.86862 ], [ 109.27527, 13.86858 ], [ 109.2754, 13.86865 ], [ 109.27512, 13.86887 ], [ 109.27513, 13.86906 ], [ 109.27511, 13.86929 ], [ 109.27442, 13.8691 ], [ 109.27438, 13.86905 ], [ 109.27401, 13.8687 ], [ 109.27411, 13.86841 ], [ 109.27428, 13.86825 ], [ 109.27446, 13.86792 ], [ 109.27421, 13.86743 ], [ 109.2741, 13.86679 ], [ 109.27375, 13.86715 ], [ 109.27365, 13.86715 ], [ 109.27339, 13.86714 ], [ 109.273, 13.86732 ], [ 109.27309, 13.86769 ], [ 109.27374, 13.86794 ], [ 109.27374, 13.86814 ], [ 109.27355, 13.86814 ], [ 109.27311, 13.86813 ], [ 109.27281, 13.86823 ], [ 109.27254, 13.86813 ], [ 109.27234, 13.86823 ], [ 109.27175, 13.86821 ], [ 109.27161, 13.86876 ], [ 109.27142, 13.86928 ], [ 109.27206, 13.86944 ], [ 109.27206, 13.86962 ], [ 109.27164, 13.86982 ], [ 109.27183, 13.87062 ], [ 109.27224, 13.87112 ], [ 109.27223, 13.87155 ], [ 109.2725, 13.87211 ], [ 109.2728, 13.87193 ], [ 109.27315, 13.87157 ], [ 109.2732, 13.87205 ], [ 109.27256, 13.87247 ], [ 109.27214, 13.87232 ], [ 109.27204, 13.87202 ], [ 109.27192, 13.87151 ], [ 109.27159, 13.87129 ], [ 109.27097, 13.87092 ], [ 109.27085, 13.87047 ], [ 109.27077, 13.86993 ], [ 109.27065, 13.8696 ], [ 109.27079, 13.86799 ], [ 109.27133, 13.86812 ], [ 109.27158, 13.86838 ], [ 109.2717, 13.86804 ], [ 109.2718, 13.86777 ], [ 109.27208, 13.86737 ], [ 109.27188, 13.86705 ], [ 109.27168, 13.86704 ], [ 109.27146, 13.86767 ], [ 109.27128, 13.86754 ], [ 109.27111, 13.86686 ], [ 109.27071, 13.86609 ], [ 109.27061, 13.86503 ], [ 109.27035, 13.86451 ], [ 109.27006, 13.86413 ], [ 109.27008, 13.86342 ], [ 109.26971, 13.86294 ], [ 109.2697, 13.86252 ], [ 109.26989, 13.86233 ], [ 109.27044, 13.86283 ], [ 109.27081, 13.86337 ], [ 109.27063, 13.86369 ], [ 109.27028, 13.8638 ], [ 109.27044, 13.86396 ], [ 109.27099, 13.86432 ], [ 109.27108, 13.8646 ], [ 109.2712, 13.86613 ], [ 109.27162, 13.86614 ], [ 109.27193, 13.86575 ], [ 109.27172, 13.86524 ], [ 109.27164, 13.86419 ], [ 109.27133, 13.86374 ], [ 109.27146, 13.86361 ], [ 109.27181, 13.86338 ], [ 109.27193, 13.86307 ], [ 109.27204, 13.86208 ], [ 109.27222, 13.86217 ], [ 109.27239, 13.86235 ], [ 109.27267, 13.86261 ], [ 109.27248, 13.86334 ], [ 109.27235, 13.86381 ], [ 109.27249, 13.8651 ], [ 109.27297, 13.86542 ], [ 109.27302, 13.86497 ], [ 109.27312, 13.86371 ], [ 109.27331, 13.86336 ], [ 109.27336, 13.86321 ], [ 109.27349, 13.86312 ], [ 109.27336, 13.86303 ], [ 109.27336, 13.86285 ], [ 109.27327, 13.86285 ], [ 109.27319, 13.8621 ], [ 109.27341, 13.86199 ], [ 109.27358, 13.86251 ], [ 109.27387, 13.86321 ], [ 109.27368, 13.86362 ], [ 109.27358, 13.86381 ], [ 109.27359, 13.86457 ], [ 109.27356, 13.86559 ], [ 109.27375, 13.86597 ], [ 109.27403, 13.86616 ], [ 109.27431, 13.86616 ], [ 109.27449, 13.86616 ], [ 109.2745, 13.8657 ], [ 109.27423, 13.86598 ], [ 109.2741, 13.86575 ], [ 109.27432, 13.86543 ], [ 109.27431, 13.86491 ], [ 109.27441, 13.86471 ], [ 109.27478, 13.86418 ], [ 109.2747, 13.86372 ], [ 109.27442, 13.86305 ], [ 109.27452, 13.8629 ], [ 109.27476, 13.86255 ], [ 109.27482, 13.86065 ], [ 109.27435, 13.86035 ], [ 109.27469, 13.85944 ], [ 109.27524, 13.85918 ], [ 109.27493, 13.85822 ], [ 109.27474, 13.85793 ], [ 109.2746, 13.85821 ], [ 109.27374, 13.85819 ], [ 109.27353, 13.85829 ], [ 109.27306, 13.85863 ], [ 109.27308, 13.85793 ], [ 109.27298, 13.85783 ], [ 109.27271, 13.85757 ], [ 109.27262, 13.85738 ], [ 109.27257, 13.85733 ], [ 109.27257, 13.85715 ], [ 109.27248, 13.85715 ], [ 109.27235, 13.85656 ], [ 109.27198, 13.8561 ], [ 109.27216, 13.85593 ], [ 109.27243, 13.85605 ], [ 109.27285, 13.85653 ], [ 109.27294, 13.85661 ], [ 109.27294, 13.85679 ], [ 109.27304, 13.85679 ], [ 109.27303, 13.85697 ], [ 109.27313, 13.85698 ], [ 109.27318, 13.85737 ], [ 109.27382, 13.85747 ], [ 109.27464, 13.85763 ], [ 109.27452, 13.85713 ], [ 109.27354, 13.85703 ], [ 109.27331, 13.85689 ], [ 109.27331, 13.85671 ], [ 109.27322, 13.8567 ], [ 109.27322, 13.85643 ], [ 109.27313, 13.85643 ], [ 109.27313, 13.85616 ], [ 109.27304, 13.85616 ], [ 109.27304, 13.85607 ], [ 109.27295, 13.85607 ], [ 109.27295, 13.85598 ], [ 109.27286, 13.85598 ], [ 109.27286, 13.85589 ], [ 109.27276, 13.85589 ], [ 109.27272, 13.85575 ], [ 109.27262, 13.85557 ], [ 109.27235, 13.85496 ], [ 109.27218, 13.85439 ], [ 109.27203, 13.85413 ], [ 109.2719, 13.85384 ], [ 109.27169, 13.85347 ], [ 109.27174, 13.85292 ], [ 109.2722, 13.85146 ], [ 109.27217, 13.85106 ], [ 109.27257, 13.85082 ], [ 109.27291, 13.85043 ], [ 109.27271, 13.85006 ], [ 109.27332, 13.84988 ], [ 109.27353, 13.84977 ], [ 109.27387, 13.84925 ], [ 109.2743, 13.84875 ], [ 109.27474, 13.84807 ], [ 109.27552, 13.84742 ], [ 109.27581, 13.84698 ], [ 109.27636, 13.84653 ], [ 109.27705, 13.84611 ], [ 109.27732, 13.84593 ], [ 109.27761, 13.84576 ], [ 109.27803, 13.84544 ], [ 109.27879, 13.84516 ], [ 109.2786, 13.84483 ], [ 109.27869, 13.84383 ], [ 109.27843, 13.8431 ], [ 109.27874, 13.84242 ], [ 109.2787, 13.84191 ], [ 109.27887, 13.84093 ], [ 109.27901, 13.84062 ], [ 109.27921, 13.84147 ], [ 109.2793, 13.84223 ], [ 109.27919, 13.84252 ], [ 109.27891, 13.8425 ], [ 109.27872, 13.84271 ], [ 109.27874, 13.843 ], [ 109.27892, 13.84332 ], [ 109.27905, 13.8436 ], [ 109.279, 13.84414 ], [ 109.27902, 13.84437 ], [ 109.27919, 13.84468 ], [ 109.2793, 13.84505 ], [ 109.27966, 13.84555 ], [ 109.27988, 13.84568 ], [ 109.28001, 13.84542 ], [ 109.27973, 13.84478 ], [ 109.27965, 13.84445 ], [ 109.28106, 13.84331 ], [ 109.28124, 13.84258 ], [ 109.28161, 13.84194 ], [ 109.28171, 13.84063 ], [ 109.28199, 13.83941 ], [ 109.28236, 13.83891 ], [ 109.28248, 13.83768 ], [ 109.28294, 13.8373 ], [ 109.2832, 13.83691 ], [ 109.28294, 13.8363 ], [ 109.28286, 13.83548 ], [ 109.28273, 13.83498 ], [ 109.28281, 13.834 ], [ 109.28267, 13.83334 ], [ 109.2827, 13.833 ], [ 109.28266, 13.83251 ], [ 109.28289, 13.83178 ], [ 109.28299, 13.83135 ], [ 109.28327, 13.83088 ], [ 109.28338, 13.8297 ], [ 109.28397, 13.82903 ], [ 109.28415, 13.82903 ], [ 109.28416, 13.82894 ], [ 109.28434, 13.82894 ], [ 109.28434, 13.82885 ], [ 109.28443, 13.82885 ], [ 109.28462, 13.82886 ], [ 109.28462, 13.82877 ], [ 109.28471, 13.82877 ], [ 109.28471, 13.82868 ], [ 109.2848, 13.82868 ], [ 109.28481, 13.82859 ], [ 109.28543, 13.82846 ], [ 109.28585, 13.8286 ], [ 109.28605, 13.82914 ], [ 109.28616, 13.83026 ], [ 109.28649, 13.83016 ], [ 109.28638, 13.82869 ], [ 109.28644, 13.82799 ], [ 109.28626, 13.8272 ], [ 109.2862, 13.82715 ], [ 109.28621, 13.82688 ], [ 109.28626, 13.82693 ], [ 109.28651, 13.82746 ], [ 109.28666, 13.83065 ], [ 109.28608, 13.83062 ], [ 109.28583, 13.83113 ], [ 109.28501, 13.83134 ], [ 109.28442, 13.83154 ], [ 109.28397, 13.83092 ], [ 109.28402, 13.82988 ], [ 109.2848, 13.82933 ], [ 109.28516, 13.82895 ], [ 109.28502, 13.82872 ], [ 109.28438, 13.82905 ], [ 109.28377, 13.82968 ], [ 109.28363, 13.83073 ], [ 109.28317, 13.83157 ], [ 109.28298, 13.83215 ], [ 109.28285, 13.8325 ], [ 109.28288, 13.83354 ], [ 109.28318, 13.8341 ], [ 109.28372, 13.83423 ], [ 109.28404, 13.83389 ], [ 109.28379, 13.83341 ], [ 109.28381, 13.83297 ], [ 109.28414, 13.83279 ], [ 109.2843, 13.83361 ], [ 109.2846, 13.83405 ], [ 109.28434, 13.83441 ], [ 109.28394, 13.83501 ], [ 109.28358, 13.83522 ], [ 109.28331, 13.83454 ], [ 109.28309, 13.83441 ], [ 109.28296, 13.83498 ], [ 109.28314, 13.83567 ], [ 109.28322, 13.83639 ], [ 109.28338, 13.83699 ], [ 109.28265, 13.838 ], [ 109.28255, 13.83883 ], [ 109.28218, 13.83964 ], [ 109.28209, 13.83991 ], [ 109.28192, 13.84038 ], [ 109.28179, 13.84133 ], [ 109.28181, 13.84187 ], [ 109.28169, 13.84282 ], [ 109.28134, 13.84314 ], [ 109.28104, 13.84352 ], [ 109.28076, 13.84388 ], [ 109.28067, 13.84451 ], [ 109.28048, 13.84502 ], [ 109.2801, 13.84514 ], [ 109.28012, 13.8455 ], [ 109.28009, 13.84597 ], [ 109.27972, 13.84649 ], [ 109.27935, 13.84712 ], [ 109.27912, 13.84745 ], [ 109.27936, 13.84768 ], [ 109.27984, 13.84766 ], [ 109.28054, 13.84694 ], [ 109.28093, 13.84695 ], [ 109.28089, 13.84794 ], [ 109.28031, 13.84884 ], [ 109.28055, 13.84942 ], [ 109.28015, 13.84998 ], [ 109.28017, 13.85039 ], [ 109.2798, 13.85105 ], [ 109.28002, 13.85147 ], [ 109.27949, 13.85211 ], [ 109.27931, 13.85246 ], [ 109.27927, 13.8525 ], [ 109.27931, 13.85218 ], [ 109.27951, 13.85164 ], [ 109.27926, 13.85129 ], [ 109.27969, 13.85049 ], [ 109.27979, 13.84993 ], [ 109.27998, 13.84923 ], [ 109.27943, 13.84905 ], [ 109.27977, 13.84866 ], [ 109.27989, 13.84866 ], [ 109.28026, 13.84867 ], [ 109.28055, 13.84773 ], [ 109.28031, 13.84753 ], [ 109.28008, 13.84786 ], [ 109.28009, 13.84848 ], [ 109.27989, 13.84839 ], [ 109.27963, 13.84812 ], [ 109.27934, 13.84803 ], [ 109.27907, 13.84784 ], [ 109.27824, 13.84749 ], [ 109.27824, 13.84722 ], [ 109.27837, 13.84673 ], [ 109.27801, 13.8468 ], [ 109.27842, 13.84626 ], [ 109.27862, 13.84568 ], [ 109.27831, 13.84563 ], [ 109.27732, 13.8462 ], [ 109.27679, 13.84674 ], [ 109.27638, 13.84693 ], [ 109.27588, 13.84742 ], [ 109.2751, 13.84802 ], [ 109.27322, 13.85031 ], [ 109.27323, 13.85075 ], [ 109.27252, 13.85146 ], [ 109.27229, 13.85167 ], [ 109.27201, 13.85246 ], [ 109.27198, 13.8534 ], [ 109.27227, 13.85412 ], [ 109.27245, 13.85457 ], [ 109.27254, 13.85485 ], [ 109.27263, 13.85512 ], [ 109.27279, 13.85561 ], [ 109.27319, 13.85613 ], [ 109.27353, 13.85683 ], [ 109.27447, 13.85686 ], [ 109.2743, 13.85666 ], [ 109.27382, 13.85667 ], [ 109.27382, 13.85653 ], [ 109.27383, 13.85621 ], [ 109.27382, 13.85568 ], [ 109.27448, 13.85567 ], [ 109.27462, 13.85563 ], [ 109.27465, 13.85569 ], [ 109.27489, 13.85581 ], [ 109.27497, 13.85566 ], [ 109.27462, 13.85563 ], [ 109.27444, 13.85523 ], [ 109.27396, 13.85491 ], [ 109.27375, 13.85458 ], [ 109.27329, 13.85399 ], [ 109.27328, 13.85335 ], [ 109.27344, 13.85289 ], [ 109.27392, 13.85259 ], [ 109.27428, 13.85207 ], [ 109.2746, 13.85125 ], [ 109.27497, 13.85066 ], [ 109.27461, 13.85048 ], [ 109.27473, 13.84996 ], [ 109.27552, 13.84946 ], [ 109.27583, 13.84918 ], [ 109.27624, 13.84877 ], [ 109.27657, 13.84846 ], [ 109.27685, 13.8479 ], [ 109.27739, 13.8474 ], [ 109.27781, 13.84686 ], [ 109.27801, 13.8468 ] ], [ [ 109.27517, 13.85244 ], [ 109.27557, 13.85293 ], [ 109.27581, 13.8536 ], [ 109.27606, 13.85348 ], [ 109.27598, 13.85312 ], [ 109.27575, 13.85257 ], [ 109.27542, 13.85243 ], [ 109.27538, 13.85238 ], [ 109.27517, 13.85244 ] ], [ [ 109.2754, 13.85179 ], [ 109.27526, 13.85212 ], [ 109.27544, 13.85204 ], [ 109.27548, 13.85175 ], [ 109.2754, 13.85179 ] ], [ [ 109.27537, 13.85151 ], [ 109.27545, 13.85159 ], [ 109.27548, 13.85148 ], [ 109.27537, 13.85151 ] ], [ [ 109.27757, 13.85128 ], [ 109.27789, 13.85143 ], [ 109.2781, 13.85105 ], [ 109.2778, 13.85095 ], [ 109.27768, 13.85082 ], [ 109.27757, 13.85128 ] ], [ [ 109.27748, 13.85058 ], [ 109.27773, 13.85081 ], [ 109.27789, 13.85071 ], [ 109.2778, 13.8505 ], [ 109.27748, 13.85058 ] ], [ [ 109.27859, 13.85628 ], [ 109.27845, 13.85561 ], [ 109.27841, 13.85557 ], [ 109.27809, 13.85566 ], [ 109.27805, 13.85623 ], [ 109.27843, 13.85706 ], [ 109.27859, 13.85628 ] ], [ [ 109.27836, 13.86011 ], [ 109.27846, 13.85923 ], [ 109.27828, 13.85881 ], [ 109.27802, 13.85846 ], [ 109.27779, 13.85852 ], [ 109.27787, 13.85887 ], [ 109.27817, 13.85955 ], [ 109.27808, 13.8603 ], [ 109.27836, 13.86011 ] ], [ [ 109.27729, 13.86189 ], [ 109.27716, 13.86161 ], [ 109.27703, 13.86169 ], [ 109.27712, 13.86201 ], [ 109.27729, 13.86189 ] ], [ [ 109.2751, 13.85631 ], [ 109.27517, 13.85618 ], [ 109.27477, 13.85621 ], [ 109.27486, 13.85638 ], [ 109.2751, 13.85631 ] ], [ [ 109.27571, 13.86305 ], [ 109.27572, 13.86269 ], [ 109.27572, 13.86199 ], [ 109.27582, 13.86138 ], [ 109.27592, 13.8612 ], [ 109.27601, 13.86093 ], [ 109.27629, 13.86057 ], [ 109.27643, 13.8603 ], [ 109.27669, 13.85981 ], [ 109.27648, 13.85921 ], [ 109.27649, 13.85895 ], [ 109.27603, 13.85867 ], [ 109.27566, 13.85849 ], [ 109.27566, 13.85817 ], [ 109.27613, 13.8575 ], [ 109.27603, 13.85719 ], [ 109.27555, 13.85684 ], [ 109.27535, 13.85663 ], [ 109.27492, 13.85668 ], [ 109.27465, 13.85693 ], [ 109.27516, 13.85853 ], [ 109.27553, 13.85901 ], [ 109.27565, 13.85939 ], [ 109.27584, 13.85975 ], [ 109.27583, 13.8602 ], [ 109.27584, 13.86083 ], [ 109.27503, 13.86134 ], [ 109.27497, 13.86344 ], [ 109.27515, 13.86363 ], [ 109.27525, 13.86345 ], [ 109.27538, 13.8632 ], [ 109.27605, 13.86354 ], [ 109.27571, 13.86305 ] ], [ [ 109.27428, 13.85785 ], [ 109.27432, 13.85771 ], [ 109.27345, 13.85774 ], [ 109.27331, 13.85809 ], [ 109.27355, 13.85813 ], [ 109.27428, 13.85785 ] ], [ [ 109.2754, 13.8602 ], [ 109.27518, 13.86012 ], [ 109.27514, 13.86006 ], [ 109.27482, 13.86011 ], [ 109.27479, 13.86029 ], [ 109.27535, 13.8604 ], [ 109.2754, 13.8602 ] ], [ [ 109.27585, 13.86377 ], [ 109.27547, 13.86381 ], [ 109.27526, 13.86407 ], [ 109.2755, 13.86425 ], [ 109.27597, 13.86403 ], [ 109.27585, 13.86377 ] ], [ [ 109.2761, 13.86401 ], [ 109.27583, 13.86445 ], [ 109.27625, 13.86432 ], [ 109.27631, 13.86396 ], [ 109.2761, 13.86401 ] ], [ [ 109.27492, 13.86467 ], [ 109.27478, 13.86476 ], [ 109.2746, 13.86529 ], [ 109.27504, 13.86527 ], [ 109.27511, 13.86506 ], [ 109.27492, 13.86467 ] ], [ [ 109.27535, 13.86472 ], [ 109.27553, 13.86525 ], [ 109.27571, 13.86511 ], [ 109.27575, 13.86468 ], [ 109.27535, 13.86472 ] ], [ [ 109.27376, 13.86641 ], [ 109.27355, 13.86617 ], [ 109.27334, 13.86574 ], [ 109.27308, 13.86578 ], [ 109.27293, 13.86611 ], [ 109.27308, 13.86643 ], [ 109.27349, 13.8665 ], [ 109.27381, 13.86677 ], [ 109.27376, 13.86641 ] ], [ [ 109.27264, 13.8657 ], [ 109.27256, 13.86542 ], [ 109.2723, 13.86496 ], [ 109.2722, 13.86415 ], [ 109.27206, 13.86384 ], [ 109.2718, 13.86388 ], [ 109.27191, 13.86508 ], [ 109.2721, 13.86542 ], [ 109.2723, 13.86587 ], [ 109.27264, 13.8657 ] ], [ [ 109.27291, 13.8665 ], [ 109.27278, 13.86637 ], [ 109.27278, 13.86619 ], [ 109.2726, 13.86619 ], [ 109.27248, 13.86598 ], [ 109.27226, 13.86608 ], [ 109.27222, 13.86646 ], [ 109.27211, 13.8665 ], [ 109.27222, 13.86655 ], [ 109.27222, 13.86673 ], [ 109.27231, 13.86673 ], [ 109.27253, 13.86696 ], [ 109.27291, 13.8665 ] ], [ [ 109.27206, 13.86668 ], [ 109.27195, 13.86646 ], [ 109.27173, 13.8665 ], [ 109.27188, 13.86676 ], [ 109.27206, 13.86668 ] ], [ [ 109.27438, 13.8672 ], [ 109.27456, 13.8676 ], [ 109.27493, 13.86745 ], [ 109.27476, 13.86716 ], [ 109.27454, 13.86666 ], [ 109.27442, 13.86675 ], [ 109.27438, 13.8672 ] ], [ [ 109.27497, 13.86681 ], [ 109.27505, 13.86705 ], [ 109.2752, 13.86696 ], [ 109.27509, 13.86675 ], [ 109.27497, 13.86681 ] ], [ [ 109.27476, 13.86897 ], [ 109.2747, 13.86874 ], [ 109.27439, 13.86878 ], [ 109.27459, 13.86904 ], [ 109.27476, 13.86897 ] ], [ [ 109.27264, 13.86751 ], [ 109.27259, 13.86728 ], [ 109.27236, 13.86733 ], [ 109.27247, 13.86758 ], [ 109.27264, 13.86751 ] ], [ [ 109.27168, 13.87074 ], [ 109.27151, 13.86993 ], [ 109.27137, 13.86962 ], [ 109.27114, 13.86968 ], [ 109.27127, 13.87059 ], [ 109.27153, 13.87092 ], [ 109.27168, 13.87074 ] ], [ [ 109.27211, 13.86291 ], [ 109.27222, 13.86343 ], [ 109.27246, 13.86317 ], [ 109.27234, 13.86284 ], [ 109.27211, 13.86291 ] ], [ [ 109.27314, 13.86478 ], [ 109.27318, 13.86509 ], [ 109.27332, 13.86522 ], [ 109.27335, 13.86475 ], [ 109.27314, 13.86478 ] ], [ [ 109.27256, 13.8566 ], [ 109.2728, 13.85746 ], [ 109.27307, 13.85735 ], [ 109.27267, 13.85652 ], [ 109.27256, 13.8566 ] ], [ [ 109.27891, 13.84536 ], [ 109.27888, 13.84564 ], [ 109.27903, 13.84603 ], [ 109.27881, 13.8465 ], [ 109.27852, 13.84699 ], [ 109.27878, 13.84692 ], [ 109.27954, 13.84574 ], [ 109.27946, 13.84558 ], [ 109.27913, 13.84518 ], [ 109.27891, 13.84536 ] ], [ [ 109.27922, 13.84667 ], [ 109.27899, 13.8472 ], [ 109.27935, 13.84691 ], [ 109.2794, 13.84663 ], [ 109.27922, 13.84667 ] ], [ [ 109.28586, 13.82973 ], [ 109.28591, 13.82917 ], [ 109.28573, 13.82877 ], [ 109.28549, 13.82884 ], [ 109.2856, 13.82999 ], [ 109.28586, 13.82973 ] ], [ [ 109.28533, 13.82999 ], [ 109.28531, 13.82936 ], [ 109.28526, 13.82931 ], [ 109.28429, 13.82991 ], [ 109.28425, 13.83076 ], [ 109.28445, 13.83098 ], [ 109.28537, 13.83086 ], [ 109.2855, 13.83049 ], [ 109.28533, 13.82999 ] ] ], [ [ [ 109.29198, 13.87256 ], [ 109.29198, 13.87265 ], [ 109.29188, 13.87265 ], [ 109.29188, 13.87256 ], [ 109.29198, 13.87256 ] ] ], [ [ [ 109.27333, 13.87255 ], [ 109.27307, 13.87238 ], [ 109.27338, 13.87234 ], [ 109.27333, 13.87255 ] ] ], [ [ [ 109.27857, 13.87202 ], [ 109.27882, 13.87171 ], [ 109.2796, 13.87201 ], [ 109.28024, 13.87163 ], [ 109.28071, 13.87131 ], [ 109.28113, 13.87148 ], [ 109.28105, 13.87206 ], [ 109.2813, 13.87247 ], [ 109.28143, 13.87231 ], [ 109.2817, 13.87225 ], [ 109.28184, 13.87249 ], [ 109.28122, 13.87273 ], [ 109.28155, 13.87317 ], [ 109.28115, 13.87321 ], [ 109.28115, 13.87312 ], [ 109.28106, 13.87312 ], [ 109.28096, 13.87294 ], [ 109.28078, 13.87285 ], [ 109.28074, 13.87271 ], [ 109.28055, 13.87226 ], [ 109.28074, 13.87195 ], [ 109.28046, 13.87198 ], [ 109.28034, 13.87225 ], [ 109.27978, 13.87265 ], [ 109.2792, 13.8724 ], [ 109.2788, 13.87267 ], [ 109.27836, 13.87279 ], [ 109.27792, 13.87304 ], [ 109.27778, 13.87287 ], [ 109.27742, 13.87265 ], [ 109.27768, 13.8725 ], [ 109.2781, 13.87233 ], [ 109.27829, 13.87211 ], [ 109.27844, 13.87208 ], [ 109.27857, 13.87202 ], [ 109.27851, 13.87219 ], [ 109.27796, 13.87257 ], [ 109.2781, 13.87277 ], [ 109.27861, 13.87251 ], [ 109.2788, 13.87243 ], [ 109.27898, 13.87233 ], [ 109.27944, 13.87223 ], [ 109.27916, 13.87199 ], [ 109.27882, 13.87197 ], [ 109.27857, 13.87202 ] ], [ [ 109.27995, 13.87203 ], [ 109.27964, 13.87224 ], [ 109.2799, 13.87232 ], [ 109.27995, 13.87203 ] ] ], [ [ [ 109.25285, 13.87165 ], [ 109.25272, 13.873 ], [ 109.25244, 13.87314 ], [ 109.25254, 13.87175 ], [ 109.25285, 13.87165 ] ] ], [ [ [ 109.27533, 13.87208 ], [ 109.27547, 13.87213 ], [ 109.27563, 13.87231 ], [ 109.27606, 13.87241 ], [ 109.27659, 13.87271 ], [ 109.27702, 13.87267 ], [ 109.27722, 13.87273 ], [ 109.27629, 13.8735 ], [ 109.27587, 13.87317 ], [ 109.27583, 13.87313 ], [ 109.27509, 13.87303 ], [ 109.27498, 13.87249 ], [ 109.27445, 13.87184 ], [ 109.27494, 13.8715 ], [ 109.27519, 13.87177 ], [ 109.27524, 13.87181 ], [ 109.27524, 13.87199 ], [ 109.27493, 13.87188 ], [ 109.27482, 13.87216 ], [ 109.27523, 13.8724 ], [ 109.27533, 13.87208 ] ], [ [ 109.27616, 13.87263 ], [ 109.27547, 13.8727 ], [ 109.27544, 13.87299 ], [ 109.27638, 13.87307 ], [ 109.2763, 13.87286 ], [ 109.27616, 13.87263 ] ] ], [ [ [ 109.27406, 13.87373 ], [ 109.2739, 13.87365 ], [ 109.27411, 13.87361 ], [ 109.27406, 13.87373 ] ] ], [ [ [ 109.27061, 13.87415 ], [ 109.27044, 13.87426 ], [ 109.27028, 13.87394 ], [ 109.27041, 13.87386 ], [ 109.27061, 13.87415 ] ] ], [ [ [ 109.2747, 13.87398 ], [ 109.27461, 13.87437 ], [ 109.27444, 13.87409 ], [ 109.27435, 13.87376 ], [ 109.27458, 13.87371 ], [ 109.2747, 13.87398 ] ] ], [ [ [ 109.27367, 13.87428 ], [ 109.27309, 13.87451 ], [ 109.27296, 13.8744 ], [ 109.2733, 13.87427 ], [ 109.27357, 13.87393 ], [ 109.27374, 13.87388 ], [ 109.27367, 13.87428 ] ] ], [ [ [ 109.2908, 13.87483 ], [ 109.29053, 13.87475 ], [ 109.29085, 13.87454 ], [ 109.2908, 13.87483 ] ] ], [ [ [ 109.27939, 13.87462 ], [ 109.27917, 13.87487 ], [ 109.27903, 13.87442 ], [ 109.27859, 13.87468 ], [ 109.27855, 13.87473 ], [ 109.27822, 13.87478 ], [ 109.2778, 13.87447 ], [ 109.27721, 13.87422 ], [ 109.27657, 13.87398 ], [ 109.27676, 13.87368 ], [ 109.27733, 13.87381 ], [ 109.27811, 13.8743 ], [ 109.27853, 13.87414 ], [ 109.27893, 13.87384 ], [ 109.27902, 13.87374 ], [ 109.27919, 13.8737 ], [ 109.27932, 13.8734 ], [ 109.27889, 13.87317 ], [ 109.27909, 13.87302 ], [ 109.27932, 13.87311 ], [ 109.2796, 13.8729 ], [ 109.27985, 13.87302 ], [ 109.27985, 13.8732 ], [ 109.27995, 13.8732 ], [ 109.27994, 13.87329 ], [ 109.28004, 13.87329 ], [ 109.27997, 13.87362 ], [ 109.27982, 13.87378 ], [ 109.27972, 13.87342 ], [ 109.27951, 13.87334 ], [ 109.2796, 13.87424 ], [ 109.27976, 13.87437 ], [ 109.2804, 13.87431 ], [ 109.28031, 13.87456 ], [ 109.28021, 13.87456 ], [ 109.28021, 13.87465 ], [ 109.27966, 13.87465 ], [ 109.27954, 13.87451 ], [ 109.27939, 13.87462 ] ], [ [ 109.27903, 13.87395 ], [ 109.27891, 13.87422 ], [ 109.27915, 13.87413 ], [ 109.2792, 13.87392 ], [ 109.27903, 13.87395 ] ] ], [ [ [ 109.25241, 13.87463 ], [ 109.25229, 13.87494 ], [ 109.25212, 13.87474 ], [ 109.25217, 13.87432 ], [ 109.25236, 13.87399 ], [ 109.25246, 13.87391 ], [ 109.25241, 13.87463 ] ] ], [ [ [ 109.27553, 13.87555 ], [ 109.27537, 13.87547 ], [ 109.27558, 13.87543 ], [ 109.27553, 13.87555 ] ] ], [ [ [ 109.275, 13.87528 ], [ 109.27506, 13.87562 ], [ 109.27478, 13.87549 ], [ 109.27472, 13.8752 ], [ 109.27493, 13.87516 ], [ 109.275, 13.87528 ] ] ], [ [ [ 109.29155, 13.87605 ], [ 109.29144, 13.87611 ], [ 109.29137, 13.87574 ], [ 109.29158, 13.87563 ], [ 109.29155, 13.87605 ] ] ], [ [ [ 109.27837, 13.87591 ], [ 109.27798, 13.87603 ], [ 109.27805, 13.87573 ], [ 109.27845, 13.87563 ], [ 109.27837, 13.87591 ] ] ], [ [ [ 109.25443, 13.87595 ], [ 109.25413, 13.87613 ], [ 109.25418, 13.87578 ], [ 109.25449, 13.87555 ], [ 109.25443, 13.87595 ] ] ], [ [ [ 109.26775, 13.87525 ], [ 109.26812, 13.87555 ], [ 109.26822, 13.87579 ], [ 109.26839, 13.87593 ], [ 109.26845, 13.87633 ], [ 109.26809, 13.87612 ], [ 109.26742, 13.87592 ], [ 109.26712, 13.87523 ], [ 109.26686, 13.87487 ], [ 109.26763, 13.87483 ], [ 109.26775, 13.87525 ] ] ], [ [ [ 109.27104, 13.87648 ], [ 109.2708, 13.87642 ], [ 109.2708, 13.8759 ], [ 109.27099, 13.87618 ], [ 109.27104, 13.87648 ] ] ], [ [ [ 109.27104, 13.87648 ], [ 109.27138, 13.87652 ], [ 109.27144, 13.87662 ], [ 109.27115, 13.8767 ], [ 109.27104, 13.87648 ] ] ], [ [ [ 109.27422, 13.8767 ], [ 109.2739, 13.87674 ], [ 109.27359, 13.87661 ], [ 109.27368, 13.87644 ], [ 109.27395, 13.87648 ], [ 109.27446, 13.87642 ], [ 109.27422, 13.8767 ] ] ], [ [ [ 109.29297, 13.87555 ], [ 109.29297, 13.87564 ], [ 109.29306, 13.87564 ], [ 109.29306, 13.87582 ], [ 109.29306, 13.87601 ], [ 109.29315, 13.87601 ], [ 109.29315, 13.8761 ], [ 109.29325, 13.8761 ], [ 109.29348, 13.8765 ], [ 109.29352, 13.87664 ], [ 109.29352, 13.87673 ], [ 109.29361, 13.87673 ], [ 109.29361, 13.87682 ], [ 109.29357, 13.87687 ], [ 109.29329, 13.87695 ], [ 109.29274, 13.87652 ], [ 109.2926, 13.87551 ], [ 109.29297, 13.87546 ], [ 109.29297, 13.87555 ] ] ], [ [ [ 109.28286, 13.87681 ], [ 109.28272, 13.87695 ], [ 109.28267, 13.8766 ], [ 109.28288, 13.87657 ], [ 109.28286, 13.87681 ] ] ], [ [ [ 109.25305, 13.87674 ], [ 109.25297, 13.87659 ], [ 109.25309, 13.87654 ], [ 109.25305, 13.87674 ] ] ], [ [ [ 109.26959, 13.87686 ], [ 109.26934, 13.87678 ], [ 109.26965, 13.87674 ], [ 109.26959, 13.87686 ] ] ], [ [ [ 109.27665, 13.87669 ], [ 109.27641, 13.87691 ], [ 109.27621, 13.87677 ], [ 109.27641, 13.87655 ], [ 109.27668, 13.87652 ], [ 109.27665, 13.87669 ] ] ], [ [ [ 109.27831, 13.87668 ], [ 109.27785, 13.87694 ], [ 109.27766, 13.87698 ], [ 109.27794, 13.87651 ], [ 109.27835, 13.87644 ], [ 109.27831, 13.87668 ] ] ], [ [ [ 109.29777, 13.87703 ], [ 109.29777, 13.87712 ], [ 109.29768, 13.87712 ], [ 109.29768, 13.87703 ], [ 109.29777, 13.87703 ] ] ], [ [ [ 109.27016, 13.87661 ], [ 109.2704, 13.87685 ], [ 109.27021, 13.87697 ], [ 109.2697, 13.87664 ], [ 109.27011, 13.87657 ], [ 109.27016, 13.87661 ] ] ], [ [ [ 109.28097, 13.87727 ], [ 109.28055, 13.87753 ], [ 109.28033, 13.87737 ], [ 109.28103, 13.87701 ], [ 109.28097, 13.87727 ] ] ], [ [ [ 109.28377, 13.87679 ], [ 109.28384, 13.87734 ], [ 109.28366, 13.8776 ], [ 109.28358, 13.87706 ], [ 109.28341, 13.87653 ], [ 109.28362, 13.87648 ], [ 109.28377, 13.87679 ] ] ], [ [ [ 109.26839, 13.87716 ], [ 109.26848, 13.87755 ], [ 109.26821, 13.87749 ], [ 109.26795, 13.87688 ], [ 109.26817, 13.87682 ], [ 109.26839, 13.87716 ] ] ], [ [ [ 109.28256, 13.87743 ], [ 109.28233, 13.87772 ], [ 109.28215, 13.87768 ], [ 109.2822, 13.87745 ], [ 109.2826, 13.8772 ], [ 109.28256, 13.87743 ] ] ], [ [ [ 109.29582, 13.87801 ], [ 109.29582, 13.8781 ], [ 109.29573, 13.8781 ], [ 109.29573, 13.87801 ], [ 109.29582, 13.87801 ] ] ], [ [ [ 109.29573, 13.8781 ], [ 109.29573, 13.87819 ], [ 109.29554, 13.87819 ], [ 109.29554, 13.8781 ], [ 109.29573, 13.8781 ] ] ], [ [ [ 109.28995, 13.8779 ], [ 109.2897, 13.87827 ], [ 109.28923, 13.87817 ], [ 109.28969, 13.87766 ], [ 109.29, 13.87761 ], [ 109.28995, 13.8779 ] ] ], [ [ [ 109.27077, 13.87754 ], [ 109.27071, 13.87814 ], [ 109.27052, 13.87785 ], [ 109.27044, 13.87734 ], [ 109.27066, 13.87729 ], [ 109.27077, 13.87754 ] ] ], [ [ [ 109.2523, 13.87818 ], [ 109.25222, 13.87795 ], [ 109.25234, 13.87789 ], [ 109.2523, 13.87818 ] ] ], [ [ [ 109.29702, 13.87847 ], [ 109.29702, 13.87865 ], [ 109.29693, 13.87865 ], [ 109.29693, 13.87847 ], [ 109.29702, 13.87847 ] ] ], [ [ [ 109.25369, 13.87795 ], [ 109.25352, 13.87834 ], [ 109.25323, 13.87843 ], [ 109.25345, 13.87776 ], [ 109.25373, 13.87772 ], [ 109.25369, 13.87795 ] ] ], [ [ [ 109.29767, 13.87875 ], [ 109.29771, 13.87852 ], [ 109.29776, 13.8783 ], [ 109.29789, 13.87837 ], [ 109.29776, 13.8787 ], [ 109.29767, 13.87875 ] ] ], [ [ [ 109.29387, 13.87774 ], [ 109.29416, 13.87796 ], [ 109.29428, 13.87864 ], [ 109.29408, 13.87876 ], [ 109.2939, 13.87811 ], [ 109.29354, 13.87768 ], [ 109.29379, 13.87764 ], [ 109.29387, 13.87774 ] ] ], [ [ [ 109.27737, 13.87871 ], [ 109.27709, 13.87859 ], [ 109.27719, 13.87829 ], [ 109.27741, 13.87825 ], [ 109.27737, 13.87871 ] ] ], [ [ [ 109.2726, 13.87875 ], [ 109.27269, 13.87875 ], [ 109.27269, 13.87884 ], [ 109.27259, 13.87884 ], [ 109.2726, 13.87875 ] ] ], [ [ [ 109.27269, 13.87884 ], [ 109.27278, 13.87885 ], [ 109.27278, 13.87894 ], [ 109.27269, 13.87894 ], [ 109.27269, 13.87884 ] ] ], [ [ [ 109.29044, 13.84245 ], [ 109.2903, 13.84233 ], [ 109.28985, 13.84153 ], [ 109.28943, 13.84141 ], [ 109.28903, 13.84239 ], [ 109.28855, 13.84284 ], [ 109.28828, 13.84323 ], [ 109.28789, 13.84347 ], [ 109.2877, 13.84364 ], [ 109.28827, 13.84375 ], [ 109.2887, 13.84397 ], [ 109.28834, 13.84465 ], [ 109.28835, 13.84518 ], [ 109.28811, 13.84573 ], [ 109.28768, 13.84628 ], [ 109.28737, 13.84704 ], [ 109.28693, 13.84717 ], [ 109.28675, 13.84726 ], [ 109.28645, 13.8474 ], [ 109.28665, 13.84779 ], [ 109.28674, 13.84815 ], [ 109.28597, 13.84859 ], [ 109.28563, 13.84825 ], [ 109.28548, 13.8481 ], [ 109.28601, 13.84735 ], [ 109.28581, 13.84708 ], [ 109.28526, 13.84735 ], [ 109.2849, 13.84788 ], [ 109.2847, 13.84798 ], [ 109.2845, 13.84818 ], [ 109.28453, 13.84851 ], [ 109.28508, 13.84816 ], [ 109.28527, 13.84807 ], [ 109.28545, 13.84863 ], [ 109.28543, 13.84924 ], [ 109.28442, 13.85037 ], [ 109.28424, 13.85222 ], [ 109.2841, 13.85284 ], [ 109.28369, 13.85388 ], [ 109.28355, 13.85432 ], [ 109.2841, 13.85468 ], [ 109.28391, 13.8554 ], [ 109.28372, 13.85574 ], [ 109.28392, 13.85611 ], [ 109.2839, 13.85671 ], [ 109.28447, 13.85685 ], [ 109.28445, 13.85758 ], [ 109.28482, 13.85782 ], [ 109.28501, 13.85802 ], [ 109.28602, 13.85801 ], [ 109.28665, 13.85833 ], [ 109.28696, 13.85847 ], [ 109.28758, 13.85816 ], [ 109.28815, 13.85803 ], [ 109.28887, 13.85775 ], [ 109.28936, 13.85743 ], [ 109.28987, 13.85728 ], [ 109.2901, 13.85705 ], [ 109.29048, 13.85696 ], [ 109.29103, 13.85669 ], [ 109.29131, 13.8567 ], [ 109.2913, 13.85689 ], [ 109.29103, 13.8574 ], [ 109.29094, 13.85769 ], [ 109.29131, 13.8575 ], [ 109.2916, 13.85751 ], [ 109.29176, 13.85811 ], [ 109.29142, 13.8589 ], [ 109.29064, 13.85927 ], [ 109.29007, 13.85968 ], [ 109.28989, 13.86004 ], [ 109.28989, 13.8603 ], [ 109.28989, 13.86053 ], [ 109.28989, 13.86084 ], [ 109.28988, 13.86138 ], [ 109.2903, 13.86193 ], [ 109.28988, 13.86272 ], [ 109.28929, 13.86343 ], [ 109.28913, 13.86394 ], [ 109.28952, 13.86381 ], [ 109.29034, 13.86328 ], [ 109.29058, 13.86257 ], [ 109.2914, 13.86245 ], [ 109.29192, 13.86323 ], [ 109.2919, 13.86378 ], [ 109.29153, 13.86402 ], [ 109.29119, 13.86424 ], [ 109.29106, 13.86476 ], [ 109.29079, 13.8655 ], [ 109.29097, 13.86603 ], [ 109.29094, 13.86702 ], [ 109.29045, 13.86772 ], [ 109.29028, 13.86902 ], [ 109.28992, 13.86968 ], [ 109.28973, 13.87059 ], [ 109.28955, 13.87108 ], [ 109.28991, 13.87142 ], [ 109.29026, 13.87072 ], [ 109.29117, 13.87103 ], [ 109.29145, 13.87132 ], [ 109.29129, 13.87179 ], [ 109.29119, 13.87233 ], [ 109.291, 13.87261 ], [ 109.29069, 13.8726 ], [ 109.29052, 13.87174 ], [ 109.29005, 13.8716 ], [ 109.2898, 13.87198 ], [ 109.28961, 13.87253 ], [ 109.28962, 13.87313 ], [ 109.28878, 13.87322 ], [ 109.28869, 13.87349 ], [ 109.28964, 13.87368 ], [ 109.29026, 13.87367 ], [ 109.29063, 13.87368 ], [ 109.29076, 13.87368 ], [ 109.29112, 13.8731 ], [ 109.29156, 13.87297 ], [ 109.29188, 13.87274 ], [ 109.29191, 13.87289 ], [ 109.29197, 13.87302 ], [ 109.29173, 13.87307 ], [ 109.29132, 13.87334 ], [ 109.29175, 13.8735 ], [ 109.29224, 13.87383 ], [ 109.29224, 13.87401 ], [ 109.29234, 13.87401 ], [ 109.29234, 13.8741 ], [ 109.29233, 13.87419 ], [ 109.29243, 13.87419 ], [ 109.29243, 13.87437 ], [ 109.29238, 13.87451 ], [ 109.29236, 13.87526 ], [ 109.29218, 13.87541 ], [ 109.29191, 13.87487 ], [ 109.29182, 13.87469 ], [ 109.29173, 13.8745 ], [ 109.29192, 13.87432 ], [ 109.29155, 13.87414 ], [ 109.29137, 13.87405 ], [ 109.29027, 13.87395 ], [ 109.29016, 13.8749 ], [ 109.29051, 13.87507 ], [ 109.2907, 13.87566 ], [ 109.2908, 13.87586 ], [ 109.29079, 13.87607 ], [ 109.29012, 13.8758 ], [ 109.28988, 13.87531 ], [ 109.28968, 13.87521 ], [ 109.2894, 13.87549 ], [ 109.28941, 13.87593 ], [ 109.28941, 13.87603 ], [ 109.28892, 13.87648 ], [ 109.28894, 13.87755 ], [ 109.28865, 13.87792 ], [ 109.28846, 13.87819 ], [ 109.28847, 13.87881 ], [ 109.2872, 13.87926 ], [ 109.28689, 13.87905 ], [ 109.28727, 13.87881 ], [ 109.28754, 13.87854 ], [ 109.28791, 13.87837 ], [ 109.28809, 13.87827 ], [ 109.28788, 13.87786 ], [ 109.2884, 13.87726 ], [ 109.28856, 13.87692 ], [ 109.28816, 13.87712 ], [ 109.28781, 13.877 ], [ 109.28736, 13.87701 ], [ 109.28717, 13.877 ], [ 109.2869, 13.87673 ], [ 109.28671, 13.87664 ], [ 109.28672, 13.87728 ], [ 109.28735, 13.87727 ], [ 109.28745, 13.87733 ], [ 109.28717, 13.87773 ], [ 109.28708, 13.878 ], [ 109.28689, 13.87817 ], [ 109.28675, 13.87858 ], [ 109.28561, 13.87873 ], [ 109.2855, 13.87855 ], [ 109.28597, 13.87844 ], [ 109.28615, 13.87835 ], [ 109.28667, 13.87819 ], [ 109.28689, 13.87757 ], [ 109.28651, 13.87745 ], [ 109.28616, 13.87727 ], [ 109.28568, 13.87711 ], [ 109.28505, 13.87726 ], [ 109.28477, 13.87717 ], [ 109.28422, 13.87703 ], [ 109.28404, 13.87623 ], [ 109.28437, 13.87503 ], [ 109.2847, 13.87473 ], [ 109.2849, 13.87512 ], [ 109.28535, 13.87445 ], [ 109.28559, 13.87423 ], [ 109.28619, 13.87313 ], [ 109.28564, 13.87246 ], [ 109.28556, 13.86992 ], [ 109.28539, 13.86922 ], [ 109.28527, 13.86824 ], [ 109.28511, 13.86743 ], [ 109.28513, 13.86643 ], [ 109.28498, 13.86553 ], [ 109.28458, 13.86515 ], [ 109.28431, 13.86487 ], [ 109.2842, 13.86478 ], [ 109.28347, 13.86496 ], [ 109.28243, 13.86493 ], [ 109.28199, 13.86522 ], [ 109.2817, 13.86541 ], [ 109.28173, 13.86558 ], [ 109.28245, 13.8654 ], [ 109.28344, 13.86531 ], [ 109.28376, 13.86532 ], [ 109.28435, 13.86572 ], [ 109.28465, 13.86664 ], [ 109.28475, 13.86741 ], [ 109.2848, 13.86745 ], [ 109.28489, 13.86869 ], [ 109.28481, 13.86989 ], [ 109.28485, 13.87071 ], [ 109.28481, 13.87131 ], [ 109.28463, 13.87147 ], [ 109.2845, 13.8716 ], [ 109.28454, 13.87233 ], [ 109.28452, 13.87264 ], [ 109.28413, 13.87291 ], [ 109.28398, 13.87272 ], [ 109.28424, 13.87249 ], [ 109.28413, 13.87219 ], [ 109.28379, 13.87237 ], [ 109.2835, 13.87246 ], [ 109.28353, 13.87286 ], [ 109.28387, 13.87317 ], [ 109.28397, 13.8734 ], [ 109.28367, 13.8742 ], [ 109.28302, 13.87448 ], [ 109.28257, 13.87484 ], [ 109.28294, 13.87507 ], [ 109.28306, 13.8752 ], [ 109.28301, 13.87583 ], [ 109.28238, 13.87579 ], [ 109.2822, 13.87563 ], [ 109.28275, 13.87553 ], [ 109.28284, 13.87541 ], [ 109.28256, 13.87517 ], [ 109.28247, 13.87496 ], [ 109.28156, 13.87501 ], [ 109.28146, 13.87552 ], [ 109.28133, 13.87586 ], [ 109.28044, 13.87593 ], [ 109.2809, 13.87553 ], [ 109.28095, 13.87538 ], [ 109.28109, 13.87531 ], [ 109.28113, 13.87511 ], [ 109.2812, 13.87508 ], [ 109.28126, 13.87496 ], [ 109.28147, 13.8749 ], [ 109.28163, 13.87478 ], [ 109.28199, 13.87471 ], [ 109.28206, 13.87457 ], [ 109.28213, 13.87453 ], [ 109.28233, 13.87423 ], [ 109.28211, 13.87393 ], [ 109.28168, 13.87383 ], [ 109.2816, 13.87394 ], [ 109.28146, 13.87398 ], [ 109.28105, 13.87443 ], [ 109.28066, 13.87428 ], [ 109.28101, 13.87407 ], [ 109.28168, 13.87353 ], [ 109.28218, 13.8738 ], [ 109.28273, 13.87384 ], [ 109.28291, 13.87368 ], [ 109.28312, 13.87345 ], [ 109.2836, 13.87335 ], [ 109.28342, 13.87319 ], [ 109.28314, 13.87317 ], [ 109.28268, 13.87319 ], [ 109.28277, 13.87299 ], [ 109.28303, 13.87263 ], [ 109.28287, 13.87227 ], [ 109.28269, 13.87194 ], [ 109.28298, 13.8716 ], [ 109.28343, 13.87147 ], [ 109.28375, 13.87124 ], [ 109.28379, 13.87172 ], [ 109.2841, 13.87196 ], [ 109.28434, 13.87155 ], [ 109.28456, 13.87128 ], [ 109.28472, 13.87061 ], [ 109.28447, 13.87012 ], [ 109.28413, 13.87021 ], [ 109.2842, 13.87055 ], [ 109.28406, 13.87092 ], [ 109.28385, 13.87106 ], [ 109.28389, 13.87092 ], [ 109.28405, 13.87051 ], [ 109.28372, 13.86992 ], [ 109.28288, 13.86984 ], [ 109.28251, 13.8697 ], [ 109.28209, 13.87027 ], [ 109.28187, 13.87029 ], [ 109.28174, 13.86959 ], [ 109.28232, 13.86912 ], [ 109.28298, 13.86921 ], [ 109.2834, 13.86889 ], [ 109.28326, 13.86951 ], [ 109.28356, 13.86958 ], [ 109.28406, 13.86904 ], [ 109.28462, 13.86966 ], [ 109.28467, 13.8695 ], [ 109.28476, 13.86822 ], [ 109.28456, 13.86706 ], [ 109.2842, 13.86614 ], [ 109.28407, 13.86571 ], [ 109.28368, 13.8655 ], [ 109.28254, 13.86558 ], [ 109.2819, 13.86567 ], [ 109.28091, 13.86575 ], [ 109.28015, 13.86609 ], [ 109.28013, 13.86638 ], [ 109.28071, 13.86647 ], [ 109.28067, 13.8671 ], [ 109.28081, 13.86711 ], [ 109.28099, 13.8668 ], [ 109.28084, 13.8664 ], [ 109.28111, 13.86626 ], [ 109.28222, 13.86634 ], [ 109.28316, 13.86629 ], [ 109.28336, 13.86647 ], [ 109.28364, 13.8674 ], [ 109.28373, 13.86776 ], [ 109.28387, 13.86814 ], [ 109.28372, 13.86839 ], [ 109.28355, 13.86876 ], [ 109.2834, 13.86889 ], [ 109.28352, 13.86838 ], [ 109.28356, 13.86785 ], [ 109.28329, 13.86783 ], [ 109.28293, 13.86802 ], [ 109.28284, 13.86782 ], [ 109.28308, 13.86756 ], [ 109.28345, 13.86725 ], [ 109.2832, 13.8666 ], [ 109.28297, 13.86647 ], [ 109.2824, 13.86651 ], [ 109.28116, 13.8664 ], [ 109.2811, 13.86688 ], [ 109.2811, 13.86697 ], [ 109.28101, 13.86697 ], [ 109.28101, 13.86706 ], [ 109.28088, 13.86714 ], [ 109.28097, 13.86745 ], [ 109.2811, 13.86724 ], [ 109.28128, 13.86725 ], [ 109.28128, 13.86716 ], [ 109.28165, 13.86725 ], [ 109.28165, 13.86734 ], [ 109.28175, 13.86734 ], [ 109.28175, 13.86743 ], [ 109.28184, 13.86743 ], [ 109.28192, 13.86794 ], [ 109.28176, 13.86833 ], [ 109.28179, 13.86858 ], [ 109.28159, 13.86874 ], [ 109.28046, 13.86882 ], [ 109.28013, 13.86827 ], [ 109.27993, 13.86819 ], [ 109.27941, 13.8689 ], [ 109.27887, 13.86901 ], [ 109.27873, 13.86918 ], [ 109.27833, 13.86941 ], [ 109.27746, 13.8693 ], [ 109.27731, 13.86874 ], [ 109.27715, 13.86862 ], [ 109.27707, 13.86849 ], [ 109.27743, 13.86862 ], [ 109.2779, 13.86871 ], [ 109.27824, 13.86884 ], [ 109.27898, 13.86831 ], [ 109.27913, 13.86781 ], [ 109.27958, 13.86746 ], [ 109.27974, 13.86727 ], [ 109.28047, 13.86697 ], [ 109.28055, 13.8667 ], [ 109.28068, 13.86659 ], [ 109.28038, 13.86648 ], [ 109.28027, 13.86661 ], [ 109.27954, 13.86656 ], [ 109.27928, 13.86616 ], [ 109.27875, 13.86567 ], [ 109.27865, 13.86511 ], [ 109.2783, 13.86528 ], [ 109.27819, 13.86547 ], [ 109.27821, 13.86586 ], [ 109.27806, 13.86645 ], [ 109.27778, 13.86635 ], [ 109.27798, 13.86597 ], [ 109.27765, 13.86517 ], [ 109.2781, 13.86454 ], [ 109.27813, 13.86402 ], [ 109.27784, 13.86376 ], [ 109.27798, 13.86345 ], [ 109.27829, 13.86361 ], [ 109.27886, 13.86335 ], [ 109.27887, 13.86307 ], [ 109.27885, 13.86259 ], [ 109.27906, 13.86238 ], [ 109.27961, 13.86213 ], [ 109.2802, 13.86178 ], [ 109.28063, 13.86168 ], [ 109.28072, 13.86141 ], [ 109.28091, 13.8609 ], [ 109.28083, 13.86069 ], [ 109.28036, 13.86054 ], [ 109.28046, 13.86013 ], [ 109.28092, 13.85971 ], [ 109.28082, 13.85937 ], [ 109.28012, 13.85912 ], [ 109.27985, 13.85937 ], [ 109.27968, 13.86005 ], [ 109.27939, 13.85994 ], [ 109.27917, 13.85953 ], [ 109.27907, 13.85889 ], [ 109.27911, 13.85797 ], [ 109.27908, 13.85696 ], [ 109.27919, 13.85652 ], [ 109.27943, 13.85595 ], [ 109.27929, 13.85553 ], [ 109.27918, 13.85432 ], [ 109.27907, 13.85421 ], [ 109.27902, 13.85381 ], [ 109.27912, 13.85345 ], [ 109.27917, 13.8525 ], [ 109.27927, 13.8525 ], [ 109.27933, 13.85331 ], [ 109.27914, 13.8538 ], [ 109.27948, 13.85531 ], [ 109.27984, 13.85548 ], [ 109.28002, 13.85671 ], [ 109.28012, 13.8569 ], [ 109.28047, 13.85688 ], [ 109.28076, 13.85704 ], [ 109.2802, 13.85743 ], [ 109.28003, 13.85761 ], [ 109.27974, 13.8577 ], [ 109.27964, 13.85669 ], [ 109.27924, 13.85671 ], [ 109.27928, 13.85747 ], [ 109.27946, 13.85797 ], [ 109.27956, 13.85839 ], [ 109.28001, 13.85815 ], [ 109.28048, 13.85798 ], [ 109.28072, 13.85761 ], [ 109.28149, 13.85695 ], [ 109.28167, 13.85622 ], [ 109.28187, 13.85569 ], [ 109.28197, 13.85527 ], [ 109.28212, 13.85475 ], [ 109.28252, 13.85457 ], [ 109.28212, 13.85385 ], [ 109.28177, 13.85353 ], [ 109.28162, 13.85315 ], [ 109.28194, 13.85258 ], [ 109.28269, 13.85247 ], [ 109.28292, 13.85175 ], [ 109.28331, 13.85167 ], [ 109.28329, 13.85139 ], [ 109.28307, 13.8514 ], [ 109.28288, 13.85139 ], [ 109.28275, 13.85114 ], [ 109.28321, 13.85104 ], [ 109.28344, 13.85079 ], [ 109.28358, 13.84995 ], [ 109.28368, 13.84941 ], [ 109.28378, 13.84887 ], [ 109.28395, 13.84825 ], [ 109.28401, 13.84819 ], [ 109.28397, 13.8486 ], [ 109.28367, 13.85013 ], [ 109.28354, 13.85132 ], [ 109.28367, 13.85167 ], [ 109.28375, 13.85254 ], [ 109.28346, 13.85275 ], [ 109.28329, 13.85239 ], [ 109.28321, 13.8523 ], [ 109.28283, 13.85259 ], [ 109.28322, 13.85292 ], [ 109.28347, 13.85358 ], [ 109.28368, 13.85356 ], [ 109.28393, 13.85275 ], [ 109.28412, 13.85225 ], [ 109.28422, 13.85134 ], [ 109.28397, 13.85044 ], [ 109.28457, 13.84951 ], [ 109.2847, 13.8492 ], [ 109.28442, 13.84897 ], [ 109.28429, 13.84882 ], [ 109.28436, 13.84798 ], [ 109.28421, 13.84788 ], [ 109.28411, 13.84819 ], [ 109.28401, 13.84819 ], [ 109.28402, 13.84792 ], [ 109.28424, 13.84771 ], [ 109.28448, 13.84725 ], [ 109.28537, 13.84657 ], [ 109.28519, 13.84635 ], [ 109.28491, 13.84609 ], [ 109.286, 13.84547 ], [ 109.28543, 13.84477 ], [ 109.28566, 13.84409 ], [ 109.28585, 13.84374 ], [ 109.28573, 13.84337 ], [ 109.2853, 13.84336 ], [ 109.28517, 13.84388 ], [ 109.28441, 13.84425 ], [ 109.28421, 13.84387 ], [ 109.28482, 13.84331 ], [ 109.28428, 13.84305 ], [ 109.28438, 13.84291 ], [ 109.28466, 13.84255 ], [ 109.28494, 13.84219 ], [ 109.28531, 13.84174 ], [ 109.28556, 13.84125 ], [ 109.28578, 13.84092 ], [ 109.28592, 13.8408 ], [ 109.28589, 13.84095 ], [ 109.28576, 13.84119 ], [ 109.28573, 13.84143 ], [ 109.2855, 13.84163 ], [ 109.28531, 13.8421 ], [ 109.28503, 13.8425 ], [ 109.28514, 13.8428 ], [ 109.28566, 13.84316 ], [ 109.28595, 13.84301 ], [ 109.28632, 13.84292 ], [ 109.28679, 13.84231 ], [ 109.28758, 13.84213 ], [ 109.28825, 13.84172 ], [ 109.28837, 13.84148 ], [ 109.28909, 13.84115 ], [ 109.28929, 13.84079 ], [ 109.28882, 13.84068 ], [ 109.28846, 13.84104 ], [ 109.28822, 13.8414 ], [ 109.28789, 13.84114 ], [ 109.28802, 13.83981 ], [ 109.28784, 13.83941 ], [ 109.28727, 13.83986 ], [ 109.28713, 13.8399 ], [ 109.28754, 13.83924 ], [ 109.28795, 13.83836 ], [ 109.2885, 13.83878 ], [ 109.28876, 13.8385 ], [ 109.28838, 13.83816 ], [ 109.28738, 13.83813 ], [ 109.28719, 13.83831 ], [ 109.28704, 13.8389 ], [ 109.28665, 13.8394 ], [ 109.28626, 13.8394 ], [ 109.28625, 13.83915 ], [ 109.28658, 13.83818 ], [ 109.28682, 13.83796 ], [ 109.28696, 13.83768 ], [ 109.28719, 13.83724 ], [ 109.28692, 13.83723 ], [ 109.28637, 13.83759 ], [ 109.28608, 13.83733 ], [ 109.28609, 13.83697 ], [ 109.28597, 13.83659 ], [ 109.2859, 13.83668 ], [ 109.28571, 13.83715 ], [ 109.28543, 13.8374 ], [ 109.28534, 13.83758 ], [ 109.28487, 13.83785 ], [ 109.2846, 13.83839 ], [ 109.28432, 13.83813 ], [ 109.28449, 13.83777 ], [ 109.28497, 13.83749 ], [ 109.28521, 13.83738 ], [ 109.28507, 13.83649 ], [ 109.2847, 13.83614 ], [ 109.2848, 13.83595 ], [ 109.28522, 13.83544 ], [ 109.28508, 13.83424 ], [ 109.28536, 13.83423 ], [ 109.28591, 13.83442 ], [ 109.28596, 13.8341 ], [ 109.2851, 13.83314 ], [ 109.2851, 13.83279 ], [ 109.28524, 13.83252 ], [ 109.28505, 13.83252 ], [ 109.28482, 13.83297 ], [ 109.28436, 13.83286 ], [ 109.28448, 13.83198 ], [ 109.28515, 13.83221 ], [ 109.28582, 13.83199 ], [ 109.28623, 13.83189 ], [ 109.28667, 13.83145 ], [ 109.28739, 13.83144 ], [ 109.28753, 13.83244 ], [ 109.28795, 13.83246 ], [ 109.2881, 13.83116 ], [ 109.28842, 13.83084 ], [ 109.28853, 13.83174 ], [ 109.28871, 13.83227 ], [ 109.28825, 13.83283 ], [ 109.28869, 13.83348 ], [ 109.2887, 13.83399 ], [ 109.28868, 13.83459 ], [ 109.28896, 13.83535 ], [ 109.28906, 13.83553 ], [ 109.28917, 13.83634 ], [ 109.28988, 13.83599 ], [ 109.28979, 13.83617 ], [ 109.28943, 13.83669 ], [ 109.28941, 13.83732 ], [ 109.28956, 13.83824 ], [ 109.28987, 13.83825 ], [ 109.28996, 13.83798 ], [ 109.29006, 13.8377 ], [ 109.29033, 13.83816 ], [ 109.29052, 13.83843 ], [ 109.2906, 13.83871 ], [ 109.29072, 13.83894 ], [ 109.29051, 13.83925 ], [ 109.29041, 13.83979 ], [ 109.29024, 13.84028 ], [ 109.29099, 13.841 ], [ 109.29114, 13.8416 ], [ 109.29142, 13.84169 ], [ 109.29196, 13.84188 ], [ 109.29209, 13.84155 ], [ 109.29179, 13.84111 ], [ 109.29189, 13.84097 ], [ 109.29244, 13.84071 ], [ 109.29231, 13.84044 ], [ 109.29152, 13.84042 ], [ 109.29129, 13.84088 ], [ 109.2911, 13.84076 ], [ 109.29071, 13.84019 ], [ 109.29106, 13.83954 ], [ 109.29116, 13.83925 ], [ 109.2915, 13.83848 ], [ 109.29135, 13.83817 ], [ 109.2913, 13.83812 ], [ 109.2913, 13.83803 ], [ 109.2914, 13.83803 ], [ 109.2914, 13.83776 ], [ 109.29145, 13.8378 ], [ 109.29162, 13.838 ], [ 109.29232, 13.83862 ], [ 109.29245, 13.83891 ], [ 109.29206, 13.83908 ], [ 109.29181, 13.83936 ], [ 109.29236, 13.83953 ], [ 109.29263, 13.83962 ], [ 109.29324, 13.83972 ], [ 109.29365, 13.8397 ], [ 109.29415, 13.83933 ], [ 109.29411, 13.83851 ], [ 109.29425, 13.83752 ], [ 109.29399, 13.83703 ], [ 109.29416, 13.83665 ], [ 109.29452, 13.83684 ], [ 109.29468, 13.83738 ], [ 109.29487, 13.83783 ], [ 109.29495, 13.8381 ], [ 109.29555, 13.83878 ], [ 109.29537, 13.83878 ], [ 109.29532, 13.83873 ], [ 109.29441, 13.83839 ], [ 109.2943, 13.83952 ], [ 109.29365, 13.84027 ], [ 109.29408, 13.84041 ], [ 109.29429, 13.84017 ], [ 109.2946, 13.84009 ], [ 109.29504, 13.83948 ], [ 109.29502, 13.83913 ], [ 109.29549, 13.83899 ], [ 109.29555, 13.83878 ], [ 109.2956, 13.83883 ], [ 109.29571, 13.83895 ], [ 109.29567, 13.83933 ], [ 109.29583, 13.83989 ], [ 109.29566, 13.84032 ], [ 109.29582, 13.84075 ], [ 109.29608, 13.84072 ], [ 109.29626, 13.84051 ], [ 109.29645, 13.83992 ], [ 109.29639, 13.83931 ], [ 109.29655, 13.8392 ], [ 109.29678, 13.83947 ], [ 109.297, 13.84025 ], [ 109.29695, 13.84075 ], [ 109.29651, 13.84128 ], [ 109.2962, 13.84198 ], [ 109.29624, 13.84237 ], [ 109.29594, 13.84287 ], [ 109.29583, 13.84373 ], [ 109.29534, 13.84394 ], [ 109.29519, 13.84425 ], [ 109.29486, 13.84476 ], [ 109.29472, 13.84488 ], [ 109.29445, 13.84524 ], [ 109.29405, 13.84556 ], [ 109.29365, 13.84528 ], [ 109.29381, 13.84486 ], [ 109.29359, 13.84468 ], [ 109.29339, 13.8447 ], [ 109.29343, 13.84519 ], [ 109.29342, 13.84534 ], [ 109.29311, 13.8453 ], [ 109.29284, 13.84469 ], [ 109.29226, 13.8446 ], [ 109.29211, 13.84492 ], [ 109.29189, 13.84504 ], [ 109.29153, 13.84461 ], [ 109.29163, 13.84372 ], [ 109.29125, 13.84359 ], [ 109.29112, 13.84414 ], [ 109.29101, 13.84452 ], [ 109.29107, 13.8449 ], [ 109.29098, 13.8449 ], [ 109.29098, 13.84472 ], [ 109.29089, 13.84472 ], [ 109.29099, 13.84377 ], [ 109.29079, 13.84388 ], [ 109.2907, 13.8449 ], [ 109.29057, 13.84479 ], [ 109.29069, 13.84371 ], [ 109.29057, 13.8435 ], [ 109.29044, 13.84245 ], [ 109.29104, 13.8424 ], [ 109.29082, 13.84196 ], [ 109.29048, 13.84232 ], [ 109.29044, 13.84245 ] ], [ [ 109.29316, 13.84243 ], [ 109.29235, 13.84331 ], [ 109.29205, 13.84384 ], [ 109.29226, 13.84419 ], [ 109.29266, 13.84441 ], [ 109.2929, 13.84432 ], [ 109.29316, 13.84324 ], [ 109.29326, 13.8427 ], [ 109.29382, 13.84204 ], [ 109.29372, 13.84071 ], [ 109.29355, 13.84053 ], [ 109.29318, 13.84044 ], [ 109.29314, 13.84039 ], [ 109.29282, 13.84049 ], [ 109.29278, 13.84107 ], [ 109.29315, 13.8414 ], [ 109.29336, 13.84177 ], [ 109.29316, 13.84243 ] ], [ [ 109.29202, 13.84319 ], [ 109.29248, 13.8422 ], [ 109.29193, 13.84235 ], [ 109.2915, 13.84293 ], [ 109.29161, 13.84332 ], [ 109.29202, 13.84319 ] ], [ [ 109.29263, 13.84235 ], [ 109.29271, 13.84259 ], [ 109.29275, 13.84229 ], [ 109.29263, 13.84235 ] ], [ [ 109.29381, 13.84391 ], [ 109.29394, 13.84432 ], [ 109.29422, 13.84419 ], [ 109.29413, 13.84384 ], [ 109.29381, 13.84391 ] ], [ [ 109.2947, 13.84352 ], [ 109.29519, 13.84335 ], [ 109.29538, 13.84287 ], [ 109.29548, 13.84217 ], [ 109.29558, 13.84191 ], [ 109.29562, 13.84168 ], [ 109.29548, 13.84172 ], [ 109.2953, 13.84213 ], [ 109.29498, 13.84237 ], [ 109.29465, 13.84289 ], [ 109.29453, 13.8433 ], [ 109.2947, 13.84352 ] ], [ [ 109.29394, 13.84332 ], [ 109.29417, 13.84265 ], [ 109.29474, 13.84199 ], [ 109.29484, 13.84172 ], [ 109.29494, 13.84142 ], [ 109.29567, 13.84125 ], [ 109.29554, 13.84086 ], [ 109.29531, 13.84091 ], [ 109.29521, 13.841 ], [ 109.29493, 13.84108 ], [ 109.29437, 13.84152 ], [ 109.2942, 13.84117 ], [ 109.29413, 13.84108 ], [ 109.29401, 13.8418 ], [ 109.2939, 13.84218 ], [ 109.29363, 13.84269 ], [ 109.29344, 13.84349 ], [ 109.29394, 13.84332 ] ], [ [ 109.2951, 13.84054 ], [ 109.29523, 13.84046 ], [ 109.29517, 13.84023 ], [ 109.29486, 13.8403 ], [ 109.2951, 13.84054 ] ], [ [ 109.29019, 13.84167 ], [ 109.29033, 13.84151 ], [ 109.29026, 13.84137 ], [ 109.29005, 13.84141 ], [ 109.29019, 13.84167 ] ], [ [ 109.28724, 13.84365 ], [ 109.28786, 13.84326 ], [ 109.28854, 13.84257 ], [ 109.28882, 13.84231 ], [ 109.28887, 13.84199 ], [ 109.28873, 13.84203 ], [ 109.28817, 13.84247 ], [ 109.28762, 13.84257 ], [ 109.28727, 13.84268 ], [ 109.28702, 13.84329 ], [ 109.28669, 13.84329 ], [ 109.28622, 13.84347 ], [ 109.28623, 13.84406 ], [ 109.28612, 13.84456 ], [ 109.28612, 13.84478 ], [ 109.28668, 13.84491 ], [ 109.28704, 13.84504 ], [ 109.28742, 13.84492 ], [ 109.28768, 13.84492 ], [ 109.28778, 13.84491 ], [ 109.28752, 13.84439 ], [ 109.28817, 13.84427 ], [ 109.28815, 13.84393 ], [ 109.28748, 13.84415 ], [ 109.28724, 13.84365 ] ], [ [ 109.28729, 13.84541 ], [ 109.28686, 13.84532 ], [ 109.28674, 13.84588 ], [ 109.2869, 13.84629 ], [ 109.28673, 13.84671 ], [ 109.28621, 13.84684 ], [ 109.28638, 13.84698 ], [ 109.28676, 13.84691 ], [ 109.28702, 13.84672 ], [ 109.28735, 13.8466 ], [ 109.28745, 13.84623 ], [ 109.28751, 13.84619 ], [ 109.2876, 13.84584 ], [ 109.28787, 13.84544 ], [ 109.28775, 13.84504 ], [ 109.28729, 13.84541 ] ], [ [ 109.28555, 13.84689 ], [ 109.28601, 13.84675 ], [ 109.2859, 13.84599 ], [ 109.28568, 13.84611 ], [ 109.28554, 13.84666 ], [ 109.28497, 13.84702 ], [ 109.28466, 13.84729 ], [ 109.28458, 13.84738 ], [ 109.28444, 13.84751 ], [ 109.28456, 13.84778 ], [ 109.28509, 13.84723 ], [ 109.28555, 13.84689 ] ], [ [ 109.28336, 13.85372 ], [ 109.28318, 13.8533 ], [ 109.28315, 13.85316 ], [ 109.28275, 13.8532 ], [ 109.28262, 13.85339 ], [ 109.28281, 13.85391 ], [ 109.28319, 13.85401 ], [ 109.28336, 13.85372 ] ], [ [ 109.28232, 13.85279 ], [ 109.28191, 13.85283 ], [ 109.28186, 13.85306 ], [ 109.28218, 13.85331 ], [ 109.28232, 13.85279 ] ], [ [ 109.28263, 13.8603 ], [ 109.28334, 13.86038 ], [ 109.28361, 13.86026 ], [ 109.28382, 13.85963 ], [ 109.28407, 13.85976 ], [ 109.28397, 13.8601 ], [ 109.28369, 13.8606 ], [ 109.28388, 13.86062 ], [ 109.28491, 13.85982 ], [ 109.28565, 13.86 ], [ 109.28582, 13.86018 ], [ 109.28599, 13.86034 ], [ 109.28619, 13.86072 ], [ 109.28616, 13.86135 ], [ 109.28652, 13.86153 ], [ 109.28688, 13.86155 ], [ 109.28735, 13.86153 ], [ 109.28777, 13.86218 ], [ 109.28812, 13.86207 ], [ 109.28814, 13.86152 ], [ 109.28795, 13.86077 ], [ 109.28809, 13.85992 ], [ 109.28832, 13.85957 ], [ 109.28861, 13.85921 ], [ 109.28909, 13.85858 ], [ 109.28921, 13.85887 ], [ 109.28872, 13.85977 ], [ 109.28866, 13.86101 ], [ 109.28908, 13.8609 ], [ 109.28932, 13.8604 ], [ 109.2898, 13.85985 ], [ 109.28994, 13.85944 ], [ 109.29036, 13.85913 ], [ 109.29073, 13.85896 ], [ 109.29055, 13.85886 ], [ 109.29019, 13.85869 ], [ 109.29, 13.85816 ], [ 109.29009, 13.85777 ], [ 109.29046, 13.8576 ], [ 109.29048, 13.85726 ], [ 109.28991, 13.85759 ], [ 109.28935, 13.85767 ], [ 109.28908, 13.85786 ], [ 109.28865, 13.85799 ], [ 109.28787, 13.85834 ], [ 109.28725, 13.85865 ], [ 109.28657, 13.85874 ], [ 109.28647, 13.85884 ], [ 109.28616, 13.85851 ], [ 109.28531, 13.85836 ], [ 109.28464, 13.85838 ], [ 109.28428, 13.858 ], [ 109.284, 13.85812 ], [ 109.28388, 13.85872 ], [ 109.28362, 13.85859 ], [ 109.28361, 13.85829 ], [ 109.28371, 13.85791 ], [ 109.28381, 13.85755 ], [ 109.28409, 13.85715 ], [ 109.28391, 13.85704 ], [ 109.28347, 13.85727 ], [ 109.2827, 13.85742 ], [ 109.28283, 13.85707 ], [ 109.28307, 13.85673 ], [ 109.28317, 13.85628 ], [ 109.28331, 13.85601 ], [ 109.28309, 13.85559 ], [ 109.28372, 13.85545 ], [ 109.28374, 13.85513 ], [ 109.28317, 13.85426 ], [ 109.28285, 13.8544 ], [ 109.28327, 13.85494 ], [ 109.28316, 13.85513 ], [ 109.28256, 13.85492 ], [ 109.28215, 13.85521 ], [ 109.28217, 13.85555 ], [ 109.28213, 13.85619 ], [ 109.28261, 13.85662 ], [ 109.28252, 13.85673 ], [ 109.28196, 13.85683 ], [ 109.28206, 13.85764 ], [ 109.28277, 13.85762 ], [ 109.28288, 13.85818 ], [ 109.28297, 13.85835 ], [ 109.28306, 13.85854 ], [ 109.28342, 13.85901 ], [ 109.28329, 13.85953 ], [ 109.28307, 13.85939 ], [ 109.28288, 13.85881 ], [ 109.28252, 13.85911 ], [ 109.28249, 13.85971 ], [ 109.28259, 13.85998 ], [ 109.28263, 13.8603 ], [ 109.28241, 13.86041 ], [ 109.28258, 13.8605 ], [ 109.28263, 13.8603 ] ], [ [ 109.28471, 13.86026 ], [ 109.28448, 13.86038 ], [ 109.28395, 13.86091 ], [ 109.28354, 13.86151 ], [ 109.28295, 13.86169 ], [ 109.28266, 13.86188 ], [ 109.28266, 13.86215 ], [ 109.28303, 13.86233 ], [ 109.28324, 13.86244 ], [ 109.28311, 13.86342 ], [ 109.28292, 13.8636 ], [ 109.28245, 13.86359 ], [ 109.28258, 13.863 ], [ 109.28192, 13.86306 ], [ 109.28233, 13.86366 ], [ 109.28169, 13.86415 ], [ 109.28139, 13.86446 ], [ 109.28098, 13.86517 ], [ 109.28157, 13.8653 ], [ 109.28229, 13.86478 ], [ 109.28356, 13.86461 ], [ 109.28389, 13.86428 ], [ 109.28416, 13.86403 ], [ 109.28457, 13.86418 ], [ 109.28468, 13.86497 ], [ 109.28514, 13.86551 ], [ 109.28525, 13.86596 ], [ 109.28521, 13.86714 ], [ 109.28522, 13.86733 ], [ 109.2856, 13.86807 ], [ 109.28557, 13.86908 ], [ 109.28557, 13.86951 ], [ 109.28622, 13.86977 ], [ 109.2863, 13.87019 ], [ 109.28593, 13.87031 ], [ 109.28584, 13.87121 ], [ 109.28574, 13.87148 ], [ 109.28565, 13.87176 ], [ 109.28583, 13.87212 ], [ 109.28629, 13.87211 ], [ 109.28646, 13.87229 ], [ 109.28687, 13.87259 ], [ 109.28806, 13.87257 ], [ 109.28842, 13.87222 ], [ 109.28842, 13.87203 ], [ 109.28764, 13.87166 ], [ 109.2875, 13.87122 ], [ 109.28727, 13.871 ], [ 109.28712, 13.87084 ], [ 109.28714, 13.87019 ], [ 109.28771, 13.86986 ], [ 109.2877, 13.86915 ], [ 109.28784, 13.86888 ], [ 109.28799, 13.86858 ], [ 109.28798, 13.86772 ], [ 109.28813, 13.86729 ], [ 109.28794, 13.86633 ], [ 109.28809, 13.86589 ], [ 109.28819, 13.86525 ], [ 109.28793, 13.86475 ], [ 109.28781, 13.86359 ], [ 109.28743, 13.86303 ], [ 109.28773, 13.86275 ], [ 109.28784, 13.86263 ], [ 109.28747, 13.86191 ], [ 109.28718, 13.86191 ], [ 109.28701, 13.86272 ], [ 109.28679, 13.86303 ], [ 109.28691, 13.86362 ], [ 109.28691, 13.86373 ], [ 109.28617, 13.86371 ], [ 109.28607, 13.86389 ], [ 109.28579, 13.86389 ], [ 109.28581, 13.86334 ], [ 109.28636, 13.86308 ], [ 109.28657, 13.86297 ], [ 109.28643, 13.86256 ], [ 109.28674, 13.86217 ], [ 109.28645, 13.86191 ], [ 109.28602, 13.86211 ], [ 109.28589, 13.86198 ], [ 109.28591, 13.86136 ], [ 109.28581, 13.86117 ], [ 109.28532, 13.86093 ], [ 109.28508, 13.86045 ], [ 109.2849, 13.86027 ], [ 109.28485, 13.86022 ], [ 109.28471, 13.86026 ] ], [ [ 109.28294, 13.86119 ], [ 109.28253, 13.86084 ], [ 109.28244, 13.86075 ], [ 109.28203, 13.8608 ], [ 109.28211, 13.86088 ], [ 109.2824, 13.86106 ], [ 109.28252, 13.86133 ], [ 109.28294, 13.86119 ] ], [ [ 109.28192, 13.86115 ], [ 109.28179, 13.86083 ], [ 109.28153, 13.861 ], [ 109.2812, 13.86094 ], [ 109.28141, 13.86128 ], [ 109.28192, 13.86115 ] ], [ [ 109.28238, 13.86246 ], [ 109.28188, 13.86183 ], [ 109.28137, 13.86189 ], [ 109.28216, 13.8626 ], [ 109.28238, 13.86246 ] ], [ [ 109.28058, 13.86218 ], [ 109.28069, 13.86215 ], [ 109.28061, 13.86207 ], [ 109.28058, 13.86218 ], [ 109.28052, 13.86223 ], [ 109.28016, 13.86267 ], [ 109.28007, 13.86286 ], [ 109.2797, 13.86331 ], [ 109.27978, 13.8634 ], [ 109.28006, 13.86352 ], [ 109.27996, 13.8637 ], [ 109.27973, 13.86388 ], [ 109.27947, 13.86453 ], [ 109.2795, 13.86484 ], [ 109.27934, 13.86525 ], [ 109.27958, 13.86539 ], [ 109.28005, 13.86547 ], [ 109.28033, 13.8658 ], [ 109.28069, 13.86561 ], [ 109.28106, 13.86545 ], [ 109.28086, 13.86538 ], [ 109.28062, 13.8654 ], [ 109.28031, 13.86528 ], [ 109.27996, 13.86532 ], [ 109.27994, 13.86504 ], [ 109.28029, 13.86485 ], [ 109.28097, 13.86473 ], [ 109.28088, 13.86456 ], [ 109.28044, 13.86436 ], [ 109.28042, 13.86421 ], [ 109.28045, 13.86397 ], [ 109.28034, 13.86385 ], [ 109.28007, 13.86362 ], [ 109.28043, 13.86348 ], [ 109.2807, 13.86368 ], [ 109.28102, 13.86387 ], [ 109.28131, 13.86421 ], [ 109.28144, 13.86376 ], [ 109.2816, 13.86351 ], [ 109.2814, 13.86349 ], [ 109.28118, 13.86351 ], [ 109.28116, 13.86336 ], [ 109.28122, 13.86289 ], [ 109.28065, 13.86273 ], [ 109.28058, 13.86218 ] ], [ [ 109.27937, 13.8628 ], [ 109.27934, 13.86269 ], [ 109.27926, 13.86277 ], [ 109.27937, 13.8628 ], [ 109.27941, 13.86301 ], [ 109.27949, 13.86285 ], [ 109.27937, 13.8628 ] ], [ [ 109.2786, 13.86479 ], [ 109.27844, 13.86442 ], [ 109.27827, 13.86447 ], [ 109.27783, 13.86523 ], [ 109.27806, 13.86542 ], [ 109.2786, 13.86479 ] ], [ [ 109.27929, 13.86547 ], [ 109.27917, 13.86533 ], [ 109.27885, 13.86543 ], [ 109.27903, 13.8657 ], [ 109.27948, 13.86591 ], [ 109.27975, 13.86619 ], [ 109.28004, 13.86582 ], [ 109.27929, 13.86547 ] ], [ [ 109.28874, 13.87234 ], [ 109.28861, 13.87291 ], [ 109.28912, 13.87286 ], [ 109.2892, 13.87254 ], [ 109.28902, 13.87227 ], [ 109.28874, 13.87234 ] ], [ [ 109.28674, 13.8728 ], [ 109.28656, 13.87267 ], [ 109.28652, 13.87262 ], [ 109.28629, 13.87267 ], [ 109.28644, 13.87301 ], [ 109.28674, 13.8728 ] ], [ [ 109.28666, 13.87305 ], [ 109.2862, 13.8734 ], [ 109.28614, 13.87386 ], [ 109.2864, 13.87446 ], [ 109.28666, 13.87438 ], [ 109.28693, 13.87393 ], [ 109.2871, 13.87355 ], [ 109.28739, 13.87333 ], [ 109.28728, 13.87317 ], [ 109.28711, 13.87303 ], [ 109.28707, 13.87298 ], [ 109.28666, 13.87305 ] ], [ [ 109.28712, 13.87367 ], [ 109.28748, 13.87447 ], [ 109.28756, 13.87476 ], [ 109.28713, 13.87495 ], [ 109.28696, 13.87531 ], [ 109.28655, 13.87527 ], [ 109.2859, 13.87562 ], [ 109.28562, 13.87608 ], [ 109.28617, 13.87618 ], [ 109.28672, 13.87633 ], [ 109.2875, 13.87628 ], [ 109.28781, 13.87593 ], [ 109.28765, 13.87565 ], [ 109.28757, 13.87516 ], [ 109.28806, 13.87476 ], [ 109.28802, 13.87432 ], [ 109.28744, 13.87362 ], [ 109.28712, 13.87367 ] ], [ [ 109.28585, 13.87505 ], [ 109.28528, 13.87522 ], [ 109.28512, 13.87561 ], [ 109.28549, 13.87581 ], [ 109.28594, 13.87529 ], [ 109.28585, 13.87505 ] ], [ [ 109.28436, 13.87631 ], [ 109.28425, 13.87634 ], [ 109.28433, 13.87642 ], [ 109.28436, 13.87631 ] ], [ [ 109.28784, 13.87644 ], [ 109.28804, 13.87655 ], [ 109.28824, 13.87616 ], [ 109.28816, 13.87597 ], [ 109.28797, 13.87602 ], [ 109.28784, 13.87644 ] ], [ [ 109.28868, 13.87599 ], [ 109.28871, 13.87588 ], [ 109.2886, 13.87591 ], [ 109.28868, 13.87599 ] ], [ [ 109.28803, 13.87524 ], [ 109.28829, 13.87547 ], [ 109.28835, 13.87516 ], [ 109.28803, 13.87524 ] ], [ [ 109.28886, 13.87527 ], [ 109.28911, 13.87547 ], [ 109.28929, 13.87512 ], [ 109.28918, 13.87489 ], [ 109.28878, 13.87493 ], [ 109.28886, 13.87527 ] ], [ [ 109.28944, 13.87493 ], [ 109.28989, 13.87486 ], [ 109.28993, 13.87427 ], [ 109.28965, 13.8743 ], [ 109.28944, 13.87493 ] ], [ [ 109.28933, 13.87449 ], [ 109.28942, 13.87421 ], [ 109.28954, 13.87388 ], [ 109.28942, 13.87377 ], [ 109.28938, 13.87372 ], [ 109.28897, 13.87379 ], [ 109.28915, 13.87412 ], [ 109.28925, 13.87458 ], [ 109.28933, 13.87449 ] ], [ [ 109.28845, 13.87352 ], [ 109.28851, 13.87303 ], [ 109.28796, 13.87287 ], [ 109.2879, 13.87281 ], [ 109.28731, 13.87288 ], [ 109.28773, 13.87323 ], [ 109.28796, 13.87375 ], [ 109.28845, 13.87352 ] ], [ [ 109.2886, 13.87432 ], [ 109.28845, 13.87398 ], [ 109.28804, 13.87405 ], [ 109.28828, 13.87456 ], [ 109.2886, 13.87432 ] ], [ [ 109.28815, 13.86959 ], [ 109.28819, 13.8699 ], [ 109.28797, 13.87024 ], [ 109.28776, 13.87051 ], [ 109.2879, 13.87148 ], [ 109.28843, 13.87155 ], [ 109.28876, 13.87103 ], [ 109.28919, 13.8707 ], [ 109.28905, 13.87048 ], [ 109.28909, 13.87021 ], [ 109.28863, 13.87026 ], [ 109.28861, 13.8701 ], [ 109.28866, 13.86973 ], [ 109.28848, 13.86947 ], [ 109.28815, 13.86959 ] ], [ [ 109.28941, 13.86974 ], [ 109.28918, 13.86989 ], [ 109.28932, 13.87005 ], [ 109.28941, 13.86974 ], [ 109.28952, 13.86971 ], [ 109.28944, 13.86963 ], [ 109.28941, 13.86974 ] ], [ [ 109.28874, 13.86865 ], [ 109.2887, 13.86906 ], [ 109.28889, 13.86907 ], [ 109.28923, 13.86889 ], [ 109.28973, 13.86875 ], [ 109.28974, 13.86862 ], [ 109.2897, 13.86812 ], [ 109.28954, 13.86816 ], [ 109.28922, 13.86852 ], [ 109.28874, 13.86865 ] ], [ [ 109.28884, 13.86811 ], [ 109.28877, 13.86713 ], [ 109.28903, 13.86601 ], [ 109.28892, 13.8655 ], [ 109.28875, 13.86391 ], [ 109.28871, 13.86386 ], [ 109.28811, 13.86422 ], [ 109.28839, 13.865 ], [ 109.28823, 13.86614 ], [ 109.28833, 13.86754 ], [ 109.28813, 13.86807 ], [ 109.28851, 13.86851 ], [ 109.28884, 13.86811 ] ], [ [ 109.28996, 13.86752 ], [ 109.29004, 13.8676 ], [ 109.29007, 13.86749 ], [ 109.28996, 13.86752 ] ], [ [ 109.29013, 13.86683 ], [ 109.29022, 13.86716 ], [ 109.29057, 13.86707 ], [ 109.2905, 13.8669 ], [ 109.29035, 13.86668 ], [ 109.29013, 13.86683 ] ], [ [ 109.28967, 13.86567 ], [ 109.28992, 13.86626 ], [ 109.29027, 13.86606 ], [ 109.29041, 13.86582 ], [ 109.29051, 13.8654 ], [ 109.29069, 13.86492 ], [ 109.29078, 13.86464 ], [ 109.29106, 13.86415 ], [ 109.29088, 13.86366 ], [ 109.29084, 13.86343 ], [ 109.29029, 13.86349 ], [ 109.28996, 13.86394 ], [ 109.28994, 13.86428 ], [ 109.28997, 13.86486 ], [ 109.28967, 13.86567 ] ], [ [ 109.29089, 13.86345 ], [ 109.29144, 13.86383 ], [ 109.29176, 13.86344 ], [ 109.29164, 13.86311 ], [ 109.29149, 13.86289 ], [ 109.29124, 13.86293 ], [ 109.29089, 13.86345 ] ], [ [ 109.28925, 13.86522 ], [ 109.28913, 13.86527 ], [ 109.28922, 13.86543 ], [ 109.28925, 13.86522 ] ], [ [ 109.28775, 13.86303 ], [ 109.28806, 13.86363 ], [ 109.28829, 13.86334 ], [ 109.28816, 13.86296 ], [ 109.28775, 13.86303 ] ], [ [ 109.28874, 13.86336 ], [ 109.28918, 13.86324 ], [ 109.28969, 13.86253 ], [ 109.28969, 13.86238 ], [ 109.28965, 13.86224 ], [ 109.28877, 13.8629 ], [ 109.28874, 13.86336 ] ], [ [ 109.28902, 13.86225 ], [ 109.28873, 13.86178 ], [ 109.28857, 13.86183 ], [ 109.28836, 13.86229 ], [ 109.28817, 13.86261 ], [ 109.2886, 13.86291 ], [ 109.28902, 13.86225 ] ], [ [ 109.29103, 13.85805 ], [ 109.29084, 13.85833 ], [ 109.29114, 13.85867 ], [ 109.29147, 13.85852 ], [ 109.29134, 13.85801 ], [ 109.29103, 13.85805 ] ], [ [ 109.28171, 13.85787 ], [ 109.28163, 13.85767 ], [ 109.28137, 13.85773 ], [ 109.28114, 13.85769 ], [ 109.28103, 13.85816 ], [ 109.28134, 13.85834 ], [ 109.28171, 13.85787 ] ], [ [ 109.28042, 13.85829 ], [ 109.28029, 13.8584 ], [ 109.28073, 13.85915 ], [ 109.2812, 13.85902 ], [ 109.28107, 13.8588 ], [ 109.28054, 13.85868 ], [ 109.28042, 13.85829 ] ], [ [ 109.28194, 13.85861 ], [ 109.28178, 13.85882 ], [ 109.28149, 13.85903 ], [ 109.2816, 13.85922 ], [ 109.28222, 13.85877 ], [ 109.28227, 13.85858 ], [ 109.28194, 13.85861 ] ], [ [ 109.29087, 13.85695 ], [ 109.29095, 13.85703 ], [ 109.29098, 13.85692 ], [ 109.29087, 13.85695 ] ], [ [ 109.29037, 13.87115 ], [ 109.29035, 13.87132 ], [ 109.29099, 13.87141 ], [ 109.29088, 13.87111 ], [ 109.29037, 13.87115 ] ], [ [ 109.28805, 13.87868 ], [ 109.28793, 13.87871 ], [ 109.28801, 13.87879 ], [ 109.28805, 13.87868 ] ], [ [ 109.28413, 13.86962 ], [ 109.284, 13.86972 ], [ 109.28422, 13.86983 ], [ 109.28413, 13.86962 ] ], [ [ 109.2824, 13.86958 ], [ 109.28272, 13.86948 ], [ 109.28266, 13.86933 ], [ 109.28217, 13.86937 ], [ 109.28197, 13.86964 ], [ 109.28214, 13.86976 ], [ 109.2824, 13.86958 ] ], [ [ 109.28341, 13.87252 ], [ 109.28328, 13.87223 ], [ 109.28306, 13.87229 ], [ 109.28314, 13.8729 ], [ 109.28331, 13.87294 ], [ 109.28341, 13.87252 ] ], [ [ 109.28312, 13.87411 ], [ 109.28327, 13.87395 ], [ 109.28249, 13.87401 ], [ 109.28258, 13.87453 ], [ 109.28312, 13.87411 ] ], [ [ 109.28054, 13.86724 ], [ 109.28024, 13.86733 ], [ 109.28003, 13.86772 ], [ 109.28003, 13.86791 ], [ 109.28064, 13.86828 ], [ 109.28148, 13.86818 ], [ 109.28165, 13.86771 ], [ 109.28142, 13.86747 ], [ 109.28102, 13.86773 ], [ 109.28054, 13.86724 ] ], [ [ 109.28156, 13.86864 ], [ 109.28137, 13.86833 ], [ 109.28059, 13.86846 ], [ 109.2807, 13.86873 ], [ 109.28156, 13.86864 ] ], [ [ 109.27814, 13.86902 ], [ 109.27798, 13.8689 ], [ 109.27794, 13.86885 ], [ 109.27772, 13.86891 ], [ 109.27806, 13.86925 ], [ 109.27814, 13.86902 ] ], [ [ 109.28937, 13.8408 ], [ 109.28973, 13.84122 ], [ 109.2901, 13.84126 ], [ 109.29032, 13.84095 ], [ 109.29007, 13.8405 ], [ 109.28992, 13.83895 ], [ 109.2897, 13.8387 ], [ 109.28949, 13.83861 ], [ 109.28945, 13.83856 ], [ 109.28904, 13.83861 ], [ 109.28901, 13.83904 ], [ 109.28929, 13.83955 ], [ 109.2894, 13.84039 ], [ 109.28937, 13.8408 ] ], [ [ 109.28834, 13.8391 ], [ 109.28812, 13.83913 ], [ 109.28828, 13.83921 ], [ 109.28834, 13.8391 ] ], [ [ 109.28882, 13.8401 ], [ 109.2887, 13.83982 ], [ 109.28851, 13.83994 ], [ 109.28838, 13.84037 ], [ 109.28871, 13.84046 ], [ 109.28882, 13.8401 ] ], [ [ 109.28896, 13.83815 ], [ 109.28928, 13.83805 ], [ 109.28913, 13.83671 ], [ 109.28868, 13.83616 ], [ 109.28858, 13.83596 ], [ 109.2883, 13.83572 ], [ 109.28818, 13.83557 ], [ 109.28759, 13.83564 ], [ 109.28748, 13.83692 ], [ 109.28789, 13.837 ], [ 109.28867, 13.83694 ], [ 109.28868, 13.83709 ], [ 109.28812, 13.83748 ], [ 109.28822, 13.83784 ], [ 109.28896, 13.83815 ] ], [ [ 109.28865, 13.83578 ], [ 109.28891, 13.83584 ], [ 109.28877, 13.83527 ], [ 109.28873, 13.83521 ], [ 109.28842, 13.83529 ], [ 109.28865, 13.83578 ] ], [ [ 109.28744, 13.8352 ], [ 109.28705, 13.83527 ], [ 109.28684, 13.83584 ], [ 109.28708, 13.83651 ], [ 109.28735, 13.83633 ], [ 109.28744, 13.8352 ] ], [ [ 109.28605, 13.83616 ], [ 109.28639, 13.83596 ], [ 109.28662, 13.83546 ], [ 109.28691, 13.83507 ], [ 109.28707, 13.83456 ], [ 109.2873, 13.83437 ], [ 109.28772, 13.83425 ], [ 109.28795, 13.83427 ], [ 109.28846, 13.83466 ], [ 109.28838, 13.83359 ], [ 109.28792, 13.83286 ], [ 109.28763, 13.83294 ], [ 109.28723, 13.83308 ], [ 109.28694, 13.83316 ], [ 109.28648, 13.83333 ], [ 109.28651, 13.8337 ], [ 109.28647, 13.83408 ], [ 109.28627, 13.83406 ], [ 109.2863, 13.83379 ], [ 109.28628, 13.83357 ], [ 109.28575, 13.83312 ], [ 109.28534, 13.83289 ], [ 109.28538, 13.83334 ], [ 109.28611, 13.83397 ], [ 109.2862, 13.83469 ], [ 109.28607, 13.83496 ], [ 109.28576, 13.83462 ], [ 109.28564, 13.83488 ], [ 109.28554, 13.83505 ], [ 109.28542, 13.83542 ], [ 109.28517, 13.83577 ], [ 109.28499, 13.83608 ], [ 109.28528, 13.83633 ], [ 109.28544, 13.83668 ], [ 109.28556, 13.83677 ], [ 109.28605, 13.83616 ] ], [ [ 109.2864, 13.83645 ], [ 109.28631, 13.83713 ], [ 109.28653, 13.83701 ], [ 109.28656, 13.83682 ], [ 109.28651, 13.83637 ], [ 109.2864, 13.83645 ] ], [ [ 109.28557, 13.83255 ], [ 109.28586, 13.83279 ], [ 109.28603, 13.83262 ], [ 109.28598, 13.83248 ], [ 109.28557, 13.83255 ] ], [ [ 109.28657, 13.83271 ], [ 109.28698, 13.83243 ], [ 109.28709, 13.83231 ], [ 109.28621, 13.83236 ], [ 109.28657, 13.83271 ] ], [ [ 109.28688, 13.83187 ], [ 109.28706, 13.83203 ], [ 109.28709, 13.83177 ], [ 109.28688, 13.83187 ] ], [ [ 109.29134, 13.83923 ], [ 109.29125, 13.8398 ], [ 109.29106, 13.83995 ], [ 109.29117, 13.84033 ], [ 109.29138, 13.84 ], [ 109.29148, 13.83912 ], [ 109.29134, 13.83923 ] ], [ [ 109.29209, 13.83997 ], [ 109.29226, 13.84005 ], [ 109.29231, 13.83994 ], [ 109.29209, 13.83997 ] ], [ [ 109.29146, 13.83825 ], [ 109.29162, 13.83833 ], [ 109.29167, 13.83821 ], [ 109.29146, 13.83825 ] ] ], [ [ [ 109.27204, 13.8792 ], [ 109.27204, 13.87938 ], [ 109.27194, 13.87938 ], [ 109.27194, 13.8792 ], [ 109.27204, 13.8792 ] ] ], [ [ [ 109.28583, 13.87957 ], [ 109.28545, 13.87979 ], [ 109.28551, 13.87937 ], [ 109.28591, 13.8793 ], [ 109.28583, 13.87957 ] ] ], [ [ [ 109.27194, 13.87938 ], [ 109.27194, 13.87956 ], [ 109.27185, 13.87956 ], [ 109.27185, 13.87965 ], [ 109.27152, 13.8797 ], [ 109.2712, 13.87965 ], [ 109.27116, 13.8796 ], [ 109.27065, 13.87936 ], [ 109.27042, 13.87877 ], [ 109.27061, 13.87842 ], [ 109.2708, 13.87843 ], [ 109.27079, 13.87897 ], [ 109.27116, 13.87897 ], [ 109.27156, 13.87917 ], [ 109.27171, 13.8789 ], [ 109.2709, 13.87876 ], [ 109.27127, 13.87843 ], [ 109.27181, 13.87861 ], [ 109.27223, 13.87861 ], [ 109.27237, 13.87807 ], [ 109.27247, 13.87799 ], [ 109.27278, 13.87831 ], [ 109.27308, 13.87859 ], [ 109.27361, 13.87833 ], [ 109.27394, 13.87836 ], [ 109.27347, 13.8788 ], [ 109.27347, 13.87908 ], [ 109.27296, 13.87912 ], [ 109.27296, 13.87903 ], [ 109.27278, 13.87903 ], [ 109.27278, 13.87894 ], [ 109.27301, 13.87887 ], [ 109.27277, 13.87844 ], [ 109.27248, 13.87843 ], [ 109.2726, 13.87875 ], [ 109.27241, 13.87875 ], [ 109.2723, 13.87862 ], [ 109.27222, 13.87884 ], [ 109.27213, 13.87884 ], [ 109.27213, 13.8792 ], [ 109.27204, 13.8792 ], [ 109.27199, 13.8788 ], [ 109.2718, 13.87888 ], [ 109.27172, 13.87916 ], [ 109.27157, 13.87938 ], [ 109.27124, 13.87922 ], [ 109.27117, 13.87945 ], [ 109.27146, 13.87959 ], [ 109.27157, 13.87938 ], [ 109.27176, 13.87947 ], [ 109.27194, 13.87938 ] ] ], [ [ [ 109.2774, 13.8796 ], [ 109.2774, 13.87969 ], [ 109.27731, 13.87969 ], [ 109.27731, 13.87978 ], [ 109.27721, 13.87978 ], [ 109.27672, 13.87973 ], [ 109.27662, 13.87919 ], [ 109.27648, 13.87893 ], [ 109.27623, 13.87883 ], [ 109.27584, 13.87925 ], [ 109.27505, 13.87916 ], [ 109.27533, 13.87892 ], [ 109.27518, 13.87864 ], [ 109.27561, 13.87855 ], [ 109.27594, 13.87838 ], [ 109.27667, 13.87833 ], [ 109.277, 13.87873 ], [ 109.27709, 13.87917 ], [ 109.27768, 13.87876 ], [ 109.27796, 13.87866 ], [ 109.27788, 13.8792 ], [ 109.27768, 13.87951 ], [ 109.27759, 13.87951 ], [ 109.27759, 13.8796 ], [ 109.2774, 13.8796 ], [ 109.27773, 13.87909 ], [ 109.2774, 13.87911 ], [ 109.27717, 13.87953 ], [ 109.2774, 13.8796 ] ], [ [ 109.27617, 13.87855 ], [ 109.27624, 13.87867 ], [ 109.27645, 13.87857 ], [ 109.27648, 13.87851 ], [ 109.27617, 13.87855 ] ] ], [ [ [ 109.27389, 13.8794 ], [ 109.27373, 13.87936 ], [ 109.27363, 13.87917 ], [ 109.27377, 13.879 ], [ 109.2738, 13.87885 ], [ 109.27385, 13.87882 ], [ 109.27397, 13.8785 ], [ 109.27412, 13.87855 ], [ 109.27417, 13.87886 ], [ 109.27417, 13.87904 ], [ 109.2742, 13.87909 ], [ 109.27435, 13.87916 ], [ 109.27448, 13.87898 ], [ 109.27475, 13.87882 ], [ 109.27485, 13.8791 ], [ 109.27438, 13.87941 ], [ 109.27442, 13.8796 ], [ 109.27431, 13.8798 ], [ 109.27398, 13.87958 ], [ 109.27398, 13.87949 ], [ 109.27389, 13.87949 ], [ 109.27389, 13.8794 ], [ 109.27419, 13.87947 ], [ 109.27423, 13.87929 ], [ 109.27394, 13.8791 ], [ 109.27389, 13.8794 ] ] ], [ [ [ 109.26948, 13.87943 ], [ 109.26927, 13.87991 ], [ 109.26903, 13.87985 ], [ 109.26927, 13.8793 ], [ 109.26905, 13.87896 ], [ 109.26936, 13.87891 ], [ 109.26948, 13.87943 ] ] ], [ [ [ 109.2782, 13.88017 ], [ 109.27807, 13.88004 ], [ 109.27802, 13.87973 ], [ 109.27823, 13.8797 ], [ 109.2782, 13.88017 ] ] ], [ [ [ 109.29767, 13.87875 ], [ 109.2976, 13.87992 ], [ 109.29741, 13.88046 ], [ 109.2971, 13.88073 ], [ 109.29703, 13.88029 ], [ 109.29741, 13.8798 ], [ 109.29756, 13.87883 ], [ 109.29767, 13.87875 ] ] ], [ [ [ 109.27956, 13.88052 ], [ 109.27925, 13.88106 ], [ 109.27842, 13.881 ], [ 109.27827, 13.8808 ], [ 109.27935, 13.88065 ], [ 109.27948, 13.87974 ], [ 109.27962, 13.87962 ], [ 109.27956, 13.88052 ] ] ], [ [ [ 109.28029, 13.8814 ], [ 109.28059, 13.88155 ], [ 109.28065, 13.88167 ], [ 109.28016, 13.8817 ], [ 109.28016, 13.88161 ], [ 109.28007, 13.88161 ], [ 109.28007, 13.88152 ], [ 109.27998, 13.88152 ], [ 109.27991, 13.88138 ], [ 109.27964, 13.8813 ], [ 109.27958, 13.8812 ], [ 109.27997, 13.88113 ], [ 109.28029, 13.8814 ] ] ], [ [ [ 109.27248, 13.88165 ], [ 109.27248, 13.88183 ], [ 109.27202, 13.88182 ], [ 109.27202, 13.88164 ], [ 109.27248, 13.88165 ] ] ], [ [ [ 109.29709, 13.88209 ], [ 109.29709, 13.88218 ], [ 109.29699, 13.88218 ], [ 109.297, 13.88209 ], [ 109.29709, 13.88209 ] ] ], [ [ [ 109.27606, 13.88152 ], [ 109.27612, 13.88201 ], [ 109.27585, 13.88215 ], [ 109.27578, 13.88144 ], [ 109.276, 13.8814 ], [ 109.27606, 13.88152 ] ] ], [ [ [ 109.29699, 13.88272 ], [ 109.29699, 13.88281 ], [ 109.2969, 13.88281 ], [ 109.2969, 13.88272 ], [ 109.29699, 13.88272 ] ] ], [ [ [ 109.27046, 13.88402 ], [ 109.26995, 13.88393 ], [ 109.26986, 13.8835 ], [ 109.27011, 13.88345 ], [ 109.27023, 13.88393 ], [ 109.27039, 13.88385 ], [ 109.27043, 13.88371 ], [ 109.27073, 13.88352 ], [ 109.2708, 13.8838 ], [ 109.27046, 13.88402 ] ] ], [ [ [ 109.27936, 13.884 ], [ 109.27914, 13.8841 ], [ 109.27845, 13.88408 ], [ 109.27825, 13.88376 ], [ 109.27886, 13.88362 ], [ 109.27903, 13.88294 ], [ 109.28014, 13.88322 ], [ 109.28038, 13.88345 ], [ 109.27987, 13.88351 ], [ 109.27987, 13.88341 ], [ 109.27959, 13.88341 ], [ 109.27947, 13.88328 ], [ 109.27936, 13.884 ] ], [ [ 109.27901, 13.88327 ], [ 109.27907, 13.8837 ], [ 109.27929, 13.8838 ], [ 109.27928, 13.88335 ], [ 109.27922, 13.88323 ], [ 109.27901, 13.88327 ] ] ], [ [ [ 109.25272, 13.88082 ], [ 109.25245, 13.88118 ], [ 109.25236, 13.88155 ], [ 109.25223, 13.882 ], [ 109.25166, 13.88234 ], [ 109.25181, 13.88304 ], [ 109.25169, 13.88344 ], [ 109.25183, 13.88393 ], [ 109.25168, 13.88418 ], [ 109.25129, 13.88414 ], [ 109.25107, 13.88362 ], [ 109.25137, 13.88311 ], [ 109.25114, 13.88272 ], [ 109.25101, 13.88226 ], [ 109.25147, 13.88165 ], [ 109.25129, 13.88101 ], [ 109.25182, 13.88037 ], [ 109.2519, 13.88 ], [ 109.25201, 13.87974 ], [ 109.25214, 13.8793 ], [ 109.25246, 13.87917 ], [ 109.25259, 13.87848 ], [ 109.25289, 13.87843 ], [ 109.25293, 13.87848 ], [ 109.25295, 13.87865 ], [ 109.25312, 13.87911 ], [ 109.25323, 13.87947 ], [ 109.25283, 13.88037 ], [ 109.25272, 13.88082 ] ], [ [ 109.2521, 13.88039 ], [ 109.25226, 13.88054 ], [ 109.25232, 13.88033 ], [ 109.2521, 13.88039 ] ] ], [ [ [ 109.2738, 13.88458 ], [ 109.27323, 13.88467 ], [ 109.27265, 13.88454 ], [ 109.27261, 13.8844 ], [ 109.27243, 13.88394 ], [ 109.27267, 13.88369 ], [ 109.2729, 13.88431 ], [ 109.27372, 13.88441 ], [ 109.2738, 13.88458 ] ], [ [ 109.27308, 13.88449 ], [ 109.27324, 13.88457 ], [ 109.27329, 13.88445 ], [ 109.27308, 13.88449 ] ] ], [ [ [ 109.27745, 13.88493 ], [ 109.27722, 13.88489 ], [ 109.27702, 13.88478 ], [ 109.27658, 13.88481 ], [ 109.27649, 13.88466 ], [ 109.27689, 13.88435 ], [ 109.27714, 13.88463 ], [ 109.27845, 13.88451 ], [ 109.2783, 13.88477 ], [ 109.27782, 13.88485 ], [ 109.27764, 13.88485 ], [ 109.27745, 13.88484 ], [ 109.27745, 13.88493 ] ] ], [ [ [ 109.29623, 13.88507 ], [ 109.29614, 13.88507 ], [ 109.29586, 13.88506 ], [ 109.29594, 13.88496 ], [ 109.29623, 13.88489 ], [ 109.29623, 13.88507 ] ] ], [ [ [ 109.25114, 13.88513 ], [ 109.25096, 13.88503 ], [ 109.25107, 13.88463 ], [ 109.25118, 13.88457 ], [ 109.25114, 13.88513 ] ] ], [ [ [ 109.25613, 13.88477 ], [ 109.25621, 13.8854 ], [ 109.25602, 13.88536 ], [ 109.25573, 13.88453 ], [ 109.2559, 13.88442 ], [ 109.25613, 13.88477 ] ] ], [ [ [ 109.2542, 13.88551 ], [ 109.25411, 13.88543 ], [ 109.25423, 13.8854 ], [ 109.2542, 13.88551 ] ] ], [ [ [ 109.29395, 13.8859 ], [ 109.29354, 13.88595 ], [ 109.29354, 13.88586 ], [ 109.29382, 13.88586 ], [ 109.29382, 13.88577 ], [ 109.29395, 13.8859 ] ] ], [ [ [ 109.27704, 13.88573 ], [ 109.27685, 13.88587 ], [ 109.27677, 13.88519 ], [ 109.27708, 13.88511 ], [ 109.27704, 13.88573 ] ] ], [ [ [ 109.29234, 13.88603 ], [ 109.29243, 13.88603 ], [ 109.29243, 13.88612 ], [ 109.29234, 13.88612 ], [ 109.29234, 13.88603 ] ] ], [ [ [ 109.2833, 13.88613 ], [ 109.28306, 13.88637 ], [ 109.283, 13.88597 ], [ 109.28309, 13.88597 ], [ 109.28309, 13.8857 ], [ 109.28314, 13.88566 ], [ 109.28324, 13.88544 ], [ 109.2835, 13.88548 ], [ 109.2833, 13.88613 ] ] ], [ [ [ 109.27056, 13.88628 ], [ 109.26981, 13.88597 ], [ 109.26951, 13.88561 ], [ 109.26967, 13.8852 ], [ 109.27014, 13.88515 ], [ 109.27014, 13.88524 ], [ 109.27088, 13.88525 ], [ 109.27097, 13.88525 ], [ 109.27124, 13.8854 ], [ 109.27148, 13.88579 ], [ 109.27125, 13.88616 ], [ 109.27056, 13.88628 ] ], [ [ 109.2701, 13.88592 ], [ 109.27054, 13.88619 ], [ 109.2711, 13.88608 ], [ 109.27115, 13.88588 ], [ 109.2701, 13.88592 ] ], [ [ 109.27048, 13.88574 ], [ 109.2706, 13.88579 ], [ 109.27069, 13.88579 ], [ 109.27091, 13.88575 ], [ 109.27069, 13.8857 ], [ 109.2706, 13.8857 ], [ 109.27048, 13.88574 ] ], [ [ 109.27043, 13.88566 ], [ 109.27014, 13.88552 ], [ 109.27006, 13.88539 ], [ 109.26974, 13.88547 ], [ 109.26995, 13.8856 ], [ 109.27002, 13.88573 ], [ 109.27043, 13.88566 ] ], [ [ 109.27062, 13.88565 ], [ 109.27098, 13.88557 ], [ 109.27088, 13.88534 ], [ 109.2702, 13.88538 ], [ 109.27062, 13.88565 ] ] ], [ [ [ 109.28416, 13.88621 ], [ 109.28386, 13.88657 ], [ 109.28332, 13.88657 ], [ 109.28395, 13.88611 ], [ 109.2842, 13.88607 ], [ 109.28416, 13.88621 ] ] ], [ [ [ 109.29243, 13.88658 ], [ 109.29243, 13.88685 ], [ 109.29233, 13.88685 ], [ 109.29234, 13.88658 ], [ 109.29243, 13.88658 ] ] ], [ [ [ 109.29234, 13.88603 ], [ 109.29209, 13.88606 ], [ 109.29191, 13.88642 ], [ 109.29187, 13.88702 ], [ 109.29178, 13.88702 ], [ 109.29178, 13.88693 ], [ 109.29183, 13.88627 ], [ 109.29199, 13.88591 ], [ 109.29238, 13.88561 ], [ 109.29207, 13.88479 ], [ 109.29231, 13.88376 ], [ 109.2927, 13.88324 ], [ 109.29262, 13.88256 ], [ 109.29291, 13.88189 ], [ 109.29342, 13.8815 ], [ 109.29401, 13.88126 ], [ 109.29436, 13.88066 ], [ 109.29482, 13.87998 ], [ 109.29506, 13.87937 ], [ 109.29499, 13.8788 ], [ 109.29522, 13.87842 ], [ 109.29527, 13.87801 ], [ 109.29538, 13.87788 ], [ 109.29545, 13.8781 ], [ 109.29545, 13.87819 ], [ 109.29554, 13.87819 ], [ 109.29528, 13.87859 ], [ 109.29531, 13.87889 ], [ 109.29518, 13.87962 ], [ 109.29474, 13.88059 ], [ 109.29493, 13.88121 ], [ 109.29548, 13.88055 ], [ 109.2957, 13.87984 ], [ 109.29606, 13.87904 ], [ 109.29697, 13.87807 ], [ 109.29686, 13.87781 ], [ 109.29624, 13.87798 ], [ 109.29582, 13.87801 ], [ 109.29582, 13.87783 ], [ 109.29582, 13.87774 ], [ 109.29573, 13.87774 ], [ 109.29576, 13.87768 ], [ 109.29601, 13.87756 ], [ 109.29624, 13.87768 ], [ 109.29647, 13.87757 ], [ 109.29657, 13.87757 ], [ 109.29657, 13.87748 ], [ 109.29666, 13.87748 ], [ 109.29666, 13.87739 ], [ 109.29722, 13.8773 ], [ 109.29731, 13.8773 ], [ 109.29731, 13.87721 ], [ 109.29743, 13.87715 ], [ 109.29759, 13.87712 ], [ 109.29759, 13.87721 ], [ 109.29796, 13.87721 ], [ 109.29795, 13.87767 ], [ 109.29786, 13.87767 ], [ 109.29757, 13.87759 ], [ 109.29745, 13.87743 ], [ 109.29727, 13.87739 ], [ 109.29738, 13.8779 ], [ 109.29715, 13.87824 ], [ 109.29711, 13.87847 ], [ 109.29702, 13.87847 ], [ 109.2969, 13.87834 ], [ 109.2962, 13.87918 ], [ 109.2952, 13.88168 ], [ 109.29535, 13.88198 ], [ 109.29567, 13.88213 ], [ 109.29592, 13.8824 ], [ 109.29597, 13.8821 ], [ 109.29581, 13.8818 ], [ 109.29594, 13.88122 ], [ 109.29607, 13.88047 ], [ 109.29666, 13.87889 ], [ 109.29693, 13.87865 ], [ 109.29688, 13.87879 ], [ 109.29674, 13.87906 ], [ 109.29658, 13.87937 ], [ 109.29641, 13.88005 ], [ 109.29624, 13.88069 ], [ 109.29649, 13.88132 ], [ 109.29662, 13.88172 ], [ 109.29633, 13.88213 ], [ 109.29621, 13.88249 ], [ 109.29608, 13.88273 ], [ 109.29555, 13.88285 ], [ 109.29535, 13.88324 ], [ 109.29537, 13.88379 ], [ 109.29536, 13.88403 ], [ 109.29495, 13.88421 ], [ 109.29425, 13.88437 ], [ 109.29416, 13.88448 ], [ 109.29442, 13.88498 ], [ 109.29351, 13.88512 ], [ 109.29241, 13.88568 ], [ 109.29234, 13.88603 ] ], [ [ 109.2931, 13.88508 ], [ 109.29354, 13.88498 ], [ 109.29393, 13.88447 ], [ 109.29383, 13.88424 ], [ 109.29345, 13.88434 ], [ 109.29316, 13.88472 ], [ 109.2931, 13.88508 ] ], [ [ 109.29287, 13.88463 ], [ 109.29263, 13.88432 ], [ 109.29231, 13.8844 ], [ 109.29248, 13.8849 ], [ 109.29274, 13.88494 ], [ 109.29287, 13.88463 ] ], [ [ 109.29458, 13.8841 ], [ 109.29517, 13.8839 ], [ 109.29529, 13.88277 ], [ 109.29514, 13.88244 ], [ 109.29484, 13.88252 ], [ 109.29463, 13.88275 ], [ 109.29445, 13.88291 ], [ 109.29398, 13.88265 ], [ 109.29389, 13.8829 ], [ 109.29425, 13.8834 ], [ 109.29434, 13.88393 ], [ 109.29458, 13.8841 ] ], [ [ 109.29362, 13.88256 ], [ 109.29396, 13.88222 ], [ 109.29417, 13.8822 ], [ 109.29467, 13.88234 ], [ 109.29491, 13.88214 ], [ 109.29494, 13.88173 ], [ 109.29487, 13.88153 ], [ 109.29379, 13.88163 ], [ 109.29307, 13.88194 ], [ 109.29304, 13.88238 ], [ 109.29306, 13.88274 ], [ 109.29302, 13.88323 ], [ 109.29365, 13.88401 ], [ 109.29384, 13.88378 ], [ 109.29362, 13.88256 ] ] ], [ [ [ 109.25444, 13.88698 ], [ 109.25428, 13.88716 ], [ 109.25418, 13.88613 ], [ 109.2545, 13.88604 ], [ 109.25444, 13.88698 ] ] ], [ [ [ 109.29214, 13.88784 ], [ 109.29214, 13.88775 ], [ 109.29224, 13.88775 ], [ 109.29223, 13.88784 ], [ 109.29214, 13.88784 ] ] ], [ [ [ 109.26063, 13.8877 ], [ 109.26048, 13.88783 ], [ 109.26019, 13.8873 ], [ 109.26041, 13.88725 ], [ 109.26063, 13.8877 ] ] ], [ [ [ 109.25337, 13.88767 ], [ 109.25328, 13.88778 ], [ 109.25298, 13.88735 ], [ 109.2532, 13.88729 ], [ 109.25337, 13.88767 ] ] ], [ [ [ 109.27577, 13.88754 ], [ 109.27572, 13.88758 ], [ 109.27543, 13.88793 ], [ 109.2748, 13.888 ], [ 109.27498, 13.88776 ], [ 109.27536, 13.88754 ], [ 109.2756, 13.88697 ], [ 109.27591, 13.88686 ], [ 109.27667, 13.88677 ], [ 109.2766, 13.88616 ], [ 109.27675, 13.88614 ], [ 109.27684, 13.88634 ], [ 109.27689, 13.88638 ], [ 109.27685, 13.88688 ], [ 109.27658, 13.88706 ], [ 109.27623, 13.8871 ], [ 109.27605, 13.88709 ], [ 109.27586, 13.88709 ], [ 109.27586, 13.88727 ], [ 109.27577, 13.88727 ], [ 109.27577, 13.88754 ] ] ], [ [ [ 109.27277, 13.8881 ], [ 109.27222, 13.88799 ], [ 109.27212, 13.88774 ], [ 109.27233, 13.88726 ], [ 109.27272, 13.88716 ], [ 109.27276, 13.88721 ], [ 109.27305, 13.88738 ], [ 109.27312, 13.8878 ], [ 109.27277, 13.8881 ] ], [ [ 109.27241, 13.88758 ], [ 109.27249, 13.88782 ], [ 109.27268, 13.88776 ], [ 109.27271, 13.8877 ], [ 109.27284, 13.88764 ], [ 109.27276, 13.88741 ], [ 109.27241, 13.88758 ] ] ], [ [ [ 109.27477, 13.88812 ], [ 109.2738, 13.8882 ], [ 109.27359, 13.88769 ], [ 109.27351, 13.88733 ], [ 109.27377, 13.88722 ], [ 109.27383, 13.88744 ], [ 109.27383, 13.88753 ], [ 109.27387, 13.88758 ], [ 109.27401, 13.88766 ], [ 109.27395, 13.88722 ], [ 109.27402, 13.88713 ], [ 109.27459, 13.88747 ], [ 109.27477, 13.88812 ] ], [ [ 109.27408, 13.88792 ], [ 109.27416, 13.888 ], [ 109.27419, 13.88789 ], [ 109.27408, 13.88792 ] ] ], [ [ [ 109.29194, 13.88992 ], [ 109.29194, 13.89001 ], [ 109.29185, 13.89001 ], [ 109.29185, 13.88992 ], [ 109.29194, 13.88992 ] ] ], [ [ [ 109.27655, 13.89022 ], [ 109.27619, 13.8903 ], [ 109.27608, 13.89003 ], [ 109.2764, 13.88999 ], [ 109.27655, 13.89022 ] ] ], [ [ [ 109.27386, 13.88948 ], [ 109.27356, 13.88984 ], [ 109.2736, 13.89013 ], [ 109.27337, 13.89028 ], [ 109.27321, 13.89012 ], [ 109.2735, 13.8894 ], [ 109.2739, 13.88934 ], [ 109.27386, 13.88948 ] ] ], [ [ [ 109.29231, 13.89046 ], [ 109.29231, 13.89055 ], [ 109.29212, 13.89055 ], [ 109.29212, 13.89046 ], [ 109.29231, 13.89046 ] ] ], [ [ [ 109.25191, 13.89018 ], [ 109.25175, 13.8903 ], [ 109.25166, 13.88998 ], [ 109.25179, 13.8899 ], [ 109.25191, 13.89018 ] ] ], [ [ [ 109.27238, 13.89068 ], [ 109.27219, 13.89046 ], [ 109.27293, 13.89038 ], [ 109.27325, 13.89033 ], [ 109.27334, 13.89055 ], [ 109.27301, 13.89067 ], [ 109.27274, 13.89063 ], [ 109.27238, 13.89068 ] ] ], [ [ [ 109.27384, 13.89066 ], [ 109.27351, 13.89082 ], [ 109.27367, 13.89056 ], [ 109.27375, 13.89037 ], [ 109.2739, 13.89033 ], [ 109.27384, 13.89066 ] ] ], [ [ [ 109.29175, 13.891 ], [ 109.29184, 13.891 ], [ 109.29184, 13.89118 ], [ 109.29175, 13.89118 ], [ 109.29175, 13.891 ] ] ], [ [ [ 109.29184, 13.89118 ], [ 109.29193, 13.89118 ], [ 109.29193, 13.89136 ], [ 109.29184, 13.89136 ], [ 109.29184, 13.89127 ], [ 109.29184, 13.89118 ] ] ], [ [ [ 109.29193, 13.89136 ], [ 109.29202, 13.89136 ], [ 109.29202, 13.89154 ], [ 109.29193, 13.89154 ], [ 109.29193, 13.89145 ], [ 109.29193, 13.89136 ] ] ], [ [ [ 109.27172, 13.89046 ], [ 109.27189, 13.89076 ], [ 109.27167, 13.89094 ], [ 109.27148, 13.89153 ], [ 109.27126, 13.8914 ], [ 109.27134, 13.89117 ], [ 109.27153, 13.89085 ], [ 109.27145, 13.89072 ], [ 109.27099, 13.89058 ], [ 109.27097, 13.89035 ], [ 109.27135, 13.89038 ], [ 109.27145, 13.8899 ], [ 109.27159, 13.88986 ], [ 109.27172, 13.89046 ] ] ], [ [ [ 109.29202, 13.89154 ], [ 109.29212, 13.89155 ], [ 109.29211, 13.89173 ], [ 109.29202, 13.89173 ], [ 109.29202, 13.89163 ], [ 109.29202, 13.89154 ] ] ], [ [ [ 109.25177, 13.89157 ], [ 109.25146, 13.89138 ], [ 109.25101, 13.89155 ], [ 109.25137, 13.89113 ], [ 109.25146, 13.89055 ], [ 109.2516, 13.89044 ], [ 109.25199, 13.89097 ], [ 109.25177, 13.89157 ] ] ], [ [ [ 109.29285, 13.89191 ], [ 109.29276, 13.89191 ], [ 109.29276, 13.89182 ], [ 109.29285, 13.89182 ], [ 109.29285, 13.89191 ] ] ], [ [ [ 109.29359, 13.89264 ], [ 109.29359, 13.89273 ], [ 109.29349, 13.89273 ], [ 109.29349, 13.89264 ], [ 109.29359, 13.89264 ] ] ], [ [ [ 109.29321, 13.893 ], [ 109.29331, 13.893 ], [ 109.29331, 13.89318 ], [ 109.29321, 13.89318 ], [ 109.29321, 13.89309 ], [ 109.29321, 13.893 ] ] ], [ [ [ 109.2934, 13.89336 ], [ 109.2933, 13.89336 ], [ 109.29331, 13.89327 ], [ 109.2934, 13.89327 ], [ 109.2934, 13.89336 ] ] ], [ [ [ 109.27032, 13.89298 ], [ 109.27003, 13.89335 ], [ 109.26978, 13.89331 ], [ 109.2701, 13.8928 ], [ 109.27036, 13.89266 ], [ 109.27032, 13.89298 ] ] ], [ [ [ 109.25098, 13.88986 ], [ 109.25102, 13.89029 ], [ 109.25064, 13.89075 ], [ 109.25053, 13.89123 ], [ 109.25091, 13.89155 ], [ 109.25087, 13.89205 ], [ 109.25042, 13.89265 ], [ 109.25038, 13.89324 ], [ 109.25013, 13.89327 ], [ 109.24982, 13.89341 ], [ 109.24978, 13.89337 ], [ 109.24971, 13.89247 ], [ 109.25011, 13.89179 ], [ 109.25006, 13.89111 ], [ 109.25008, 13.89087 ], [ 109.25026, 13.89039 ], [ 109.25041, 13.88907 ], [ 109.25065, 13.88832 ], [ 109.25074, 13.88786 ], [ 109.25088, 13.88762 ], [ 109.25104, 13.88679 ], [ 109.25102, 13.88653 ], [ 109.25114, 13.886 ], [ 109.25152, 13.88627 ], [ 109.25171, 13.8867 ], [ 109.25189, 13.88701 ], [ 109.25179, 13.88804 ], [ 109.25135, 13.88841 ], [ 109.25139, 13.88891 ], [ 109.25137, 13.88913 ], [ 109.25141, 13.88974 ], [ 109.25126, 13.88986 ], [ 109.2511, 13.88985 ], [ 109.25098, 13.88986 ] ] ], [ [ [ 109.29407, 13.89368 ], [ 109.29395, 13.89373 ], [ 109.29395, 13.89364 ], [ 109.29407, 13.89368 ] ] ], [ [ [ 109.2934, 13.89336 ], [ 109.29349, 13.89336 ], [ 109.29349, 13.89372 ], [ 109.29358, 13.89372 ], [ 109.29358, 13.89381 ], [ 109.29345, 13.8939 ], [ 109.29358, 13.894 ], [ 109.29358, 13.89409 ], [ 109.29367, 13.89409 ], [ 109.29376, 13.89409 ], [ 109.29376, 13.89418 ], [ 109.29367, 13.89418 ], [ 109.29367, 13.89427 ], [ 109.29315, 13.89423 ], [ 109.29293, 13.89417 ], [ 109.29293, 13.89408 ], [ 109.29284, 13.89408 ], [ 109.29284, 13.89399 ], [ 109.29284, 13.8939 ], [ 109.29275, 13.8939 ], [ 109.29275, 13.89363 ], [ 109.29275, 13.89354 ], [ 109.29266, 13.89354 ], [ 109.29263, 13.89339 ], [ 109.29257, 13.89327 ], [ 109.29257, 13.89318 ], [ 109.29247, 13.89317 ], [ 109.29238, 13.89317 ], [ 109.29234, 13.89312 ], [ 109.29183, 13.89299 ], [ 109.29183, 13.8929 ], [ 109.29174, 13.8929 ], [ 109.29155, 13.89263 ], [ 109.29117, 13.89237 ], [ 109.29109, 13.89226 ], [ 109.29109, 13.89217 ], [ 109.291, 13.89217 ], [ 109.291, 13.89208 ], [ 109.29091, 13.89208 ], [ 109.29091, 13.89199 ], [ 109.29082, 13.89199 ], [ 109.29082, 13.8919 ], [ 109.29072, 13.8919 ], [ 109.29063, 13.89164 ], [ 109.29082, 13.8901 ], [ 109.29118, 13.88985 ], [ 109.2915, 13.88988 ], [ 109.2917, 13.88972 ], [ 109.29183, 13.88918 ], [ 109.29177, 13.88865 ], [ 109.29184, 13.88807 ], [ 109.29107, 13.88786 ], [ 109.29094, 13.88801 ], [ 109.29055, 13.88776 ], [ 109.29048, 13.88765 ], [ 109.29053, 13.88736 ], [ 109.29086, 13.88687 ], [ 109.29076, 13.88644 ], [ 109.2912, 13.88617 ], [ 109.29156, 13.88648 ], [ 109.29163, 13.88742 ], [ 109.29187, 13.88748 ], [ 109.2919, 13.8879 ], [ 109.29214, 13.88784 ], [ 109.29199, 13.88806 ], [ 109.29191, 13.88851 ], [ 109.29211, 13.88951 ], [ 109.29189, 13.88959 ], [ 109.29185, 13.88983 ], [ 109.29161, 13.88998 ], [ 109.29157, 13.89055 ], [ 109.29152, 13.8905 ], [ 109.29136, 13.89033 ], [ 109.2915, 13.89086 ], [ 109.29157, 13.89055 ], [ 109.29165, 13.8906 ], [ 109.29175, 13.891 ], [ 109.2916, 13.89093 ], [ 109.29153, 13.89121 ], [ 109.29165, 13.89127 ], [ 109.29165, 13.89145 ], [ 109.29175, 13.89145 ], [ 109.29174, 13.89163 ], [ 109.29184, 13.89163 ], [ 109.29184, 13.89172 ], [ 109.29193, 13.89172 ], [ 109.29206, 13.89194 ], [ 109.29211, 13.89173 ], [ 109.29221, 13.89173 ], [ 109.29228, 13.892 ], [ 109.29277, 13.89221 ], [ 109.29285, 13.89191 ], [ 109.29307, 13.89206 ], [ 109.29328, 13.89213 ], [ 109.29331, 13.89237 ], [ 109.29319, 13.89241 ], [ 109.29331, 13.89246 ], [ 109.29331, 13.89264 ], [ 109.2934, 13.89264 ], [ 109.29325, 13.89286 ], [ 109.29321, 13.893 ], [ 109.29316, 13.89296 ], [ 109.29304, 13.8925 ], [ 109.29263, 13.89233 ], [ 109.29253, 13.89266 ], [ 109.29296, 13.89296 ], [ 109.29307, 13.89323 ], [ 109.29312, 13.89327 ], [ 109.29312, 13.89345 ], [ 109.29321, 13.89345 ], [ 109.29323, 13.89361 ], [ 109.29337, 13.89374 ], [ 109.2934, 13.89336 ] ], [ [ 109.29105, 13.89023 ], [ 109.29085, 13.89174 ], [ 109.29169, 13.89267 ], [ 109.29206, 13.89269 ], [ 109.29209, 13.8922 ], [ 109.29151, 13.8915 ], [ 109.29143, 13.89095 ], [ 109.29133, 13.89068 ], [ 109.2912, 13.89018 ], [ 109.29105, 13.89023 ] ], [ [ 109.29119, 13.88681 ], [ 109.29115, 13.88732 ], [ 109.29144, 13.88748 ], [ 109.2915, 13.88675 ], [ 109.29119, 13.88681 ] ] ], [ [ [ 109.26198, 13.89319 ], [ 109.2623, 13.89341 ], [ 109.26253, 13.89386 ], [ 109.26238, 13.8945 ], [ 109.26209, 13.89462 ], [ 109.26223, 13.89405 ], [ 109.26215, 13.89367 ], [ 109.2617, 13.89337 ], [ 109.26157, 13.89318 ], [ 109.26194, 13.89314 ], [ 109.26198, 13.89319 ] ] ], [ [ [ 109.26542, 13.89491 ], [ 109.26532, 13.89469 ], [ 109.26563, 13.89461 ], [ 109.26542, 13.89491 ] ] ], [ [ [ 109.26775, 13.89616 ], [ 109.26784, 13.89616 ], [ 109.26784, 13.89625 ], [ 109.26793, 13.89626 ], [ 109.26802, 13.89662 ], [ 109.26793, 13.89698 ], [ 109.26777, 13.89703 ], [ 109.26781, 13.89652 ], [ 109.26731, 13.89591 ], [ 109.26734, 13.89555 ], [ 109.26761, 13.89532 ], [ 109.26809, 13.89513 ], [ 109.26881, 13.89548 ], [ 109.26849, 13.89554 ], [ 109.26849, 13.89545 ], [ 109.26812, 13.89544 ], [ 109.26812, 13.89553 ], [ 109.26794, 13.89553 ], [ 109.26794, 13.89562 ], [ 109.26784, 13.89562 ], [ 109.26784, 13.89571 ], [ 109.26784, 13.8958 ], [ 109.26775, 13.8958 ], [ 109.26775, 13.89616 ] ] ] ] } },
{ "type": "Feature", "properties": { "OBJECTID": 4, "gridcode": 4, "Shape_Length": 489007.28726995079, "Shape_Area": 12206360.023963949 }, "geometry": { "type": "MultiPolygon", "coordinates": [ [ [ [ 109.28822, 13.75422 ], [ 109.28738, 13.75422 ], [ 109.28745, 13.7541 ], [ 109.28757, 13.75404 ], [ 109.28762, 13.75416 ], [ 109.28766, 13.75395 ], [ 109.2883, 13.75382 ], [ 109.28822, 13.75422 ] ] ], [ [ [ 109.28664, 13.75475 ], [ 109.28664, 13.75484 ], [ 109.28655, 13.75484 ], [ 109.28655, 13.75475 ], [ 109.28664, 13.75475 ] ] ], [ [ [ 109.28916, 13.7549 ], [ 109.28904, 13.75495 ], [ 109.28908, 13.75475 ], [ 109.28916, 13.7549 ] ] ], [ [ [ 109.28645, 13.75502 ], [ 109.28645, 13.75493 ], [ 109.28655, 13.75493 ], [ 109.28654, 13.75502 ], [ 109.28645, 13.75502 ] ] ], [ [ [ 109.28645, 13.75502 ], [ 109.28645, 13.7552 ], [ 109.28636, 13.7552 ], [ 109.28636, 13.75502 ], [ 109.28645, 13.75502 ] ] ], [ [ [ 109.28636, 13.7552 ], [ 109.28636, 13.75529 ], [ 109.28627, 13.75529 ], [ 109.28627, 13.7552 ], [ 109.28636, 13.7552 ] ] ], [ [ [ 109.28627, 13.75529 ], [ 109.28626, 13.75538 ], [ 109.28617, 13.75538 ], [ 109.28617, 13.75529 ], [ 109.28627, 13.75529 ] ] ], [ [ [ 109.28617, 13.75547 ], [ 109.28617, 13.75556 ], [ 109.28608, 13.75556 ], [ 109.28608, 13.75547 ], [ 109.28617, 13.75547 ] ] ], [ [ [ 109.2879, 13.75578 ], [ 109.28775, 13.75598 ], [ 109.28751, 13.75554 ], [ 109.28784, 13.75549 ], [ 109.2879, 13.75578 ] ] ], [ [ [ 109.2858, 13.7561 ], [ 109.2858, 13.75619 ], [ 109.2857, 13.75619 ], [ 109.2857, 13.7561 ], [ 109.2858, 13.7561 ] ] ], [ [ [ 109.28561, 13.75637 ], [ 109.28561, 13.75628 ], [ 109.2857, 13.75628 ], [ 109.2857, 13.75637 ], [ 109.28561, 13.75637 ] ] ], [ [ [ 109.28561, 13.75637 ], [ 109.28561, 13.75646 ], [ 109.28552, 13.75646 ], [ 109.28552, 13.75637 ], [ 109.28561, 13.75637 ] ] ], [ [ [ 109.28952, 13.75641 ], [ 109.28919, 13.75663 ], [ 109.28903, 13.75667 ], [ 109.28909, 13.75645 ], [ 109.28913, 13.75613 ], [ 109.28919, 13.75604 ], [ 109.28963, 13.75594 ], [ 109.28952, 13.75641 ] ] ], [ [ [ 109.28699, 13.75674 ], [ 109.287, 13.75656 ], [ 109.28713, 13.75647 ], [ 109.28722, 13.75615 ], [ 109.28739, 13.75599 ], [ 109.28718, 13.75695 ], [ 109.28709, 13.75702 ], [ 109.28709, 13.75675 ], [ 109.28699, 13.75674 ] ] ], [ [ [ 109.28552, 13.75646 ], [ 109.28528, 13.75677 ], [ 109.28508, 13.75709 ], [ 109.28496, 13.75718 ], [ 109.28501, 13.75688 ], [ 109.28527, 13.75652 ], [ 109.28552, 13.75646 ] ] ], [ [ [ 109.2611, 13.75738 ], [ 109.2611, 13.75747 ], [ 109.26101, 13.75747 ], [ 109.26101, 13.75738 ], [ 109.2611, 13.75738 ] ] ], [ [ [ 109.26777, 13.75722 ], [ 109.26785, 13.75751 ], [ 109.26769, 13.75748 ], [ 109.26726, 13.75727 ], [ 109.26711, 13.75724 ], [ 109.26721, 13.75712 ], [ 109.26777, 13.75722 ] ] ], [ [ [ 109.28496, 13.75718 ], [ 109.28491, 13.75748 ], [ 109.28468, 13.75763 ], [ 109.28472, 13.75747 ], [ 109.2849, 13.75722 ], [ 109.28496, 13.75718 ] ] ], [ [ [ 109.28468, 13.75772 ], [ 109.28468, 13.75781 ], [ 109.28458, 13.75781 ], [ 109.28458, 13.75772 ], [ 109.28468, 13.75772 ] ] ], [ [ [ 109.26969, 13.75852 ], [ 109.2696, 13.75852 ], [ 109.2696, 13.75843 ], [ 109.26969, 13.75843 ], [ 109.26969, 13.75852 ] ] ], [ [ [ 109.28411, 13.75907 ], [ 109.28411, 13.75917 ], [ 109.28402, 13.75916 ], [ 109.28402, 13.75907 ], [ 109.28411, 13.75907 ] ] ], [ [ [ 109.28392, 13.75934 ], [ 109.28393, 13.75925 ], [ 109.28402, 13.75925 ], [ 109.28402, 13.75935 ], [ 109.28392, 13.75934 ] ] ], [ [ [ 109.28392, 13.75934 ], [ 109.28392, 13.75943 ], [ 109.28383, 13.75943 ], [ 109.28383, 13.75934 ], [ 109.28392, 13.75934 ] ] ], [ [ [ 109.27171, 13.75989 ], [ 109.27162, 13.75989 ], [ 109.27162, 13.7598 ], [ 109.27172, 13.7598 ], [ 109.27171, 13.75989 ] ] ], [ [ [ 109.28346, 13.75997 ], [ 109.28346, 13.76006 ], [ 109.28336, 13.76006 ], [ 109.28336, 13.75997 ], [ 109.28346, 13.75997 ] ] ], [ [ [ 109.28336, 13.76015 ], [ 109.28336, 13.76024 ], [ 109.28327, 13.76024 ], [ 109.28327, 13.76015 ], [ 109.28336, 13.76015 ] ] ], [ [ [ 109.26592, 13.76015 ], [ 109.2655, 13.76027 ], [ 109.26536, 13.76024 ], [ 109.26548, 13.75953 ], [ 109.26636, 13.7593 ], [ 109.26658, 13.75917 ], [ 109.26682, 13.75913 ], [ 109.2667, 13.75929 ], [ 109.26637, 13.75953 ], [ 109.26592, 13.76015 ] ], [ [ 109.26589, 13.75976 ], [ 109.26578, 13.75979 ], [ 109.26586, 13.75987 ], [ 109.26589, 13.75976 ], [ 109.26598, 13.75976 ], [ 109.26598, 13.75967 ], [ 109.26608, 13.75967 ], [ 109.26608, 13.75958 ], [ 109.26619, 13.75955 ], [ 109.26611, 13.75947 ], [ 109.26608, 13.75958 ], [ 109.26598, 13.75958 ], [ 109.26598, 13.75967 ], [ 109.26589, 13.75967 ], [ 109.26589, 13.75976 ] ] ], [ [ [ 109.28327, 13.76033 ], [ 109.28327, 13.76042 ], [ 109.28318, 13.76042 ], [ 109.28318, 13.76033 ], [ 109.28327, 13.76033 ] ] ], [ [ [ 109.28481, 13.76046 ], [ 109.28473, 13.76038 ], [ 109.28484, 13.76035 ], [ 109.28481, 13.76046 ] ] ], [ [ [ 109.28595, 13.76008 ], [ 109.28595, 13.76062 ], [ 109.28586, 13.76062 ], [ 109.28586, 13.76008 ], [ 109.28595, 13.76008 ] ] ], [ [ [ 109.27171, 13.75989 ], [ 109.27237, 13.76025 ], [ 109.27254, 13.76044 ], [ 109.27232, 13.76053 ], [ 109.27157, 13.76038 ], [ 109.27118, 13.75984 ], [ 109.27107, 13.75944 ], [ 109.2714, 13.75966 ], [ 109.27144, 13.75971 ], [ 109.27136, 13.75975 ], [ 109.2715, 13.76001 ], [ 109.27168, 13.75995 ], [ 109.27171, 13.75989 ] ] ], [ [ [ 109.26464, 13.76059 ], [ 109.26456, 13.76043 ], [ 109.26468, 13.76038 ], [ 109.26464, 13.76059 ] ] ], [ [ [ 109.28318, 13.76051 ], [ 109.28317, 13.76079 ], [ 109.28308, 13.76078 ], [ 109.28308, 13.76051 ], [ 109.28318, 13.76051 ] ] ], [ [ [ 109.26078, 13.76022 ], [ 109.26112, 13.76077 ], [ 109.26136, 13.76087 ], [ 109.26148, 13.76107 ], [ 109.26135, 13.76117 ], [ 109.26051, 13.7608 ], [ 109.26062, 13.76018 ], [ 109.26078, 13.76022 ] ] ], [ [ [ 109.28252, 13.76168 ], [ 109.28252, 13.76159 ], [ 109.28261, 13.7616 ], [ 109.28261, 13.76169 ], [ 109.28252, 13.76168 ] ] ], [ [ [ 109.28252, 13.76168 ], [ 109.28252, 13.76178 ], [ 109.28243, 13.76177 ], [ 109.28243, 13.76168 ], [ 109.28252, 13.76168 ] ] ], [ [ [ 109.26482, 13.76152 ], [ 109.26477, 13.76169 ], [ 109.26455, 13.76144 ], [ 109.26477, 13.76129 ], [ 109.26482, 13.76152 ] ] ], [ [ [ 109.28243, 13.76177 ], [ 109.28226, 13.76198 ], [ 109.28187, 13.76204 ], [ 109.2819, 13.76198 ], [ 109.28227, 13.7618 ], [ 109.28243, 13.76177 ] ] ], [ [ [ 109.28168, 13.76213 ], [ 109.28169, 13.76204 ], [ 109.28178, 13.76204 ], [ 109.28178, 13.76213 ], [ 109.28168, 13.76213 ] ] ], [ [ [ 109.26268, 13.76226 ], [ 109.26254, 13.76236 ], [ 109.26242, 13.7623 ], [ 109.26236, 13.76218 ], [ 109.26249, 13.76187 ], [ 109.26232, 13.76176 ], [ 109.26208, 13.7619 ], [ 109.26196, 13.76184 ], [ 109.2619, 13.76172 ], [ 109.26227, 13.76146 ], [ 109.26259, 13.76151 ], [ 109.26268, 13.76226 ] ] ], [ [ [ 109.27651, 13.76269 ], [ 109.27644, 13.76322 ], [ 109.27501, 13.76339 ], [ 109.27465, 13.76318 ], [ 109.27471, 13.7627 ], [ 109.27554, 13.76259 ], [ 109.27618, 13.76231 ], [ 109.27641, 13.76227 ], [ 109.27651, 13.76269 ] ] ], [ [ [ 109.26346, 13.76336 ], [ 109.26346, 13.76345 ], [ 109.26337, 13.76345 ], [ 109.26337, 13.76336 ], [ 109.26346, 13.76336 ] ] ], [ [ [ 109.26355, 13.76363 ], [ 109.26346, 13.76363 ], [ 109.26346, 13.76354 ], [ 109.26355, 13.76354 ], [ 109.26355, 13.76363 ] ] ], [ [ [ 109.26355, 13.76363 ], [ 109.2637, 13.7637 ], [ 109.26373, 13.76399 ], [ 109.26362, 13.76392 ], [ 109.26355, 13.76363 ] ] ], [ [ [ 109.2666, 13.76419 ], [ 109.26636, 13.76413 ], [ 109.26607, 13.76364 ], [ 109.26614, 13.76336 ], [ 109.26651, 13.76345 ], [ 109.26642, 13.76382 ], [ 109.2666, 13.76419 ] ] ], [ [ [ 109.2666, 13.76419 ], [ 109.26671, 13.76423 ], [ 109.26663, 13.7643 ], [ 109.2666, 13.76419 ] ] ], [ [ [ 109.27161, 13.76188 ], [ 109.27105, 13.76192 ], [ 109.27032, 13.76213 ], [ 109.26984, 13.76272 ], [ 109.2696, 13.76354 ], [ 109.26988, 13.76393 ], [ 109.2697, 13.76408 ], [ 109.26942, 13.76406 ], [ 109.26922, 13.76438 ], [ 109.26875, 13.7647 ], [ 109.26806, 13.76475 ], [ 109.26791, 13.76448 ], [ 109.26805, 13.76412 ], [ 109.26775, 13.76371 ], [ 109.26779, 13.76333 ], [ 109.26734, 13.76253 ], [ 109.26718, 13.76217 ], [ 109.26639, 13.76206 ], [ 109.2665, 13.76182 ], [ 109.26685, 13.7618 ], [ 109.267, 13.76181 ], [ 109.26738, 13.76165 ], [ 109.26763, 13.76123 ], [ 109.26758, 13.76056 ], [ 109.26807, 13.76019 ], [ 109.26818, 13.76041 ], [ 109.26797, 13.76078 ], [ 109.26841, 13.7607 ], [ 109.26853, 13.75953 ], [ 109.26876, 13.75913 ], [ 109.26862, 13.75901 ], [ 109.26846, 13.75865 ], [ 109.26835, 13.75864 ], [ 109.26807, 13.75866 ], [ 109.26816, 13.75846 ], [ 109.26826, 13.75829 ], [ 109.26831, 13.75788 ], [ 109.26855, 13.75784 ], [ 109.26877, 13.75779 ], [ 109.26886, 13.75779 ], [ 109.26886, 13.7577 ], [ 109.26893, 13.75773 ], [ 109.26905, 13.75798 ], [ 109.26897, 13.75804 ], [ 109.26928, 13.75856 ], [ 109.26941, 13.75901 ], [ 109.26962, 13.75877 ], [ 109.26969, 13.75852 ], [ 109.2703, 13.75892 ], [ 109.27033, 13.75898 ], [ 109.26982, 13.75902 ], [ 109.26949, 13.75938 ], [ 109.26871, 13.75946 ], [ 109.26858, 13.7596 ], [ 109.26863, 13.76045 ], [ 109.26835, 13.76094 ], [ 109.26787, 13.76108 ], [ 109.26778, 13.76123 ], [ 109.26817, 13.76234 ], [ 109.2697, 13.76254 ], [ 109.27069, 13.7617 ], [ 109.27149, 13.76175 ], [ 109.27161, 13.76188 ] ], [ [ 109.26887, 13.76326 ], [ 109.26869, 13.76308 ], [ 109.26864, 13.76303 ], [ 109.26839, 13.76308 ], [ 109.26804, 13.76307 ], [ 109.26795, 13.76332 ], [ 109.26887, 13.76326 ] ], [ [ 109.26897, 13.75883 ], [ 109.26914, 13.75871 ], [ 109.26886, 13.75834 ], [ 109.26873, 13.75844 ], [ 109.26897, 13.75883 ] ] ], [ [ [ 109.28678, 13.76518 ], [ 109.28662, 13.76503 ], [ 109.28684, 13.76497 ], [ 109.28678, 13.76518 ] ] ], [ [ [ 109.27173, 13.765 ], [ 109.27158, 13.76524 ], [ 109.27104, 13.76516 ], [ 109.27123, 13.76456 ], [ 109.27159, 13.7645 ], [ 109.27163, 13.76455 ], [ 109.27173, 13.765 ] ], [ [ 109.27131, 13.76486 ], [ 109.2712, 13.76489 ], [ 109.27128, 13.76497 ], [ 109.27131, 13.76486 ], [ 109.27142, 13.76483 ], [ 109.27134, 13.76475 ], [ 109.27131, 13.76486 ] ] ], [ [ [ 109.28699, 13.76544 ], [ 109.28691, 13.76536 ], [ 109.28702, 13.76533 ], [ 109.28699, 13.76544 ] ] ], [ [ [ 109.26867, 13.76532 ], [ 109.2685, 13.76507 ], [ 109.26872, 13.76502 ], [ 109.26867, 13.76532 ] ] ], [ [ [ 109.26465, 13.76536 ], [ 109.26455, 13.76536 ], [ 109.26455, 13.76526 ], [ 109.26465, 13.76527 ], [ 109.26465, 13.76536 ] ] ], [ [ [ 109.26465, 13.76536 ], [ 109.26474, 13.76536 ], [ 109.26474, 13.76545 ], [ 109.26465, 13.76545 ], [ 109.26465, 13.76536 ] ] ], [ [ [ 109.26474, 13.76545 ], [ 109.26483, 13.76545 ], [ 109.26483, 13.76554 ], [ 109.26474, 13.76554 ], [ 109.26474, 13.76545 ] ] ], [ [ [ 109.27099, 13.76573 ], [ 109.27089, 13.76579 ], [ 109.27081, 13.76551 ], [ 109.27103, 13.7654 ], [ 109.27099, 13.76573 ] ] ], [ [ [ 109.28674, 13.76632 ], [ 109.28663, 13.76629 ], [ 109.28671, 13.76621 ], [ 109.28674, 13.76632 ] ] ], [ [ [ 109.27061, 13.76657 ], [ 109.27034, 13.76674 ], [ 109.27015, 13.76657 ], [ 109.27049, 13.76634 ], [ 109.27065, 13.7663 ], [ 109.27061, 13.76657 ] ] ], [ [ [ 109.28674, 13.76632 ], [ 109.28679, 13.76637 ], [ 109.2869, 13.76686 ], [ 109.28664, 13.76718 ], [ 109.28651, 13.76695 ], [ 109.2867, 13.76646 ], [ 109.28674, 13.76632 ] ] ], [ [ [ 109.28612, 13.76762 ], [ 109.28577, 13.76747 ], [ 109.28599, 13.76731 ], [ 109.28612, 13.76762 ] ] ], [ [ [ 109.27123, 13.76754 ], [ 109.27113, 13.76804 ], [ 109.27056, 13.76786 ], [ 109.27075, 13.76727 ], [ 109.27101, 13.76721 ], [ 109.27123, 13.76754 ] ] ], [ [ [ 109.28709, 13.75702 ], [ 109.28704, 13.75752 ], [ 109.28693, 13.75819 ], [ 109.28672, 13.75875 ], [ 109.28677, 13.76 ], [ 109.28656, 13.76037 ], [ 109.28728, 13.76153 ], [ 109.28693, 13.7625 ], [ 109.28746, 13.76312 ], [ 109.28727, 13.76357 ], [ 109.28716, 13.76388 ], [ 109.28718, 13.76453 ], [ 109.2868, 13.76465 ], [ 109.2867, 13.76475 ], [ 109.28647, 13.76474 ], [ 109.28634, 13.7642 ], [ 109.28616, 13.76385 ], [ 109.28603, 13.76316 ], [ 109.28617, 13.76264 ], [ 109.28654, 13.76231 ], [ 109.28653, 13.76198 ], [ 109.28658, 13.76093 ], [ 109.28603, 13.76095 ], [ 109.2859, 13.76148 ], [ 109.28552, 13.76229 ], [ 109.28542, 13.76276 ], [ 109.28524, 13.7631 ], [ 109.28505, 13.76356 ], [ 109.28489, 13.76384 ], [ 109.28505, 13.76428 ], [ 109.28467, 13.76475 ], [ 109.28463, 13.76554 ], [ 109.28506, 13.76526 ], [ 109.28551, 13.76528 ], [ 109.28549, 13.76571 ], [ 109.28466, 13.76581 ], [ 109.28478, 13.76604 ], [ 109.28522, 13.76618 ], [ 109.28531, 13.7663 ], [ 109.28493, 13.76697 ], [ 109.28481, 13.76769 ], [ 109.28446, 13.7678 ], [ 109.28419, 13.76789 ], [ 109.28389, 13.76798 ], [ 109.28354, 13.76834 ], [ 109.2833, 13.76821 ], [ 109.28353, 13.76758 ], [ 109.28364, 13.76662 ], [ 109.28392, 13.76599 ], [ 109.28406, 13.76479 ], [ 109.28441, 13.76435 ], [ 109.28459, 13.76399 ], [ 109.28458, 13.76367 ], [ 109.28469, 13.76306 ], [ 109.28506, 13.7622 ], [ 109.28511, 13.76206 ], [ 109.2852, 13.76207 ], [ 109.2852, 13.76197 ], [ 109.28529, 13.76198 ], [ 109.28529, 13.76188 ], [ 109.28544, 13.76176 ], [ 109.28582, 13.7611 ], [ 109.28576, 13.76071 ], [ 109.28586, 13.76071 ], [ 109.28602, 13.76067 ], [ 109.28627, 13.76004 ], [ 109.28656, 13.75954 ], [ 109.28642, 13.75932 ], [ 109.286, 13.76004 ], [ 109.28595, 13.76008 ], [ 109.286, 13.75985 ], [ 109.2861, 13.7595 ], [ 109.28619, 13.75913 ], [ 109.28639, 13.75869 ], [ 109.28647, 13.75805 ], [ 109.28675, 13.7576 ], [ 109.28689, 13.75682 ], [ 109.28699, 13.75674 ], [ 109.28699, 13.75702 ], [ 109.28709, 13.75702 ] ], [ [ 109.28699, 13.7572 ], [ 109.28687, 13.75726 ], [ 109.28695, 13.75749 ], [ 109.28699, 13.7572 ] ], [ [ 109.28681, 13.75821 ], [ 109.2869, 13.75774 ], [ 109.28678, 13.75783 ], [ 109.28663, 13.75832 ], [ 109.28681, 13.75821 ] ], [ [ 109.2872, 13.76316 ], [ 109.28709, 13.76302 ], [ 109.28694, 13.7629 ], [ 109.28686, 13.7628 ], [ 109.28645, 13.76286 ], [ 109.28657, 13.76328 ], [ 109.28691, 13.76347 ], [ 109.28705, 13.76365 ], [ 109.2872, 13.76316 ] ], [ [ 109.28485, 13.76343 ], [ 109.2853, 13.76265 ], [ 109.28534, 13.7622 ], [ 109.28538, 13.76207 ], [ 109.2852, 13.76222 ], [ 109.28506, 13.76265 ], [ 109.28468, 13.76351 ], [ 109.28485, 13.76343 ] ], [ [ 109.28477, 13.76444 ], [ 109.28481, 13.76414 ], [ 109.28473, 13.76418 ], [ 109.28459, 13.76451 ], [ 109.28477, 13.76444 ] ], [ [ 109.28434, 13.76531 ], [ 109.2842, 13.76535 ], [ 109.28411, 13.76599 ], [ 109.28394, 13.76643 ], [ 109.2839, 13.76674 ], [ 109.28401, 13.76701 ], [ 109.28438, 13.76761 ], [ 109.28465, 13.7675 ], [ 109.28476, 13.76681 ], [ 109.28513, 13.76635 ], [ 109.28468, 13.76626 ], [ 109.28438, 13.76602 ], [ 109.28434, 13.76531 ] ] ], [ [ [ 109.26758, 13.76836 ], [ 109.26758, 13.76845 ], [ 109.26749, 13.76845 ], [ 109.26749, 13.76836 ], [ 109.26758, 13.76836 ] ] ], [ [ [ 109.26749, 13.76854 ], [ 109.26749, 13.76863 ], [ 109.2674, 13.76863 ], [ 109.2674, 13.76854 ], [ 109.26749, 13.76854 ] ] ], [ [ [ 109.2711, 13.76854 ], [ 109.27088, 13.76879 ], [ 109.27078, 13.76832 ], [ 109.27101, 13.76811 ], [ 109.2711, 13.76854 ] ] ], [ [ [ 109.26758, 13.76836 ], [ 109.26762, 13.76821 ], [ 109.26768, 13.76809 ], [ 109.26811, 13.76805 ], [ 109.26808, 13.76751 ], [ 109.26943, 13.76732 ], [ 109.26963, 13.76711 ], [ 109.26972, 13.76717 ], [ 109.26965, 13.76747 ], [ 109.26917, 13.76764 ], [ 109.26867, 13.76836 ], [ 109.26831, 13.76828 ], [ 109.26801, 13.7691 ], [ 109.26758, 13.76939 ], [ 109.26712, 13.76917 ], [ 109.26725, 13.76894 ], [ 109.2674, 13.76872 ], [ 109.26777, 13.76863 ], [ 109.26793, 13.7684 ], [ 109.26758, 13.76836 ] ], [ [ 109.26858, 13.76759 ], [ 109.26838, 13.76777 ], [ 109.2687, 13.76796 ], [ 109.26884, 13.76769 ], [ 109.26893, 13.7676 ], [ 109.26898, 13.76747 ], [ 109.26858, 13.76759 ] ] ], [ [ [ 109.2702, 13.76943 ], [ 109.27004, 13.76977 ], [ 109.26929, 13.76956 ], [ 109.26952, 13.76915 ], [ 109.27007, 13.7691 ], [ 109.2702, 13.76943 ] ] ], [ [ [ 109.28168, 13.76213 ], [ 109.28147, 13.7626 ], [ 109.28173, 13.76272 ], [ 109.28183, 13.76283 ], [ 109.2818, 13.76314 ], [ 109.28161, 13.76347 ], [ 109.28107, 13.7638 ], [ 109.28089, 13.76412 ], [ 109.2811, 13.7647 ], [ 109.28081, 13.76547 ], [ 109.28069, 13.76597 ], [ 109.28043, 13.76656 ], [ 109.28016, 13.7674 ], [ 109.28024, 13.76836 ], [ 109.2799, 13.76924 ], [ 109.27913, 13.76988 ], [ 109.2788, 13.77002 ], [ 109.27853, 13.7702 ], [ 109.27839, 13.77024 ], [ 109.27861, 13.76989 ], [ 109.27872, 13.76948 ], [ 109.27893, 13.76918 ], [ 109.27932, 13.7684 ], [ 109.27975, 13.76813 ], [ 109.2799, 13.766 ], [ 109.28013, 13.76534 ], [ 109.28042, 13.76496 ], [ 109.28074, 13.76467 ], [ 109.28053, 13.76386 ], [ 109.28048, 13.76239 ], [ 109.28107, 13.7623 ], [ 109.28168, 13.76213 ] ] ], [ [ [ 109.27839, 13.77024 ], [ 109.27839, 13.77033 ], [ 109.2783, 13.77033 ], [ 109.2783, 13.77024 ], [ 109.27839, 13.77024 ] ] ], [ [ [ 109.2692, 13.77038 ], [ 109.26912, 13.7703 ], [ 109.26923, 13.77027 ], [ 109.2692, 13.77038 ] ] ], [ [ [ 109.26889, 13.77048 ], [ 109.26873, 13.77033 ], [ 109.26896, 13.77027 ], [ 109.26889, 13.77048 ] ] ], [ [ [ 109.28584, 13.77044 ], [ 109.2856, 13.77074 ], [ 109.28531, 13.77067 ], [ 109.28554, 13.77033 ], [ 109.28588, 13.77029 ], [ 109.28584, 13.77044 ] ] ], [ [ [ 109.26935, 13.77085 ], [ 109.26919, 13.77069 ], [ 109.26942, 13.77063 ], [ 109.26935, 13.77085 ] ] ], [ [ [ 109.28005, 13.77124 ], [ 109.27982, 13.77105 ], [ 109.28004, 13.77072 ], [ 109.28045, 13.77077 ], [ 109.28065, 13.77066 ], [ 109.28098, 13.77062 ], [ 109.2812, 13.77097 ], [ 109.28081, 13.77119 ], [ 109.28065, 13.77121 ], [ 109.28046, 13.77119 ], [ 109.28005, 13.77124 ] ] ], [ [ [ 109.28268, 13.77129 ], [ 109.28252, 13.77121 ], [ 109.28273, 13.77118 ], [ 109.28268, 13.77129 ] ] ], [ [ [ 109.28338, 13.77037 ], [ 109.28347, 13.76989 ], [ 109.28388, 13.76923 ], [ 109.28438, 13.76903 ], [ 109.28464, 13.76843 ], [ 109.28482, 13.76835 ], [ 109.28491, 13.76885 ], [ 109.28432, 13.76931 ], [ 109.28366, 13.77034 ], [ 109.28352, 13.77073 ], [ 109.28375, 13.77111 ], [ 109.28365, 13.7714 ], [ 109.28336, 13.77105 ], [ 109.28325, 13.77047 ], [ 109.28338, 13.77037 ], [ 109.28342, 13.77085 ], [ 109.28347, 13.77037 ], [ 109.28357, 13.77037 ], [ 109.28357, 13.77019 ], [ 109.2837, 13.77006 ], [ 109.28397, 13.76942 ], [ 109.28366, 13.76975 ], [ 109.28357, 13.77019 ], [ 109.28348, 13.77019 ], [ 109.28347, 13.77037 ], [ 109.28338, 13.77037 ] ], [ [ 109.28466, 13.76871 ], [ 109.28474, 13.76887 ], [ 109.28478, 13.76866 ], [ 109.28466, 13.76871 ] ], [ [ 109.28365, 13.77109 ], [ 109.28354, 13.77112 ], [ 109.28362, 13.7712 ], [ 109.28365, 13.77109 ] ] ], [ [ [ 109.28231, 13.77219 ], [ 109.28213, 13.7721 ], [ 109.28235, 13.77199 ], [ 109.28231, 13.77219 ] ] ], [ [ [ 109.27999, 13.77166 ], [ 109.28003, 13.77209 ], [ 109.27939, 13.77219 ], [ 109.27926, 13.77167 ], [ 109.27995, 13.77161 ], [ 109.27999, 13.77166 ] ] ], [ [ [ 109.28638, 13.7724 ], [ 109.2863, 13.77225 ], [ 109.28642, 13.7722 ], [ 109.28638, 13.7724 ] ] ], [ [ [ 109.2819, 13.77247 ], [ 109.28176, 13.77231 ], [ 109.28207, 13.77226 ], [ 109.2819, 13.77247 ] ] ], [ [ [ 109.28392, 13.77263 ], [ 109.28387, 13.77242 ], [ 109.2837, 13.77269 ], [ 109.28364, 13.77272 ], [ 109.28368, 13.77249 ], [ 109.28384, 13.77197 ], [ 109.28424, 13.77188 ], [ 109.28403, 13.77255 ], [ 109.28392, 13.77263 ] ], [ [ 109.2839, 13.77214 ], [ 109.28398, 13.77229 ], [ 109.28402, 13.77209 ], [ 109.2839, 13.77214 ] ] ], [ [ [ 109.28896, 13.77332 ], [ 109.28888, 13.77317 ], [ 109.289, 13.77312 ], [ 109.28896, 13.77332 ] ] ], [ [ [ 109.28041, 13.77247 ], [ 109.28065, 13.77255 ], [ 109.28093, 13.77274 ], [ 109.28065, 13.77333 ], [ 109.28041, 13.77346 ], [ 109.27959, 13.77307 ], [ 109.27966, 13.77278 ], [ 109.28, 13.77238 ], [ 109.28032, 13.77233 ], [ 109.28041, 13.77247 ] ] ], [ [ [ 109.28392, 13.77263 ], [ 109.28386, 13.77331 ], [ 109.28361, 13.77358 ], [ 109.2835, 13.77284 ], [ 109.28364, 13.77272 ], [ 109.28368, 13.77328 ], [ 109.2838, 13.77271 ], [ 109.28392, 13.77263 ] ] ], [ [ [ 109.27275, 13.77411 ], [ 109.27215, 13.77421 ], [ 109.27236, 13.77389 ], [ 109.27263, 13.77382 ], [ 109.27275, 13.77411 ] ] ], [ [ [ 109.27947, 13.7745 ], [ 109.2795, 13.77439 ], [ 109.27958, 13.77447 ], [ 109.27947, 13.7745 ] ] ], [ [ [ 109.29241, 13.77495 ], [ 109.29245, 13.77481 ], [ 109.29262, 13.77443 ], [ 109.29273, 13.77399 ], [ 109.29288, 13.77396 ], [ 109.29288, 13.7745 ], [ 109.29278, 13.7745 ], [ 109.29278, 13.77459 ], [ 109.29266, 13.77465 ], [ 109.29253, 13.77489 ], [ 109.29241, 13.77495 ] ] ], [ [ [ 109.27147, 13.77482 ], [ 109.2713, 13.77474 ], [ 109.27151, 13.77462 ], [ 109.27147, 13.77482 ] ] ], [ [ [ 109.27947, 13.7745 ], [ 109.27942, 13.7748 ], [ 109.27909, 13.77489 ], [ 109.27917, 13.77457 ], [ 109.27947, 13.7745 ] ] ], [ [ [ 109.28492, 13.77499 ], [ 109.28492, 13.77508 ], [ 109.28473, 13.77508 ], [ 109.28473, 13.77499 ], [ 109.28492, 13.77499 ] ] ], [ [ [ 109.28473, 13.77508 ], [ 109.28469, 13.77513 ], [ 109.28439, 13.77521 ], [ 109.28442, 13.77492 ], [ 109.28506, 13.77438 ], [ 109.28516, 13.77461 ], [ 109.28515, 13.7748 ], [ 109.28492, 13.77499 ], [ 109.28492, 13.77481 ], [ 109.28503, 13.77478 ], [ 109.28495, 13.7747 ], [ 109.28492, 13.77481 ], [ 109.28451, 13.77502 ], [ 109.28473, 13.77508 ] ] ], [ [ [ 109.29241, 13.77495 ], [ 109.29235, 13.77527 ], [ 109.29221, 13.77544 ], [ 109.29209, 13.77519 ], [ 109.29241, 13.77495 ] ] ], [ [ [ 109.28359, 13.77572 ], [ 109.2833, 13.77551 ], [ 109.28372, 13.77516 ], [ 109.28376, 13.77521 ], [ 109.28386, 13.77529 ], [ 109.28394, 13.77542 ], [ 109.28359, 13.77572 ] ], [ [ 109.2835, 13.77546 ], [ 109.28367, 13.77554 ], [ 109.28372, 13.77534 ], [ 109.2835, 13.77546 ] ] ], [ [ [ 109.27087, 13.77574 ], [ 109.27073, 13.77558 ], [ 109.27095, 13.77543 ], [ 109.27087, 13.77574 ] ] ], [ [ [ 109.28995, 13.77005 ], [ 109.29001, 13.76938 ], [ 109.29045, 13.76959 ], [ 109.29047, 13.76984 ], [ 109.29019, 13.77031 ], [ 109.29017, 13.77064 ], [ 109.29018, 13.77082 ], [ 109.29016, 13.77098 ], [ 109.29051, 13.77145 ], [ 109.29056, 13.77122 ], [ 109.29039, 13.77076 ], [ 109.29085, 13.7706 ], [ 109.29115, 13.77078 ], [ 109.29115, 13.77087 ], [ 109.29124, 13.77087 ], [ 109.29124, 13.77115 ], [ 109.29115, 13.77185 ], [ 109.29133, 13.77218 ], [ 109.29154, 13.77264 ], [ 109.29214, 13.77217 ], [ 109.29225, 13.77206 ], [ 109.29275, 13.77228 ], [ 109.29339, 13.77193 ], [ 109.29373, 13.77152 ], [ 109.29382, 13.77153 ], [ 109.29382, 13.77162 ], [ 109.29391, 13.77162 ], [ 109.29387, 13.77203 ], [ 109.29377, 13.77229 ], [ 109.29367, 13.77271 ], [ 109.29326, 13.77248 ], [ 109.29307, 13.77269 ], [ 109.2927, 13.77256 ], [ 109.29237, 13.77268 ], [ 109.29205, 13.77296 ], [ 109.29124, 13.77384 ], [ 109.29017, 13.77431 ], [ 109.28987, 13.77471 ], [ 109.28932, 13.77495 ], [ 109.28915, 13.77531 ], [ 109.28894, 13.7756 ], [ 109.2887, 13.77596 ], [ 109.28838, 13.77597 ], [ 109.28837, 13.77562 ], [ 109.28852, 13.77546 ], [ 109.28875, 13.77526 ], [ 109.28885, 13.77506 ], [ 109.28908, 13.77474 ], [ 109.28939, 13.77336 ], [ 109.28896, 13.7728 ], [ 109.28843, 13.7719 ], [ 109.28818, 13.77189 ], [ 109.28786, 13.7719 ], [ 109.2875, 13.77188 ], [ 109.28676, 13.77203 ], [ 109.28674, 13.77154 ], [ 109.28705, 13.77113 ], [ 109.2873, 13.77091 ], [ 109.28695, 13.77052 ], [ 109.28621, 13.77018 ], [ 109.28636, 13.76998 ], [ 109.28743, 13.76987 ], [ 109.2877, 13.76963 ], [ 109.28765, 13.76871 ], [ 109.28815, 13.76875 ], [ 109.28832, 13.76797 ], [ 109.28837, 13.76724 ], [ 109.28832, 13.7662 ], [ 109.28845, 13.76566 ], [ 109.28897, 13.76505 ], [ 109.28915, 13.76397 ], [ 109.28944, 13.76372 ], [ 109.28953, 13.76409 ], [ 109.28992, 13.76466 ], [ 109.29023, 13.76503 ], [ 109.29035, 13.76526 ], [ 109.28985, 13.76565 ], [ 109.28972, 13.76664 ], [ 109.28955, 13.7672 ], [ 109.29001, 13.76778 ], [ 109.28991, 13.76854 ], [ 109.28953, 13.76905 ], [ 109.28955, 13.76919 ], [ 109.28942, 13.7696 ], [ 109.28973, 13.76999 ], [ 109.28995, 13.77005 ], [ 109.28999, 13.77027 ], [ 109.29016, 13.77017 ], [ 109.28995, 13.77005 ] ], [ [ 109.28906, 13.77015 ], [ 109.28892, 13.76982 ], [ 109.28878, 13.76974 ], [ 109.28875, 13.76968 ], [ 109.28865, 13.76974 ], [ 109.28858, 13.76996 ], [ 109.28874, 13.77042 ], [ 109.28895, 13.77049 ], [ 109.28906, 13.77015 ] ], [ [ 109.28801, 13.76959 ], [ 109.2879, 13.76962 ], [ 109.28798, 13.7697 ], [ 109.28801, 13.76959 ] ], [ [ 109.28976, 13.77068 ], [ 109.28964, 13.77073 ], [ 109.28972, 13.77089 ], [ 109.28976, 13.77068 ] ], [ [ 109.28791, 13.77076 ], [ 109.28759, 13.77081 ], [ 109.2877, 13.77132 ], [ 109.28813, 13.77141 ], [ 109.28805, 13.77107 ], [ 109.28795, 13.7709 ], [ 109.28791, 13.77076 ] ], [ [ 109.28754, 13.77139 ], [ 109.28731, 13.77146 ], [ 109.28742, 13.77179 ], [ 109.2876, 13.77158 ], [ 109.28754, 13.77139 ] ], [ [ 109.28927, 13.77161 ], [ 109.28945, 13.77178 ], [ 109.28948, 13.77159 ], [ 109.28927, 13.77161 ] ], [ [ 109.28842, 13.77151 ], [ 109.28846, 13.77131 ], [ 109.28834, 13.77136 ], [ 109.28842, 13.77151 ] ], [ [ 109.2904, 13.77222 ], [ 109.29028, 13.77225 ], [ 109.29036, 13.77233 ], [ 109.2904, 13.77222 ] ], [ [ 109.28862, 13.76794 ], [ 109.2891, 13.76837 ], [ 109.28922, 13.76823 ], [ 109.28899, 13.76801 ], [ 109.28895, 13.76788 ], [ 109.28862, 13.76794 ] ], [ [ 109.28864, 13.7674 ], [ 109.28883, 13.76764 ], [ 109.28906, 13.76747 ], [ 109.2888, 13.76739 ], [ 109.28877, 13.76733 ], [ 109.28864, 13.7674 ] ], [ [ 109.28931, 13.76433 ], [ 109.28939, 13.76456 ], [ 109.28944, 13.76426 ], [ 109.28931, 13.76433 ] ] ], [ [ [ 109.2783, 13.77033 ], [ 109.27815, 13.77065 ], [ 109.27816, 13.77088 ], [ 109.27843, 13.77074 ], [ 109.27853, 13.77074 ], [ 109.27852, 13.7711 ], [ 109.2787, 13.77165 ], [ 109.27889, 13.77165 ], [ 109.27888, 13.77218 ], [ 109.27898, 13.77237 ], [ 109.27906, 13.77264 ], [ 109.27923, 13.77297 ], [ 109.2786, 13.77345 ], [ 109.27793, 13.774 ], [ 109.27761, 13.77463 ], [ 109.2772, 13.77453 ], [ 109.27683, 13.77444 ], [ 109.27664, 13.77498 ], [ 109.27628, 13.77544 ], [ 109.27645, 13.77579 ], [ 109.27645, 13.77593 ], [ 109.27589, 13.77605 ], [ 109.27558, 13.77616 ], [ 109.27544, 13.77587 ], [ 109.27488, 13.7751 ], [ 109.27489, 13.77474 ], [ 109.27459, 13.77429 ], [ 109.27388, 13.77387 ], [ 109.27331, 13.77342 ], [ 109.27304, 13.77369 ], [ 109.27276, 13.77368 ], [ 109.27277, 13.77336 ], [ 109.27306, 13.77323 ], [ 109.27341, 13.77288 ], [ 109.27352, 13.77224 ], [ 109.27362, 13.77179 ], [ 109.27371, 13.77134 ], [ 109.27381, 13.77105 ], [ 109.2738, 13.77018 ], [ 109.27351, 13.76946 ], [ 109.27356, 13.76772 ], [ 109.27355, 13.76741 ], [ 109.2736, 13.76581 ], [ 109.27393, 13.76488 ], [ 109.27367, 13.76438 ], [ 109.27358, 13.76411 ], [ 109.2734, 13.76384 ], [ 109.27322, 13.76347 ], [ 109.27281, 13.76288 ], [ 109.27225, 13.76244 ], [ 109.27193, 13.76211 ], [ 109.27165, 13.76193 ], [ 109.27161, 13.76188 ], [ 109.27202, 13.76194 ], [ 109.27262, 13.76242 ], [ 109.27313, 13.76275 ], [ 109.27411, 13.76357 ], [ 109.2744, 13.7642 ], [ 109.27411, 13.76498 ], [ 109.27392, 13.76682 ], [ 109.27395, 13.76739 ], [ 109.2738, 13.76791 ], [ 109.27384, 13.76872 ], [ 109.27377, 13.76971 ], [ 109.27452, 13.77133 ], [ 109.27533, 13.77183 ], [ 109.27557, 13.77209 ], [ 109.27555, 13.77237 ], [ 109.27515, 13.77252 ], [ 109.27446, 13.77228 ], [ 109.27382, 13.77193 ], [ 109.2737, 13.77267 ], [ 109.27505, 13.77386 ], [ 109.2764, 13.77442 ], [ 109.27707, 13.77397 ], [ 109.27748, 13.7733 ], [ 109.27761, 13.77193 ], [ 109.27753, 13.77182 ], [ 109.2771, 13.77211 ], [ 109.27662, 13.77194 ], [ 109.27649, 13.7716 ], [ 109.27669, 13.77125 ], [ 109.27765, 13.771 ], [ 109.27799, 13.77042 ], [ 109.2783, 13.77033 ] ], [ [ 109.27809, 13.77277 ], [ 109.27787, 13.77283 ], [ 109.27803, 13.77299 ], [ 109.27809, 13.77277 ] ], [ [ 109.27613, 13.77511 ], [ 109.27582, 13.77516 ], [ 109.27604, 13.77541 ], [ 109.27613, 13.77511 ] ] ], [ [ [ 109.27548, 13.77637 ], [ 109.27551, 13.77626 ], [ 109.27559, 13.77634 ], [ 109.27548, 13.77637 ] ] ], [ [ [ 109.27548, 13.77637 ], [ 109.27544, 13.77648 ], [ 109.27536, 13.7764 ], [ 109.27548, 13.77637 ] ] ], [ [ [ 109.27922, 13.77671 ], [ 109.27869, 13.7768 ], [ 109.27881, 13.77648 ], [ 109.27988, 13.77618 ], [ 109.27987, 13.77654 ], [ 109.2795, 13.77653 ], [ 109.27922, 13.77671 ] ], [ [ 109.27888, 13.7766 ], [ 109.27896, 13.77668 ], [ 109.27899, 13.77657 ], [ 109.27888, 13.7766 ] ] ], [ [ [ 109.26736, 13.77527 ], [ 109.26756, 13.77703 ], [ 109.26733, 13.77722 ], [ 109.26725, 13.77634 ], [ 109.26702, 13.77594 ], [ 109.26712, 13.77533 ], [ 109.26738, 13.77488 ], [ 109.26741, 13.77457 ], [ 109.26713, 13.77364 ], [ 109.26722, 13.77292 ], [ 109.26732, 13.77265 ], [ 109.26737, 13.77252 ], [ 109.26746, 13.77252 ], [ 109.26746, 13.77243 ], [ 109.26742, 13.77219 ], [ 109.26707, 13.77172 ], [ 109.26701, 13.77129 ], [ 109.26713, 13.77048 ], [ 109.26683, 13.77025 ], [ 109.26683, 13.77007 ], [ 109.26674, 13.77007 ], [ 109.26682, 13.76961 ], [ 109.26693, 13.76953 ], [ 109.26731, 13.7696 ], [ 109.26743, 13.77049 ], [ 109.26765, 13.77146 ], [ 109.26759, 13.77207 ], [ 109.26774, 13.77334 ], [ 109.26791, 13.77356 ], [ 109.26815, 13.7732 ], [ 109.26886, 13.77304 ], [ 109.26898, 13.77266 ], [ 109.26916, 13.77235 ], [ 109.26936, 13.77178 ], [ 109.26899, 13.77167 ], [ 109.26864, 13.77143 ], [ 109.26886, 13.77105 ], [ 109.26928, 13.77153 ], [ 109.26964, 13.77176 ], [ 109.26977, 13.77191 ], [ 109.2697, 13.7727 ], [ 109.26943, 13.77293 ], [ 109.26947, 13.77354 ], [ 109.26917, 13.77395 ], [ 109.26906, 13.77458 ], [ 109.26856, 13.77454 ], [ 109.2684, 13.7758 ], [ 109.26802, 13.77591 ], [ 109.26768, 13.775 ], [ 109.26752, 13.77491 ], [ 109.26736, 13.77527 ] ], [ [ 109.26738, 13.77375 ], [ 109.26743, 13.77401 ], [ 109.26769, 13.77418 ], [ 109.26798, 13.77461 ], [ 109.26814, 13.77473 ], [ 109.26832, 13.77428 ], [ 109.26852, 13.7742 ], [ 109.26869, 13.7741 ], [ 109.26884, 13.77413 ], [ 109.26904, 13.77408 ], [ 109.26872, 13.77367 ], [ 109.26866, 13.77343 ], [ 109.26842, 13.77346 ], [ 109.26825, 13.77375 ], [ 109.26791, 13.77397 ], [ 109.26757, 13.77371 ], [ 109.26738, 13.77375 ] ] ], [ [ [ 109.28744, 13.77697 ], [ 109.28716, 13.77739 ], [ 109.28656, 13.77729 ], [ 109.28635, 13.77676 ], [ 109.28672, 13.77632 ], [ 109.28683, 13.77605 ], [ 109.28704, 13.776 ], [ 109.28709, 13.7762 ], [ 109.28727, 13.77649 ], [ 109.28744, 13.77697 ] ], [ [ 109.2868, 13.77683 ], [ 109.28715, 13.77694 ], [ 109.28703, 13.77663 ], [ 109.2868, 13.77683 ] ] ], [ [ [ 109.27882, 13.77751 ], [ 109.27857, 13.77739 ], [ 109.27889, 13.7773 ], [ 109.27882, 13.77751 ] ] ], [ [ [ 109.28814, 13.77754 ], [ 109.28806, 13.77777 ], [ 109.28781, 13.77776 ], [ 109.28782, 13.77748 ], [ 109.28819, 13.77696 ], [ 109.2883, 13.77651 ], [ 109.28847, 13.7767 ], [ 109.28827, 13.77742 ], [ 109.28814, 13.77754 ], [ 109.28811, 13.77734 ], [ 109.28794, 13.77751 ], [ 109.28814, 13.77754 ] ] ], [ [ [ 109.28642, 13.77783 ], [ 109.28609, 13.77792 ], [ 109.28616, 13.77766 ], [ 109.28647, 13.77762 ], [ 109.28642, 13.77783 ] ] ], [ [ [ 109.27844, 13.77762 ], [ 109.27802, 13.77796 ], [ 109.27814, 13.77751 ], [ 109.27834, 13.77738 ], [ 109.27844, 13.77762 ] ] ], [ [ [ 109.27171, 13.77801 ], [ 109.27154, 13.77787 ], [ 109.27186, 13.77779 ], [ 109.27171, 13.77801 ] ] ], [ [ [ 109.27302, 13.77819 ], [ 109.27294, 13.77795 ], [ 109.27306, 13.77789 ], [ 109.27302, 13.77819 ] ] ], [ [ [ 109.28955, 13.77779 ], [ 109.28938, 13.77832 ], [ 109.2893, 13.7784 ], [ 109.28916, 13.77775 ], [ 109.28987, 13.77688 ], [ 109.2905, 13.77679 ], [ 109.29104, 13.77658 ], [ 109.29138, 13.77648 ], [ 109.29134, 13.77689 ], [ 109.29122, 13.77741 ], [ 109.29003, 13.77751 ], [ 109.28955, 13.77779 ] ], [ [ 109.28943, 13.77764 ], [ 109.28932, 13.77767 ], [ 109.2894, 13.77775 ], [ 109.28943, 13.77764 ], [ 109.28952, 13.77764 ], [ 109.28952, 13.77755 ], [ 109.28964, 13.77752 ], [ 109.28956, 13.77744 ], [ 109.28952, 13.77755 ], [ 109.28943, 13.77755 ], [ 109.28943, 13.77764 ] ], [ [ 109.29042, 13.77732 ], [ 109.29111, 13.77723 ], [ 109.2912, 13.77675 ], [ 109.29105, 13.77679 ], [ 109.29087, 13.77689 ], [ 109.29075, 13.77687 ], [ 109.29039, 13.77708 ], [ 109.29042, 13.77732 ] ], [ [ 109.2899, 13.77719 ], [ 109.29021, 13.77715 ], [ 109.28996, 13.77708 ], [ 109.2899, 13.77719 ], [ 109.28978, 13.77722 ], [ 109.28987, 13.7773 ], [ 109.2899, 13.77719 ] ] ], [ [ [ 109.28198, 13.77812 ], [ 109.28163, 13.77835 ], [ 109.28144, 13.77755 ], [ 109.28199, 13.77669 ], [ 109.28209, 13.77598 ], [ 109.28247, 13.77565 ], [ 109.28297, 13.77561 ], [ 109.28306, 13.77608 ], [ 109.28329, 13.77628 ], [ 109.28338, 13.77645 ], [ 109.28264, 13.77737 ], [ 109.28245, 13.77745 ], [ 109.28225, 13.77756 ], [ 109.28198, 13.77812 ] ], [ [ 109.28163, 13.77758 ], [ 109.28174, 13.77808 ], [ 109.28187, 13.77794 ], [ 109.28176, 13.7775 ], [ 109.28163, 13.77758 ] ], [ [ 109.28242, 13.77585 ], [ 109.28227, 13.77609 ], [ 109.28216, 13.77679 ], [ 109.28172, 13.77738 ], [ 109.28199, 13.77746 ], [ 109.28226, 13.77704 ], [ 109.2831, 13.77639 ], [ 109.28277, 13.77632 ], [ 109.28251, 13.77664 ], [ 109.28229, 13.77638 ], [ 109.28279, 13.77579 ], [ 109.28242, 13.77585 ] ] ], [ [ [ 109.29146, 13.77851 ], [ 109.29124, 13.77824 ], [ 109.29078, 13.77792 ], [ 109.29117, 13.77761 ], [ 109.29147, 13.77756 ], [ 109.29159, 13.77811 ], [ 109.29146, 13.77851 ] ], [ [ 109.29105, 13.77783 ], [ 109.29144, 13.77819 ], [ 109.29137, 13.77774 ], [ 109.29105, 13.77783 ] ] ], [ [ [ 109.26902, 13.77784 ], [ 109.26866, 13.77802 ], [ 109.26858, 13.77842 ], [ 109.26843, 13.77849 ], [ 109.26816, 13.77812 ], [ 109.26819, 13.77806 ], [ 109.26844, 13.77794 ], [ 109.26866, 13.77753 ], [ 109.26895, 13.77747 ], [ 109.26902, 13.77784 ] ] ], [ [ [ 109.27259, 13.77901 ], [ 109.27224, 13.77948 ], [ 109.27182, 13.77944 ], [ 109.27217, 13.77865 ], [ 109.27241, 13.77861 ], [ 109.27259, 13.77901 ] ] ], [ [ [ 109.28261, 13.77979 ], [ 109.28231, 13.77989 ], [ 109.28217, 13.77954 ], [ 109.28248, 13.77949 ], [ 109.28261, 13.77979 ] ] ], [ [ [ 109.26981, 13.77985 ], [ 109.26981, 13.78003 ], [ 109.26972, 13.78003 ], [ 109.26972, 13.77985 ], [ 109.26981, 13.77985 ] ] ], [ [ [ 109.2852, 13.77956 ], [ 109.28458, 13.78003 ], [ 109.28447, 13.78028 ], [ 109.28431, 13.78036 ], [ 109.28405, 13.78001 ], [ 109.28418, 13.77916 ], [ 109.28454, 13.77858 ], [ 109.28499, 13.77851 ], [ 109.28529, 13.77899 ], [ 109.2852, 13.77956 ] ], [ [ 109.28466, 13.77915 ], [ 109.28477, 13.77955 ], [ 109.28505, 13.77925 ], [ 109.28498, 13.77906 ], [ 109.28466, 13.77915 ] ] ], [ [ [ 109.28031, 13.78034 ], [ 109.28023, 13.78051 ], [ 109.27971, 13.77969 ], [ 109.28069, 13.77818 ], [ 109.28111, 13.77813 ], [ 109.28136, 13.77853 ], [ 109.28083, 13.77897 ], [ 109.28045, 13.77961 ], [ 109.28031, 13.78034 ] ], [ [ 109.28063, 13.77857 ], [ 109.28049, 13.7788 ], [ 109.28003, 13.77983 ], [ 109.2802, 13.78013 ], [ 109.28032, 13.77963 ], [ 109.28062, 13.77897 ], [ 109.28087, 13.77862 ], [ 109.28092, 13.77849 ], [ 109.28063, 13.77857 ] ] ], [ [ [ 109.27861, 13.78067 ], [ 109.27846, 13.78051 ], [ 109.27878, 13.78046 ], [ 109.27861, 13.78067 ] ] ], [ [ [ 109.27198, 13.7809 ], [ 109.27206, 13.78126 ], [ 109.27163, 13.78153 ], [ 109.27152, 13.78128 ], [ 109.27181, 13.78085 ], [ 109.27193, 13.78077 ], [ 109.27198, 13.7809 ] ] ], [ [ [ 109.27732, 13.78192 ], [ 109.27703, 13.78202 ], [ 109.27688, 13.7817 ], [ 109.2772, 13.78162 ], [ 109.27732, 13.78192 ] ] ], [ [ [ 109.28427, 13.78186 ], [ 109.28395, 13.78225 ], [ 109.28402, 13.78157 ], [ 109.28432, 13.78149 ], [ 109.28427, 13.78186 ] ] ], [ [ [ 109.27167, 13.78224 ], [ 109.27142, 13.78204 ], [ 109.27155, 13.78194 ], [ 109.27167, 13.78224 ] ] ], [ [ [ 109.27179, 13.78251 ], [ 109.27171, 13.78243 ], [ 109.27183, 13.7824 ], [ 109.27179, 13.78251 ] ] ], [ [ [ 109.27753, 13.78221 ], [ 109.27746, 13.78241 ], [ 109.27709, 13.78256 ], [ 109.27697, 13.78241 ], [ 109.27722, 13.78228 ], [ 109.27732, 13.78211 ], [ 109.27747, 13.78208 ], [ 109.27753, 13.78221 ] ] ], [ [ [ 109.28281, 13.7825 ], [ 109.28244, 13.7827 ], [ 109.28214, 13.78226 ], [ 109.28201, 13.78197 ], [ 109.28142, 13.78089 ], [ 109.28137, 13.78001 ], [ 109.28222, 13.78032 ], [ 109.28292, 13.78036 ], [ 109.28331, 13.77994 ], [ 109.28359, 13.77986 ], [ 109.28372, 13.78023 ], [ 109.28358, 13.78071 ], [ 109.28299, 13.78122 ], [ 109.28281, 13.7825 ] ], [ [ 109.28187, 13.78151 ], [ 109.28246, 13.78224 ], [ 109.28284, 13.7818 ], [ 109.28275, 13.78121 ], [ 109.28251, 13.78125 ], [ 109.28214, 13.78153 ], [ 109.28196, 13.78142 ], [ 109.28187, 13.78151 ] ], [ [ 109.28151, 13.78035 ], [ 109.28163, 13.78103 ], [ 109.28192, 13.78119 ], [ 109.28223, 13.78102 ], [ 109.2827, 13.78083 ], [ 109.28272, 13.78062 ], [ 109.2819, 13.78038 ], [ 109.28183, 13.7803 ], [ 109.28151, 13.78035 ] ], [ [ 109.28329, 13.78061 ], [ 109.28337, 13.78069 ], [ 109.2834, 13.78058 ], [ 109.28329, 13.78061 ] ] ], [ [ [ 109.29161, 13.78317 ], [ 109.29161, 13.78326 ], [ 109.29152, 13.78326 ], [ 109.29152, 13.78317 ], [ 109.29161, 13.78317 ] ] ], [ [ [ 109.29152, 13.78326 ], [ 109.29152, 13.78335 ], [ 109.29142, 13.78335 ], [ 109.29142, 13.78344 ], [ 109.29133, 13.78344 ], [ 109.29133, 13.78326 ], [ 109.29152, 13.78326 ] ] ], [ [ [ 109.29133, 13.78344 ], [ 109.29133, 13.78353 ], [ 109.29124, 13.78353 ], [ 109.29124, 13.78344 ], [ 109.29133, 13.78344 ] ] ], [ [ [ 109.2802, 13.78349 ], [ 109.28011, 13.78196 ], [ 109.28001, 13.78109 ], [ 109.28003, 13.78063 ], [ 109.28026, 13.78056 ], [ 109.2804, 13.78079 ], [ 109.28038, 13.78137 ], [ 109.28071, 13.78185 ], [ 109.28093, 13.78242 ], [ 109.28117, 13.78287 ], [ 109.28074, 13.78314 ], [ 109.2802, 13.78349 ] ], [ [ 109.28031, 13.78312 ], [ 109.28039, 13.7832 ], [ 109.28042, 13.78309 ], [ 109.28031, 13.78312 ] ], [ [ 109.28026, 13.7818 ], [ 109.28046, 13.78304 ], [ 109.28069, 13.78274 ], [ 109.28052, 13.78213 ], [ 109.28034, 13.78174 ], [ 109.28026, 13.7818 ] ], [ [ 109.28013, 13.78079 ], [ 109.28022, 13.78095 ], [ 109.28025, 13.78074 ], [ 109.28013, 13.78079 ] ] ], [ [ [ 109.29124, 13.78353 ], [ 109.29124, 13.78371 ], [ 109.29114, 13.78371 ], [ 109.29115, 13.78353 ], [ 109.29124, 13.78353 ] ] ], [ [ [ 109.29105, 13.78389 ], [ 109.29105, 13.7838 ], [ 109.29114, 13.7838 ], [ 109.29114, 13.78389 ], [ 109.29105, 13.78389 ] ] ], [ [ [ 109.27304, 13.78448 ], [ 109.27281, 13.7847 ], [ 109.27267, 13.78446 ], [ 109.27274, 13.78426 ], [ 109.27292, 13.78421 ], [ 109.27304, 13.78448 ] ] ], [ [ [ 109.27893, 13.78534 ], [ 109.27871, 13.78556 ], [ 109.27865, 13.78525 ], [ 109.2787, 13.78521 ], [ 109.27937, 13.78445 ], [ 109.27933, 13.78394 ], [ 109.27976, 13.78386 ], [ 109.28004, 13.7843 ], [ 109.27971, 13.78457 ], [ 109.27961, 13.7848 ], [ 109.27929, 13.78507 ], [ 109.27909, 13.78529 ], [ 109.27893, 13.78534 ], [ 109.27902, 13.78512 ], [ 109.2788, 13.78524 ], [ 109.27893, 13.78534 ] ], [ [ 109.27954, 13.78418 ], [ 109.27976, 13.78429 ], [ 109.27967, 13.78408 ], [ 109.27954, 13.78418 ] ] ], [ [ [ 109.26941, 13.7841 ], [ 109.26946, 13.78414 ], [ 109.26954, 13.78478 ], [ 109.27008, 13.7854 ], [ 109.26994, 13.78577 ], [ 109.26949, 13.78546 ], [ 109.26936, 13.78477 ], [ 109.26897, 13.78368 ], [ 109.26901, 13.78307 ], [ 109.26887, 13.78256 ], [ 109.26893, 13.78244 ], [ 109.26905, 13.78238 ], [ 109.2691, 13.78286 ], [ 109.26915, 13.78229 ], [ 109.26915, 13.78166 ], [ 109.26924, 13.78166 ], [ 109.26924, 13.78157 ], [ 109.26939, 13.7815 ], [ 109.26943, 13.7813 ], [ 109.26952, 13.7813 ], [ 109.26952, 13.78121 ], [ 109.26965, 13.78115 ], [ 109.26958, 13.78073 ], [ 109.26953, 13.78085 ], [ 109.26943, 13.78085 ], [ 109.26944, 13.78066 ], [ 109.26952, 13.78061 ], [ 109.26966, 13.78007 ], [ 109.26972, 13.78003 ], [ 109.26975, 13.78033 ], [ 109.26987, 13.78009 ], [ 109.2699, 13.77985 ], [ 109.27002, 13.77982 ], [ 109.26994, 13.77974 ], [ 109.2699, 13.77985 ], [ 109.26981, 13.77985 ], [ 109.26991, 13.77949 ], [ 109.27001, 13.77941 ], [ 109.27034, 13.77904 ], [ 109.2703, 13.77945 ], [ 109.26997, 13.78033 ], [ 109.26985, 13.78053 ], [ 109.26971, 13.78139 ], [ 109.26927, 13.7819 ], [ 109.26932, 13.78252 ], [ 109.26925, 13.78323 ], [ 109.26937, 13.78378 ], [ 109.26941, 13.7841 ], [ 109.26935, 13.78407 ], [ 109.26927, 13.78381 ], [ 109.26919, 13.78403 ], [ 109.26937, 13.78439 ], [ 109.26941, 13.7841 ] ], [ [ 109.26977, 13.78537 ], [ 109.26974, 13.78526 ], [ 109.26966, 13.78534 ], [ 109.26977, 13.78537 ], [ 109.26977, 13.78546 ], [ 109.26986, 13.78546 ], [ 109.26989, 13.78557 ], [ 109.26997, 13.78549 ], [ 109.26986, 13.78546 ], [ 109.26986, 13.78537 ], [ 109.26977, 13.78537 ] ] ], [ [ [ 109.29043, 13.78502 ], [ 109.29067, 13.78511 ], [ 109.29087, 13.78539 ], [ 109.29069, 13.78598 ], [ 109.29028, 13.78568 ], [ 109.29017, 13.78503 ], [ 109.2904, 13.78497 ], [ 109.29043, 13.78502 ] ] ], [ [ [ 109.26818, 13.78711 ], [ 109.26787, 13.78695 ], [ 109.26809, 13.78689 ], [ 109.26818, 13.78711 ] ] ], [ [ [ 109.29121, 13.78751 ], [ 109.29121, 13.7876 ], [ 109.29112, 13.78759 ], [ 109.29112, 13.7875 ], [ 109.29121, 13.78751 ] ] ], [ [ [ 109.26515, 13.78479 ], [ 109.26531, 13.78475 ], [ 109.2656, 13.78456 ], [ 109.26534, 13.78452 ], [ 109.26552, 13.78425 ], [ 109.26567, 13.78438 ], [ 109.26586, 13.78459 ], [ 109.26583, 13.78535 ], [ 109.26599, 13.78598 ], [ 109.2662, 13.78638 ], [ 109.26619, 13.78665 ], [ 109.26656, 13.78677 ], [ 109.26632, 13.78722 ], [ 109.26619, 13.78783 ], [ 109.26615, 13.78792 ], [ 109.26601, 13.78746 ], [ 109.26592, 13.78719 ], [ 109.26583, 13.78692 ], [ 109.26553, 13.78643 ], [ 109.26533, 13.78601 ], [ 109.26519, 13.78574 ], [ 109.26503, 13.7854 ], [ 109.26471, 13.78494 ], [ 109.26423, 13.78488 ], [ 109.26428, 13.7847 ], [ 109.26524, 13.78461 ], [ 109.26515, 13.78479 ], [ 109.26504, 13.78482 ], [ 109.26512, 13.7849 ], [ 109.26515, 13.78479 ] ], [ [ 109.26583, 13.78595 ], [ 109.2657, 13.78561 ], [ 109.26547, 13.78578 ], [ 109.26573, 13.78655 ], [ 109.26583, 13.78595 ] ], [ [ 109.26606, 13.78697 ], [ 109.26595, 13.787 ], [ 109.26603, 13.78708 ], [ 109.26606, 13.78697 ] ] ], [ [ [ 109.27891, 13.78814 ], [ 109.27886, 13.78809 ], [ 109.27872, 13.78691 ], [ 109.27946, 13.78665 ], [ 109.27966, 13.78641 ], [ 109.27985, 13.78665 ], [ 109.27997, 13.78723 ], [ 109.27941, 13.78755 ], [ 109.27917, 13.78794 ], [ 109.27891, 13.78814 ] ] ], [ [ [ 109.26383, 13.78844 ], [ 109.26346, 13.78831 ], [ 109.2635, 13.78811 ], [ 109.26365, 13.78804 ], [ 109.26385, 13.78811 ], [ 109.26406, 13.78776 ], [ 109.26398, 13.78754 ], [ 109.26371, 13.78732 ], [ 109.26425, 13.78737 ], [ 109.26407, 13.78709 ], [ 109.26393, 13.78704 ], [ 109.26409, 13.78674 ], [ 109.26412, 13.78659 ], [ 109.26425, 13.78671 ], [ 109.26439, 13.78702 ], [ 109.26413, 13.78808 ], [ 109.26383, 13.78844 ] ] ], [ [ [ 109.272, 13.78852 ], [ 109.27154, 13.78872 ], [ 109.27157, 13.78905 ], [ 109.27142, 13.78903 ], [ 109.2712, 13.78876 ], [ 109.2716, 13.78823 ], [ 109.27188, 13.78818 ], [ 109.272, 13.78852 ] ] ], [ [ [ 109.28919, 13.78942 ], [ 109.28893, 13.7893 ], [ 109.28926, 13.78921 ], [ 109.28919, 13.78942 ] ] ], [ [ [ 109.27891, 13.78814 ], [ 109.27886, 13.78828 ], [ 109.27871, 13.78867 ], [ 109.27844, 13.78957 ], [ 109.27806, 13.78953 ], [ 109.27815, 13.78882 ], [ 109.27857, 13.78827 ], [ 109.27891, 13.78814 ] ], [ [ 109.27839, 13.78924 ], [ 109.27844, 13.78877 ], [ 109.27832, 13.78885 ], [ 109.27821, 13.78932 ], [ 109.27839, 13.78924 ] ] ], [ [ [ 109.2886, 13.78996 ], [ 109.28819, 13.78972 ], [ 109.28839, 13.78865 ], [ 109.28826, 13.78815 ], [ 109.28841, 13.78776 ], [ 109.28919, 13.78781 ], [ 109.28971, 13.78853 ], [ 109.29061, 13.78863 ], [ 109.29032, 13.78899 ], [ 109.29013, 13.78927 ], [ 109.28957, 13.78952 ], [ 109.28944, 13.78966 ], [ 109.28904, 13.78973 ], [ 109.2886, 13.78996 ] ], [ [ 109.28874, 13.78827 ], [ 109.28876, 13.7887 ], [ 109.28847, 13.7891 ], [ 109.28859, 13.78979 ], [ 109.28931, 13.78952 ], [ 109.28948, 13.78934 ], [ 109.28967, 13.78918 ], [ 109.28893, 13.78904 ], [ 109.28903, 13.78871 ], [ 109.28912, 13.78853 ], [ 109.28917, 13.78821 ], [ 109.28874, 13.78827 ] ], [ [ 109.28979, 13.78906 ], [ 109.28987, 13.78914 ], [ 109.2899, 13.78903 ], [ 109.28979, 13.78906 ] ] ], [ [ [ 109.27273, 13.79054 ], [ 109.27252, 13.79067 ], [ 109.27223, 13.79031 ], [ 109.27179, 13.79012 ], [ 109.27184, 13.78972 ], [ 109.27181, 13.78949 ], [ 109.27184, 13.78932 ], [ 109.27215, 13.78927 ], [ 109.27219, 13.78932 ], [ 109.27262, 13.78966 ], [ 109.27273, 13.79054 ] ], [ [ 109.27212, 13.78968 ], [ 109.27234, 13.79002 ], [ 109.27248, 13.79039 ], [ 109.27247, 13.78985 ], [ 109.27242, 13.78963 ], [ 109.27212, 13.78968 ] ] ], [ [ [ 109.26233, 13.79101 ], [ 109.26233, 13.7911 ], [ 109.26224, 13.7911 ], [ 109.26224, 13.79101 ], [ 109.26233, 13.79101 ] ] ], [ [ [ 109.27172, 13.79146 ], [ 109.27164, 13.79123 ], [ 109.27176, 13.79117 ], [ 109.27172, 13.79146 ] ] ], [ [ [ 109.27241, 13.79144 ], [ 109.27241, 13.79171 ], [ 109.27222, 13.79171 ], [ 109.27222, 13.79144 ], [ 109.27241, 13.79144 ] ] ], [ [ [ 109.27799, 13.79196 ], [ 109.27783, 13.79188 ], [ 109.27805, 13.79184 ], [ 109.27799, 13.79196 ] ] ], [ [ [ 109.28409, 13.79344 ], [ 109.28377, 13.79364 ], [ 109.28363, 13.79316 ], [ 109.28396, 13.79306 ], [ 109.28409, 13.79344 ] ] ], [ [ [ 109.29105, 13.78389 ], [ 109.291, 13.78402 ], [ 109.29082, 13.78437 ], [ 109.29072, 13.78466 ], [ 109.29062, 13.78474 ], [ 109.29045, 13.78456 ], [ 109.29016, 13.78438 ], [ 109.28979, 13.78456 ], [ 109.28953, 13.78557 ], [ 109.28998, 13.786 ], [ 109.28997, 13.78649 ], [ 109.28961, 13.78672 ], [ 109.28951, 13.78618 ], [ 109.28932, 13.78618 ], [ 109.28933, 13.78672 ], [ 109.28903, 13.78727 ], [ 109.28848, 13.78744 ], [ 109.2883, 13.78726 ], [ 109.28811, 13.78708 ], [ 109.28812, 13.78678 ], [ 109.28849, 13.78609 ], [ 109.28859, 13.78571 ], [ 109.28831, 13.78545 ], [ 109.28808, 13.78568 ], [ 109.28794, 13.78581 ], [ 109.28794, 13.78626 ], [ 109.28793, 13.78672 ], [ 109.28738, 13.78698 ], [ 109.287, 13.78747 ], [ 109.28618, 13.78794 ], [ 109.28607, 13.78812 ], [ 109.28654, 13.78797 ], [ 109.28738, 13.78789 ], [ 109.28765, 13.78816 ], [ 109.28764, 13.78843 ], [ 109.28773, 13.78879 ], [ 109.28772, 13.78929 ], [ 109.28745, 13.78915 ], [ 109.28727, 13.78906 ], [ 109.28677, 13.78876 ], [ 109.28635, 13.78879 ], [ 109.28685, 13.78927 ], [ 109.28702, 13.79015 ], [ 109.28735, 13.79014 ], [ 109.28761, 13.79028 ], [ 109.28743, 13.79061 ], [ 109.2867, 13.79059 ], [ 109.28651, 13.79068 ], [ 109.28652, 13.79095 ], [ 109.28633, 13.79104 ], [ 109.28576, 13.7915 ], [ 109.28533, 13.7917 ], [ 109.28481, 13.79116 ], [ 109.28465, 13.79132 ], [ 109.28466, 13.79222 ], [ 109.28503, 13.79258 ], [ 109.2855, 13.79257 ], [ 109.28581, 13.79226 ], [ 109.28604, 13.79204 ], [ 109.28614, 13.79167 ], [ 109.28642, 13.79131 ], [ 109.28684, 13.79132 ], [ 109.28706, 13.79192 ], [ 109.28667, 13.79242 ], [ 109.28576, 13.79284 ], [ 109.28538, 13.79331 ], [ 109.28518, 13.7939 ], [ 109.28485, 13.79401 ], [ 109.28443, 13.7927 ], [ 109.28429, 13.79184 ], [ 109.28419, 13.79154 ], [ 109.2842, 13.79101 ], [ 109.28445, 13.79033 ], [ 109.28478, 13.79002 ], [ 109.28467, 13.78958 ], [ 109.28435, 13.78958 ], [ 109.28422, 13.7893 ], [ 109.28459, 13.78931 ], [ 109.28482, 13.78909 ], [ 109.28496, 13.78895 ], [ 109.28496, 13.78868 ], [ 109.28451, 13.78868 ], [ 109.28422, 13.78861 ], [ 109.28469, 13.78757 ], [ 109.28469, 13.78716 ], [ 109.28473, 13.78705 ], [ 109.28488, 13.78754 ], [ 109.28515, 13.78805 ], [ 109.28527, 13.78855 ], [ 109.28561, 13.78845 ], [ 109.28534, 13.78751 ], [ 109.28525, 13.78715 ], [ 109.28495, 13.78676 ], [ 109.28521, 13.78492 ], [ 109.28573, 13.7848 ], [ 109.28598, 13.78455 ], [ 109.28698, 13.7838 ], [ 109.28722, 13.78299 ], [ 109.28721, 13.78238 ], [ 109.28773, 13.78142 ], [ 109.28837, 13.78083 ], [ 109.28816, 13.78021 ], [ 109.28817, 13.77995 ], [ 109.28863, 13.7794 ], [ 109.28873, 13.77912 ], [ 109.28905, 13.77882 ], [ 109.28937, 13.77904 ], [ 109.28956, 13.77913 ], [ 109.28969, 13.7794 ], [ 109.29036, 13.77901 ], [ 109.29061, 13.77927 ], [ 109.29079, 13.77999 ], [ 109.29153, 13.78017 ], [ 109.29177, 13.78042 ], [ 109.29205, 13.78023 ], [ 109.29247, 13.78055 ], [ 109.2926, 13.78042 ], [ 109.2928, 13.78042 ], [ 109.29297, 13.781 ], [ 109.29253, 13.78128 ], [ 109.29233, 13.78167 ], [ 109.29213, 13.78195 ], [ 109.29198, 13.78255 ], [ 109.29149, 13.78269 ], [ 109.29175, 13.78294 ], [ 109.2918, 13.78317 ], [ 109.29161, 13.78317 ], [ 109.29157, 13.78303 ], [ 109.29113, 13.7829 ], [ 109.29085, 13.78258 ], [ 109.29073, 13.78257 ], [ 109.29007, 13.78284 ], [ 109.28947, 13.78269 ], [ 109.28926, 13.78233 ], [ 109.28949, 13.78182 ], [ 109.2902, 13.78212 ], [ 109.29056, 13.78158 ], [ 109.29058, 13.78128 ], [ 109.28994, 13.78088 ], [ 109.28982, 13.78067 ], [ 109.28973, 13.78014 ], [ 109.28951, 13.77989 ], [ 109.28926, 13.78022 ], [ 109.28933, 13.78104 ], [ 109.28903, 13.78197 ], [ 109.28908, 13.78257 ], [ 109.28888, 13.78301 ], [ 109.2886, 13.78401 ], [ 109.28836, 13.78466 ], [ 109.28883, 13.78599 ], [ 109.28901, 13.78601 ], [ 109.28927, 13.78544 ], [ 109.28952, 13.7851 ], [ 109.28974, 13.78442 ], [ 109.29056, 13.78397 ], [ 109.29105, 13.78389 ] ], [ [ 109.28693, 13.78581 ], [ 109.28697, 13.7854 ], [ 109.28638, 13.78549 ], [ 109.28629, 13.78605 ], [ 109.28669, 13.78611 ], [ 109.28693, 13.78581 ] ], [ [ 109.28729, 13.78542 ], [ 109.28734, 13.78531 ], [ 109.28713, 13.78534 ], [ 109.28729, 13.78542 ] ], [ [ 109.28774, 13.78535 ], [ 109.28781, 13.78513 ], [ 109.28758, 13.78519 ], [ 109.28774, 13.78535 ] ], [ [ 109.28638, 13.78526 ], [ 109.28642, 13.78503 ], [ 109.28614, 13.7851 ], [ 109.28591, 13.78547 ], [ 109.286, 13.78554 ], [ 109.28638, 13.78526 ] ], [ [ 109.28539, 13.78665 ], [ 109.2852, 13.78676 ], [ 109.28537, 13.78705 ], [ 109.28551, 13.78692 ], [ 109.28539, 13.78665 ] ], [ [ 109.28655, 13.7868 ], [ 109.28592, 13.78756 ], [ 109.28553, 13.78772 ], [ 109.28573, 13.78802 ], [ 109.28632, 13.78757 ], [ 109.28689, 13.78741 ], [ 109.2871, 13.78707 ], [ 109.28715, 13.78675 ], [ 109.28655, 13.7868 ] ], [ [ 109.28693, 13.78835 ], [ 109.28686, 13.7882 ], [ 109.28656, 13.78823 ], [ 109.28647, 13.78841 ], [ 109.28693, 13.78835 ] ], [ [ 109.2867, 13.78924 ], [ 109.28581, 13.7889 ], [ 109.28574, 13.78882 ], [ 109.28508, 13.78916 ], [ 109.28503, 13.78969 ], [ 109.28558, 13.78993 ], [ 109.28572, 13.79019 ], [ 109.28534, 13.79066 ], [ 109.28509, 13.79108 ], [ 109.28529, 13.7913 ], [ 109.28556, 13.79132 ], [ 109.28575, 13.79116 ], [ 109.28596, 13.79068 ], [ 109.28608, 13.79033 ], [ 109.28643, 13.7903 ], [ 109.28679, 13.79033 ], [ 109.2867, 13.78924 ] ], [ [ 109.28511, 13.7907 ], [ 109.28495, 13.79048 ], [ 109.28485, 13.79041 ], [ 109.28481, 13.79035 ], [ 109.28468, 13.79044 ], [ 109.28486, 13.79057 ], [ 109.28497, 13.79084 ], [ 109.28511, 13.7907 ] ], [ [ 109.28654, 13.79177 ], [ 109.28647, 13.79221 ], [ 109.28678, 13.79203 ], [ 109.28683, 13.79172 ], [ 109.28654, 13.79177 ] ], [ [ 109.2851, 13.79329 ], [ 109.28529, 13.793 ], [ 109.28534, 13.7928 ], [ 109.28494, 13.7929 ], [ 109.28484, 13.79346 ], [ 109.28501, 13.7937 ], [ 109.2851, 13.79329 ] ], [ [ 109.28462, 13.78808 ], [ 109.28446, 13.78849 ], [ 109.28485, 13.78836 ], [ 109.28492, 13.788 ], [ 109.28462, 13.78808 ] ], [ [ 109.28704, 13.78438 ], [ 109.28685, 13.78474 ], [ 109.28699, 13.78494 ], [ 109.28728, 13.7848 ], [ 109.28722, 13.78443 ], [ 109.28716, 13.78431 ], [ 109.28704, 13.78438 ] ], [ [ 109.28766, 13.78409 ], [ 109.28777, 13.78391 ], [ 109.28786, 13.78364 ], [ 109.28796, 13.78346 ], [ 109.28814, 13.78309 ], [ 109.28848, 13.78248 ], [ 109.2887, 13.78202 ], [ 109.28887, 13.78172 ], [ 109.28906, 13.78119 ], [ 109.28909, 13.78067 ], [ 109.28904, 13.78044 ], [ 109.2889, 13.78056 ], [ 109.28881, 13.78085 ], [ 109.28829, 13.78146 ], [ 109.2875, 13.7829 ], [ 109.28759, 13.7831 ], [ 109.2877, 13.78331 ], [ 109.28766, 13.78409 ] ], [ [ 109.28771, 13.7821 ], [ 109.28793, 13.7816 ], [ 109.2882, 13.78125 ], [ 109.28791, 13.78132 ], [ 109.28751, 13.78218 ], [ 109.28771, 13.7821 ] ], [ [ 109.28749, 13.78256 ], [ 109.28755, 13.78224 ], [ 109.28723, 13.78247 ], [ 109.28734, 13.78273 ], [ 109.28749, 13.78256 ] ], [ [ 109.2874, 13.78365 ], [ 109.28745, 13.78332 ], [ 109.28724, 13.78338 ], [ 109.28716, 13.78399 ], [ 109.2874, 13.78365 ] ], [ [ 109.28845, 13.77997 ], [ 109.28861, 13.78029 ], [ 109.28873, 13.78013 ], [ 109.28877, 13.7799 ], [ 109.28845, 13.77997 ] ], [ [ 109.28884, 13.77931 ], [ 109.28892, 13.77947 ], [ 109.28896, 13.77926 ], [ 109.28884, 13.77931 ] ], [ [ 109.29132, 13.78034 ], [ 109.29066, 13.78005 ], [ 109.29062, 13.78 ], [ 109.29048, 13.78011 ], [ 109.29057, 13.78032 ], [ 109.29125, 13.78086 ], [ 109.29132, 13.78034 ] ], [ [ 109.2915, 13.78088 ], [ 109.29172, 13.78113 ], [ 109.29178, 13.78096 ], [ 109.29172, 13.78073 ], [ 109.2915, 13.78088 ] ], [ [ 109.2919, 13.78077 ], [ 109.29227, 13.78131 ], [ 109.29224, 13.78104 ], [ 109.29213, 13.78088 ], [ 109.29209, 13.78064 ], [ 109.2919, 13.78077 ] ], [ [ 109.29104, 13.78171 ], [ 109.29098, 13.78154 ], [ 109.29078, 13.78159 ], [ 109.29056, 13.78216 ], [ 109.291, 13.78209 ], [ 109.29104, 13.78171 ] ], [ [ 109.29158, 13.78218 ], [ 109.2918, 13.7823 ], [ 109.29171, 13.78209 ], [ 109.29158, 13.78218 ] ] ], [ [ [ 109.26375, 13.7942 ], [ 109.26367, 13.79412 ], [ 109.26379, 13.79409 ], [ 109.26375, 13.7942 ] ] ], [ [ [ 109.28842, 13.79428 ], [ 109.28813, 13.79446 ], [ 109.28783, 13.79437 ], [ 109.28799, 13.79404 ], [ 109.2883, 13.79399 ], [ 109.28842, 13.79428 ] ] ], [ [ [ 109.28232, 13.79455 ], [ 109.28243, 13.79482 ], [ 109.28198, 13.79493 ], [ 109.28178, 13.79482 ], [ 109.28202, 13.79447 ], [ 109.28228, 13.7944 ], [ 109.28232, 13.79455 ] ] ], [ [ [ 109.28264, 13.79567 ], [ 109.28231, 13.79554 ], [ 109.28196, 13.79527 ], [ 109.2826, 13.79514 ], [ 109.28264, 13.79567 ] ] ], [ [ [ 109.21144, 13.79489 ], [ 109.21144, 13.79498 ], [ 109.21144, 13.79507 ], [ 109.21153, 13.79507 ], [ 109.21171, 13.79507 ], [ 109.21171, 13.79516 ], [ 109.21133, 13.79529 ], [ 109.21125, 13.79489 ], [ 109.21144, 13.79489 ] ] ], [ [ [ 109.21194, 13.79554 ], [ 109.21156, 13.79574 ], [ 109.21109, 13.79555 ], [ 109.21077, 13.79509 ], [ 109.21086, 13.79469 ], [ 109.21098, 13.79462 ], [ 109.21107, 13.79462 ], [ 109.21107, 13.79471 ], [ 109.21111, 13.79538 ], [ 109.21149, 13.79546 ], [ 109.21199, 13.79535 ], [ 109.21194, 13.79554 ] ] ], [ [ [ 109.28264, 13.79567 ], [ 109.28273, 13.79573 ], [ 109.28251, 13.79626 ], [ 109.28231, 13.7964 ], [ 109.28222, 13.79671 ], [ 109.28212, 13.79688 ], [ 109.28203, 13.79736 ], [ 109.2818, 13.79732 ], [ 109.28167, 13.79692 ], [ 109.28185, 13.79662 ], [ 109.28196, 13.79636 ], [ 109.28223, 13.79626 ], [ 109.28201, 13.79589 ], [ 109.28253, 13.79581 ], [ 109.28264, 13.79567 ] ] ], [ [ [ 109.21392, 13.79735 ], [ 109.21249, 13.79739 ], [ 109.21218, 13.79728 ], [ 109.21175, 13.79683 ], [ 109.21218, 13.79621 ], [ 109.21309, 13.79617 ], [ 109.21318, 13.79635 ], [ 109.21259, 13.79639 ], [ 109.21275, 13.79657 ], [ 109.21337, 13.79662 ], [ 109.21346, 13.79662 ], [ 109.21346, 13.79671 ], [ 109.21269, 13.79675 ], [ 109.21346, 13.7968 ], [ 109.21355, 13.7968 ], [ 109.21355, 13.7969 ], [ 109.21268, 13.79693 ], [ 109.21264, 13.79717 ], [ 109.21319, 13.79725 ], [ 109.21373, 13.79717 ], [ 109.21385, 13.79723 ], [ 109.21392, 13.79735 ] ] ], [ [ [ 109.28213, 13.79813 ], [ 109.28205, 13.79805 ], [ 109.28216, 13.79802 ], [ 109.28213, 13.79813 ] ] ], [ [ [ 109.20717, 13.7986 ], [ 109.20655, 13.79867 ], [ 109.20592, 13.79816 ], [ 109.20618, 13.79753 ], [ 109.20647, 13.79743 ], [ 109.20671, 13.79746 ], [ 109.20726, 13.79721 ], [ 109.2073, 13.79726 ], [ 109.20765, 13.79741 ], [ 109.20785, 13.79792 ], [ 109.20773, 13.79829 ], [ 109.20717, 13.7986 ] ], [ [ 109.20656, 13.79833 ], [ 109.20687, 13.79851 ], [ 109.2073, 13.79838 ], [ 109.20734, 13.79812 ], [ 109.20656, 13.79833 ] ], [ [ 109.20707, 13.79793 ], [ 109.20665, 13.79801 ], [ 109.20686, 13.79815 ], [ 109.20707, 13.79793 ] ], [ [ 109.20657, 13.7976 ], [ 109.20667, 13.79788 ], [ 109.20715, 13.79768 ], [ 109.20707, 13.79748 ], [ 109.20657, 13.7976 ] ] ], [ [ [ 109.28248, 13.7987 ], [ 109.28251, 13.79906 ], [ 109.28275, 13.79947 ], [ 109.28229, 13.7996 ], [ 109.28198, 13.79976 ], [ 109.28203, 13.79933 ], [ 109.282, 13.79907 ], [ 109.28214, 13.79874 ], [ 109.28244, 13.79865 ], [ 109.28248, 13.7987 ] ] ], [ [ [ 109.20443, 13.79983 ], [ 109.20435, 13.79975 ], [ 109.20446, 13.79972 ], [ 109.20443, 13.79983 ] ] ], [ [ [ 109.28514, 13.80029 ], [ 109.2848, 13.80042 ], [ 109.2847, 13.80018 ], [ 109.28501, 13.80003 ], [ 109.28514, 13.80029 ] ] ], [ [ [ 109.28397, 13.80117 ], [ 109.28361, 13.80136 ], [ 109.28345, 13.80083 ], [ 109.28307, 13.80109 ], [ 109.28293, 13.80078 ], [ 109.2826, 13.80032 ], [ 109.2829, 13.79998 ], [ 109.28323, 13.79978 ], [ 109.28347, 13.79926 ], [ 109.28377, 13.79901 ], [ 109.28392, 13.79797 ], [ 109.28415, 13.79725 ], [ 109.28443, 13.79676 ], [ 109.28418, 13.79609 ], [ 109.28436, 13.79564 ], [ 109.28445, 13.79455 ], [ 109.28455, 13.79438 ], [ 109.28468, 13.79411 ], [ 109.28475, 13.79421 ], [ 109.28472, 13.79454 ], [ 109.28504, 13.79472 ], [ 109.2857, 13.79478 ], [ 109.28592, 13.79459 ], [ 109.28603, 13.79412 ], [ 109.28614, 13.79358 ], [ 109.28645, 13.79353 ], [ 109.28667, 13.79412 ], [ 109.28686, 13.79445 ], [ 109.28663, 13.79478 ], [ 109.2861, 13.79501 ], [ 109.28565, 13.79528 ], [ 109.28533, 13.7955 ], [ 109.28502, 13.79533 ], [ 109.28481, 13.79587 ], [ 109.28472, 13.79664 ], [ 109.28462, 13.79699 ], [ 109.2845, 13.79774 ], [ 109.28423, 13.79843 ], [ 109.28404, 13.79943 ], [ 109.28358, 13.79998 ], [ 109.28367, 13.80016 ], [ 109.2842, 13.80028 ], [ 109.28436, 13.80073 ], [ 109.28397, 13.80117 ] ], [ [ 109.28303, 13.80022 ], [ 109.28318, 13.80041 ], [ 109.28326, 13.80001 ], [ 109.28303, 13.80022 ] ], [ [ 109.28388, 13.79855 ], [ 109.28396, 13.79887 ], [ 109.28401, 13.79848 ], [ 109.28388, 13.79855 ] ], [ [ 109.28436, 13.79722 ], [ 109.28416, 13.7979 ], [ 109.28397, 13.79837 ], [ 109.28411, 13.79834 ], [ 109.28438, 13.79766 ], [ 109.28448, 13.79713 ], [ 109.28436, 13.79722 ] ], [ [ 109.28465, 13.79506 ], [ 109.28441, 13.79632 ], [ 109.28453, 13.79646 ], [ 109.28463, 13.79582 ], [ 109.28473, 13.79537 ], [ 109.28477, 13.79496 ], [ 109.28465, 13.79506 ] ] ], [ [ [ 109.26493, 13.8016 ], [ 109.26493, 13.80169 ], [ 109.26484, 13.80169 ], [ 109.26484, 13.8016 ], [ 109.26493, 13.8016 ] ] ], [ [ [ 109.20743, 13.79938 ], [ 109.20735, 13.79975 ], [ 109.20698, 13.80005 ], [ 109.20625, 13.7998 ], [ 109.2059, 13.80051 ], [ 109.20568, 13.8009 ], [ 109.20468, 13.80112 ], [ 109.20407, 13.80136 ], [ 109.20356, 13.80081 ], [ 109.2034, 13.80028 ], [ 109.20363, 13.79985 ], [ 109.20377, 13.79931 ], [ 109.20398, 13.79883 ], [ 109.20461, 13.79859 ], [ 109.205, 13.79831 ], [ 109.20557, 13.79834 ], [ 109.20603, 13.79883 ], [ 109.20573, 13.79925 ], [ 109.20613, 13.79951 ], [ 109.20645, 13.79931 ], [ 109.20627, 13.79897 ], [ 109.20628, 13.79882 ], [ 109.20722, 13.7987 ], [ 109.20758, 13.79889 ], [ 109.20756, 13.79926 ], [ 109.20743, 13.79938 ], [ 109.20736, 13.7988 ], [ 109.20656, 13.7989 ], [ 109.20673, 13.79907 ], [ 109.20713, 13.79915 ], [ 109.20707, 13.7996 ], [ 109.20729, 13.79952 ], [ 109.20738, 13.79942 ], [ 109.20743, 13.79938 ] ], [ [ 109.20534, 13.79977 ], [ 109.20545, 13.79941 ], [ 109.2053, 13.79919 ], [ 109.2048, 13.79923 ], [ 109.20434, 13.79957 ], [ 109.20414, 13.80021 ], [ 109.20427, 13.80053 ], [ 109.20464, 13.80048 ], [ 109.20492, 13.80052 ], [ 109.20522, 13.8003 ], [ 109.20534, 13.79977 ] ], [ [ 109.20406, 13.79986 ], [ 109.2041, 13.79945 ], [ 109.20386, 13.7995 ], [ 109.2037, 13.80019 ], [ 109.20393, 13.80024 ], [ 109.20406, 13.79986 ] ], [ [ 109.20501, 13.80092 ], [ 109.2052, 13.80072 ], [ 109.20432, 13.80078 ], [ 109.20445, 13.80103 ], [ 109.20501, 13.80092 ] ], [ [ 109.20685, 13.79923 ], [ 109.20701, 13.79931 ], [ 109.20706, 13.7992 ], [ 109.20685, 13.79923 ] ] ], [ [ [ 109.21687, 13.80218 ], [ 109.21587, 13.80229 ], [ 109.21532, 13.80189 ], [ 109.21555, 13.80085 ], [ 109.21648, 13.8008 ], [ 109.21652, 13.80085 ], [ 109.21695, 13.80099 ], [ 109.21707, 13.80143 ], [ 109.21687, 13.80218 ] ], [ [ 109.21571, 13.80102 ], [ 109.21551, 13.80132 ], [ 109.21564, 13.80192 ], [ 109.2158, 13.80183 ], [ 109.21575, 13.80156 ], [ 109.2159, 13.80121 ], [ 109.2167, 13.80136 ], [ 109.21659, 13.80115 ], [ 109.21624, 13.80094 ], [ 109.2162, 13.80089 ], [ 109.21571, 13.80102 ] ], [ [ 109.21592, 13.80152 ], [ 109.2162, 13.80152 ], [ 109.2162, 13.80134 ], [ 109.21592, 13.80134 ], [ 109.21592, 13.80152 ] ] ], [ [ [ 109.27058, 13.80065 ], [ 109.27064, 13.8007 ], [ 109.27117, 13.80133 ], [ 109.27119, 13.80165 ], [ 109.27116, 13.80205 ], [ 109.27135, 13.80206 ], [ 109.27151, 13.80137 ], [ 109.27129, 13.80089 ], [ 109.27101, 13.80064 ], [ 109.27083, 13.80007 ], [ 109.2702, 13.80001 ], [ 109.27008, 13.80015 ], [ 109.27003, 13.80019 ], [ 109.27008, 13.79994 ], [ 109.27037, 13.79972 ], [ 109.27107, 13.79981 ], [ 109.27121, 13.80047 ], [ 109.27151, 13.80071 ], [ 109.27188, 13.80131 ], [ 109.27182, 13.80179 ], [ 109.27126, 13.80241 ], [ 109.27089, 13.80299 ], [ 109.27049, 13.80294 ], [ 109.27034, 13.80237 ], [ 109.27075, 13.80183 ], [ 109.2711, 13.80169 ], [ 109.27107, 13.8014 ], [ 109.27062, 13.80088 ], [ 109.27058, 13.80065 ] ] ], [ [ [ 109.28264, 13.80364 ], [ 109.28256, 13.80356 ], [ 109.28268, 13.80353 ], [ 109.28264, 13.80364 ] ] ], [ [ [ 109.28362, 13.80377 ], [ 109.28368, 13.80439 ], [ 109.28344, 13.80448 ], [ 109.28321, 13.80397 ], [ 109.2829, 13.80358 ], [ 109.28301, 13.8033 ], [ 109.28384, 13.80296 ], [ 109.28435, 13.80291 ], [ 109.28439, 13.80296 ], [ 109.28473, 13.80311 ], [ 109.28456, 13.80371 ], [ 109.2846, 13.80409 ], [ 109.28449, 13.80431 ], [ 109.28439, 13.80395 ], [ 109.28401, 13.80386 ], [ 109.28382, 13.80376 ], [ 109.28362, 13.80377 ] ] ], [ [ [ 109.2842, 13.80477 ], [ 109.28376, 13.80521 ], [ 109.28365, 13.80471 ], [ 109.28411, 13.80459 ], [ 109.28424, 13.80454 ], [ 109.2842, 13.80477 ] ] ], [ [ [ 109.28223, 13.8061 ], [ 109.2825, 13.80634 ], [ 109.28271, 13.80681 ], [ 109.28269, 13.80706 ], [ 109.28199, 13.807 ], [ 109.28187, 13.80637 ], [ 109.28166, 13.80607 ], [ 109.28144, 13.80559 ], [ 109.28122, 13.80529 ], [ 109.2817, 13.80475 ], [ 109.28179, 13.80442 ], [ 109.28157, 13.8036 ], [ 109.28147, 13.80353 ], [ 109.28148, 13.80344 ], [ 109.28148, 13.8028 ], [ 109.28153, 13.80276 ], [ 109.28181, 13.80245 ], [ 109.2822, 13.80221 ], [ 109.28211, 13.80112 ], [ 109.28233, 13.80087 ], [ 109.28259, 13.80173 ], [ 109.28254, 13.80231 ], [ 109.28256, 13.80258 ], [ 109.28242, 13.80281 ], [ 109.28202, 13.80253 ], [ 109.2819, 13.8027 ], [ 109.28238, 13.80311 ], [ 109.28233, 13.80364 ], [ 109.28245, 13.80385 ], [ 109.28253, 13.80403 ], [ 109.28298, 13.80457 ], [ 109.28324, 13.80545 ], [ 109.28382, 13.80612 ], [ 109.28365, 13.80626 ], [ 109.28293, 13.80619 ], [ 109.28259, 13.80531 ], [ 109.28211, 13.8049 ], [ 109.28177, 13.80512 ], [ 109.2816, 13.80545 ], [ 109.28206, 13.80556 ], [ 109.28223, 13.8061 ] ], [ [ 109.2818, 13.80566 ], [ 109.28188, 13.80581 ], [ 109.28192, 13.80561 ], [ 109.2818, 13.80566 ] ], [ [ 109.28162, 13.80283 ], [ 109.28158, 13.80332 ], [ 109.28189, 13.80411 ], [ 109.28205, 13.80464 ], [ 109.2826, 13.80477 ], [ 109.28312, 13.80593 ], [ 109.28331, 13.80594 ], [ 109.28308, 13.80539 ], [ 109.28288, 13.80469 ], [ 109.28219, 13.80409 ], [ 109.28202, 13.80348 ], [ 109.28218, 13.80321 ], [ 109.28176, 13.80271 ], [ 109.28162, 13.80283 ] ], [ [ 109.28229, 13.8025 ], [ 109.28237, 13.80265 ], [ 109.28241, 13.80245 ], [ 109.28229, 13.8025 ] ], [ [ 109.28232, 13.80145 ], [ 109.28219, 13.80173 ], [ 109.28236, 13.80185 ], [ 109.28243, 13.80152 ], [ 109.28232, 13.80145 ], [ 109.28228, 13.80115 ], [ 109.2822, 13.80139 ], [ 109.28232, 13.80145 ] ] ], [ [ [ 109.28431, 13.80716 ], [ 109.28412, 13.80723 ], [ 109.28391, 13.80642 ], [ 109.28423, 13.80662 ], [ 109.28423, 13.8068 ], [ 109.28411, 13.80684 ], [ 109.28418, 13.807 ], [ 109.28422, 13.80689 ], [ 109.28432, 13.80689 ], [ 109.28432, 13.80698 ], [ 109.28431, 13.80716 ] ] ], [ [ [ 109.28055, 13.80803 ], [ 109.28052, 13.80768 ], [ 109.28078, 13.80756 ], [ 109.28092, 13.80783 ], [ 109.28055, 13.80803 ] ], [ [ 109.28059, 13.8078 ], [ 109.28067, 13.80788 ], [ 109.2807, 13.80777 ], [ 109.28059, 13.8078 ] ] ], [ [ [ 109.20847, 13.80779 ], [ 109.20829, 13.80779 ], [ 109.20829, 13.8077 ], [ 109.20847, 13.8077 ], [ 109.20847, 13.80779 ] ] ], [ [ [ 109.20921, 13.80771 ], [ 109.209, 13.80765 ], [ 109.20931, 13.80749 ], [ 109.20953, 13.80775 ], [ 109.20921, 13.8078 ], [ 109.20921, 13.80771 ], [ 109.20933, 13.80768 ], [ 109.20925, 13.8076 ], [ 109.20921, 13.80771 ] ] ], [ [ [ 109.20801, 13.80797 ], [ 109.20829, 13.80797 ], [ 109.20829, 13.80806 ], [ 109.20801, 13.80806 ], [ 109.20801, 13.80797 ] ] ], [ [ [ 109.20829, 13.80806 ], [ 109.20884, 13.80807 ], [ 109.20884, 13.80816 ], [ 109.20921, 13.80816 ], [ 109.20921, 13.80825 ], [ 109.20837, 13.80816 ], [ 109.20829, 13.80806 ] ] ], [ [ [ 109.27582, 13.80909 ], [ 109.27503, 13.80931 ], [ 109.27434, 13.80902 ], [ 109.27409, 13.80835 ], [ 109.27465, 13.80787 ], [ 109.27552, 13.80782 ], [ 109.27585, 13.80823 ], [ 109.27598, 13.80866 ], [ 109.27582, 13.80909 ] ], [ [ 109.27555, 13.80868 ], [ 109.27567, 13.80839 ], [ 109.27543, 13.808 ], [ 109.27446, 13.80806 ], [ 109.27455, 13.80832 ], [ 109.27519, 13.80829 ], [ 109.27555, 13.80868 ] ], [ [ 109.27515, 13.80836 ], [ 109.27474, 13.8084 ], [ 109.27528, 13.80864 ], [ 109.27515, 13.80836 ] ] ], [ [ [ 109.25471, 13.80997 ], [ 109.2543, 13.80979 ], [ 109.25461, 13.80975 ], [ 109.25471, 13.80997 ] ] ], [ [ [ 109.28472, 13.80975 ], [ 109.28454, 13.81003 ], [ 109.28401, 13.81043 ], [ 109.28357, 13.81025 ], [ 109.28362, 13.80993 ], [ 109.28427, 13.80983 ], [ 109.28443, 13.80946 ], [ 109.28521, 13.80906 ], [ 109.2855, 13.80898 ], [ 109.28555, 13.8092 ], [ 109.28563, 13.80981 ], [ 109.28509, 13.80947 ], [ 109.28487, 13.80939 ], [ 109.28472, 13.80975 ] ], [ [ 109.28529, 13.80921 ], [ 109.28537, 13.80936 ], [ 109.28541, 13.80916 ], [ 109.28529, 13.80921 ] ] ], [ [ [ 109.21003, 13.80952 ], [ 109.20999, 13.80966 ], [ 109.20985, 13.80989 ], [ 109.20945, 13.81001 ], [ 109.20865, 13.8097 ], [ 109.20837, 13.80903 ], [ 109.20873, 13.80843 ], [ 109.20935, 13.8083 ], [ 109.20939, 13.80825 ], [ 109.20967, 13.80819 ], [ 109.2098, 13.80763 ], [ 109.20956, 13.80727 ], [ 109.20894, 13.80713 ], [ 109.2087, 13.80729 ], [ 109.20882, 13.80783 ], [ 109.20854, 13.80789 ], [ 109.20847, 13.80779 ], [ 109.20866, 13.8078 ], [ 109.20866, 13.80762 ], [ 109.2082, 13.80761 ], [ 109.2082, 13.8077 ], [ 109.20789, 13.80774 ], [ 109.20801, 13.80797 ], [ 109.20762, 13.80792 ], [ 109.2075, 13.80754 ], [ 109.2077, 13.807 ], [ 109.20858, 13.80704 ], [ 109.20871, 13.80665 ], [ 109.2091, 13.80667 ], [ 109.20969, 13.80708 ], [ 109.21004, 13.80797 ], [ 109.20975, 13.80838 ], [ 109.20997, 13.80866 ], [ 109.21036, 13.80838 ], [ 109.21017, 13.80802 ], [ 109.21019, 13.80771 ], [ 109.21051, 13.80756 ], [ 109.21028, 13.80722 ], [ 109.21012, 13.80653 ], [ 109.21037, 13.80641 ], [ 109.21104, 13.80697 ], [ 109.21099, 13.8079 ], [ 109.21063, 13.80841 ], [ 109.21045, 13.80894 ], [ 109.21015, 13.80942 ], [ 109.21003, 13.80952 ], [ 109.20998, 13.80912 ], [ 109.20953, 13.80956 ], [ 109.20943, 13.80956 ], [ 109.20925, 13.80956 ], [ 109.20924, 13.80974 ], [ 109.2098, 13.80966 ], [ 109.21003, 13.80952 ] ], [ [ 109.20926, 13.80884 ], [ 109.20907, 13.80912 ], [ 109.20958, 13.80947 ], [ 109.20967, 13.80917 ], [ 109.20957, 13.8088 ], [ 109.20926, 13.80884 ] ], [ [ 109.20908, 13.80848 ], [ 109.20891, 13.80874 ], [ 109.20957, 13.80865 ], [ 109.20948, 13.80843 ], [ 109.20908, 13.80848 ] ], [ [ 109.2085, 13.80738 ], [ 109.20857, 13.80725 ], [ 109.20817, 13.80729 ], [ 109.20826, 13.80746 ], [ 109.2085, 13.80738 ] ], [ [ 109.21072, 13.8073 ], [ 109.21056, 13.80779 ], [ 109.21084, 13.80778 ], [ 109.21088, 13.80727 ], [ 109.21072, 13.8073 ] ] ], [ [ [ 109.25941, 13.81051 ], [ 109.25937, 13.81071 ], [ 109.25922, 13.81078 ], [ 109.25927, 13.81058 ], [ 109.25941, 13.81051 ] ] ], [ [ [ 109.28623, 13.81124 ], [ 109.28613, 13.81124 ], [ 109.28613, 13.81142 ], [ 109.28601, 13.81133 ], [ 109.28613, 13.81111 ], [ 109.28623, 13.81124 ] ] ], [ [ [ 109.28623, 13.81124 ], [ 109.28645, 13.81139 ], [ 109.2865, 13.81161 ], [ 109.28621, 13.81157 ], [ 109.28613, 13.81142 ], [ 109.28623, 13.81142 ], [ 109.28623, 13.81124 ] ] ], [ [ [ 109.25922, 13.81078 ], [ 109.25905, 13.81143 ], [ 109.25857, 13.81132 ], [ 109.25821, 13.81104 ], [ 109.25842, 13.81074 ], [ 109.25784, 13.81059 ], [ 109.25808, 13.81019 ], [ 109.25826, 13.81018 ], [ 109.25876, 13.81036 ], [ 109.25917, 13.80975 ], [ 109.25954, 13.80956 ], [ 109.25974, 13.80965 ], [ 109.26036, 13.81007 ], [ 109.26051, 13.8098 ], [ 109.26048, 13.80903 ], [ 109.26063, 13.80876 ], [ 109.261, 13.808 ], [ 109.26217, 13.80675 ], [ 109.26254, 13.80608 ], [ 109.26256, 13.80563 ], [ 109.26218, 13.80501 ], [ 109.26237, 13.80419 ], [ 109.26344, 13.80303 ], [ 109.26358, 13.80245 ], [ 109.26378, 13.80218 ], [ 109.26395, 13.80167 ], [ 109.26417, 13.80143 ], [ 109.26501, 13.80073 ], [ 109.2658, 13.80077 ], [ 109.26601, 13.80048 ], [ 109.26627, 13.8001 ], [ 109.26696, 13.79974 ], [ 109.2674, 13.79986 ], [ 109.26795, 13.79997 ], [ 109.26861, 13.8005 ], [ 109.2694, 13.80077 ], [ 109.26987, 13.80067 ], [ 109.26998, 13.80033 ], [ 109.27003, 13.80028 ], [ 109.27006, 13.80079 ], [ 109.27027, 13.80086 ], [ 109.27035, 13.80017 ], [ 109.27055, 13.80027 ], [ 109.27058, 13.80065 ], [ 109.27053, 13.80061 ], [ 109.27044, 13.80039 ], [ 109.27035, 13.80106 ], [ 109.27022, 13.80127 ], [ 109.26981, 13.80143 ], [ 109.26947, 13.80138 ], [ 109.26919, 13.80142 ], [ 109.26894, 13.80138 ], [ 109.26841, 13.80096 ], [ 109.26775, 13.80084 ], [ 109.26721, 13.80039 ], [ 109.26698, 13.80035 ], [ 109.26702, 13.8003 ], [ 109.26748, 13.80021 ], [ 109.26726, 13.79995 ], [ 109.26669, 13.80008 ], [ 109.26663, 13.80038 ], [ 109.26675, 13.8004 ], [ 109.26698, 13.80035 ], [ 109.26677, 13.8011 ], [ 109.26597, 13.80143 ], [ 109.26528, 13.80136 ], [ 109.26493, 13.8016 ], [ 109.26501, 13.80132 ], [ 109.26562, 13.80116 ], [ 109.26551, 13.80093 ], [ 109.26487, 13.80104 ], [ 109.26452, 13.80158 ], [ 109.26462, 13.80178 ], [ 109.26484, 13.80169 ], [ 109.2647, 13.80219 ], [ 109.26457, 13.80252 ], [ 109.26407, 13.80281 ], [ 109.26395, 13.80354 ], [ 109.2638, 13.80393 ], [ 109.26306, 13.8043 ], [ 109.2631, 13.80416 ], [ 109.26329, 13.80387 ], [ 109.26295, 13.80389 ], [ 109.26266, 13.80425 ], [ 109.26256, 13.80472 ], [ 109.2628, 13.80471 ], [ 109.26293, 13.80439 ], [ 109.26306, 13.8043 ], [ 109.263, 13.80459 ], [ 109.26345, 13.80556 ], [ 109.26336, 13.80625 ], [ 109.26294, 13.80694 ], [ 109.26211, 13.808 ], [ 109.26154, 13.80864 ], [ 109.26141, 13.80958 ], [ 109.26128, 13.81011 ], [ 109.26103, 13.81052 ], [ 109.26021, 13.81074 ], [ 109.25966, 13.81042 ], [ 109.25941, 13.81051 ], [ 109.25946, 13.81037 ], [ 109.25974, 13.81012 ], [ 109.25933, 13.81003 ], [ 109.25882, 13.81082 ], [ 109.25908, 13.81083 ], [ 109.25922, 13.81078 ] ], [ [ 109.26384, 13.80247 ], [ 109.2636, 13.80307 ], [ 109.26381, 13.8031 ], [ 109.26415, 13.80255 ], [ 109.26419, 13.80241 ], [ 109.26384, 13.80247 ] ] ], [ [ [ 109.25468, 13.81251 ], [ 109.25436, 13.81167 ], [ 109.25413, 13.81148 ], [ 109.254, 13.81108 ], [ 109.25451, 13.81102 ], [ 109.25482, 13.81161 ], [ 109.2551, 13.81197 ], [ 109.25519, 13.8121 ], [ 109.25468, 13.81251 ] ], [ [ 109.25465, 13.81189 ], [ 109.25473, 13.81223 ], [ 109.25487, 13.81203 ], [ 109.25478, 13.81183 ], [ 109.25465, 13.81189 ] ], [ [ 109.25428, 13.81126 ], [ 109.25444, 13.81142 ], [ 109.2545, 13.8112 ], [ 109.25428, 13.81126 ] ] ], [ [ [ 109.28714, 13.81297 ], [ 109.28723, 13.81297 ], [ 109.28723, 13.81315 ], [ 109.28714, 13.81315 ], [ 109.28714, 13.81297 ] ] ], [ [ [ 109.27407, 13.81138 ], [ 109.27415, 13.81211 ], [ 109.27433, 13.81313 ], [ 109.27417, 13.81355 ], [ 109.27371, 13.81342 ], [ 109.27344, 13.81292 ], [ 109.27332, 13.81228 ], [ 109.27323, 13.81183 ], [ 109.27313, 13.81084 ], [ 109.27305, 13.81092 ], [ 109.27278, 13.81133 ], [ 109.27222, 13.81109 ], [ 109.2717, 13.81127 ], [ 109.27123, 13.81109 ], [ 109.27111, 13.81043 ], [ 109.27076, 13.80979 ], [ 109.27057, 13.80837 ], [ 109.27074, 13.80788 ], [ 109.27104, 13.80775 ], [ 109.27124, 13.80764 ], [ 109.27159, 13.80767 ], [ 109.27142, 13.80708 ], [ 109.27114, 13.80657 ], [ 109.27095, 13.80595 ], [ 109.2705, 13.80532 ], [ 109.27067, 13.80477 ], [ 109.27111, 13.80472 ], [ 109.27142, 13.80531 ], [ 109.27161, 13.80558 ], [ 109.2717, 13.80597 ], [ 109.27188, 13.8063 ], [ 109.27204, 13.80664 ], [ 109.27232, 13.80703 ], [ 109.27252, 13.80776 ], [ 109.27301, 13.80834 ], [ 109.27333, 13.80904 ], [ 109.27354, 13.80941 ], [ 109.2739, 13.81041 ], [ 109.27407, 13.81138 ] ], [ [ 109.27144, 13.80956 ], [ 109.27191, 13.81064 ], [ 109.27222, 13.81067 ], [ 109.27208, 13.80951 ], [ 109.27189, 13.80888 ], [ 109.2714, 13.80848 ], [ 109.27136, 13.80843 ], [ 109.27115, 13.80848 ], [ 109.27144, 13.80956 ] ], [ [ 109.27205, 13.80883 ], [ 109.27236, 13.80938 ], [ 109.27245, 13.80912 ], [ 109.27233, 13.80883 ], [ 109.27182, 13.80816 ], [ 109.2716, 13.80822 ], [ 109.27168, 13.80839 ], [ 109.27205, 13.80883 ] ], [ [ 109.27099, 13.80824 ], [ 109.27076, 13.80831 ], [ 109.27075, 13.80855 ], [ 109.27085, 13.80883 ], [ 109.27095, 13.80928 ], [ 109.27103, 13.80919 ], [ 109.27099, 13.80824 ] ], [ [ 109.27116, 13.80585 ], [ 109.27123, 13.80628 ], [ 109.27144, 13.80638 ], [ 109.27144, 13.80593 ], [ 109.27138, 13.80581 ], [ 109.27116, 13.80585 ] ] ], [ [ [ 109.25562, 13.81359 ], [ 109.25529, 13.81331 ], [ 109.25539, 13.81305 ], [ 109.25569, 13.81302 ], [ 109.25573, 13.81307 ], [ 109.25599, 13.81316 ], [ 109.25609, 13.81336 ], [ 109.25562, 13.81359 ] ], [ [ 109.25547, 13.81324 ], [ 109.25573, 13.81341 ], [ 109.25578, 13.8132 ], [ 109.25547, 13.81324 ] ] ], [ [ [ 109.28723, 13.81315 ], [ 109.28732, 13.81315 ], [ 109.28743, 13.81376 ], [ 109.28768, 13.8146 ], [ 109.2873, 13.81473 ], [ 109.28718, 13.81391 ], [ 109.28705, 13.81355 ], [ 109.28661, 13.81318 ], [ 109.28645, 13.81264 ], [ 109.28627, 13.81215 ], [ 109.28646, 13.81183 ], [ 109.2865, 13.81161 ], [ 109.28665, 13.81164 ], [ 109.28687, 13.81178 ], [ 109.2871, 13.81271 ], [ 109.28714, 13.81297 ], [ 109.28709, 13.81293 ], [ 109.28693, 13.81272 ], [ 109.28679, 13.81199 ], [ 109.28655, 13.81204 ], [ 109.2868, 13.81286 ], [ 109.28718, 13.81345 ], [ 109.28723, 13.81315 ] ], [ [ 109.2875, 13.81432 ], [ 109.28738, 13.81437 ], [ 109.28746, 13.81453 ], [ 109.2875, 13.81432 ] ] ], [ [ [ 109.25839, 13.81488 ], [ 109.25817, 13.81489 ], [ 109.25774, 13.81479 ], [ 109.25657, 13.81425 ], [ 109.25666, 13.81404 ], [ 109.25688, 13.81385 ], [ 109.25729, 13.81335 ], [ 109.25703, 13.81333 ], [ 109.25681, 13.81357 ], [ 109.25657, 13.81335 ], [ 109.25673, 13.81316 ], [ 109.25685, 13.81316 ], [ 109.25703, 13.81317 ], [ 109.25724, 13.81286 ], [ 109.25786, 13.8129 ], [ 109.25801, 13.81294 ], [ 109.25807, 13.81323 ], [ 109.25787, 13.81358 ], [ 109.25822, 13.81374 ], [ 109.25832, 13.81408 ], [ 109.25859, 13.81458 ], [ 109.25839, 13.81488 ] ], [ [ 109.25749, 13.81436 ], [ 109.25774, 13.8146 ], [ 109.25831, 13.81469 ], [ 109.2582, 13.81445 ], [ 109.25794, 13.81435 ], [ 109.2579, 13.8143 ], [ 109.25749, 13.81436 ] ], [ [ 109.25736, 13.81321 ], [ 109.25789, 13.81308 ], [ 109.25777, 13.81299 ], [ 109.25773, 13.81294 ], [ 109.25741, 13.81299 ], [ 109.25736, 13.81321 ] ] ], [ [ [ 109.2534, 13.81536 ], [ 109.25289, 13.81506 ], [ 109.25246, 13.81494 ], [ 109.253, 13.81479 ], [ 109.25351, 13.81416 ], [ 109.25366, 13.8138 ], [ 109.25408, 13.81332 ], [ 109.25449, 13.81328 ], [ 109.25455, 13.81344 ], [ 109.25452, 13.81366 ], [ 109.25465, 13.81401 ], [ 109.25451, 13.81424 ], [ 109.25453, 13.81441 ], [ 109.25451, 13.81453 ], [ 109.25423, 13.81449 ], [ 109.25429, 13.8141 ], [ 109.25382, 13.81416 ], [ 109.25366, 13.81473 ], [ 109.2534, 13.81536 ] ], [ [ 109.25331, 13.81465 ], [ 109.25308, 13.81502 ], [ 109.25337, 13.81506 ], [ 109.25346, 13.81454 ], [ 109.25331, 13.81465 ] ], [ [ 109.25392, 13.81363 ], [ 109.25364, 13.81413 ], [ 109.2541, 13.81388 ], [ 109.25421, 13.81355 ], [ 109.25392, 13.81363 ] ] ], [ [ [ 109.2085, 13.81575 ], [ 109.2086, 13.81575 ], [ 109.2086, 13.81584 ], [ 109.2085, 13.81584 ], [ 109.2085, 13.81575 ] ] ], [ [ [ 109.2086, 13.81584 ], [ 109.20869, 13.81584 ], [ 109.20869, 13.81593 ], [ 109.2086, 13.81593 ], [ 109.2086, 13.81584 ] ] ], [ [ [ 109.25591, 13.81614 ], [ 109.25578, 13.81631 ], [ 109.25515, 13.81602 ], [ 109.25486, 13.81521 ], [ 109.25491, 13.81501 ], [ 109.25531, 13.81491 ], [ 109.25539, 13.81503 ], [ 109.25573, 13.81522 ], [ 109.2558, 13.81569 ], [ 109.25591, 13.81614 ] ], [ [ 109.25521, 13.81541 ], [ 109.2555, 13.81613 ], [ 109.25566, 13.81603 ], [ 109.25554, 13.81558 ], [ 109.2554, 13.81527 ], [ 109.25521, 13.81541 ] ] ], [ [ [ 109.20832, 13.8162 ], [ 109.20832, 13.81611 ], [ 109.20822, 13.81611 ], [ 109.20834, 13.81598 ], [ 109.20841, 13.8162 ], [ 109.20832, 13.8162 ] ] ], [ [ [ 109.20571, 13.81612 ], [ 109.20563, 13.81627 ], [ 109.20554, 13.81627 ], [ 109.20554, 13.81618 ], [ 109.20545, 13.81618 ], [ 109.20536, 13.81618 ], [ 109.20536, 13.81609 ], [ 109.20571, 13.81612 ] ] ], [ [ [ 109.20832, 13.8162 ], [ 109.20831, 13.81629 ], [ 109.20822, 13.81629 ], [ 109.20822, 13.8162 ], [ 109.20832, 13.8162 ] ] ], [ [ [ 109.20841, 13.8162 ], [ 109.2085, 13.8162 ], [ 109.2085, 13.81629 ], [ 109.20841, 13.81629 ], [ 109.20841, 13.8162 ] ] ], [ [ [ 109.20869, 13.81593 ], [ 109.20875, 13.81596 ], [ 109.20887, 13.8162 ], [ 109.20887, 13.81629 ], [ 109.20878, 13.81629 ], [ 109.20872, 13.81617 ], [ 109.20869, 13.81593 ] ] ], [ [ [ 109.20601, 13.81582 ], [ 109.20608, 13.81627 ], [ 109.206, 13.81645 ], [ 109.20591, 13.81645 ], [ 109.20582, 13.81578 ], [ 109.20517, 13.8159 ], [ 109.20508, 13.8159 ], [ 109.20508, 13.81581 ], [ 109.2053, 13.81576 ], [ 109.20591, 13.81573 ], [ 109.20591, 13.81582 ], [ 109.20601, 13.81582 ] ] ], [ [ [ 109.2085, 13.81575 ], [ 109.20808, 13.81578 ], [ 109.20765, 13.81609 ], [ 109.20776, 13.81638 ], [ 109.20776, 13.81647 ], [ 109.20767, 13.81647 ], [ 109.20767, 13.81638 ], [ 109.20739, 13.81637 ], [ 109.20739, 13.81646 ], [ 109.20726, 13.81652 ], [ 109.20665, 13.81655 ], [ 109.20679, 13.81617 ], [ 109.20601, 13.81582 ], [ 109.20601, 13.81573 ], [ 109.20591, 13.81573 ], [ 109.20585, 13.81533 ], [ 109.2059, 13.81502 ], [ 109.20634, 13.81484 ], [ 109.20683, 13.81498 ], [ 109.20699, 13.81558 ], [ 109.20696, 13.81576 ], [ 109.20703, 13.81596 ], [ 109.20731, 13.81562 ], [ 109.2075, 13.81552 ], [ 109.20784, 13.81572 ], [ 109.20837, 13.81558 ], [ 109.2085, 13.81575 ] ], [ [ 109.20647, 13.81546 ], [ 109.20652, 13.81577 ], [ 109.20678, 13.81566 ], [ 109.20683, 13.81529 ], [ 109.20657, 13.81497 ], [ 109.20608, 13.81509 ], [ 109.206, 13.81568 ], [ 109.20624, 13.8156 ], [ 109.20635, 13.81524 ], [ 109.2066, 13.81536 ], [ 109.20647, 13.81546 ], [ 109.20644, 13.81535 ], [ 109.20636, 13.81543 ], [ 109.20647, 13.81546 ] ] ], [ [ [ 109.28683, 13.81721 ], [ 109.28683, 13.81757 ], [ 109.28674, 13.81757 ], [ 109.28674, 13.8173 ], [ 109.28674, 13.81721 ], [ 109.28683, 13.81721 ] ] ], [ [ [ 109.25784, 13.81059 ], [ 109.25788, 13.81119 ], [ 109.25843, 13.8117 ], [ 109.2589, 13.81231 ], [ 109.25921, 13.81289 ], [ 109.25935, 13.81378 ], [ 109.25995, 13.81451 ], [ 109.25979, 13.81508 ], [ 109.25968, 13.81565 ], [ 109.25944, 13.81613 ], [ 109.2589, 13.81629 ], [ 109.25867, 13.8166 ], [ 109.25837, 13.81705 ], [ 109.25775, 13.81707 ], [ 109.25773, 13.8167 ], [ 109.25841, 13.8166 ], [ 109.25778, 13.8164 ], [ 109.25696, 13.81578 ], [ 109.25673, 13.81593 ], [ 109.25675, 13.81635 ], [ 109.25658, 13.817 ], [ 109.25628, 13.81731 ], [ 109.25569, 13.81733 ], [ 109.25519, 13.8172 ], [ 109.25486, 13.81731 ], [ 109.25416, 13.81694 ], [ 109.25383, 13.81707 ], [ 109.25363, 13.81747 ], [ 109.25281, 13.81735 ], [ 109.2518, 13.81625 ], [ 109.25131, 13.81484 ], [ 109.25127, 13.81379 ], [ 109.25148, 13.81341 ], [ 109.2514, 13.81285 ], [ 109.25113, 13.81139 ], [ 109.25131, 13.81087 ], [ 109.25155, 13.81062 ], [ 109.25215, 13.81049 ], [ 109.25387, 13.80898 ], [ 109.2541, 13.80898 ], [ 109.25434, 13.80899 ], [ 109.255, 13.80897 ], [ 109.25512, 13.80908 ], [ 109.25564, 13.80963 ], [ 109.25604, 13.8099 ], [ 109.25632, 13.81008 ], [ 109.2569, 13.81055 ], [ 109.25766, 13.81053 ], [ 109.25784, 13.81059 ] ], [ [ 109.2571, 13.81104 ], [ 109.25669, 13.81108 ], [ 109.25666, 13.81125 ], [ 109.25722, 13.81135 ], [ 109.2571, 13.81104 ] ], [ [ 109.25651, 13.811 ], [ 109.25583, 13.81089 ], [ 109.25567, 13.81035 ], [ 109.25498, 13.80958 ], [ 109.25442, 13.80962 ], [ 109.25416, 13.8096 ], [ 109.25405, 13.80948 ], [ 109.25372, 13.80957 ], [ 109.25312, 13.80998 ], [ 109.2529, 13.81033 ], [ 109.25253, 13.81079 ], [ 109.25242, 13.8115 ], [ 109.25232, 13.81177 ], [ 109.25223, 13.81215 ], [ 109.25267, 13.81212 ], [ 109.25288, 13.81223 ], [ 109.25306, 13.81195 ], [ 109.2537, 13.81231 ], [ 109.2538, 13.81245 ], [ 109.25358, 13.81283 ], [ 109.25283, 13.81295 ], [ 109.25246, 13.81352 ], [ 109.25261, 13.81378 ], [ 109.25258, 13.81406 ], [ 109.25188, 13.814 ], [ 109.2516, 13.81415 ], [ 109.25147, 13.81493 ], [ 109.25197, 13.81581 ], [ 109.25258, 13.81595 ], [ 109.25317, 13.81641 ], [ 109.25356, 13.81638 ], [ 109.25408, 13.8161 ], [ 109.25404, 13.81562 ], [ 109.25406, 13.81535 ], [ 109.25404, 13.81498 ], [ 109.25417, 13.81476 ], [ 109.25442, 13.81478 ], [ 109.25452, 13.81532 ], [ 109.25463, 13.81561 ], [ 109.25458, 13.81608 ], [ 109.25461, 13.81642 ], [ 109.25528, 13.81683 ], [ 109.25593, 13.81695 ], [ 109.25642, 13.81668 ], [ 109.25655, 13.81602 ], [ 109.25603, 13.81529 ], [ 109.25616, 13.81497 ], [ 109.2572, 13.81542 ], [ 109.25798, 13.81551 ], [ 109.25847, 13.81525 ], [ 109.25896, 13.81517 ], [ 109.25916, 13.81506 ], [ 109.25949, 13.81509 ], [ 109.25961, 13.81439 ], [ 109.25923, 13.81379 ], [ 109.25907, 13.81308 ], [ 109.25894, 13.81259 ], [ 109.25815, 13.81192 ], [ 109.25702, 13.81177 ], [ 109.25648, 13.81135 ], [ 109.25651, 13.811 ] ], [ [ 109.25212, 13.81172 ], [ 109.25219, 13.81109 ], [ 109.25197, 13.81116 ], [ 109.25195, 13.81141 ], [ 109.25197, 13.81163 ], [ 109.25195, 13.81186 ], [ 109.25212, 13.81172 ] ], [ [ 109.25357, 13.81246 ], [ 109.25325, 13.81253 ], [ 109.25341, 13.81267 ], [ 109.25357, 13.81246 ] ], [ [ 109.25253, 13.81616 ], [ 109.25249, 13.81605 ], [ 109.25241, 13.81612 ], [ 109.25253, 13.81616 ], [ 109.25258, 13.81627 ], [ 109.25274, 13.81619 ], [ 109.25253, 13.81616 ] ], [ [ 109.25289, 13.81634 ], [ 109.25267, 13.8164 ], [ 109.25283, 13.81656 ], [ 109.25289, 13.81634 ] ], [ [ 109.25875, 13.81579 ], [ 109.25841, 13.81601 ], [ 109.25858, 13.81615 ], [ 109.25896, 13.81601 ], [ 109.259, 13.81575 ], [ 109.25875, 13.81579 ] ] ], [ [ [ 109.19946, 13.81646 ], [ 109.19934, 13.81677 ], [ 109.19912, 13.81691 ], [ 109.19906, 13.81713 ], [ 109.19903, 13.81719 ], [ 109.19866, 13.81736 ], [ 109.19835, 13.81742 ], [ 109.19822, 13.81748 ], [ 109.19828, 13.81691 ], [ 109.1987, 13.81624 ], [ 109.19929, 13.81599 ], [ 109.19953, 13.81595 ], [ 109.19946, 13.81646 ] ] ], [ [ [ 109.28603, 13.81886 ], [ 109.28577, 13.81869 ], [ 109.28608, 13.81865 ], [ 109.28603, 13.81886 ] ] ], [ [ [ 109.28471, 13.81908 ], [ 109.2844, 13.81922 ], [ 109.28428, 13.81872 ], [ 109.2846, 13.81864 ], [ 109.28471, 13.81908 ] ] ], [ [ [ 109.27935, 13.80297 ], [ 109.2794, 13.80358 ], [ 109.27976, 13.80356 ], [ 109.27992, 13.80357 ], [ 109.28022, 13.80399 ], [ 109.27976, 13.80383 ], [ 109.27965, 13.80383 ], [ 109.27941, 13.80409 ], [ 109.27907, 13.80427 ], [ 109.27884, 13.80371 ], [ 109.27903, 13.80338 ], [ 109.27902, 13.80327 ], [ 109.27871, 13.80329 ], [ 109.27844, 13.80359 ], [ 109.27847, 13.80418 ], [ 109.27893, 13.80473 ], [ 109.27881, 13.80524 ], [ 109.27884, 13.80574 ], [ 109.27923, 13.80684 ], [ 109.27958, 13.80747 ], [ 109.27943, 13.80787 ], [ 109.27946, 13.80839 ], [ 109.28005, 13.80876 ], [ 109.28067, 13.80927 ], [ 109.28086, 13.80926 ], [ 109.2813, 13.80878 ], [ 109.28175, 13.80927 ], [ 109.28231, 13.80963 ], [ 109.28316, 13.81029 ], [ 109.28339, 13.81054 ], [ 109.28349, 13.81145 ], [ 109.28359, 13.81163 ], [ 109.2837, 13.81243 ], [ 109.28367, 13.81285 ], [ 109.28368, 13.81308 ], [ 109.28395, 13.81411 ], [ 109.28384, 13.81461 ], [ 109.28375, 13.81529 ], [ 109.2841, 13.81593 ], [ 109.2844, 13.81606 ], [ 109.28438, 13.81564 ], [ 109.28449, 13.81533 ], [ 109.28483, 13.81536 ], [ 109.28537, 13.81555 ], [ 109.28493, 13.8161 ], [ 109.28495, 13.81638 ], [ 109.28494, 13.81654 ], [ 109.28455, 13.81687 ], [ 109.28459, 13.81772 ], [ 109.28434, 13.81829 ], [ 109.28415, 13.81888 ], [ 109.28424, 13.82053 ], [ 109.28412, 13.82063 ], [ 109.28408, 13.8204 ], [ 109.28399, 13.8195 ], [ 109.28389, 13.81919 ], [ 109.28391, 13.8185 ], [ 109.28348, 13.81809 ], [ 109.28408, 13.81791 ], [ 109.28426, 13.81741 ], [ 109.28372, 13.81674 ], [ 109.2831, 13.81555 ], [ 109.28309, 13.8147 ], [ 109.28325, 13.81393 ], [ 109.2834, 13.81322 ], [ 109.2833, 13.8127 ], [ 109.28297, 13.81206 ], [ 109.28283, 13.81089 ], [ 109.28227, 13.81031 ], [ 109.28113, 13.80954 ], [ 109.28046, 13.80935 ], [ 109.27997, 13.80923 ], [ 109.27977, 13.80903 ], [ 109.27946, 13.80873 ], [ 109.27936, 13.80853 ], [ 109.27924, 13.80805 ], [ 109.27904, 13.80785 ], [ 109.2789, 13.80771 ], [ 109.27882, 13.80681 ], [ 109.27836, 13.80651 ], [ 109.27834, 13.80563 ], [ 109.27837, 13.80468 ], [ 109.27836, 13.80351 ], [ 109.27866, 13.80266 ], [ 109.27857, 13.80201 ], [ 109.27839, 13.80148 ], [ 109.27849, 13.80111 ], [ 109.27887, 13.8005 ], [ 109.27914, 13.79985 ], [ 109.27933, 13.79904 ], [ 109.27944, 13.79873 ], [ 109.27943, 13.79736 ], [ 109.27972, 13.7964 ], [ 109.27973, 13.79589 ], [ 109.27947, 13.79525 ], [ 109.27946, 13.79426 ], [ 109.27955, 13.79407 ], [ 109.28054, 13.79303 ], [ 109.28067, 13.79263 ], [ 109.28086, 13.79218 ], [ 109.28096, 13.79127 ], [ 109.28106, 13.79092 ], [ 109.28115, 13.79055 ], [ 109.28144, 13.7895 ], [ 109.28128, 13.78929 ], [ 109.28061, 13.79092 ], [ 109.28046, 13.79163 ], [ 109.28003, 13.7919 ], [ 109.27919, 13.79261 ], [ 109.27864, 13.79289 ], [ 109.27845, 13.79297 ], [ 109.2781, 13.79315 ], [ 109.27744, 13.79288 ], [ 109.27675, 13.79265 ], [ 109.27659, 13.79217 ], [ 109.27625, 13.79079 ], [ 109.2758, 13.7902 ], [ 109.27579, 13.78966 ], [ 109.27581, 13.78909 ], [ 109.27562, 13.78862 ], [ 109.27553, 13.78816 ], [ 109.27516, 13.78825 ], [ 109.27479, 13.78824 ], [ 109.27479, 13.78843 ], [ 109.2751, 13.78903 ], [ 109.27495, 13.79049 ], [ 109.2744, 13.79119 ], [ 109.27454, 13.7914 ], [ 109.27495, 13.79151 ], [ 109.27569, 13.79163 ], [ 109.27544, 13.79196 ], [ 109.27476, 13.79187 ], [ 109.27427, 13.79176 ], [ 109.27368, 13.79264 ], [ 109.27323, 13.79308 ], [ 109.27263, 13.79348 ], [ 109.27211, 13.79348 ], [ 109.26996, 13.79289 ], [ 109.26939, 13.79255 ], [ 109.26885, 13.79219 ], [ 109.26813, 13.79241 ], [ 109.26779, 13.79275 ], [ 109.26693, 13.79325 ], [ 109.26625, 13.79313 ], [ 109.26584, 13.79286 ], [ 109.26525, 13.79216 ], [ 109.26473, 13.79215 ], [ 109.26377, 13.79237 ], [ 109.26356, 13.79368 ], [ 109.26337, 13.79439 ], [ 109.2635, 13.79483 ], [ 109.26383, 13.79504 ], [ 109.2641, 13.79477 ], [ 109.26411, 13.79507 ], [ 109.2641, 13.79545 ], [ 109.2641, 13.79611 ], [ 109.26371, 13.79662 ], [ 109.26327, 13.79684 ], [ 109.26248, 13.79652 ], [ 109.2621, 13.79593 ], [ 109.26197, 13.79611 ], [ 109.26147, 13.79696 ], [ 109.26016, 13.79738 ], [ 109.25928, 13.79727 ], [ 109.2573, 13.79708 ], [ 109.25617, 13.79689 ], [ 109.25486, 13.79652 ], [ 109.25457, 13.79633 ], [ 109.25452, 13.79629 ], [ 109.25544, 13.79623 ], [ 109.25993, 13.79601 ], [ 109.26239, 13.79589 ], [ 109.26246, 13.79627 ], [ 109.2632, 13.79657 ], [ 109.26372, 13.79644 ], [ 109.26375, 13.79577 ], [ 109.2636, 13.79576 ], [ 109.26342, 13.7963 ], [ 109.26286, 13.79611 ], [ 109.26266, 13.79589 ], [ 109.26266, 13.7958 ], [ 109.26276, 13.7958 ], [ 109.26285, 13.79595 ], [ 109.26341, 13.7962 ], [ 109.26337, 13.79602 ], [ 109.26316, 13.79577 ], [ 109.26309, 13.79537 ], [ 109.26294, 13.79491 ], [ 109.26276, 13.79481 ], [ 109.26262, 13.79474 ], [ 109.26258, 13.79454 ], [ 109.26305, 13.7944 ], [ 109.26335, 13.79318 ], [ 109.26362, 13.79247 ], [ 109.26386, 13.79205 ], [ 109.26487, 13.79187 ], [ 109.26552, 13.79144 ], [ 109.26617, 13.79108 ], [ 109.26658, 13.79081 ], [ 109.26689, 13.79034 ], [ 109.26736, 13.79059 ], [ 109.26801, 13.7911 ], [ 109.26839, 13.79133 ], [ 109.26933, 13.79238 ], [ 109.2702, 13.79286 ], [ 109.27084, 13.79283 ], [ 109.27101, 13.79247 ], [ 109.27121, 13.79211 ], [ 109.27146, 13.79193 ], [ 109.27162, 13.7928 ], [ 109.27195, 13.79295 ], [ 109.27272, 13.79283 ], [ 109.27374, 13.79197 ], [ 109.27395, 13.79174 ], [ 109.27431, 13.7905 ], [ 109.27441, 13.79024 ], [ 109.27452, 13.7899 ], [ 109.27449, 13.78938 ], [ 109.27413, 13.78888 ], [ 109.2746, 13.78781 ], [ 109.27471, 13.78644 ], [ 109.27481, 13.78617 ], [ 109.2749, 13.78552 ], [ 109.27515, 13.78507 ], [ 109.27498, 13.78459 ], [ 109.27522, 13.78403 ], [ 109.27538, 13.78352 ], [ 109.2758, 13.78316 ], [ 109.27546, 13.78301 ], [ 109.27528, 13.78282 ], [ 109.2753, 13.78251 ], [ 109.27528, 13.78214 ], [ 109.27539, 13.78175 ], [ 109.2755, 13.78049 ], [ 109.27596, 13.77928 ], [ 109.27578, 13.77895 ], [ 109.2757, 13.77849 ], [ 109.2756, 13.77812 ], [ 109.27561, 13.77795 ], [ 109.27532, 13.77731 ], [ 109.27534, 13.77704 ], [ 109.27575, 13.77706 ], [ 109.27608, 13.77705 ], [ 109.27654, 13.77724 ], [ 109.27672, 13.77707 ], [ 109.27626, 13.77678 ], [ 109.27655, 13.77641 ], [ 109.27676, 13.77643 ], [ 109.27733, 13.77706 ], [ 109.27703, 13.77802 ], [ 109.2776, 13.77853 ], [ 109.27721, 13.77902 ], [ 109.27707, 13.77968 ], [ 109.27679, 13.78031 ], [ 109.27666, 13.78138 ], [ 109.27632, 13.78148 ], [ 109.27621, 13.7816 ], [ 109.27623, 13.78198 ], [ 109.27641, 13.78247 ], [ 109.27658, 13.78332 ], [ 109.27619, 13.78366 ], [ 109.27624, 13.78462 ], [ 109.27616, 13.78469 ], [ 109.27611, 13.78455 ], [ 109.27588, 13.78413 ], [ 109.27573, 13.78347 ], [ 109.27548, 13.78374 ], [ 109.27543, 13.78447 ], [ 109.27573, 13.78445 ], [ 109.27584, 13.78455 ], [ 109.27601, 13.78474 ], [ 109.27616, 13.78469 ], [ 109.27609, 13.7849 ], [ 109.27566, 13.78502 ], [ 109.27564, 13.78518 ], [ 109.27567, 13.7855 ], [ 109.27559, 13.78625 ], [ 109.27582, 13.78681 ], [ 109.27592, 13.78726 ], [ 109.27619, 13.78762 ], [ 109.27627, 13.7879 ], [ 109.2764, 13.78824 ], [ 109.27629, 13.78916 ], [ 109.27637, 13.78998 ], [ 109.27634, 13.7903 ], [ 109.27643, 13.79052 ], [ 109.27663, 13.79087 ], [ 109.27659, 13.79124 ], [ 109.27676, 13.7918 ], [ 109.27717, 13.79251 ], [ 109.278, 13.7927 ], [ 109.27848, 13.79249 ], [ 109.27845, 13.79221 ], [ 109.27856, 13.79187 ], [ 109.27896, 13.79191 ], [ 109.27948, 13.7917 ], [ 109.28011, 13.79119 ], [ 109.28051, 13.79028 ], [ 109.28061, 13.7896 ], [ 109.28092, 13.78923 ], [ 109.28143, 13.78883 ], [ 109.28164, 13.78848 ], [ 109.28168, 13.78834 ], [ 109.28177, 13.78834 ], [ 109.28177, 13.78825 ], [ 109.28191, 13.78816 ], [ 109.28209, 13.78766 ], [ 109.28229, 13.78737 ], [ 109.28237, 13.78685 ], [ 109.28249, 13.78659 ], [ 109.28252, 13.78636 ], [ 109.28321, 13.78577 ], [ 109.28339, 13.78503 ], [ 109.28405, 13.78463 ], [ 109.28416, 13.78443 ], [ 109.28448, 13.78376 ], [ 109.28512, 13.78303 ], [ 109.28538, 13.78223 ], [ 109.28581, 13.78111 ], [ 109.28599, 13.78096 ], [ 109.28587, 13.78159 ], [ 109.28551, 13.78247 ], [ 109.28534, 13.78302 ], [ 109.28479, 13.78363 ], [ 109.28435, 13.78435 ], [ 109.28452, 13.78434 ], [ 109.28499, 13.78398 ], [ 109.28551, 13.78367 ], [ 109.28572, 13.78229 ], [ 109.28604, 13.78178 ], [ 109.28613, 13.7811 ], [ 109.28617, 13.78096 ], [ 109.28628, 13.78093 ], [ 109.2862, 13.78085 ], [ 109.28617, 13.78096 ], [ 109.28599, 13.78096 ], [ 109.28603, 13.78082 ], [ 109.28618, 13.78056 ], [ 109.28649, 13.77991 ], [ 109.28695, 13.7791 ], [ 109.28634, 13.77913 ], [ 109.28623, 13.7785 ], [ 109.28624, 13.77825 ], [ 109.28655, 13.77841 ], [ 109.28713, 13.77838 ], [ 109.28781, 13.77803 ], [ 109.28795, 13.77833 ], [ 109.28771, 13.77912 ], [ 109.28761, 13.77961 ], [ 109.28738, 13.78024 ], [ 109.28644, 13.78104 ], [ 109.28621, 13.78173 ], [ 109.28593, 13.78236 ], [ 109.28582, 13.78341 ], [ 109.28555, 13.78389 ], [ 109.28432, 13.78464 ], [ 109.28415, 13.78515 ], [ 109.28401, 13.78553 ], [ 109.2835, 13.78614 ], [ 109.28321, 13.78674 ], [ 109.28257, 13.78729 ], [ 109.28233, 13.78788 ], [ 109.28207, 13.78824 ], [ 109.28182, 13.78876 ], [ 109.28162, 13.78911 ], [ 109.28153, 13.78936 ], [ 109.28181, 13.79001 ], [ 109.28189, 13.7904 ], [ 109.28162, 13.79088 ], [ 109.28151, 13.79122 ], [ 109.28126, 13.79167 ], [ 109.28114, 13.79236 ], [ 109.28104, 13.79272 ], [ 109.2809, 13.79332 ], [ 109.28052, 13.79398 ], [ 109.28033, 13.79439 ], [ 109.28015, 13.79419 ], [ 109.28002, 13.79436 ], [ 109.28031, 13.79462 ], [ 109.28047, 13.7954 ], [ 109.28013, 13.79551 ], [ 109.28001, 13.79479 ], [ 109.27982, 13.7948 ], [ 109.27964, 13.79532 ], [ 109.28001, 13.79579 ], [ 109.2803, 13.79618 ], [ 109.28052, 13.79714 ], [ 109.28078, 13.79726 ], [ 109.28045, 13.79783 ], [ 109.28036, 13.79878 ], [ 109.28022, 13.79904 ], [ 109.28003, 13.79842 ], [ 109.27961, 13.79887 ], [ 109.27933, 13.79936 ], [ 109.27951, 13.80021 ], [ 109.27959, 13.8013 ], [ 109.27972, 13.80265 ], [ 109.27935, 13.80297 ], [ 109.2793, 13.80275 ], [ 109.2792, 13.80192 ], [ 109.279, 13.8014 ], [ 109.27932, 13.80089 ], [ 109.27911, 13.80076 ], [ 109.27858, 13.80115 ], [ 109.27867, 13.80161 ], [ 109.27886, 13.80192 ], [ 109.27894, 13.80282 ], [ 109.2791, 13.80302 ], [ 109.27935, 13.80297 ] ], [ [ 109.28003, 13.79641 ], [ 109.28011, 13.79649 ], [ 109.28014, 13.79638 ], [ 109.28003, 13.79641 ] ], [ [ 109.26782, 13.79215 ], [ 109.2681, 13.79199 ], [ 109.2683, 13.79191 ], [ 109.26824, 13.79177 ], [ 109.26765, 13.79181 ], [ 109.26746, 13.79227 ], [ 109.26767, 13.79252 ], [ 109.26782, 13.79215 ] ], [ [ 109.26662, 13.79235 ], [ 109.26679, 13.79188 ], [ 109.26686, 13.79104 ], [ 109.26663, 13.79108 ], [ 109.26635, 13.79127 ], [ 109.26605, 13.7914 ], [ 109.26628, 13.79251 ], [ 109.26672, 13.79254 ], [ 109.26662, 13.79235 ] ], [ [ 109.26728, 13.79126 ], [ 109.26755, 13.79131 ], [ 109.26742, 13.79093 ], [ 109.26722, 13.79079 ], [ 109.26714, 13.79068 ], [ 109.26682, 13.79073 ], [ 109.26728, 13.79126 ] ], [ [ 109.2661, 13.79246 ], [ 109.26602, 13.79221 ], [ 109.2657, 13.79231 ], [ 109.26604, 13.79281 ], [ 109.26677, 13.79307 ], [ 109.26717, 13.79279 ], [ 109.26706, 13.79245 ], [ 109.26675, 13.79277 ], [ 109.2661, 13.79246 ] ], [ [ 109.27552, 13.78742 ], [ 109.27563, 13.78807 ], [ 109.2759, 13.78784 ], [ 109.27582, 13.78753 ], [ 109.27567, 13.78731 ], [ 109.27552, 13.78742 ] ], [ [ 109.27527, 13.78641 ], [ 109.27549, 13.78652 ], [ 109.2754, 13.78631 ], [ 109.27527, 13.78641 ] ], [ [ 109.27544, 13.78545 ], [ 109.27532, 13.7858 ], [ 109.27547, 13.78573 ], [ 109.2755, 13.78541 ], [ 109.27544, 13.78545 ] ], [ [ 109.27551, 13.78221 ], [ 109.27573, 13.78274 ], [ 109.27587, 13.78255 ], [ 109.27571, 13.78215 ], [ 109.27551, 13.78221 ] ], [ [ 109.27633, 13.78013 ], [ 109.27591, 13.78025 ], [ 109.27573, 13.78174 ], [ 109.27586, 13.78166 ], [ 109.27597, 13.78119 ], [ 109.2765, 13.78048 ], [ 109.27652, 13.78023 ], [ 109.27647, 13.78008 ], [ 109.27633, 13.78013 ] ], [ [ 109.27606, 13.77974 ], [ 109.27677, 13.77985 ], [ 109.27688, 13.77947 ], [ 109.27669, 13.77931 ], [ 109.27696, 13.77908 ], [ 109.27667, 13.77827 ], [ 109.27644, 13.77834 ], [ 109.27634, 13.77905 ], [ 109.27615, 13.77904 ], [ 109.27606, 13.77974 ] ], [ [ 109.2759, 13.77732 ], [ 109.27605, 13.77758 ], [ 109.27623, 13.7775 ], [ 109.27612, 13.77728 ], [ 109.2759, 13.77732 ] ], [ [ 109.28166, 13.78864 ], [ 109.28174, 13.78872 ], [ 109.28177, 13.78861 ], [ 109.28166, 13.78864 ] ], [ [ 109.28175, 13.78846 ], [ 109.28183, 13.78854 ], [ 109.28186, 13.78843 ], [ 109.28175, 13.78846 ] ], [ [ 109.28261, 13.78658 ], [ 109.28249, 13.78703 ], [ 109.28276, 13.78681 ], [ 109.2828, 13.78645 ], [ 109.28261, 13.78658 ] ], [ [ 109.28297, 13.78608 ], [ 109.28289, 13.7864 ], [ 109.28318, 13.78631 ], [ 109.28327, 13.786 ], [ 109.28297, 13.78608 ] ], [ [ 109.28361, 13.78525 ], [ 109.28356, 13.78569 ], [ 109.2839, 13.78528 ], [ 109.28402, 13.78492 ], [ 109.28361, 13.78525 ] ], [ [ 109.28696, 13.77957 ], [ 109.28697, 13.77984 ], [ 109.2867, 13.78007 ], [ 109.28652, 13.78056 ], [ 109.28711, 13.78016 ], [ 109.28738, 13.77979 ], [ 109.28757, 13.77928 ], [ 109.28748, 13.77871 ], [ 109.28741, 13.77877 ], [ 109.28696, 13.77957 ] ], [ [ 109.28033, 13.79502 ], [ 109.28011, 13.79517 ], [ 109.28025, 13.79533 ], [ 109.28033, 13.79502 ] ], [ [ 109.27936, 13.80134 ], [ 109.27925, 13.80137 ], [ 109.27933, 13.80145 ], [ 109.27936, 13.80134 ] ] ], [ [ [ 109.28412, 13.82063 ], [ 109.28412, 13.82081 ], [ 109.28403, 13.82081 ], [ 109.28403, 13.82063 ], [ 109.28412, 13.82063 ] ] ], [ [ [ 109.29231, 13.82305 ], [ 109.29223, 13.82297 ], [ 109.29234, 13.82294 ], [ 109.29231, 13.82305 ] ] ], [ [ [ 109.29561, 13.82314 ], [ 109.29541, 13.82328 ], [ 109.29516, 13.82288 ], [ 109.29548, 13.82279 ], [ 109.29561, 13.82314 ] ] ], [ [ [ 109.18579, 13.82263 ], [ 109.18579, 13.82272 ], [ 109.1857, 13.82272 ], [ 109.1857, 13.82263 ], [ 109.18579, 13.82263 ] ] ], [ [ [ 109.28749, 13.81532 ], [ 109.28755, 13.81501 ], [ 109.28772, 13.81534 ], [ 109.28758, 13.81599 ], [ 109.28719, 13.81663 ], [ 109.28711, 13.8172 ], [ 109.28769, 13.81766 ], [ 109.28785, 13.81804 ], [ 109.2883, 13.8184 ], [ 109.28835, 13.81854 ], [ 109.28906, 13.81934 ], [ 109.28916, 13.82082 ], [ 109.28866, 13.82078 ], [ 109.28843, 13.82082 ], [ 109.28863, 13.8212 ], [ 109.28903, 13.82143 ], [ 109.28916, 13.82116 ], [ 109.2895, 13.82087 ], [ 109.28981, 13.82008 ], [ 109.28995, 13.81996 ], [ 109.29025, 13.82012 ], [ 109.29046, 13.82045 ], [ 109.2908, 13.82088 ], [ 109.29091, 13.82126 ], [ 109.29119, 13.82177 ], [ 109.29137, 13.82235 ], [ 109.29149, 13.82246 ], [ 109.29205, 13.82243 ], [ 109.29201, 13.82301 ], [ 109.29146, 13.82298 ], [ 109.29102, 13.823 ], [ 109.29072, 13.82284 ], [ 109.29058, 13.82176 ], [ 109.29041, 13.82153 ], [ 109.29007, 13.82259 ], [ 109.28967, 13.82271 ], [ 109.2893, 13.8229 ], [ 109.28915, 13.82285 ], [ 109.28934, 13.82252 ], [ 109.28916, 13.82243 ], [ 109.28842, 13.82303 ], [ 109.28776, 13.82323 ], [ 109.2873, 13.8235 ], [ 109.28683, 13.82365 ], [ 109.28703, 13.82329 ], [ 109.28759, 13.82295 ], [ 109.28776, 13.82259 ], [ 109.28807, 13.82204 ], [ 109.28844, 13.82158 ], [ 109.28839, 13.82143 ], [ 109.28798, 13.82164 ], [ 109.28775, 13.8214 ], [ 109.28779, 13.82093 ], [ 109.28767, 13.82015 ], [ 109.28743, 13.82016 ], [ 109.28732, 13.82097 ], [ 109.28721, 13.82141 ], [ 109.28711, 13.82201 ], [ 109.28668, 13.82222 ], [ 109.28656, 13.82182 ], [ 109.28658, 13.82147 ], [ 109.2868, 13.82128 ], [ 109.28685, 13.82168 ], [ 109.28697, 13.82145 ], [ 109.28713, 13.82088 ], [ 109.28727, 13.81992 ], [ 109.28779, 13.81954 ], [ 109.28834, 13.81944 ], [ 109.28843, 13.81925 ], [ 109.28853, 13.81908 ], [ 109.28834, 13.81881 ], [ 109.288, 13.81827 ], [ 109.28783, 13.81893 ], [ 109.2877, 13.81907 ], [ 109.28744, 13.81929 ], [ 109.28713, 13.81997 ], [ 109.28699, 13.82109 ], [ 109.28685, 13.82124 ], [ 109.2868, 13.82128 ], [ 109.28685, 13.82105 ], [ 109.28695, 13.82061 ], [ 109.28704, 13.8197 ], [ 109.28723, 13.8192 ], [ 109.28715, 13.81808 ], [ 109.28683, 13.81757 ], [ 109.28698, 13.81761 ], [ 109.28742, 13.81798 ], [ 109.28747, 13.81779 ], [ 109.28707, 13.81752 ], [ 109.28689, 13.81725 ], [ 109.28683, 13.81721 ], [ 109.28688, 13.81685 ], [ 109.287, 13.81617 ], [ 109.2873, 13.81595 ], [ 109.2873, 13.81613 ], [ 109.28719, 13.81616 ], [ 109.28727, 13.81624 ], [ 109.2873, 13.81613 ], [ 109.28743, 13.81604 ], [ 109.2873, 13.81595 ], [ 109.28744, 13.81536 ], [ 109.28749, 13.81532 ], [ 109.28753, 13.81562 ], [ 109.28761, 13.81538 ], [ 109.28749, 13.81532 ] ], [ [ 109.28775, 13.81812 ], [ 109.28744, 13.81827 ], [ 109.28751, 13.81878 ], [ 109.28772, 13.81854 ], [ 109.28775, 13.81812 ] ], [ [ 109.28898, 13.81973 ], [ 109.28876, 13.81921 ], [ 109.28862, 13.81934 ], [ 109.28879, 13.81989 ], [ 109.28898, 13.81973 ] ], [ [ 109.28848, 13.81984 ], [ 109.28806, 13.81989 ], [ 109.28868, 13.82052 ], [ 109.28878, 13.82025 ], [ 109.28848, 13.81984 ] ], [ [ 109.2881, 13.82038 ], [ 109.28798, 13.82044 ], [ 109.28806, 13.82069 ], [ 109.28821, 13.8206 ], [ 109.2881, 13.82038 ] ], [ [ 109.29074, 13.82147 ], [ 109.29087, 13.82179 ], [ 109.29099, 13.82165 ], [ 109.29087, 13.8214 ], [ 109.29074, 13.82147 ] ], [ [ 109.29011, 13.82128 ], [ 109.29007, 13.82089 ], [ 109.29013, 13.82043 ], [ 109.29005, 13.82022 ], [ 109.28991, 13.82033 ], [ 109.28954, 13.82117 ], [ 109.28966, 13.82143 ], [ 109.29011, 13.82128 ] ], [ [ 109.28924, 13.8221 ], [ 109.28916, 13.82188 ], [ 109.28906, 13.8218 ], [ 109.28902, 13.82175 ], [ 109.28864, 13.82179 ], [ 109.28838, 13.82199 ], [ 109.28807, 13.82248 ], [ 109.28799, 13.82295 ], [ 109.28832, 13.82279 ], [ 109.28852, 13.82231 ], [ 109.28888, 13.82237 ], [ 109.28924, 13.8221 ] ] ], [ [ [ 109.28131, 13.82301 ], [ 109.28064, 13.82354 ], [ 109.28033, 13.82363 ], [ 109.27996, 13.82324 ], [ 109.2801, 13.82286 ], [ 109.2806, 13.82271 ], [ 109.28127, 13.82237 ], [ 109.28245, 13.82233 ], [ 109.28249, 13.82238 ], [ 109.28269, 13.82247 ], [ 109.28291, 13.82271 ], [ 109.28273, 13.82318 ], [ 109.28171, 13.823 ], [ 109.28131, 13.82301 ] ] ], [ [ [ 109.1857, 13.82272 ], [ 109.18558, 13.82285 ], [ 109.18547, 13.82253 ], [ 109.18575, 13.82241 ], [ 109.18611, 13.82216 ], [ 109.18621, 13.82197 ], [ 109.18599, 13.82169 ], [ 109.18585, 13.82214 ], [ 109.18554, 13.82222 ], [ 109.18526, 13.82254 ], [ 109.18529, 13.82296 ], [ 109.1857, 13.82308 ], [ 109.18569, 13.82317 ], [ 109.18551, 13.82317 ], [ 109.18522, 13.8231 ], [ 109.18502, 13.82245 ], [ 109.18525, 13.82213 ], [ 109.18582, 13.82204 ], [ 109.18562, 13.8214 ], [ 109.18586, 13.82106 ], [ 109.18633, 13.82095 ], [ 109.18677, 13.82061 ], [ 109.18697, 13.82069 ], [ 109.18732, 13.82095 ], [ 109.18756, 13.82102 ], [ 109.1875, 13.82114 ], [ 109.18737, 13.8212 ], [ 109.18725, 13.82114 ], [ 109.18697, 13.82114 ], [ 109.18719, 13.82147 ], [ 109.18719, 13.82156 ], [ 109.18709, 13.82156 ], [ 109.18648, 13.82159 ], [ 109.1865, 13.82178 ], [ 109.18631, 13.82209 ], [ 109.18653, 13.82228 ], [ 109.18647, 13.82239 ], [ 109.18635, 13.82245 ], [ 109.18605, 13.82253 ], [ 109.18579, 13.82263 ], [ 109.18571, 13.82251 ], [ 109.18558, 13.82264 ], [ 109.1857, 13.82272 ] ], [ [ 109.18596, 13.82239 ], [ 109.18604, 13.82247 ], [ 109.18607, 13.82236 ], [ 109.18596, 13.82239 ] ] ], [ [ [ 109.29407, 13.82378 ], [ 109.29393, 13.8242 ], [ 109.29371, 13.82444 ], [ 109.29381, 13.82404 ], [ 109.29376, 13.82381 ], [ 109.29382, 13.82354 ], [ 109.294, 13.8235 ], [ 109.29407, 13.82378 ] ] ], [ [ [ 109.276, 13.82386 ], [ 109.27574, 13.82441 ], [ 109.27548, 13.82421 ], [ 109.27527, 13.82364 ], [ 109.27539, 13.82345 ], [ 109.27573, 13.82317 ], [ 109.27561, 13.82273 ], [ 109.2753, 13.82256 ], [ 109.27504, 13.82296 ], [ 109.27472, 13.82284 ], [ 109.27436, 13.82253 ], [ 109.27409, 13.82151 ], [ 109.27419, 13.82128 ], [ 109.27454, 13.82099 ], [ 109.27455, 13.82087 ], [ 109.27405, 13.82016 ], [ 109.27382, 13.81882 ], [ 109.2731, 13.81855 ], [ 109.27307, 13.81809 ], [ 109.27349, 13.8178 ], [ 109.27374, 13.81788 ], [ 109.27383, 13.81798 ], [ 109.27401, 13.81789 ], [ 109.27425, 13.81785 ], [ 109.2741, 13.81816 ], [ 109.27462, 13.81828 ], [ 109.27481, 13.81863 ], [ 109.27493, 13.81953 ], [ 109.27502, 13.81979 ], [ 109.27512, 13.82042 ], [ 109.27537, 13.82071 ], [ 109.27567, 13.82096 ], [ 109.27596, 13.82162 ], [ 109.27626, 13.82216 ], [ 109.27635, 13.82326 ], [ 109.276, 13.82386 ] ], [ [ 109.27593, 13.82341 ], [ 109.27619, 13.82316 ], [ 109.2761, 13.82272 ], [ 109.27583, 13.82224 ], [ 109.27568, 13.82156 ], [ 109.27547, 13.82124 ], [ 109.27533, 13.82111 ], [ 109.27524, 13.82102 ], [ 109.27495, 13.8211 ], [ 109.27482, 13.82133 ], [ 109.2751, 13.82178 ], [ 109.27524, 13.82209 ], [ 109.27573, 13.82231 ], [ 109.27593, 13.82341 ] ], [ [ 109.27454, 13.82152 ], [ 109.2745, 13.82146 ], [ 109.27427, 13.82161 ], [ 109.27436, 13.82213 ], [ 109.27461, 13.82229 ], [ 109.27467, 13.82205 ], [ 109.27454, 13.82152 ] ], [ [ 109.27474, 13.82171 ], [ 109.27482, 13.82195 ], [ 109.27497, 13.82186 ], [ 109.27487, 13.82165 ], [ 109.27474, 13.82171 ] ], [ [ 109.27464, 13.8206 ], [ 109.27497, 13.82078 ], [ 109.27478, 13.82047 ], [ 109.27464, 13.8206 ] ], [ [ 109.27375, 13.81844 ], [ 109.2741, 13.81902 ], [ 109.27421, 13.81969 ], [ 109.27444, 13.81959 ], [ 109.27428, 13.8188 ], [ 109.27397, 13.81839 ], [ 109.27375, 13.81844 ] ] ], [ [ [ 109.17579, 13.82382 ], [ 109.17575, 13.8235 ], [ 109.17548, 13.82257 ], [ 109.17593, 13.82177 ], [ 109.17632, 13.82152 ], [ 109.17665, 13.8213 ], [ 109.17659, 13.82149 ], [ 109.17631, 13.8217 ], [ 109.17623, 13.8218 ], [ 109.17597, 13.82199 ], [ 109.17586, 13.82259 ], [ 109.17606, 13.8231 ], [ 109.17596, 13.8237 ], [ 109.17579, 13.82382 ] ] ], [ [ [ 109.28403, 13.82081 ], [ 109.28399, 13.82095 ], [ 109.28377, 13.82144 ], [ 109.28379, 13.82185 ], [ 109.28378, 13.82206 ], [ 109.28388, 13.82296 ], [ 109.28438, 13.82387 ], [ 109.28462, 13.82422 ], [ 109.28501, 13.8244 ], [ 109.2852, 13.82461 ], [ 109.28506, 13.82457 ], [ 109.28489, 13.82447 ], [ 109.2846, 13.82434 ], [ 109.28429, 13.82417 ], [ 109.28397, 13.82346 ], [ 109.28373, 13.82303 ], [ 109.28354, 13.8226 ], [ 109.28327, 13.82223 ], [ 109.28356, 13.82107 ], [ 109.28403, 13.82081 ] ] ], [ [ [ 109.17579, 13.82382 ], [ 109.17579, 13.82391 ], [ 109.1757, 13.82391 ], [ 109.1757, 13.82382 ], [ 109.17579, 13.82382 ] ] ], [ [ [ 109.1757, 13.824 ], [ 109.1757, 13.82409 ], [ 109.17561, 13.82409 ], [ 109.17561, 13.824 ], [ 109.1757, 13.824 ] ] ], [ [ [ 109.2852, 13.82461 ], [ 109.28535, 13.82469 ], [ 109.28539, 13.82506 ], [ 109.28531, 13.82501 ], [ 109.2852, 13.82461 ] ] ], [ [ [ 109.18226, 13.82432 ], [ 109.18174, 13.82435 ], [ 109.18162, 13.82441 ], [ 109.18166, 13.82391 ], [ 109.18186, 13.82357 ], [ 109.18265, 13.82338 ], [ 109.1836, 13.82391 ], [ 109.18365, 13.82397 ], [ 109.18293, 13.82425 ], [ 109.18263, 13.82433 ], [ 109.18263, 13.82423 ], [ 109.18226, 13.82423 ], [ 109.18226, 13.82432 ] ] ], [ [ [ 109.29745, 13.82519 ], [ 109.29741, 13.82524 ], [ 109.2972, 13.8251 ], [ 109.29763, 13.82507 ], [ 109.29745, 13.82519 ] ] ], [ [ [ 109.28539, 13.82506 ], [ 109.28548, 13.82507 ], [ 109.28548, 13.82534 ], [ 109.28538, 13.82534 ], [ 109.28539, 13.82506 ] ] ], [ [ [ 109.28833, 13.82433 ], [ 109.28876, 13.82487 ], [ 109.28885, 13.82559 ], [ 109.28904, 13.82575 ], [ 109.28903, 13.82591 ], [ 109.28852, 13.82563 ], [ 109.28817, 13.82485 ], [ 109.28823, 13.82414 ], [ 109.28908, 13.82344 ], [ 109.28933, 13.82306 ], [ 109.28975, 13.82302 ], [ 109.28988, 13.82325 ], [ 109.29025, 13.82341 ], [ 109.2898, 13.82401 ], [ 109.2891, 13.82459 ], [ 109.28859, 13.82431 ], [ 109.28833, 13.82433 ] ], [ [ 109.28899, 13.82436 ], [ 109.28932, 13.82417 ], [ 109.28937, 13.82401 ], [ 109.28914, 13.82406 ], [ 109.28878, 13.82401 ], [ 109.28899, 13.82436 ] ] ], [ [ [ 109.2961, 13.82534 ], [ 109.29642, 13.82556 ], [ 109.29631, 13.82598 ], [ 109.29587, 13.82587 ], [ 109.29561, 13.82555 ], [ 109.2958, 13.82528 ], [ 109.29602, 13.82523 ], [ 109.2961, 13.82534 ] ] ], [ [ [ 109.29299, 13.82642 ], [ 109.29268, 13.8266 ], [ 109.29227, 13.8259 ], [ 109.29216, 13.82507 ], [ 109.29288, 13.82503 ], [ 109.29306, 13.82552 ], [ 109.29299, 13.82642 ] ], [ [ 109.29247, 13.82535 ], [ 109.29258, 13.82588 ], [ 109.29281, 13.82576 ], [ 109.29288, 13.8253 ], [ 109.29247, 13.82535 ] ] ], [ [ [ 109.28548, 13.82534 ], [ 109.28556, 13.82541 ], [ 109.28593, 13.82661 ], [ 109.28581, 13.8265 ], [ 109.28555, 13.82609 ], [ 109.28548, 13.82534 ] ] ], [ [ [ 109.28593, 13.82661 ], [ 109.28602, 13.82661 ], [ 109.28602, 13.82679 ], [ 109.28593, 13.82679 ], [ 109.28593, 13.82661 ] ] ], [ [ [ 109.28602, 13.82679 ], [ 109.28621, 13.82688 ], [ 109.2862, 13.82715 ], [ 109.28609, 13.82707 ], [ 109.28602, 13.82679 ] ] ], [ [ [ 109.17795, 13.82434 ], [ 109.17722, 13.82516 ], [ 109.1771, 13.826 ], [ 109.17674, 13.8263 ], [ 109.17614, 13.82654 ], [ 109.17615, 13.82618 ], [ 109.17645, 13.82613 ], [ 109.17673, 13.82595 ], [ 109.17615, 13.8259 ], [ 109.17621, 13.82578 ], [ 109.17624, 13.82554 ], [ 109.17657, 13.82551 ], [ 109.17667, 13.82479 ], [ 109.17702, 13.82434 ], [ 109.17713, 13.82396 ], [ 109.17726, 13.82364 ], [ 109.17749, 13.82237 ], [ 109.17762, 13.82217 ], [ 109.17766, 13.82113 ], [ 109.17785, 13.82113 ], [ 109.17802, 13.82135 ], [ 109.17822, 13.82125 ], [ 109.17859, 13.82077 ], [ 109.17804, 13.82086 ], [ 109.17794, 13.82086 ], [ 109.17794, 13.82077 ], [ 109.17856, 13.82061 ], [ 109.17917, 13.82014 ], [ 109.17884, 13.81995 ], [ 109.17813, 13.82003 ], [ 109.17763, 13.81972 ], [ 109.17749, 13.81968 ], [ 109.1771, 13.81886 ], [ 109.17787, 13.81878 ], [ 109.17791, 13.81901 ], [ 109.17809, 13.81932 ], [ 109.17818, 13.81964 ], [ 109.17827, 13.81973 ], [ 109.17898, 13.81914 ], [ 109.17935, 13.81902 ], [ 109.17998, 13.81951 ], [ 109.18036, 13.8201 ], [ 109.18029, 13.82084 ], [ 109.17976, 13.82165 ], [ 109.17946, 13.8219 ], [ 109.17937, 13.82204 ], [ 109.17995, 13.82221 ], [ 109.18062, 13.82298 ], [ 109.18055, 13.82376 ], [ 109.18029, 13.82421 ], [ 109.17955, 13.82443 ], [ 109.17877, 13.82411 ], [ 109.17795, 13.82434 ] ], [ [ 109.17888, 13.82407 ], [ 109.17935, 13.8238 ], [ 109.17924, 13.82341 ], [ 109.17878, 13.82347 ], [ 109.17819, 13.82331 ], [ 109.17798, 13.82279 ], [ 109.17784, 13.82257 ], [ 109.17754, 13.82262 ], [ 109.17786, 13.82339 ], [ 109.17823, 13.82388 ], [ 109.17888, 13.82407 ] ], [ [ 109.17959, 13.8237 ], [ 109.17978, 13.82362 ], [ 109.17983, 13.82344 ], [ 109.17977, 13.82331 ], [ 109.17971, 13.82335 ], [ 109.17959, 13.8237 ] ], [ [ 109.17891, 13.82326 ], [ 109.17853, 13.82303 ], [ 109.17837, 13.82242 ], [ 109.17821, 13.82203 ], [ 109.17789, 13.82212 ], [ 109.17797, 13.82244 ], [ 109.17813, 13.8227 ], [ 109.17831, 13.82314 ], [ 109.17882, 13.82334 ], [ 109.17891, 13.82326 ] ], [ [ 109.17867, 13.82262 ], [ 109.17903, 13.82264 ], [ 109.17883, 13.8219 ], [ 109.179, 13.82154 ], [ 109.17959, 13.82087 ], [ 109.17943, 13.82051 ], [ 109.17923, 13.82056 ], [ 109.17874, 13.82087 ], [ 109.17827, 13.82151 ], [ 109.17854, 13.8219 ], [ 109.17867, 13.82262 ] ], [ [ 109.17778, 13.8237 ], [ 109.17756, 13.82293 ], [ 109.17745, 13.82302 ], [ 109.17763, 13.82388 ], [ 109.17778, 13.8237 ] ], [ [ 109.17921, 13.81975 ], [ 109.17952, 13.81991 ], [ 109.17943, 13.81969 ], [ 109.17921, 13.81975 ] ] ], [ [ [ 109.29716, 13.82824 ], [ 109.29695, 13.82834 ], [ 109.2968, 13.82807 ], [ 109.2972, 13.82804 ], [ 109.29716, 13.82824 ] ] ], [ [ [ 109.29495, 13.82835 ], [ 109.29465, 13.82845 ], [ 109.29458, 13.82824 ], [ 109.29498, 13.8282 ], [ 109.29495, 13.82835 ] ] ], [ [ [ 109.28481, 13.82859 ], [ 109.2848, 13.82868 ], [ 109.28471, 13.82868 ], [ 109.28471, 13.82859 ], [ 109.28481, 13.82859 ] ] ], [ [ [ 109.29456, 13.82877 ], [ 109.29439, 13.82868 ], [ 109.29461, 13.82856 ], [ 109.29456, 13.82877 ] ] ], [ [ [ 109.28471, 13.82868 ], [ 109.28471, 13.82877 ], [ 109.28462, 13.82877 ], [ 109.28462, 13.82868 ], [ 109.28471, 13.82868 ] ] ], [ [ [ 109.28462, 13.82877 ], [ 109.28462, 13.82886 ], [ 109.28443, 13.82885 ], [ 109.28443, 13.82876 ], [ 109.28462, 13.82877 ] ] ], [ [ [ 109.28416, 13.82894 ], [ 109.28416, 13.82885 ], [ 109.28434, 13.82885 ], [ 109.28434, 13.82894 ], [ 109.28416, 13.82894 ] ] ], [ [ [ 109.28416, 13.82894 ], [ 109.28415, 13.82903 ], [ 109.28397, 13.82903 ], [ 109.28397, 13.82894 ], [ 109.28416, 13.82894 ] ] ], [ [ [ 109.25759, 13.82891 ], [ 109.25745, 13.82905 ], [ 109.2574, 13.82869 ], [ 109.25761, 13.82867 ], [ 109.25759, 13.82891 ] ] ], [ [ [ 109.2862, 13.82715 ], [ 109.28626, 13.8272 ], [ 109.28644, 13.82799 ], [ 109.28638, 13.82869 ], [ 109.28649, 13.83016 ], [ 109.28616, 13.83026 ], [ 109.28605, 13.82914 ], [ 109.28585, 13.8286 ], [ 109.28543, 13.82846 ], [ 109.28481, 13.82859 ], [ 109.28494, 13.82845 ], [ 109.28527, 13.82816 ], [ 109.28496, 13.827 ], [ 109.2845, 13.826 ], [ 109.28476, 13.82602 ], [ 109.28538, 13.82702 ], [ 109.28556, 13.82778 ], [ 109.28597, 13.82828 ], [ 109.28621, 13.82927 ], [ 109.28625, 13.82916 ], [ 109.28623, 13.82855 ], [ 109.28626, 13.82781 ], [ 109.2862, 13.82715 ] ] ], [ [ [ 109.28537, 13.83086 ], [ 109.28445, 13.83098 ], [ 109.28425, 13.83076 ], [ 109.28429, 13.82991 ], [ 109.28526, 13.82931 ], [ 109.28531, 13.82936 ], [ 109.28533, 13.82999 ], [ 109.2855, 13.83049 ], [ 109.28537, 13.83086 ] ], [ [ 109.28447, 13.83013 ], [ 109.28459, 13.83071 ], [ 109.28487, 13.83041 ], [ 109.28498, 13.82985 ], [ 109.28447, 13.83013 ] ] ], [ [ [ 109.29312, 13.82946 ], [ 109.2927, 13.82995 ], [ 109.29259, 13.83018 ], [ 109.29262, 13.83054 ], [ 109.29246, 13.83112 ], [ 109.29216, 13.83121 ], [ 109.29206, 13.82999 ], [ 109.29176, 13.82947 ], [ 109.29191, 13.82884 ], [ 109.2916, 13.82841 ], [ 109.29145, 13.82807 ], [ 109.29113, 13.82767 ], [ 109.2909, 13.82639 ], [ 109.29099, 13.82547 ], [ 109.29155, 13.82552 ], [ 109.2915, 13.82606 ], [ 109.29168, 13.82757 ], [ 109.292, 13.82797 ], [ 109.29222, 13.82871 ], [ 109.29271, 13.82914 ], [ 109.29392, 13.82923 ], [ 109.2939, 13.82944 ], [ 109.29348, 13.82941 ], [ 109.29312, 13.82946 ], [ 109.29312, 13.82937 ], [ 109.29334, 13.82933 ], [ 109.29318, 13.82925 ], [ 109.29312, 13.82937 ], [ 109.2927, 13.82933 ], [ 109.29212, 13.82907 ], [ 109.29198, 13.82938 ], [ 109.29235, 13.82953 ], [ 109.29261, 13.82969 ], [ 109.29291, 13.82951 ], [ 109.29312, 13.82946 ] ], [ [ 109.29247, 13.83055 ], [ 109.29238, 13.83036 ], [ 109.29225, 13.83042 ], [ 109.29233, 13.83075 ], [ 109.29247, 13.83055 ] ], [ [ 109.29164, 13.82785 ], [ 109.29172, 13.82793 ], [ 109.29175, 13.82782 ], [ 109.29164, 13.82785 ] ], [ [ 109.29107, 13.82648 ], [ 109.29124, 13.82731 ], [ 109.29147, 13.82759 ], [ 109.29124, 13.8266 ], [ 109.2912, 13.82637 ], [ 109.29107, 13.82648 ] ] ], [ [ [ 109.28706, 13.83203 ], [ 109.28688, 13.83187 ], [ 109.28709, 13.83177 ], [ 109.28706, 13.83203 ] ] ], [ [ [ 109.29231, 13.83166 ], [ 109.29223, 13.83231 ], [ 109.29207, 13.83247 ], [ 109.29196, 13.83196 ], [ 109.29214, 13.83167 ], [ 109.29222, 13.83148 ], [ 109.29237, 13.83144 ], [ 109.29231, 13.83166 ] ] ], [ [ [ 109.29063, 13.82845 ], [ 109.29068, 13.82849 ], [ 109.29086, 13.82927 ], [ 109.29094, 13.83012 ], [ 109.29109, 13.83038 ], [ 109.29102, 13.83112 ], [ 109.29028, 13.83192 ], [ 109.29001, 13.83238 ], [ 109.2898, 13.83266 ], [ 109.28953, 13.83264 ], [ 109.28956, 13.83232 ], [ 109.28953, 13.83196 ], [ 109.28955, 13.8317 ], [ 109.28983, 13.83147 ], [ 109.28992, 13.83065 ], [ 109.29004, 13.83035 ], [ 109.2899, 13.82858 ], [ 109.29, 13.8274 ], [ 109.28994, 13.82655 ], [ 109.29021, 13.82641 ], [ 109.2904, 13.82777 ], [ 109.29059, 13.82822 ], [ 109.29063, 13.82845 ], [ 109.29058, 13.82841 ], [ 109.29032, 13.82796 ], [ 109.28996, 13.82818 ], [ 109.29011, 13.82895 ], [ 109.29019, 13.82902 ], [ 109.2903, 13.82875 ], [ 109.29059, 13.82881 ], [ 109.29063, 13.82845 ] ], [ [ 109.29066, 13.82954 ], [ 109.29039, 13.82931 ], [ 109.29035, 13.82926 ], [ 109.29012, 13.82932 ], [ 109.29026, 13.82975 ], [ 109.29066, 13.82954 ] ], [ [ 109.29053, 13.83016 ], [ 109.29022, 13.8302 ], [ 109.29043, 13.83035 ], [ 109.29053, 13.83016 ] ], [ [ 109.29034, 13.83116 ], [ 109.29015, 13.83115 ], [ 109.29015, 13.83143 ], [ 109.29033, 13.83143 ], [ 109.29034, 13.83116 ] ] ], [ [ [ 109.2918, 13.83297 ], [ 109.2918, 13.83343 ], [ 109.29171, 13.83342 ], [ 109.29171, 13.83297 ], [ 109.2918, 13.83297 ] ] ], [ [ [ 109.29408, 13.83409 ], [ 109.294, 13.83401 ], [ 109.29411, 13.83398 ], [ 109.29408, 13.83409 ] ] ], [ [ [ 109.2918, 13.83297 ], [ 109.29185, 13.83284 ], [ 109.29207, 13.83257 ], [ 109.29201, 13.83348 ], [ 109.29172, 13.8341 ], [ 109.29161, 13.83351 ], [ 109.29161, 13.83342 ], [ 109.29171, 13.83342 ], [ 109.29175, 13.83363 ], [ 109.2918, 13.83343 ], [ 109.29189, 13.83343 ], [ 109.2919, 13.83297 ], [ 109.2918, 13.83297 ] ] ], [ [ [ 109.28877, 13.83527 ], [ 109.28891, 13.83584 ], [ 109.28865, 13.83578 ], [ 109.28842, 13.83529 ], [ 109.28873, 13.83521 ], [ 109.28877, 13.83527 ] ] ], [ [ [ 109.2916, 13.83568 ], [ 109.2914, 13.83553 ], [ 109.29156, 13.83528 ], [ 109.29165, 13.83446 ], [ 109.29172, 13.8342 ], [ 109.2919, 13.83464 ], [ 109.2918, 13.83528 ], [ 109.29188, 13.83587 ], [ 109.29167, 13.83608 ], [ 109.2916, 13.83568 ], [ 109.29166, 13.83571 ], [ 109.29174, 13.83589 ], [ 109.29181, 13.83567 ], [ 109.29163, 13.8355 ], [ 109.2916, 13.83568 ] ] ], [ [ [ 109.28556, 13.83677 ], [ 109.28544, 13.83668 ], [ 109.28528, 13.83633 ], [ 109.28499, 13.83608 ], [ 109.28517, 13.83577 ], [ 109.28542, 13.83542 ], [ 109.28554, 13.83505 ], [ 109.28564, 13.83488 ], [ 109.28576, 13.83462 ], [ 109.28607, 13.83496 ], [ 109.2862, 13.83469 ], [ 109.28611, 13.83397 ], [ 109.28538, 13.83334 ], [ 109.28534, 13.83289 ], [ 109.28575, 13.83312 ], [ 109.28628, 13.83357 ], [ 109.2863, 13.83379 ], [ 109.28627, 13.83406 ], [ 109.28647, 13.83408 ], [ 109.28651, 13.8337 ], [ 109.28648, 13.83333 ], [ 109.28694, 13.83316 ], [ 109.28723, 13.83308 ], [ 109.28763, 13.83294 ], [ 109.28792, 13.83286 ], [ 109.28838, 13.83359 ], [ 109.28846, 13.83466 ], [ 109.28795, 13.83427 ], [ 109.28772, 13.83425 ], [ 109.2873, 13.83437 ], [ 109.28707, 13.83456 ], [ 109.28691, 13.83507 ], [ 109.28662, 13.83546 ], [ 109.28639, 13.83596 ], [ 109.28605, 13.83616 ], [ 109.28556, 13.83677 ] ], [ [ 109.28609, 13.83533 ], [ 109.28573, 13.8356 ], [ 109.28517, 13.83584 ], [ 109.28528, 13.83599 ], [ 109.28579, 13.83627 ], [ 109.28633, 13.83554 ], [ 109.28624, 13.83528 ], [ 109.28609, 13.83533 ] ], [ [ 109.28726, 13.83394 ], [ 109.28689, 13.83398 ], [ 109.2866, 13.83433 ], [ 109.28629, 13.83446 ], [ 109.28641, 13.83496 ], [ 109.28659, 13.83487 ], [ 109.28693, 13.83434 ], [ 109.28726, 13.83394 ], [ 109.28738, 13.83391 ], [ 109.2873, 13.83383 ], [ 109.28726, 13.83394 ] ], [ [ 109.28584, 13.83362 ], [ 109.28619, 13.83386 ], [ 109.28606, 13.83357 ], [ 109.28584, 13.83362 ] ] ], [ [ [ 109.28656, 13.83682 ], [ 109.28653, 13.83701 ], [ 109.28631, 13.83713 ], [ 109.2864, 13.83645 ], [ 109.28651, 13.83637 ], [ 109.28656, 13.83682 ] ] ], [ [ [ 109.2915, 13.83641 ], [ 109.2916, 13.83609 ], [ 109.29173, 13.83633 ], [ 109.29146, 13.83725 ], [ 109.29126, 13.83759 ], [ 109.29135, 13.83772 ], [ 109.2914, 13.83776 ], [ 109.2914, 13.83803 ], [ 109.2913, 13.83803 ], [ 109.2913, 13.83794 ], [ 109.29121, 13.83794 ], [ 109.29121, 13.83785 ], [ 109.29122, 13.83713 ], [ 109.29132, 13.83705 ], [ 109.29141, 13.83641 ], [ 109.2915, 13.83641 ], [ 109.29154, 13.83661 ], [ 109.29162, 13.83646 ], [ 109.2915, 13.83641 ] ] ], [ [ [ 109.28928, 13.83805 ], [ 109.28896, 13.83815 ], [ 109.28822, 13.83784 ], [ 109.28812, 13.83748 ], [ 109.28868, 13.83709 ], [ 109.28867, 13.83694 ], [ 109.28789, 13.837 ], [ 109.28748, 13.83692 ], [ 109.28759, 13.83564 ], [ 109.28818, 13.83557 ], [ 109.2883, 13.83572 ], [ 109.28858, 13.83596 ], [ 109.28868, 13.83616 ], [ 109.28913, 13.83671 ], [ 109.28928, 13.83805 ] ], [ [ 109.28773, 13.83599 ], [ 109.28788, 13.83658 ], [ 109.28821, 13.83666 ], [ 109.28813, 13.83615 ], [ 109.28799, 13.83593 ], [ 109.28773, 13.83599 ] ] ], [ [ [ 109.29162, 13.83833 ], [ 109.29146, 13.83825 ], [ 109.29167, 13.83821 ], [ 109.29162, 13.83833 ] ] ], [ [ [ 109.27806, 13.83374 ], [ 109.27816, 13.83382 ], [ 109.27828, 13.83397 ], [ 109.27782, 13.83477 ], [ 109.27793, 13.83627 ], [ 109.27759, 13.83714 ], [ 109.27692, 13.83743 ], [ 109.2763, 13.8378 ], [ 109.27578, 13.8385 ], [ 109.27523, 13.83859 ], [ 109.27499, 13.83806 ], [ 109.27575, 13.83721 ], [ 109.27683, 13.83657 ], [ 109.27718, 13.83618 ], [ 109.27709, 13.83499 ], [ 109.27716, 13.83425 ], [ 109.27736, 13.83374 ], [ 109.27802, 13.83369 ], [ 109.27806, 13.83374 ] ] ], [ [ [ 109.28828, 13.83921 ], [ 109.28812, 13.83913 ], [ 109.28834, 13.8391 ], [ 109.28828, 13.83921 ] ] ], [ [ [ 109.2808, 13.83859 ], [ 109.28034, 13.8388 ], [ 109.2801, 13.83917 ], [ 109.27997, 13.8389 ], [ 109.27978, 13.83872 ], [ 109.27951, 13.83844 ], [ 109.27923, 13.83818 ], [ 109.27936, 13.83768 ], [ 109.27963, 13.83712 ], [ 109.28023, 13.83692 ], [ 109.28091, 13.83701 ], [ 109.28108, 13.83755 ], [ 109.28127, 13.83722 ], [ 109.28129, 13.83688 ], [ 109.28127, 13.83638 ], [ 109.28142, 13.83634 ], [ 109.28182, 13.83707 ], [ 109.28153, 13.8375 ], [ 109.28127, 13.83773 ], [ 109.28113, 13.83843 ], [ 109.2808, 13.83859 ] ], [ [ 109.28008, 13.83822 ], [ 109.28003, 13.83853 ], [ 109.28052, 13.83844 ], [ 109.28057, 13.83814 ], [ 109.28008, 13.83822 ] ], [ [ 109.28037, 13.83788 ], [ 109.2803, 13.83768 ], [ 109.27998, 13.83778 ], [ 109.28009, 13.83818 ], [ 109.28037, 13.83788 ] ] ], [ [ [ 109.29226, 13.84005 ], [ 109.29209, 13.83997 ], [ 109.29231, 13.83994 ], [ 109.29226, 13.84005 ] ] ], [ [ [ 109.29138, 13.84 ], [ 109.29117, 13.84033 ], [ 109.29106, 13.83995 ], [ 109.29125, 13.8398 ], [ 109.29134, 13.83923 ], [ 109.29148, 13.83912 ], [ 109.29138, 13.84 ] ] ], [ [ [ 109.29537, 13.83878 ], [ 109.29555, 13.83878 ], [ 109.29549, 13.83899 ], [ 109.29502, 13.83913 ], [ 109.29504, 13.83948 ], [ 109.2946, 13.84009 ], [ 109.29429, 13.84017 ], [ 109.29408, 13.84041 ], [ 109.29365, 13.84027 ], [ 109.2943, 13.83952 ], [ 109.29441, 13.83839 ], [ 109.29532, 13.83873 ], [ 109.29537, 13.83878 ], [ 109.29495, 13.83886 ], [ 109.29516, 13.839 ], [ 109.29537, 13.83878 ] ], [ [ 109.29479, 13.83903 ], [ 109.29463, 13.83878 ], [ 109.29451, 13.83886 ], [ 109.29447, 13.83905 ], [ 109.29463, 13.83927 ], [ 109.29479, 13.83903 ] ] ], [ [ [ 109.28882, 13.8401 ], [ 109.28871, 13.84046 ], [ 109.28838, 13.84037 ], [ 109.28851, 13.83994 ], [ 109.2887, 13.83982 ], [ 109.28882, 13.8401 ] ] ], [ [ [ 109.28736, 13.84047 ], [ 109.28718, 13.84038 ], [ 109.2874, 13.84026 ], [ 109.28736, 13.84047 ] ] ], [ [ [ 109.27775, 13.84071 ], [ 109.27752, 13.84077 ], [ 109.27738, 13.8405 ], [ 109.27778, 13.84047 ], [ 109.27775, 13.84071 ] ] ], [ [ [ 109.2901, 13.84126 ], [ 109.28973, 13.84122 ], [ 109.28937, 13.8408 ], [ 109.2894, 13.84039 ], [ 109.28929, 13.83955 ], [ 109.28901, 13.83904 ], [ 109.28904, 13.83861 ], [ 109.28945, 13.83856 ], [ 109.28949, 13.83861 ], [ 109.2897, 13.8387 ], [ 109.28992, 13.83895 ], [ 109.29007, 13.8405 ], [ 109.29032, 13.84095 ], [ 109.2901, 13.84126 ] ], [ [ 109.28912, 13.83899 ], [ 109.28921, 13.83915 ], [ 109.2896, 13.83978 ], [ 109.28956, 13.84066 ], [ 109.28975, 13.84105 ], [ 109.29006, 13.84091 ], [ 109.28975, 13.8393 ], [ 109.2894, 13.83897 ], [ 109.28935, 13.83892 ], [ 109.28912, 13.83899 ] ] ], [ [ [ 109.29033, 13.84151 ], [ 109.29019, 13.84167 ], [ 109.29005, 13.84141 ], [ 109.29026, 13.84137 ], [ 109.29033, 13.84151 ] ] ], [ [ [ 109.28573, 13.84143 ], [ 109.28576, 13.84119 ], [ 109.28589, 13.84095 ], [ 109.28592, 13.8408 ], [ 109.28652, 13.84039 ], [ 109.28687, 13.84017 ], [ 109.28713, 13.8399 ], [ 109.28727, 13.83986 ], [ 109.28784, 13.83941 ], [ 109.28802, 13.83981 ], [ 109.28789, 13.84114 ], [ 109.28822, 13.8414 ], [ 109.28846, 13.84104 ], [ 109.28882, 13.84068 ], [ 109.28929, 13.84079 ], [ 109.28909, 13.84115 ], [ 109.28837, 13.84148 ], [ 109.28825, 13.84172 ], [ 109.28758, 13.84213 ], [ 109.28679, 13.84231 ], [ 109.28632, 13.84292 ], [ 109.28595, 13.84301 ], [ 109.28566, 13.84316 ], [ 109.28514, 13.8428 ], [ 109.28503, 13.8425 ], [ 109.28531, 13.8421 ], [ 109.2855, 13.84163 ], [ 109.28573, 13.84143 ], [ 109.28578, 13.84174 ], [ 109.28651, 13.84165 ], [ 109.2863, 13.84142 ], [ 109.28605, 13.84138 ], [ 109.28573, 13.84143 ] ], [ [ 109.28664, 13.84119 ], [ 109.28672, 13.84127 ], [ 109.28675, 13.84116 ], [ 109.28664, 13.84119 ] ], [ [ 109.28721, 13.84004 ], [ 109.28694, 13.84038 ], [ 109.28606, 13.84084 ], [ 109.28602, 13.84111 ], [ 109.28662, 13.84076 ], [ 109.28698, 13.84071 ], [ 109.28722, 13.84102 ], [ 109.28761, 13.84074 ], [ 109.28767, 13.84037 ], [ 109.2875, 13.83999 ], [ 109.28721, 13.84004 ] ], [ [ 109.28742, 13.84182 ], [ 109.28749, 13.84162 ], [ 109.28698, 13.84168 ], [ 109.28714, 13.84202 ], [ 109.28742, 13.84182 ] ], [ [ 109.28674, 13.84198 ], [ 109.28652, 13.84213 ], [ 109.28666, 13.84228 ], [ 109.28674, 13.84198 ] ], [ [ 109.28577, 13.84273 ], [ 109.28539, 13.84265 ], [ 109.28535, 13.8426 ], [ 109.28522, 13.8427 ], [ 109.28549, 13.84282 ], [ 109.28581, 13.84301 ], [ 109.28577, 13.84273 ] ] ], [ [ [ 109.29202, 13.84319 ], [ 109.29161, 13.84332 ], [ 109.2915, 13.84293 ], [ 109.29193, 13.84235 ], [ 109.29248, 13.8422 ], [ 109.29202, 13.84319 ] ], [ [ 109.29189, 13.8426 ], [ 109.29179, 13.84286 ], [ 109.29205, 13.84276 ], [ 109.2921, 13.84256 ], [ 109.29189, 13.8426 ] ] ], [ [ [ 109.2972, 13.84352 ], [ 109.29702, 13.84362 ], [ 109.29708, 13.84336 ], [ 109.29728, 13.84322 ], [ 109.2972, 13.84352 ] ] ], [ [ [ 109.29422, 13.84419 ], [ 109.29394, 13.84432 ], [ 109.29381, 13.84391 ], [ 109.29413, 13.84384 ], [ 109.29422, 13.84419 ] ] ], [ [ [ 109.2929, 13.84432 ], [ 109.29266, 13.84441 ], [ 109.29226, 13.84419 ], [ 109.29205, 13.84384 ], [ 109.29235, 13.84331 ], [ 109.29316, 13.84243 ], [ 109.29336, 13.84177 ], [ 109.29315, 13.8414 ], [ 109.29278, 13.84107 ], [ 109.29282, 13.84049 ], [ 109.29314, 13.84039 ], [ 109.29318, 13.84044 ], [ 109.29355, 13.84053 ], [ 109.29372, 13.84071 ], [ 109.29382, 13.84204 ], [ 109.29326, 13.8427 ], [ 109.29316, 13.84324 ], [ 109.2929, 13.84432 ] ], [ [ 109.29263, 13.84346 ], [ 109.29242, 13.844 ], [ 109.29276, 13.8441 ], [ 109.29284, 13.84328 ], [ 109.29263, 13.84346 ] ], [ [ 109.29309, 13.8409 ], [ 109.29343, 13.84143 ], [ 109.29353, 13.84116 ], [ 109.29341, 13.84085 ], [ 109.29309, 13.8409 ] ] ], [ [ [ 109.29089, 13.84472 ], [ 109.29079, 13.84472 ], [ 109.29079, 13.8449 ], [ 109.2907, 13.8449 ], [ 109.29079, 13.84388 ], [ 109.29099, 13.84377 ], [ 109.29089, 13.84472 ] ] ], [ [ [ 109.28704, 13.84504 ], [ 109.28668, 13.84491 ], [ 109.28612, 13.84478 ], [ 109.28612, 13.84456 ], [ 109.28623, 13.84406 ], [ 109.28622, 13.84347 ], [ 109.28669, 13.84329 ], [ 109.28702, 13.84329 ], [ 109.28727, 13.84268 ], [ 109.28762, 13.84257 ], [ 109.28817, 13.84247 ], [ 109.28873, 13.84203 ], [ 109.28887, 13.84199 ], [ 109.28882, 13.84231 ], [ 109.28854, 13.84257 ], [ 109.28786, 13.84326 ], [ 109.28724, 13.84365 ], [ 109.28748, 13.84415 ], [ 109.28815, 13.84393 ], [ 109.28817, 13.84427 ], [ 109.28752, 13.84439 ], [ 109.28778, 13.84491 ], [ 109.28768, 13.84492 ], [ 109.28742, 13.84492 ], [ 109.28704, 13.84504 ] ], [ [ 109.28644, 13.84369 ], [ 109.28639, 13.84445 ], [ 109.28658, 13.84455 ], [ 109.28677, 13.84464 ], [ 109.28717, 13.84491 ], [ 109.28732, 13.8445 ], [ 109.28707, 13.84411 ], [ 109.28687, 13.84394 ], [ 109.28673, 13.8436 ], [ 109.28644, 13.84369 ] ], [ [ 109.28794, 13.84289 ], [ 109.28744, 13.84293 ], [ 109.28738, 13.84319 ], [ 109.28778, 13.84311 ], [ 109.28794, 13.84289 ], [ 109.28815, 13.84284 ], [ 109.28834, 13.84259 ], [ 109.28798, 13.84272 ], [ 109.28794, 13.84289 ] ] ], [ [ [ 109.27622, 13.84448 ], [ 109.27606, 13.84482 ], [ 109.27554, 13.8451 ], [ 109.27466, 13.84516 ], [ 109.27376, 13.8446 ], [ 109.2736, 13.84431 ], [ 109.27419, 13.84419 ], [ 109.27539, 13.84438 ], [ 109.27563, 13.84427 ], [ 109.27596, 13.84358 ], [ 109.27608, 13.84282 ], [ 109.27653, 13.84186 ], [ 109.27662, 13.84148 ], [ 109.27676, 13.84136 ], [ 109.27707, 13.84187 ], [ 109.27696, 13.84275 ], [ 109.27669, 13.84321 ], [ 109.27658, 13.84398 ], [ 109.27622, 13.84448 ] ] ], [ [ [ 109.29089, 13.84472 ], [ 109.29098, 13.84472 ], [ 109.29098, 13.8449 ], [ 109.29107, 13.8449 ], [ 109.29102, 13.84538 ], [ 109.29084, 13.84511 ], [ 109.29079, 13.8449 ], [ 109.29088, 13.8449 ], [ 109.29089, 13.84472 ] ] ], [ [ [ 109.28745, 13.84623 ], [ 109.28735, 13.8466 ], [ 109.28702, 13.84672 ], [ 109.28676, 13.84691 ], [ 109.28638, 13.84698 ], [ 109.28621, 13.84684 ], [ 109.28673, 13.84671 ], [ 109.2869, 13.84629 ], [ 109.28674, 13.84588 ], [ 109.28686, 13.84532 ], [ 109.28729, 13.84541 ], [ 109.28775, 13.84504 ], [ 109.28787, 13.84544 ], [ 109.2876, 13.84584 ], [ 109.28751, 13.84619 ], [ 109.28745, 13.84623 ], [ 109.28742, 13.84588 ], [ 109.28714, 13.84602 ], [ 109.28726, 13.84619 ], [ 109.28745, 13.84623 ] ] ], [ [ [ 109.27935, 13.84691 ], [ 109.27899, 13.8472 ], [ 109.27922, 13.84667 ], [ 109.2794, 13.84663 ], [ 109.27935, 13.84691 ] ] ], [ [ [ 109.28458, 13.84738 ], [ 109.28466, 13.84729 ], [ 109.28497, 13.84702 ], [ 109.28554, 13.84666 ], [ 109.28568, 13.84611 ], [ 109.2859, 13.84599 ], [ 109.28601, 13.84675 ], [ 109.28555, 13.84689 ], [ 109.28509, 13.84723 ], [ 109.28456, 13.84778 ], [ 109.28444, 13.84751 ], [ 109.28458, 13.84738 ], [ 109.2846, 13.84759 ], [ 109.28478, 13.84741 ], [ 109.28458, 13.84738 ] ] ], [ [ [ 109.29354, 13.84835 ], [ 109.29354, 13.84826 ], [ 109.29363, 13.84826 ], [ 109.29363, 13.84835 ], [ 109.29354, 13.84835 ] ] ], [ [ [ 109.2778, 13.85095 ], [ 109.2781, 13.85105 ], [ 109.27789, 13.85143 ], [ 109.27757, 13.85128 ], [ 109.27768, 13.85082 ], [ 109.2778, 13.85095 ], [ 109.27768, 13.851 ], [ 109.27776, 13.85116 ], [ 109.2778, 13.85095 ] ] ], [ [ [ 109.27715, 13.8514 ], [ 109.27714, 13.85149 ], [ 109.27705, 13.85149 ], [ 109.27705, 13.8514 ], [ 109.27715, 13.8514 ] ] ], [ [ [ 109.27705, 13.85149 ], [ 109.27705, 13.85158 ], [ 109.27696, 13.85158 ], [ 109.27696, 13.85149 ], [ 109.27705, 13.85149 ] ] ], [ [ [ 109.2542, 13.8507 ], [ 109.25383, 13.85145 ], [ 109.25364, 13.85154 ], [ 109.25352, 13.85108 ], [ 109.25373, 13.85061 ], [ 109.25412, 13.85051 ], [ 109.2542, 13.8507 ] ] ], [ [ [ 109.28218, 13.85331 ], [ 109.28186, 13.85306 ], [ 109.28191, 13.85283 ], [ 109.28232, 13.85279 ], [ 109.28218, 13.85331 ] ] ], [ [ [ 109.28411, 13.84819 ], [ 109.28421, 13.84788 ], [ 109.28436, 13.84798 ], [ 109.28429, 13.84882 ], [ 109.28442, 13.84897 ], [ 109.2847, 13.8492 ], [ 109.28457, 13.84951 ], [ 109.28397, 13.85044 ], [ 109.28422, 13.85134 ], [ 109.28412, 13.85225 ], [ 109.28393, 13.85275 ], [ 109.28368, 13.85356 ], [ 109.28347, 13.85358 ], [ 109.28322, 13.85292 ], [ 109.28283, 13.85259 ], [ 109.28321, 13.8523 ], [ 109.28329, 13.85239 ], [ 109.28346, 13.85275 ], [ 109.28375, 13.85254 ], [ 109.28367, 13.85167 ], [ 109.28354, 13.85132 ], [ 109.28367, 13.85013 ], [ 109.28397, 13.8486 ], [ 109.28401, 13.84819 ], [ 109.28411, 13.84819 ], [ 109.28415, 13.84831 ], [ 109.2842, 13.8482 ], [ 109.28431, 13.84817 ], [ 109.28423, 13.84809 ], [ 109.2842, 13.8482 ], [ 109.28411, 13.84819 ] ], [ [ 109.28416, 13.84916 ], [ 109.2842, 13.84874 ], [ 109.28398, 13.84878 ], [ 109.28404, 13.84939 ], [ 109.28416, 13.84916 ] ], [ [ 109.28392, 13.85023 ], [ 109.284, 13.84964 ], [ 109.28387, 13.84975 ], [ 109.2837, 13.85049 ], [ 109.28392, 13.85023 ] ], [ [ 109.284, 13.85129 ], [ 109.2839, 13.8509 ], [ 109.28377, 13.85099 ], [ 109.28386, 13.85139 ], [ 109.284, 13.85129 ] ], [ [ 109.28408, 13.852 ], [ 109.28399, 13.85163 ], [ 109.28386, 13.85172 ], [ 109.28394, 13.85248 ], [ 109.28408, 13.852 ] ], [ [ 109.2837, 13.85289 ], [ 109.28347, 13.85311 ], [ 109.2836, 13.85339 ], [ 109.2837, 13.85289 ] ] ], [ [ [ 109.29307, 13.84907 ], [ 109.29307, 13.84925 ], [ 109.29291, 13.84979 ], [ 109.29279, 13.84988 ], [ 109.29257, 13.84979 ], [ 109.29229, 13.85008 ], [ 109.2924, 13.85028 ], [ 109.2927, 13.85015 ], [ 109.29266, 13.85039 ], [ 109.29247, 13.85093 ], [ 109.29241, 13.85096 ], [ 109.29236, 13.85066 ], [ 109.2922, 13.85062 ], [ 109.29208, 13.85108 ], [ 109.29166, 13.85136 ], [ 109.29184, 13.85161 ], [ 109.29224, 13.85134 ], [ 109.29236, 13.85118 ], [ 109.29241, 13.85114 ], [ 109.29237, 13.85137 ], [ 109.29225, 13.8524 ], [ 109.29227, 13.85261 ], [ 109.2924, 13.85295 ], [ 109.29176, 13.853 ], [ 109.29152, 13.85298 ], [ 109.29131, 13.85331 ], [ 109.29086, 13.85344 ], [ 109.29066, 13.85354 ], [ 109.2905, 13.85389 ], [ 109.28987, 13.85397 ], [ 109.28967, 13.85366 ], [ 109.29, 13.85307 ], [ 109.29062, 13.85263 ], [ 109.29117, 13.8517 ], [ 109.29153, 13.85139 ], [ 109.29162, 13.851 ], [ 109.29173, 13.85081 ], [ 109.29192, 13.85005 ], [ 109.29239, 13.84921 ], [ 109.29236, 13.84853 ], [ 109.29267, 13.84839 ], [ 109.29354, 13.84835 ], [ 109.2935, 13.84849 ], [ 109.29332, 13.84877 ], [ 109.29326, 13.84898 ], [ 109.29317, 13.84898 ], [ 109.29317, 13.84907 ], [ 109.29307, 13.84907 ], [ 109.29304, 13.84896 ], [ 109.29296, 13.84904 ], [ 109.29307, 13.84907 ] ], [ [ 109.2919, 13.85264 ], [ 109.29194, 13.85205 ], [ 109.29163, 13.85209 ], [ 109.29175, 13.85271 ], [ 109.2919, 13.85264 ] ] ], [ [ [ 109.29091, 13.85415 ], [ 109.29059, 13.85399 ], [ 109.29082, 13.85394 ], [ 109.29091, 13.85415 ] ] ], [ [ [ 109.28937, 13.85443 ], [ 109.28957, 13.85451 ], [ 109.28965, 13.85461 ], [ 109.28889, 13.85501 ], [ 109.28861, 13.85494 ], [ 109.28866, 13.85472 ], [ 109.28909, 13.85444 ], [ 109.28933, 13.85438 ], [ 109.28937, 13.85443 ] ] ], [ [ [ 109.28783, 13.85532 ], [ 109.28765, 13.85553 ], [ 109.2874, 13.85541 ], [ 109.28756, 13.85522 ], [ 109.28776, 13.85518 ], [ 109.28783, 13.85532 ] ] ], [ [ [ 109.27276, 13.85589 ], [ 109.27286, 13.85589 ], [ 109.27286, 13.85598 ], [ 109.27276, 13.85598 ], [ 109.27276, 13.85589 ] ] ], [ [ [ 109.27286, 13.85598 ], [ 109.27295, 13.85598 ], [ 109.27295, 13.85607 ], [ 109.27286, 13.85607 ], [ 109.27286, 13.85598 ] ] ], [ [ [ 109.27295, 13.85607 ], [ 109.27304, 13.85607 ], [ 109.27304, 13.85616 ], [ 109.27295, 13.85616 ], [ 109.27295, 13.85607 ] ] ], [ [ [ 109.2751, 13.85631 ], [ 109.27486, 13.85638 ], [ 109.27477, 13.85621 ], [ 109.27517, 13.85618 ], [ 109.2751, 13.85631 ] ] ], [ [ [ 109.27304, 13.85616 ], [ 109.27313, 13.85616 ], [ 109.27313, 13.85643 ], [ 109.27304, 13.85643 ], [ 109.27304, 13.85616 ] ] ], [ [ [ 109.27313, 13.85643 ], [ 109.27322, 13.85643 ], [ 109.27322, 13.8567 ], [ 109.27313, 13.8567 ], [ 109.27313, 13.85643 ] ] ], [ [ [ 109.29249, 13.85654 ], [ 109.2922, 13.85688 ], [ 109.29196, 13.85625 ], [ 109.29228, 13.85574 ], [ 109.29275, 13.85567 ], [ 109.29282, 13.85585 ], [ 109.29249, 13.85654 ] ], [ [ 109.29244, 13.85589 ], [ 109.29225, 13.85615 ], [ 109.29245, 13.85623 ], [ 109.29265, 13.85585 ], [ 109.29244, 13.85589 ] ] ], [ [ [ 109.27294, 13.85661 ], [ 109.27304, 13.85661 ], [ 109.27304, 13.85679 ], [ 109.27294, 13.85679 ], [ 109.27294, 13.85661 ] ] ], [ [ [ 109.27322, 13.8567 ], [ 109.27331, 13.85671 ], [ 109.27331, 13.85689 ], [ 109.27322, 13.85689 ], [ 109.27322, 13.8567 ] ] ], [ [ [ 109.29095, 13.85703 ], [ 109.29087, 13.85695 ], [ 109.29098, 13.85692 ], [ 109.29095, 13.85703 ] ] ], [ [ [ 109.27304, 13.85679 ], [ 109.27313, 13.85679 ], [ 109.27313, 13.85698 ], [ 109.27303, 13.85697 ], [ 109.27304, 13.85679 ] ] ], [ [ [ 109.26098, 13.85414 ], [ 109.26108, 13.85458 ], [ 109.26115, 13.85522 ], [ 109.26128, 13.85554 ], [ 109.2612, 13.85599 ], [ 109.26126, 13.85637 ], [ 109.26107, 13.85683 ], [ 109.26062, 13.85693 ], [ 109.26032, 13.85653 ], [ 109.26052, 13.85576 ], [ 109.26034, 13.855 ], [ 109.26043, 13.85449 ], [ 109.26065, 13.85398 ], [ 109.26094, 13.85391 ], [ 109.26098, 13.85414 ] ] ], [ [ [ 109.27248, 13.85715 ], [ 109.27257, 13.85715 ], [ 109.27257, 13.85733 ], [ 109.27248, 13.85733 ], [ 109.27248, 13.85715 ] ] ], [ [ [ 109.27331, 13.85689 ], [ 109.27354, 13.85703 ], [ 109.27452, 13.85713 ], [ 109.27464, 13.85763 ], [ 109.27382, 13.85747 ], [ 109.27318, 13.85737 ], [ 109.27313, 13.85698 ], [ 109.27318, 13.85701 ], [ 109.27332, 13.85737 ], [ 109.2734, 13.85725 ], [ 109.27331, 13.85689 ] ], [ [ 109.27433, 13.85725 ], [ 109.27392, 13.85729 ], [ 109.27441, 13.85745 ], [ 109.27433, 13.85725 ] ] ], [ [ [ 109.28171, 13.85787 ], [ 109.28134, 13.85834 ], [ 109.28103, 13.85816 ], [ 109.28114, 13.85769 ], [ 109.28137, 13.85773 ], [ 109.28163, 13.85767 ], [ 109.28171, 13.85787 ] ] ], [ [ [ 109.29147, 13.85852 ], [ 109.29114, 13.85867 ], [ 109.29084, 13.85833 ], [ 109.29103, 13.85805 ], [ 109.29134, 13.85801 ], [ 109.29147, 13.85852 ] ] ], [ [ [ 109.27848, 13.85873 ], [ 109.27857, 13.85873 ], [ 109.27857, 13.859 ], [ 109.27848, 13.859 ], [ 109.27848, 13.85873 ] ] ], [ [ [ 109.27857, 13.859 ], [ 109.27866, 13.859 ], [ 109.27866, 13.85918 ], [ 109.27857, 13.85918 ], [ 109.27857, 13.859 ] ] ], [ [ [ 109.28222, 13.85877 ], [ 109.2816, 13.85922 ], [ 109.28149, 13.85903 ], [ 109.28178, 13.85882 ], [ 109.28194, 13.85861 ], [ 109.28227, 13.85858 ], [ 109.28222, 13.85877 ] ] ], [ [ [ 109.27518, 13.86012 ], [ 109.2754, 13.8602 ], [ 109.27535, 13.8604 ], [ 109.27479, 13.86029 ], [ 109.27482, 13.86011 ], [ 109.27514, 13.86006 ], [ 109.27518, 13.86012 ] ] ], [ [ [ 109.28263, 13.8603 ], [ 109.28258, 13.8605 ], [ 109.28241, 13.86041 ], [ 109.28263, 13.8603 ] ] ], [ [ [ 109.2768, 13.86007 ], [ 109.27673, 13.86046 ], [ 109.27652, 13.86061 ], [ 109.27656, 13.86037 ], [ 109.27675, 13.86011 ], [ 109.2768, 13.86007 ] ] ], [ [ [ 109.28192, 13.86115 ], [ 109.28141, 13.86128 ], [ 109.2812, 13.86094 ], [ 109.28153, 13.861 ], [ 109.28179, 13.86083 ], [ 109.28192, 13.86115 ] ] ], [ [ [ 109.28253, 13.86084 ], [ 109.28294, 13.86119 ], [ 109.28252, 13.86133 ], [ 109.2824, 13.86106 ], [ 109.28211, 13.86088 ], [ 109.28203, 13.8608 ], [ 109.28244, 13.86075 ], [ 109.28253, 13.86084 ] ] ], [ [ [ 109.28263, 13.8603 ], [ 109.28259, 13.85998 ], [ 109.28249, 13.85971 ], [ 109.28252, 13.85911 ], [ 109.28288, 13.85881 ], [ 109.28307, 13.85939 ], [ 109.28329, 13.85953 ], [ 109.28342, 13.85901 ], [ 109.28306, 13.85854 ], [ 109.28297, 13.85835 ], [ 109.28288, 13.85818 ], [ 109.28277, 13.85762 ], [ 109.28206, 13.85764 ], [ 109.28196, 13.85683 ], [ 109.28252, 13.85673 ], [ 109.28261, 13.85662 ], [ 109.28213, 13.85619 ], [ 109.28217, 13.85555 ], [ 109.28215, 13.85521 ], [ 109.28256, 13.85492 ], [ 109.28316, 13.85513 ], [ 109.28327, 13.85494 ], [ 109.28285, 13.8544 ], [ 109.28317, 13.85426 ], [ 109.28374, 13.85513 ], [ 109.28372, 13.85545 ], [ 109.28309, 13.85559 ], [ 109.28331, 13.85601 ], [ 109.28317, 13.85628 ], [ 109.28307, 13.85673 ], [ 109.28283, 13.85707 ], [ 109.2827, 13.85742 ], [ 109.28347, 13.85727 ], [ 109.28391, 13.85704 ], [ 109.28409, 13.85715 ], [ 109.28381, 13.85755 ], [ 109.28371, 13.85791 ], [ 109.28361, 13.85829 ], [ 109.28362, 13.85859 ], [ 109.28388, 13.85872 ], [ 109.284, 13.85812 ], [ 109.28428, 13.858 ], [ 109.28464, 13.85838 ], [ 109.28531, 13.85836 ], [ 109.28616, 13.85851 ], [ 109.28647, 13.85884 ], [ 109.28657, 13.85874 ], [ 109.28725, 13.85865 ], [ 109.28787, 13.85834 ], [ 109.28865, 13.85799 ], [ 109.28908, 13.85786 ], [ 109.28935, 13.85767 ], [ 109.28991, 13.85759 ], [ 109.29048, 13.85726 ], [ 109.29046, 13.8576 ], [ 109.29009, 13.85777 ], [ 109.29, 13.85816 ], [ 109.29019, 13.85869 ], [ 109.29055, 13.85886 ], [ 109.29073, 13.85896 ], [ 109.29036, 13.85913 ], [ 109.28994, 13.85944 ], [ 109.2898, 13.85985 ], [ 109.28932, 13.8604 ], [ 109.28908, 13.8609 ], [ 109.28866, 13.86101 ], [ 109.28872, 13.85977 ], [ 109.28921, 13.85887 ], [ 109.28909, 13.85858 ], [ 109.28861, 13.85921 ], [ 109.28832, 13.85957 ], [ 109.28809, 13.85992 ], [ 109.28795, 13.86077 ], [ 109.28814, 13.86152 ], [ 109.28812, 13.86207 ], [ 109.28777, 13.86218 ], [ 109.28735, 13.86153 ], [ 109.28688, 13.86155 ], [ 109.28652, 13.86153 ], [ 109.28616, 13.86135 ], [ 109.28619, 13.86072 ], [ 109.28599, 13.86034 ], [ 109.28582, 13.86018 ], [ 109.28565, 13.86 ], [ 109.28491, 13.85982 ], [ 109.28388, 13.86062 ], [ 109.28369, 13.8606 ], [ 109.28397, 13.8601 ], [ 109.28407, 13.85976 ], [ 109.28382, 13.85963 ], [ 109.28361, 13.86026 ], [ 109.28334, 13.86038 ], [ 109.28263, 13.8603 ] ], [ [ 109.28747, 13.85973 ], [ 109.28776, 13.85979 ], [ 109.28755, 13.85938 ], [ 109.2873, 13.85921 ], [ 109.28726, 13.85906 ], [ 109.28705, 13.85912 ], [ 109.28747, 13.85973 ] ], [ [ 109.28827, 13.85911 ], [ 109.28843, 13.85885 ], [ 109.28854, 13.85847 ], [ 109.28884, 13.85808 ], [ 109.28868, 13.85812 ], [ 109.28799, 13.85864 ], [ 109.28794, 13.85891 ], [ 109.28827, 13.85911 ] ], [ [ 109.28912, 13.85826 ], [ 109.28931, 13.85826 ], [ 109.28931, 13.85799 ], [ 109.28912, 13.85799 ], [ 109.28912, 13.85826 ] ], [ [ 109.28956, 13.85802 ], [ 109.28966, 13.85786 ], [ 109.28959, 13.85772 ], [ 109.28942, 13.85776 ], [ 109.28956, 13.85802 ] ], [ [ 109.2856, 13.85887 ], [ 109.28542, 13.8586 ], [ 109.28503, 13.85864 ], [ 109.28491, 13.85914 ], [ 109.28545, 13.8591 ], [ 109.2856, 13.85887 ] ], [ [ 109.2846, 13.85885 ], [ 109.28449, 13.85859 ], [ 109.28418, 13.85867 ], [ 109.28426, 13.85944 ], [ 109.28451, 13.85926 ], [ 109.2846, 13.85885 ] ], [ [ 109.28584, 13.8592 ], [ 109.28593, 13.85954 ], [ 109.28619, 13.85934 ], [ 109.28606, 13.85905 ], [ 109.28584, 13.8592 ] ], [ [ 109.28486, 13.8595 ], [ 109.28474, 13.85953 ], [ 109.28482, 13.85961 ], [ 109.28486, 13.8595 ] ], [ [ 109.28717, 13.85969 ], [ 109.28639, 13.85973 ], [ 109.28655, 13.86054 ], [ 109.28706, 13.86021 ], [ 109.28722, 13.85983 ], [ 109.28717, 13.85969 ] ], [ [ 109.28319, 13.85763 ], [ 109.28308, 13.85782 ], [ 109.28335, 13.85787 ], [ 109.28339, 13.85759 ], [ 109.28319, 13.85763 ] ], [ [ 109.28235, 13.85582 ], [ 109.28243, 13.85626 ], [ 109.28266, 13.85589 ], [ 109.28257, 13.85569 ], [ 109.28235, 13.85582 ] ], [ [ 109.28995, 13.85908 ], [ 109.28983, 13.85911 ], [ 109.28991, 13.85919 ], [ 109.28995, 13.85908 ] ], [ [ 109.28957, 13.85973 ], [ 109.28948, 13.85953 ], [ 109.28926, 13.85958 ], [ 109.28919, 13.85984 ], [ 109.28957, 13.85973 ] ], [ [ 109.28688, 13.86078 ], [ 109.28666, 13.86089 ], [ 109.28684, 13.86098 ], [ 109.28688, 13.86078 ] ], [ [ 109.28721, 13.86096 ], [ 109.2872, 13.86123 ], [ 109.28791, 13.862 ], [ 109.28771, 13.86087 ], [ 109.28721, 13.86096 ] ] ], [ [ [ 109.28058, 13.86218 ], [ 109.28061, 13.86207 ], [ 109.28069, 13.86215 ], [ 109.28058, 13.86218 ] ] ], [ [ [ 109.28238, 13.86246 ], [ 109.28216, 13.8626 ], [ 109.28137, 13.86189 ], [ 109.28188, 13.86183 ], [ 109.28238, 13.86246 ] ] ], [ [ [ 109.27937, 13.8628 ], [ 109.27926, 13.86277 ], [ 109.27934, 13.86269 ], [ 109.27937, 13.8628 ] ] ], [ [ [ 109.27937, 13.8628 ], [ 109.27949, 13.86285 ], [ 109.27941, 13.86301 ], [ 109.27937, 13.8628 ] ] ], [ [ [ 109.27327, 13.86285 ], [ 109.27336, 13.86285 ], [ 109.27336, 13.86303 ], [ 109.27327, 13.86303 ], [ 109.27327, 13.86285 ] ] ], [ [ [ 109.27336, 13.86303 ], [ 109.27349, 13.86312 ], [ 109.27336, 13.86321 ], [ 109.27336, 13.86303 ] ] ], [ [ [ 109.28969, 13.86238 ], [ 109.28969, 13.86253 ], [ 109.28918, 13.86324 ], [ 109.28874, 13.86336 ], [ 109.28877, 13.8629 ], [ 109.28965, 13.86224 ], [ 109.28969, 13.86238 ] ] ], [ [ [ 109.28806, 13.86363 ], [ 109.28775, 13.86303 ], [ 109.28816, 13.86296 ], [ 109.28829, 13.86334 ], [ 109.28806, 13.86363 ] ], [ [ 109.28793, 13.86323 ], [ 109.28819, 13.86344 ], [ 109.28807, 13.86314 ], [ 109.28793, 13.86323 ] ] ], [ [ [ 109.29164, 13.86311 ], [ 109.29176, 13.86344 ], [ 109.29144, 13.86383 ], [ 109.29089, 13.86345 ], [ 109.29124, 13.86293 ], [ 109.29149, 13.86289 ], [ 109.29164, 13.86311 ] ] ], [ [ [ 109.27597, 13.86403 ], [ 109.2755, 13.86425 ], [ 109.27526, 13.86407 ], [ 109.27547, 13.86381 ], [ 109.27585, 13.86377 ], [ 109.27597, 13.86403 ] ] ], [ [ [ 109.27511, 13.86506 ], [ 109.27504, 13.86527 ], [ 109.2746, 13.86529 ], [ 109.27478, 13.86476 ], [ 109.27492, 13.86467 ], [ 109.27511, 13.86506 ] ] ], [ [ [ 109.26505, 13.86388 ], [ 109.26544, 13.86474 ], [ 109.26562, 13.86525 ], [ 109.26519, 13.86555 ], [ 109.26434, 13.86457 ], [ 109.26421, 13.86356 ], [ 109.26473, 13.86313 ], [ 109.26513, 13.86306 ], [ 109.26505, 13.86388 ] ] ], [ [ [ 109.28058, 13.86218 ], [ 109.28065, 13.86273 ], [ 109.28122, 13.86289 ], [ 109.28116, 13.86336 ], [ 109.28118, 13.86351 ], [ 109.2814, 13.86349 ], [ 109.2816, 13.86351 ], [ 109.28144, 13.86376 ], [ 109.28131, 13.86421 ], [ 109.28102, 13.86387 ], [ 109.2807, 13.86368 ], [ 109.28043, 13.86348 ], [ 109.28007, 13.86362 ], [ 109.28034, 13.86385 ], [ 109.28045, 13.86397 ], [ 109.28042, 13.86421 ], [ 109.28044, 13.86436 ], [ 109.28088, 13.86456 ], [ 109.28097, 13.86473 ], [ 109.28029, 13.86485 ], [ 109.27994, 13.86504 ], [ 109.27996, 13.86532 ], [ 109.28031, 13.86528 ], [ 109.28062, 13.8654 ], [ 109.28086, 13.86538 ], [ 109.28106, 13.86545 ], [ 109.28069, 13.86561 ], [ 109.28033, 13.8658 ], [ 109.28005, 13.86547 ], [ 109.27958, 13.86539 ], [ 109.27934, 13.86525 ], [ 109.2795, 13.86484 ], [ 109.27947, 13.86453 ], [ 109.27973, 13.86388 ], [ 109.27996, 13.8637 ], [ 109.28006, 13.86352 ], [ 109.27978, 13.8634 ], [ 109.2797, 13.86331 ], [ 109.28007, 13.86286 ], [ 109.28016, 13.86267 ], [ 109.28052, 13.86223 ], [ 109.28058, 13.86218 ] ], [ [ 109.28001, 13.86416 ], [ 109.2799, 13.86419 ], [ 109.27998, 13.86427 ], [ 109.28001, 13.86416 ] ] ], [ [ [ 109.28705, 13.86527 ], [ 109.28696, 13.86582 ], [ 109.28667, 13.86615 ], [ 109.28644, 13.86586 ], [ 109.28634, 13.86553 ], [ 109.28661, 13.86488 ], [ 109.28685, 13.86484 ], [ 109.28705, 13.86527 ] ] ], [ [ [ 109.29088, 13.86366 ], [ 109.29106, 13.86415 ], [ 109.29078, 13.86464 ], [ 109.29069, 13.86492 ], [ 109.29051, 13.8654 ], [ 109.29041, 13.86582 ], [ 109.29027, 13.86606 ], [ 109.28992, 13.86626 ], [ 109.28967, 13.86567 ], [ 109.28997, 13.86486 ], [ 109.28994, 13.86428 ], [ 109.28996, 13.86394 ], [ 109.29029, 13.86349 ], [ 109.29084, 13.86343 ], [ 109.29088, 13.86366 ] ] ], [ [ [ 109.2726, 13.86619 ], [ 109.27278, 13.86619 ], [ 109.27278, 13.86637 ], [ 109.27266, 13.86631 ], [ 109.2726, 13.86619 ] ] ], [ [ [ 109.2726, 13.86619 ], [ 109.27239, 13.86623 ], [ 109.27229, 13.86643 ], [ 109.27222, 13.86646 ], [ 109.27226, 13.86608 ], [ 109.27248, 13.86598 ], [ 109.2726, 13.86619 ] ] ], [ [ [ 109.27222, 13.86646 ], [ 109.27222, 13.86655 ], [ 109.27211, 13.8665 ], [ 109.27222, 13.86646 ] ] ], [ [ [ 109.28027, 13.86661 ], [ 109.28038, 13.86648 ], [ 109.28068, 13.86659 ], [ 109.28055, 13.8667 ], [ 109.28055, 13.86661 ], [ 109.28027, 13.86661 ] ] ], [ [ [ 109.27222, 13.86655 ], [ 109.27232, 13.86655 ], [ 109.27231, 13.86673 ], [ 109.27222, 13.86673 ], [ 109.27222, 13.86655 ] ] ], [ [ [ 109.26874, 13.86669 ], [ 109.26826, 13.86688 ], [ 109.26765, 13.86665 ], [ 109.26698, 13.8665 ], [ 109.26631, 13.86597 ], [ 109.26646, 13.86574 ], [ 109.26733, 13.8657 ], [ 109.26737, 13.86575 ], [ 109.26781, 13.86602 ], [ 109.26808, 13.86613 ], [ 109.26848, 13.86609 ], [ 109.26882, 13.86613 ], [ 109.26874, 13.86669 ] ] ], [ [ [ 109.27278, 13.86637 ], [ 109.27291, 13.8665 ], [ 109.27253, 13.86696 ], [ 109.27231, 13.86673 ], [ 109.27248, 13.86669 ], [ 109.27274, 13.86652 ], [ 109.27278, 13.86637 ] ] ], [ [ [ 109.28101, 13.86706 ], [ 109.28101, 13.86697 ], [ 109.2811, 13.86697 ], [ 109.2811, 13.86706 ], [ 109.28101, 13.86706 ] ] ], [ [ [ 109.2752, 13.86696 ], [ 109.27505, 13.86705 ], [ 109.27497, 13.86681 ], [ 109.27509, 13.86675 ], [ 109.2752, 13.86696 ] ] ], [ [ [ 109.2905, 13.8669 ], [ 109.29057, 13.86707 ], [ 109.29022, 13.86716 ], [ 109.29013, 13.86683 ], [ 109.29035, 13.86668 ], [ 109.2905, 13.8669 ] ] ], [ [ [ 109.28128, 13.86716 ], [ 109.28128, 13.86725 ], [ 109.2811, 13.86724 ], [ 109.2811, 13.86715 ], [ 109.28128, 13.86716 ] ] ], [ [ [ 109.28128, 13.86716 ], [ 109.28132, 13.8671 ], [ 109.28155, 13.86704 ], [ 109.28165, 13.86725 ], [ 109.28128, 13.86716 ] ] ], [ [ [ 109.28165, 13.86725 ], [ 109.28175, 13.86725 ], [ 109.28175, 13.86734 ], [ 109.28165, 13.86734 ], [ 109.28165, 13.86725 ] ] ], [ [ [ 109.28175, 13.86734 ], [ 109.28184, 13.86734 ], [ 109.28184, 13.86743 ], [ 109.28175, 13.86743 ], [ 109.28175, 13.86734 ] ] ], [ [ [ 109.2811, 13.86724 ], [ 109.28097, 13.86745 ], [ 109.28088, 13.86714 ], [ 109.28101, 13.86706 ], [ 109.28101, 13.86724 ], [ 109.2811, 13.86724 ] ] ], [ [ [ 109.29004, 13.8676 ], [ 109.28996, 13.86752 ], [ 109.29007, 13.86749 ], [ 109.29004, 13.8676 ] ] ], [ [ [ 109.28064, 13.86828 ], [ 109.28003, 13.86791 ], [ 109.28003, 13.86772 ], [ 109.28024, 13.86733 ], [ 109.28054, 13.86724 ], [ 109.28102, 13.86773 ], [ 109.28142, 13.86747 ], [ 109.28165, 13.86771 ], [ 109.28148, 13.86818 ], [ 109.28064, 13.86828 ] ], [ [ 109.28022, 13.86764 ], [ 109.28021, 13.86783 ], [ 109.28041, 13.86792 ], [ 109.28067, 13.86819 ], [ 109.28129, 13.86808 ], [ 109.28149, 13.8677 ], [ 109.28081, 13.8681 ], [ 109.28068, 13.86783 ], [ 109.28045, 13.86742 ], [ 109.28022, 13.86764 ] ] ], [ [ [ 109.28884, 13.86811 ], [ 109.28851, 13.86851 ], [ 109.28813, 13.86807 ], [ 109.28833, 13.86754 ], [ 109.28823, 13.86614 ], [ 109.28839, 13.865 ], [ 109.28811, 13.86422 ], [ 109.28871, 13.86386 ], [ 109.28875, 13.86391 ], [ 109.28892, 13.8655 ], [ 109.28903, 13.86601 ], [ 109.28877, 13.86713 ], [ 109.28884, 13.86811 ] ], [ [ 109.28826, 13.86433 ], [ 109.28855, 13.86486 ], [ 109.28856, 13.86508 ], [ 109.2884, 13.86581 ], [ 109.28846, 13.86698 ], [ 109.28843, 13.86752 ], [ 109.28855, 13.86734 ], [ 109.28864, 13.86653 ], [ 109.28878, 13.86617 ], [ 109.28863, 13.86577 ], [ 109.28867, 13.86515 ], [ 109.28861, 13.86422 ], [ 109.28826, 13.86433 ] ] ], [ [ [ 109.27344, 13.86931 ], [ 109.27317, 13.86939 ], [ 109.2731, 13.86892 ], [ 109.27332, 13.86882 ], [ 109.27338, 13.86894 ], [ 109.27344, 13.86931 ] ], [ [ 109.27319, 13.86914 ], [ 109.27328, 13.86929 ], [ 109.27331, 13.86909 ], [ 109.27319, 13.86914 ] ] ], [ [ [ 109.28941, 13.86974 ], [ 109.28944, 13.86963 ], [ 109.28952, 13.86971 ], [ 109.28941, 13.86974 ] ] ], [ [ [ 109.28422, 13.86983 ], [ 109.284, 13.86972 ], [ 109.28413, 13.86962 ], [ 109.28422, 13.86983 ] ] ], [ [ [ 109.28941, 13.86974 ], [ 109.28932, 13.87005 ], [ 109.28918, 13.86989 ], [ 109.28941, 13.86974 ] ] ], [ [ [ 109.26049, 13.87043 ], [ 109.26009, 13.87057 ], [ 109.26014, 13.87014 ], [ 109.26036, 13.87008 ], [ 109.26049, 13.87043 ] ] ], [ [ [ 109.26379, 13.8686 ], [ 109.26357, 13.86914 ], [ 109.26377, 13.87001 ], [ 109.26372, 13.87039 ], [ 109.26341, 13.87062 ], [ 109.26303, 13.87057 ], [ 109.26282, 13.86984 ], [ 109.26299, 13.86859 ], [ 109.2632, 13.86825 ], [ 109.2637, 13.86821 ], [ 109.26379, 13.8686 ] ] ], [ [ [ 109.27747, 13.87074 ], [ 109.27747, 13.87065 ], [ 109.27802, 13.87066 ], [ 109.27802, 13.87075 ], [ 109.27747, 13.87074 ] ] ], [ [ [ 109.28354, 13.87085 ], [ 109.28342, 13.87108 ], [ 109.28336, 13.87062 ], [ 109.28357, 13.87052 ], [ 109.28354, 13.87085 ] ] ], [ [ [ 109.29099, 13.87141 ], [ 109.29035, 13.87132 ], [ 109.29037, 13.87115 ], [ 109.29088, 13.87111 ], [ 109.29099, 13.87141 ] ] ], [ [ [ 109.28843, 13.87155 ], [ 109.2879, 13.87148 ], [ 109.28776, 13.87051 ], [ 109.28797, 13.87024 ], [ 109.28819, 13.8699 ], [ 109.28815, 13.86959 ], [ 109.28848, 13.86947 ], [ 109.28866, 13.86973 ], [ 109.28861, 13.8701 ], [ 109.28863, 13.87026 ], [ 109.28909, 13.87021 ], [ 109.28905, 13.87048 ], [ 109.28919, 13.8707 ], [ 109.28876, 13.87103 ], [ 109.28843, 13.87155 ] ], [ [ 109.28808, 13.8707 ], [ 109.28797, 13.87129 ], [ 109.28835, 13.87136 ], [ 109.28831, 13.87114 ], [ 109.28838, 13.87076 ], [ 109.28829, 13.87055 ], [ 109.28808, 13.8707 ] ] ], [ [ [ 109.28527, 13.87173 ], [ 109.28511, 13.87165 ], [ 109.28532, 13.87161 ], [ 109.28527, 13.87173 ] ] ], [ [ [ 109.2892, 13.87254 ], [ 109.28912, 13.87286 ], [ 109.28861, 13.87291 ], [ 109.28874, 13.87234 ], [ 109.28902, 13.87227 ], [ 109.2892, 13.87254 ] ] ], [ [ [ 109.28656, 13.87267 ], [ 109.28674, 13.8728 ], [ 109.28644, 13.87301 ], [ 109.28629, 13.87267 ], [ 109.28652, 13.87262 ], [ 109.28656, 13.87267 ] ] ], [ [ [ 109.28078, 13.87285 ], [ 109.28096, 13.87294 ], [ 109.28106, 13.87312 ], [ 109.28084, 13.87306 ], [ 109.28078, 13.87285 ] ] ], [ [ [ 109.27985, 13.87302 ], [ 109.27995, 13.87302 ], [ 109.27995, 13.8732 ], [ 109.27985, 13.8732 ], [ 109.27985, 13.87302 ] ] ], [ [ [ 109.28106, 13.87312 ], [ 109.28115, 13.87312 ], [ 109.28115, 13.87321 ], [ 109.28106, 13.87321 ], [ 109.28106, 13.87312 ] ] ], [ [ [ 109.27995, 13.8732 ], [ 109.28004, 13.8732 ], [ 109.28004, 13.87329 ], [ 109.27994, 13.87329 ], [ 109.27995, 13.8732 ] ] ], [ [ [ 109.28845, 13.87352 ], [ 109.28796, 13.87375 ], [ 109.28773, 13.87323 ], [ 109.28731, 13.87288 ], [ 109.2879, 13.87281 ], [ 109.28796, 13.87287 ], [ 109.28851, 13.87303 ], [ 109.28845, 13.87352 ] ], [ [ 109.28804, 13.87332 ], [ 109.28821, 13.87348 ], [ 109.28827, 13.87326 ], [ 109.28804, 13.87332 ] ] ], [ [ [ 109.29224, 13.87383 ], [ 109.29175, 13.8735 ], [ 109.29132, 13.87334 ], [ 109.29173, 13.87307 ], [ 109.29197, 13.87302 ], [ 109.29201, 13.87316 ], [ 109.29217, 13.87354 ], [ 109.29224, 13.87383 ] ] ], [ [ [ 109.29224, 13.87383 ], [ 109.29234, 13.87383 ], [ 109.29234, 13.87401 ], [ 109.29224, 13.87401 ], [ 109.29224, 13.87383 ] ] ], [ [ [ 109.29243, 13.8741 ], [ 109.29243, 13.87419 ], [ 109.29233, 13.87419 ], [ 109.29234, 13.8741 ], [ 109.29243, 13.8741 ] ] ], [ [ [ 109.28942, 13.87377 ], [ 109.28954, 13.87388 ], [ 109.28942, 13.87421 ], [ 109.28933, 13.87449 ], [ 109.28925, 13.87458 ], [ 109.28915, 13.87412 ], [ 109.28897, 13.87379 ], [ 109.28938, 13.87372 ], [ 109.28942, 13.87377 ] ] ], [ [ [ 109.2816, 13.87394 ], [ 109.28168, 13.87383 ], [ 109.28211, 13.87393 ], [ 109.28233, 13.87423 ], [ 109.28213, 13.87453 ], [ 109.28206, 13.87457 ], [ 109.28214, 13.87415 ], [ 109.28184, 13.87398 ], [ 109.2816, 13.87394 ] ] ], [ [ [ 109.28031, 13.87456 ], [ 109.2803, 13.87465 ], [ 109.28021, 13.87465 ], [ 109.28021, 13.87456 ], [ 109.28031, 13.87456 ] ] ], [ [ [ 109.28021, 13.87465 ], [ 109.28021, 13.87474 ], [ 109.27966, 13.87474 ], [ 109.27966, 13.87465 ], [ 109.28021, 13.87465 ] ] ], [ [ [ 109.28206, 13.87457 ], [ 109.28199, 13.87471 ], [ 109.28163, 13.87478 ], [ 109.28147, 13.8749 ], [ 109.28126, 13.87496 ], [ 109.2812, 13.87508 ], [ 109.28113, 13.87511 ], [ 109.2812, 13.87464 ], [ 109.28174, 13.87452 ], [ 109.28206, 13.87457 ] ] ], [ [ [ 109.28113, 13.87511 ], [ 109.28109, 13.87531 ], [ 109.28095, 13.87538 ], [ 109.28099, 13.87518 ], [ 109.28113, 13.87511 ] ] ], [ [ [ 109.29306, 13.87555 ], [ 109.29306, 13.87564 ], [ 109.29297, 13.87564 ], [ 109.29297, 13.87555 ], [ 109.29306, 13.87555 ] ] ], [ [ [ 109.29315, 13.87601 ], [ 109.29306, 13.87601 ], [ 109.29306, 13.87582 ], [ 109.29316, 13.87583 ], [ 109.29315, 13.87601 ] ] ], [ [ [ 109.28868, 13.87599 ], [ 109.2886, 13.87591 ], [ 109.28871, 13.87588 ], [ 109.28868, 13.87599 ] ] ], [ [ [ 109.29315, 13.87601 ], [ 109.29325, 13.87601 ], [ 109.29325, 13.8761 ], [ 109.29315, 13.8761 ], [ 109.29315, 13.87601 ] ] ], [ [ [ 109.2875, 13.87628 ], [ 109.28672, 13.87633 ], [ 109.28617, 13.87618 ], [ 109.28562, 13.87608 ], [ 109.2859, 13.87562 ], [ 109.28655, 13.87527 ], [ 109.28696, 13.87531 ], [ 109.28713, 13.87495 ], [ 109.28756, 13.87476 ], [ 109.28748, 13.87447 ], [ 109.28712, 13.87367 ], [ 109.28744, 13.87362 ], [ 109.28802, 13.87432 ], [ 109.28806, 13.87476 ], [ 109.28757, 13.87516 ], [ 109.28765, 13.87565 ], [ 109.28781, 13.87593 ], [ 109.2875, 13.87628 ] ], [ [ 109.28599, 13.87573 ], [ 109.28597, 13.876 ], [ 109.28708, 13.8759 ], [ 109.28714, 13.87569 ], [ 109.28599, 13.87573 ] ], [ [ 109.28771, 13.87431 ], [ 109.28786, 13.87474 ], [ 109.28786, 13.87438 ], [ 109.2878, 13.87425 ], [ 109.28771, 13.87431 ] ] ], [ [ [ 109.28824, 13.87616 ], [ 109.28804, 13.87655 ], [ 109.28784, 13.87644 ], [ 109.28797, 13.87602 ], [ 109.28816, 13.87597 ], [ 109.28824, 13.87616 ] ] ], [ [ [ 109.29361, 13.87664 ], [ 109.29361, 13.87673 ], [ 109.29352, 13.87673 ], [ 109.29352, 13.87664 ], [ 109.29361, 13.87664 ] ] ], [ [ [ 109.29796, 13.87721 ], [ 109.29759, 13.87721 ], [ 109.29759, 13.87712 ], [ 109.29768, 13.87712 ], [ 109.29777, 13.87712 ], [ 109.29777, 13.87703 ], [ 109.29809, 13.87709 ], [ 109.29796, 13.87721 ] ] ], [ [ [ 109.29657, 13.87748 ], [ 109.29657, 13.87739 ], [ 109.29666, 13.87739 ], [ 109.29666, 13.87748 ], [ 109.29657, 13.87748 ] ] ], [ [ [ 109.29657, 13.87748 ], [ 109.29657, 13.87757 ], [ 109.29647, 13.87757 ], [ 109.29647, 13.87748 ], [ 109.29657, 13.87748 ] ] ], [ [ [ 109.27241, 13.87875 ], [ 109.27222, 13.87884 ], [ 109.2723, 13.87862 ], [ 109.27241, 13.87875 ] ] ], [ [ [ 109.27241, 13.87875 ], [ 109.2726, 13.87875 ], [ 109.27259, 13.87884 ], [ 109.27241, 13.87884 ], [ 109.27241, 13.87875 ] ] ], [ [ [ 109.24798, 13.87734 ], [ 109.24848, 13.87755 ], [ 109.24859, 13.87817 ], [ 109.2483, 13.87863 ], [ 109.2478, 13.87876 ], [ 109.2477, 13.87723 ], [ 109.24781, 13.87713 ], [ 109.24798, 13.87734 ] ] ], [ [ [ 109.27259, 13.87884 ], [ 109.27269, 13.87884 ], [ 109.27269, 13.87894 ], [ 109.27259, 13.87893 ], [ 109.27259, 13.87884 ] ] ], [ [ [ 109.27269, 13.87894 ], [ 109.27278, 13.87894 ], [ 109.27278, 13.87903 ], [ 109.27269, 13.87903 ], [ 109.27269, 13.87894 ] ] ], [ [ [ 109.27278, 13.87903 ], [ 109.27296, 13.87903 ], [ 109.27296, 13.87912 ], [ 109.27278, 13.87912 ], [ 109.27278, 13.87903 ] ] ], [ [ [ 109.27222, 13.87884 ], [ 109.27222, 13.8792 ], [ 109.27213, 13.8792 ], [ 109.27213, 13.87884 ], [ 109.27222, 13.87884 ] ] ], [ [ [ 109.27213, 13.8792 ], [ 109.27213, 13.87938 ], [ 109.27204, 13.87938 ], [ 109.27204, 13.8792 ], [ 109.27213, 13.8792 ] ] ], [ [ [ 109.27204, 13.87938 ], [ 109.27203, 13.87956 ], [ 109.27194, 13.87956 ], [ 109.27194, 13.87938 ], [ 109.27204, 13.87938 ] ] ], [ [ [ 109.27389, 13.87949 ], [ 109.27398, 13.87949 ], [ 109.27398, 13.87958 ], [ 109.27388, 13.87958 ], [ 109.27389, 13.87949 ] ] ], [ [ [ 109.27768, 13.87951 ], [ 109.27768, 13.8796 ], [ 109.27759, 13.8796 ], [ 109.27759, 13.87951 ], [ 109.27768, 13.87951 ] ] ], [ [ [ 109.27194, 13.87956 ], [ 109.27194, 13.87965 ], [ 109.27185, 13.87965 ], [ 109.27185, 13.87956 ], [ 109.27194, 13.87956 ] ] ], [ [ [ 109.27759, 13.8796 ], [ 109.27758, 13.87969 ], [ 109.2774, 13.87969 ], [ 109.2774, 13.8796 ], [ 109.27759, 13.8796 ] ] ], [ [ [ 109.2774, 13.87969 ], [ 109.2774, 13.87978 ], [ 109.27731, 13.87978 ], [ 109.27731, 13.87969 ], [ 109.2774, 13.87969 ] ] ], [ [ [ 109.27185, 13.87965 ], [ 109.2717, 13.87987 ], [ 109.27127, 13.87976 ], [ 109.2712, 13.87965 ], [ 109.27152, 13.8797 ], [ 109.27185, 13.87965 ] ] ], [ [ [ 109.25561, 13.87941 ], [ 109.25593, 13.87965 ], [ 109.25586, 13.88007 ], [ 109.25553, 13.88021 ], [ 109.25509, 13.87989 ], [ 109.25517, 13.87942 ], [ 109.25557, 13.87936 ], [ 109.25561, 13.87941 ] ] ], [ [ [ 109.27998, 13.88152 ], [ 109.28007, 13.88152 ], [ 109.28007, 13.88161 ], [ 109.27998, 13.88161 ], [ 109.27998, 13.88152 ] ] ], [ [ [ 109.28007, 13.88161 ], [ 109.28016, 13.88161 ], [ 109.28016, 13.8817 ], [ 109.28007, 13.8817 ], [ 109.28007, 13.88161 ] ] ], [ [ [ 109.29581, 13.8818 ], [ 109.29597, 13.8821 ], [ 109.29592, 13.8824 ], [ 109.29567, 13.88213 ], [ 109.29535, 13.88198 ], [ 109.2952, 13.88168 ], [ 109.2962, 13.87918 ], [ 109.2969, 13.87834 ], [ 109.29702, 13.87847 ], [ 109.29693, 13.87847 ], [ 109.29693, 13.87865 ], [ 109.29666, 13.87889 ], [ 109.29607, 13.88047 ], [ 109.29594, 13.88122 ], [ 109.29581, 13.8818 ] ], [ [ 109.29576, 13.88064 ], [ 109.29563, 13.8811 ], [ 109.29539, 13.88166 ], [ 109.2956, 13.88172 ], [ 109.29586, 13.88096 ], [ 109.2959, 13.88054 ], [ 109.29576, 13.88064 ] ], [ [ 109.29587, 13.88032 ], [ 109.29595, 13.88048 ], [ 109.29599, 13.88027 ], [ 109.29587, 13.88032 ] ], [ [ 109.29595, 13.87998 ], [ 109.29607, 13.88022 ], [ 109.29618, 13.87982 ], [ 109.29595, 13.87998 ] ], [ [ 109.29624, 13.87926 ], [ 109.29633, 13.87949 ], [ 109.29637, 13.87919 ], [ 109.29624, 13.87926 ] ] ], [ [ [ 109.27959, 13.88341 ], [ 109.27987, 13.88341 ], [ 109.27987, 13.88351 ], [ 109.27959, 13.8835 ], [ 109.27959, 13.88341 ] ] ], [ [ [ 109.29139, 13.88406 ], [ 109.29131, 13.88391 ], [ 109.29143, 13.88386 ], [ 109.29139, 13.88406 ] ] ], [ [ [ 109.29517, 13.8839 ], [ 109.29458, 13.8841 ], [ 109.29434, 13.88393 ], [ 109.29425, 13.8834 ], [ 109.29389, 13.8829 ], [ 109.29398, 13.88265 ], [ 109.29445, 13.88291 ], [ 109.29463, 13.88275 ], [ 109.29484, 13.88252 ], [ 109.29514, 13.88244 ], [ 109.29529, 13.88277 ], [ 109.29517, 13.8839 ] ], [ [ 109.29483, 13.88299 ], [ 109.29489, 13.88373 ], [ 109.29501, 13.88358 ], [ 109.29505, 13.88289 ], [ 109.29483, 13.88299 ] ] ], [ [ [ 109.2708, 13.8838 ], [ 109.2707, 13.88417 ], [ 109.27027, 13.88433 ], [ 109.26987, 13.88407 ], [ 109.2697, 13.88361 ], [ 109.26978, 13.88327 ], [ 109.27006, 13.88285 ], [ 109.27035, 13.88277 ], [ 109.27059, 13.88311 ], [ 109.27095, 13.88321 ], [ 109.27117, 13.88335 ], [ 109.2711, 13.88365 ], [ 109.2708, 13.8838 ], [ 109.27073, 13.88352 ], [ 109.27043, 13.88371 ], [ 109.2704, 13.88351 ], [ 109.27023, 13.88368 ], [ 109.27043, 13.88371 ], [ 109.27039, 13.88385 ], [ 109.27023, 13.88393 ], [ 109.27011, 13.88345 ], [ 109.26986, 13.8835 ], [ 109.26995, 13.88393 ], [ 109.27046, 13.88402 ], [ 109.2708, 13.8838 ] ] ], [ [ [ 109.27667, 13.87833 ], [ 109.27594, 13.87838 ], [ 109.27561, 13.87855 ], [ 109.27518, 13.87864 ], [ 109.27533, 13.87892 ], [ 109.27505, 13.87916 ], [ 109.27584, 13.87925 ], [ 109.27623, 13.87883 ], [ 109.27648, 13.87893 ], [ 109.27662, 13.87919 ], [ 109.27672, 13.87973 ], [ 109.27721, 13.87978 ], [ 109.27717, 13.87983 ], [ 109.27652, 13.87992 ], [ 109.27641, 13.88079 ], [ 109.27623, 13.88108 ], [ 109.27614, 13.88244 ], [ 109.27566, 13.88343 ], [ 109.27557, 13.8838 ], [ 109.27535, 13.88429 ], [ 109.27513, 13.88446 ], [ 109.27427, 13.88469 ], [ 109.27282, 13.88476 ], [ 109.27265, 13.88454 ], [ 109.27323, 13.88467 ], [ 109.2738, 13.88458 ], [ 109.27372, 13.88441 ], [ 109.2729, 13.88431 ], [ 109.27267, 13.88369 ], [ 109.27243, 13.88394 ], [ 109.27261, 13.8844 ], [ 109.27265, 13.88454 ], [ 109.27246, 13.88438 ], [ 109.27231, 13.88387 ], [ 109.27234, 13.88343 ], [ 109.27272, 13.8829 ], [ 109.2727, 13.88237 ], [ 109.27251, 13.88202 ], [ 109.27194, 13.88205 ], [ 109.27136, 13.88236 ], [ 109.27077, 13.88183 ], [ 109.27112, 13.88153 ], [ 109.27276, 13.88142 ], [ 109.27319, 13.8819 ], [ 109.27351, 13.88295 ], [ 109.27316, 13.88357 ], [ 109.27344, 13.88395 ], [ 109.27348, 13.88409 ], [ 109.27333, 13.88406 ], [ 109.27308, 13.88388 ], [ 109.27298, 13.88413 ], [ 109.2734, 13.88422 ], [ 109.27348, 13.88409 ], [ 109.27411, 13.88403 ], [ 109.27462, 13.8838 ], [ 109.27492, 13.88353 ], [ 109.27504, 13.88282 ], [ 109.27539, 13.88225 ], [ 109.27572, 13.88184 ], [ 109.27549, 13.8812 ], [ 109.27581, 13.88046 ], [ 109.27539, 13.87982 ], [ 109.27514, 13.87981 ], [ 109.27459, 13.88017 ], [ 109.2741, 13.87995 ], [ 109.27398, 13.87958 ], [ 109.27431, 13.8798 ], [ 109.27442, 13.8796 ], [ 109.27438, 13.87941 ], [ 109.27485, 13.8791 ], [ 109.27475, 13.87882 ], [ 109.27448, 13.87898 ], [ 109.27435, 13.87916 ], [ 109.2742, 13.87909 ], [ 109.27417, 13.87904 ], [ 109.27431, 13.879 ], [ 109.27472, 13.8783 ], [ 109.2756, 13.87838 ], [ 109.27579, 13.87828 ], [ 109.27655, 13.8782 ], [ 109.27667, 13.87833 ] ], [ [ 109.27617, 13.87911 ], [ 109.27624, 13.87944 ], [ 109.27639, 13.87924 ], [ 109.27629, 13.87905 ], [ 109.27617, 13.87911 ] ], [ [ 109.27604, 13.87982 ], [ 109.2761, 13.87964 ], [ 109.27586, 13.87956 ], [ 109.27583, 13.8795 ], [ 109.27542, 13.87954 ], [ 109.27555, 13.87989 ], [ 109.27604, 13.87982 ] ], [ [ 109.27612, 13.88201 ], [ 109.27606, 13.88152 ], [ 109.276, 13.8814 ], [ 109.27578, 13.88144 ], [ 109.27585, 13.88215 ], [ 109.27612, 13.88201 ] ], [ [ 109.27202, 13.88182 ], [ 109.27248, 13.88183 ], [ 109.27248, 13.88165 ], [ 109.27202, 13.88164 ], [ 109.27202, 13.88182 ] ] ], [ [ [ 109.27745, 13.88493 ], [ 109.27745, 13.88484 ], [ 109.27764, 13.88485 ], [ 109.27764, 13.88494 ], [ 109.27745, 13.88493 ] ] ], [ [ [ 109.29354, 13.88498 ], [ 109.2931, 13.88508 ], [ 109.29316, 13.88472 ], [ 109.29345, 13.88434 ], [ 109.29383, 13.88424 ], [ 109.29393, 13.88447 ], [ 109.29354, 13.88498 ] ], [ [ 109.29355, 13.8846 ], [ 109.29324, 13.88467 ], [ 109.29332, 13.88494 ], [ 109.29355, 13.8846 ], [ 109.29365, 13.8846 ], [ 109.29365, 13.88451 ], [ 109.29376, 13.88448 ], [ 109.29368, 13.8844 ], [ 109.29365, 13.88451 ], [ 109.29355, 13.88451 ], [ 109.29355, 13.8846 ] ] ], [ [ [ 109.29623, 13.88516 ], [ 109.29614, 13.88516 ], [ 109.29614, 13.88507 ], [ 109.29623, 13.88507 ], [ 109.29623, 13.88516 ] ] ], [ [ [ 109.29623, 13.88516 ], [ 109.29635, 13.88521 ], [ 109.29627, 13.88536 ], [ 109.29623, 13.88516 ] ] ], [ [ [ 109.27014, 13.88515 ], [ 109.27088, 13.88516 ], [ 109.27088, 13.88525 ], [ 109.27014, 13.88524 ], [ 109.27014, 13.88515 ] ] ], [ [ [ 109.27014, 13.88552 ], [ 109.26995, 13.88551 ], [ 109.26995, 13.8856 ], [ 109.26974, 13.88547 ], [ 109.27006, 13.88539 ], [ 109.27014, 13.88552 ] ] ], [ [ [ 109.27014, 13.88552 ], [ 109.27043, 13.88566 ], [ 109.27002, 13.88573 ], [ 109.26995, 13.8856 ], [ 109.27014, 13.88561 ], [ 109.27014, 13.88552 ] ] ], [ [ [ 109.2706, 13.88579 ], [ 109.27048, 13.88574 ], [ 109.2706, 13.8857 ], [ 109.2706, 13.88579 ] ] ], [ [ [ 109.27091, 13.88575 ], [ 109.27069, 13.88579 ], [ 109.27069, 13.8857 ], [ 109.27091, 13.88575 ] ] ], [ [ [ 109.28309, 13.8857 ], [ 109.28309, 13.88597 ], [ 109.283, 13.88597 ], [ 109.283, 13.8857 ], [ 109.28309, 13.8857 ] ] ], [ [ [ 109.27014, 13.88515 ], [ 109.26967, 13.8852 ], [ 109.26951, 13.88561 ], [ 109.26981, 13.88597 ], [ 109.27056, 13.88628 ], [ 109.27125, 13.88616 ], [ 109.27148, 13.88579 ], [ 109.27124, 13.8854 ], [ 109.27097, 13.88525 ], [ 109.27104, 13.88518 ], [ 109.2715, 13.88521 ], [ 109.27171, 13.88567 ], [ 109.27146, 13.88624 ], [ 109.2706, 13.88647 ], [ 109.27004, 13.88626 ], [ 109.26952, 13.8859 ], [ 109.26935, 13.88553 ], [ 109.26937, 13.88513 ], [ 109.27002, 13.88502 ], [ 109.27014, 13.88515 ] ] ], [ [ [ 109.27689, 13.88638 ], [ 109.27694, 13.88642 ], [ 109.27706, 13.88672 ], [ 109.27699, 13.88711 ], [ 109.27633, 13.88722 ], [ 109.27623, 13.8871 ], [ 109.27658, 13.88706 ], [ 109.27685, 13.88688 ], [ 109.27689, 13.88638 ] ] ], [ [ [ 109.27586, 13.88727 ], [ 109.27586, 13.88709 ], [ 109.27605, 13.88709 ], [ 109.27599, 13.88721 ], [ 109.27586, 13.88727 ] ] ], [ [ [ 109.27586, 13.88727 ], [ 109.27586, 13.88754 ], [ 109.27577, 13.88754 ], [ 109.27577, 13.88727 ], [ 109.27586, 13.88727 ] ] ], [ [ [ 109.27271, 13.8877 ], [ 109.27268, 13.88776 ], [ 109.27249, 13.88782 ], [ 109.27241, 13.88758 ], [ 109.27276, 13.88741 ], [ 109.27284, 13.88764 ], [ 109.27271, 13.8877 ], [ 109.27266, 13.88759 ], [ 109.2725, 13.88767 ], [ 109.27271, 13.8877 ] ] ], [ [ [ 109.25217, 13.88828 ], [ 109.25228, 13.88831 ], [ 109.2522, 13.88839 ], [ 109.25217, 13.88828 ] ] ], [ [ [ 109.28309, 13.8857 ], [ 109.28304, 13.8852 ], [ 109.28268, 13.88528 ], [ 109.28186, 13.88589 ], [ 109.281, 13.886 ], [ 109.28055, 13.88618 ], [ 109.27962, 13.88628 ], [ 109.27924, 13.8866 ], [ 109.27877, 13.88734 ], [ 109.2784, 13.88797 ], [ 109.2781, 13.88816 ], [ 109.27772, 13.88857 ], [ 109.27608, 13.88944 ], [ 109.27606, 13.88975 ], [ 109.27626, 13.88985 ], [ 109.27703, 13.88996 ], [ 109.27714, 13.89008 ], [ 109.27705, 13.89019 ], [ 109.27658, 13.89053 ], [ 109.27653, 13.89049 ], [ 109.27578, 13.89037 ], [ 109.27557, 13.88994 ], [ 109.27532, 13.88946 ], [ 109.27547, 13.88889 ], [ 109.27599, 13.88877 ], [ 109.2762, 13.88837 ], [ 109.27664, 13.88823 ], [ 109.27699, 13.88806 ], [ 109.27792, 13.88728 ], [ 109.27874, 13.88597 ], [ 109.27987, 13.88537 ], [ 109.28057, 13.88555 ], [ 109.28108, 13.88555 ], [ 109.28203, 13.88474 ], [ 109.28252, 13.88446 ], [ 109.28298, 13.88448 ], [ 109.28353, 13.88476 ], [ 109.28369, 13.88531 ], [ 109.28343, 13.88628 ], [ 109.28387, 13.88584 ], [ 109.28411, 13.88562 ], [ 109.28508, 13.88547 ], [ 109.28582, 13.88549 ], [ 109.28626, 13.88549 ], [ 109.28685, 13.88564 ], [ 109.28757, 13.88618 ], [ 109.28803, 13.8864 ], [ 109.28808, 13.88646 ], [ 109.28696, 13.88636 ], [ 109.28549, 13.88644 ], [ 109.28536, 13.88622 ], [ 109.28509, 13.88639 ], [ 109.28549, 13.88644 ], [ 109.28546, 13.8865 ], [ 109.28506, 13.88655 ], [ 109.28493, 13.88661 ], [ 109.28477, 13.88639 ], [ 109.28425, 13.88648 ], [ 109.28401, 13.88679 ], [ 109.2835, 13.88693 ], [ 109.28327, 13.88696 ], [ 109.28286, 13.88674 ], [ 109.28277, 13.88614 ], [ 109.283, 13.88597 ], [ 109.28306, 13.88637 ], [ 109.2833, 13.88613 ], [ 109.2835, 13.88548 ], [ 109.28324, 13.88544 ], [ 109.28314, 13.88566 ], [ 109.28309, 13.8857 ] ], [ [ 109.27655, 13.89022 ], [ 109.2764, 13.88999 ], [ 109.27608, 13.89003 ], [ 109.27619, 13.8903 ], [ 109.27655, 13.89022 ] ], [ [ 109.28395, 13.88611 ], [ 109.28332, 13.88657 ], [ 109.28386, 13.88657 ], [ 109.28416, 13.88621 ], [ 109.2842, 13.88607 ], [ 109.28395, 13.88611 ] ] ], [ [ [ 109.29152, 13.8905 ], [ 109.29157, 13.89055 ], [ 109.2915, 13.89086 ], [ 109.29136, 13.89033 ], [ 109.29152, 13.8905 ] ] ], [ [ [ 109.29175, 13.89118 ], [ 109.29166, 13.89118 ], [ 109.29165, 13.89127 ], [ 109.29153, 13.89121 ], [ 109.2916, 13.89093 ], [ 109.29175, 13.891 ], [ 109.29175, 13.89118 ] ] ], [ [ [ 109.29175, 13.89118 ], [ 109.29184, 13.89118 ], [ 109.29184, 13.89127 ], [ 109.29175, 13.89127 ], [ 109.29175, 13.89118 ] ] ], [ [ [ 109.29175, 13.89127 ], [ 109.29175, 13.89145 ], [ 109.29165, 13.89145 ], [ 109.29165, 13.89127 ], [ 109.29175, 13.89127 ] ] ], [ [ [ 109.29184, 13.89145 ], [ 109.29184, 13.89136 ], [ 109.29193, 13.89136 ], [ 109.29193, 13.89145 ], [ 109.29184, 13.89145 ] ] ], [ [ [ 109.29184, 13.89145 ], [ 109.29184, 13.89163 ], [ 109.29174, 13.89163 ], [ 109.29175, 13.89145 ], [ 109.29184, 13.89145 ] ] ], [ [ [ 109.29193, 13.89163 ], [ 109.29193, 13.89154 ], [ 109.29202, 13.89154 ], [ 109.29202, 13.89163 ], [ 109.29193, 13.89163 ] ] ], [ [ [ 109.29193, 13.89163 ], [ 109.29193, 13.89172 ], [ 109.29184, 13.89172 ], [ 109.29184, 13.89163 ], [ 109.29193, 13.89163 ] ] ], [ [ [ 109.29072, 13.8919 ], [ 109.29045, 13.89189 ], [ 109.29045, 13.89162 ], [ 109.29045, 13.89153 ], [ 109.29036, 13.89153 ], [ 109.2904, 13.89121 ], [ 109.29051, 13.89095 ], [ 109.29097, 13.88922 ], [ 109.29111, 13.88919 ], [ 109.29116, 13.8894 ], [ 109.29133, 13.88916 ], [ 109.29121, 13.8891 ], [ 109.29116, 13.88888 ], [ 109.29107, 13.88834 ], [ 109.29094, 13.88801 ], [ 109.29107, 13.88786 ], [ 109.29184, 13.88807 ], [ 109.29177, 13.88865 ], [ 109.29183, 13.88918 ], [ 109.2917, 13.88972 ], [ 109.2915, 13.88988 ], [ 109.29118, 13.88985 ], [ 109.29082, 13.8901 ], [ 109.29063, 13.89164 ], [ 109.29072, 13.8919 ] ], [ [ 109.29144, 13.88968 ], [ 109.29159, 13.88956 ], [ 109.29165, 13.88906 ], [ 109.29161, 13.88869 ], [ 109.29168, 13.8882 ], [ 109.29117, 13.88826 ], [ 109.29125, 13.88843 ], [ 109.29136, 13.88851 ], [ 109.29144, 13.88968 ] ] ], [ [ [ 109.29193, 13.89172 ], [ 109.29202, 13.89173 ], [ 109.29211, 13.89173 ], [ 109.29206, 13.89194 ], [ 109.29193, 13.89172 ] ] ], [ [ [ 109.29072, 13.8919 ], [ 109.29082, 13.8919 ], [ 109.29082, 13.89199 ], [ 109.29072, 13.89199 ], [ 109.29072, 13.8919 ] ] ], [ [ [ 109.29082, 13.89199 ], [ 109.29091, 13.89199 ], [ 109.29091, 13.89208 ], [ 109.29082, 13.89208 ], [ 109.29082, 13.89199 ] ] ], [ [ [ 109.29091, 13.89208 ], [ 109.291, 13.89208 ], [ 109.291, 13.89217 ], [ 109.29091, 13.89217 ], [ 109.29091, 13.89208 ] ] ], [ [ [ 109.291, 13.89217 ], [ 109.29109, 13.89217 ], [ 109.29109, 13.89226 ], [ 109.291, 13.89226 ], [ 109.291, 13.89217 ] ] ], [ [ [ 109.29183, 13.89299 ], [ 109.29173, 13.89299 ], [ 109.29174, 13.8929 ], [ 109.29183, 13.8929 ], [ 109.29183, 13.89299 ] ] ], [ [ [ 109.2577, 13.88794 ], [ 109.25758, 13.88836 ], [ 109.25748, 13.88954 ], [ 109.25738, 13.8899 ], [ 109.25724, 13.89131 ], [ 109.2569, 13.89214 ], [ 109.25655, 13.89287 ], [ 109.25627, 13.89289 ], [ 109.25608, 13.89272 ], [ 109.25592, 13.89227 ], [ 109.25627, 13.89152 ], [ 109.25668, 13.89023 ], [ 109.25662, 13.88911 ], [ 109.25675, 13.88854 ], [ 109.25686, 13.88778 ], [ 109.25732, 13.88748 ], [ 109.25824, 13.88738 ], [ 109.25858, 13.8872 ], [ 109.25881, 13.88736 ], [ 109.2592, 13.88789 ], [ 109.25959, 13.8881 ], [ 109.26007, 13.88813 ], [ 109.26022, 13.88785 ], [ 109.25984, 13.88694 ], [ 109.25966, 13.88624 ], [ 109.25984, 13.8855 ], [ 109.26011, 13.88513 ], [ 109.26029, 13.88431 ], [ 109.26062, 13.88328 ], [ 109.261, 13.88189 ], [ 109.26143, 13.88097 ], [ 109.26135, 13.88034 ], [ 109.26108, 13.87943 ], [ 109.26128, 13.87797 ], [ 109.26219, 13.87729 ], [ 109.26262, 13.87724 ], [ 109.2627, 13.87764 ], [ 109.2625, 13.87806 ], [ 109.26231, 13.87826 ], [ 109.26174, 13.87861 ], [ 109.2617, 13.87919 ], [ 109.26199, 13.87999 ], [ 109.26235, 13.88082 ], [ 109.26201, 13.88165 ], [ 109.26151, 13.88227 ], [ 109.26154, 13.88279 ], [ 109.26137, 13.88377 ], [ 109.26103, 13.88468 ], [ 109.26094, 13.88496 ], [ 109.26043, 13.88601 ], [ 109.26056, 13.88648 ], [ 109.26065, 13.8874 ], [ 109.2609, 13.88739 ], [ 109.26095, 13.88825 ], [ 109.26082, 13.88847 ], [ 109.26065, 13.88883 ], [ 109.26046, 13.88884 ], [ 109.26007, 13.8887 ], [ 109.25922, 13.88887 ], [ 109.25878, 13.88856 ], [ 109.25795, 13.88783 ], [ 109.2577, 13.88794 ] ], [ [ 109.26019, 13.8873 ], [ 109.26048, 13.88783 ], [ 109.26063, 13.8877 ], [ 109.26041, 13.88725 ], [ 109.26019, 13.8873 ] ] ], [ [ [ 109.29257, 13.89318 ], [ 109.29257, 13.89327 ], [ 109.29247, 13.89326 ], [ 109.29247, 13.89317 ], [ 109.29257, 13.89318 ] ] ], [ [ [ 109.29312, 13.89327 ], [ 109.29307, 13.89323 ], [ 109.29296, 13.89296 ], [ 109.29253, 13.89266 ], [ 109.29263, 13.89233 ], [ 109.29304, 13.8925 ], [ 109.29316, 13.89296 ], [ 109.29321, 13.893 ], [ 109.29321, 13.89309 ], [ 109.29312, 13.89309 ], [ 109.29312, 13.89327 ] ], [ [ 109.29271, 13.89264 ], [ 109.29293, 13.89276 ], [ 109.29285, 13.89254 ], [ 109.29271, 13.89264 ] ] ], [ [ [ 109.29183, 13.89299 ], [ 109.29234, 13.89312 ], [ 109.29238, 13.89317 ], [ 109.29198, 13.89327 ], [ 109.29183, 13.89299 ] ] ], [ [ [ 109.2933, 13.89336 ], [ 109.29321, 13.89336 ], [ 109.29321, 13.89345 ], [ 109.29312, 13.89345 ], [ 109.29312, 13.89327 ], [ 109.29321, 13.89327 ], [ 109.29321, 13.89318 ], [ 109.29331, 13.89318 ], [ 109.29331, 13.89327 ], [ 109.2933, 13.89336 ] ] ], [ [ [ 109.29275, 13.89354 ], [ 109.29275, 13.89363 ], [ 109.29265, 13.89363 ], [ 109.29266, 13.89354 ], [ 109.29275, 13.89354 ] ] ], [ [ [ 109.2933, 13.89336 ], [ 109.2934, 13.89336 ], [ 109.29337, 13.89374 ], [ 109.29323, 13.89361 ], [ 109.29321, 13.89345 ], [ 109.2933, 13.89345 ], [ 109.2933, 13.89336 ] ] ], [ [ [ 109.29284, 13.8939 ], [ 109.29284, 13.89399 ], [ 109.29274, 13.89399 ], [ 109.29275, 13.8939 ], [ 109.29284, 13.8939 ] ] ], [ [ [ 109.29293, 13.89417 ], [ 109.29284, 13.89417 ], [ 109.29284, 13.89408 ], [ 109.29293, 13.89408 ], [ 109.29293, 13.89417 ] ] ], [ [ [ 109.29367, 13.89427 ], [ 109.29367, 13.89418 ], [ 109.29376, 13.89418 ], [ 109.29376, 13.89427 ], [ 109.29367, 13.89427 ] ] ], [ [ [ 109.29367, 13.89427 ], [ 109.29354, 13.89451 ], [ 109.29339, 13.89454 ], [ 109.29293, 13.89453 ], [ 109.29293, 13.89417 ], [ 109.29315, 13.89423 ], [ 109.29367, 13.89427 ] ] ], [ [ [ 109.26234, 13.89488 ], [ 109.26188, 13.89508 ], [ 109.2605, 13.89476 ], [ 109.25992, 13.89451 ], [ 109.25958, 13.89398 ], [ 109.2595, 13.89268 ], [ 109.26038, 13.89219 ], [ 109.26084, 13.89214 ], [ 109.26088, 13.89219 ], [ 109.26122, 13.89234 ], [ 109.26162, 13.89262 ], [ 109.26193, 13.89297 ], [ 109.26244, 13.89341 ], [ 109.26266, 13.89391 ], [ 109.26262, 13.89441 ], [ 109.26234, 13.89488 ] ], [ [ 109.26209, 13.89462 ], [ 109.26238, 13.8945 ], [ 109.26253, 13.89386 ], [ 109.2623, 13.89341 ], [ 109.26198, 13.89319 ], [ 109.26194, 13.89314 ], [ 109.26157, 13.89318 ], [ 109.2617, 13.89337 ], [ 109.26215, 13.89367 ], [ 109.26223, 13.89405 ], [ 109.26209, 13.89462 ] ], [ [ 109.26207, 13.89403 ], [ 109.26186, 13.89366 ], [ 109.26149, 13.89349 ], [ 109.26102, 13.89295 ], [ 109.26033, 13.893 ], [ 109.26017, 13.8934 ], [ 109.26038, 13.89386 ], [ 109.26185, 13.8944 ], [ 109.26207, 13.89403 ] ] ], [ [ [ 109.26812, 13.89553 ], [ 109.26812, 13.89544 ], [ 109.26849, 13.89545 ], [ 109.26849, 13.89554 ], [ 109.26812, 13.89553 ] ] ], [ [ [ 109.26812, 13.89553 ], [ 109.26812, 13.89562 ], [ 109.26794, 13.89562 ], [ 109.26794, 13.89553 ], [ 109.26812, 13.89553 ] ] ], [ [ [ 109.26794, 13.89562 ], [ 109.26794, 13.89571 ], [ 109.26784, 13.89571 ], [ 109.26784, 13.89562 ], [ 109.26794, 13.89562 ] ] ], [ [ [ 109.26784, 13.89616 ], [ 109.26775, 13.89616 ], [ 109.26775, 13.8958 ], [ 109.26784, 13.8958 ], [ 109.26784, 13.89616 ] ] ], [ [ [ 109.26784, 13.89616 ], [ 109.26793, 13.89617 ], [ 109.26793, 13.89626 ], [ 109.26784, 13.89625 ], [ 109.26784, 13.89616 ] ] ], [ [ [ 109.26793, 13.89626 ], [ 109.26808, 13.89633 ], [ 109.26814, 13.89687 ], [ 109.26793, 13.89698 ], [ 109.26802, 13.89662 ], [ 109.26793, 13.89626 ] ] ], [ [ [ 109.26793, 13.89698 ], [ 109.26797, 13.89739 ], [ 109.26843, 13.89793 ], [ 109.26842, 13.89804 ], [ 109.26822, 13.89822 ], [ 109.26783, 13.89819 ], [ 109.26752, 13.89771 ], [ 109.26742, 13.89692 ], [ 109.26679, 13.89695 ], [ 109.2664, 13.89715 ], [ 109.26583, 13.89728 ], [ 109.26562, 13.89751 ], [ 109.26463, 13.89817 ], [ 109.26306, 13.89825 ], [ 109.26285, 13.89857 ], [ 109.26262, 13.89926 ], [ 109.26205, 13.89975 ], [ 109.26173, 13.90017 ], [ 109.26156, 13.90032 ], [ 109.26147, 13.90051 ], [ 109.26114, 13.90102 ], [ 109.26095, 13.90145 ], [ 109.26053, 13.90149 ], [ 109.26012, 13.90153 ], [ 109.26018, 13.90105 ], [ 109.26055, 13.90059 ], [ 109.26083, 13.90012 ], [ 109.26129, 13.8995 ], [ 109.26192, 13.89879 ], [ 109.26207, 13.89833 ], [ 109.26233, 13.89798 ], [ 109.2626, 13.89752 ], [ 109.26291, 13.89734 ], [ 109.26279, 13.89706 ], [ 109.26232, 13.89686 ], [ 109.2619, 13.89662 ], [ 109.26163, 13.89672 ], [ 109.2614, 13.89725 ], [ 109.26122, 13.89853 ], [ 109.26077, 13.89957 ], [ 109.26042, 13.8998 ], [ 109.25982, 13.90006 ], [ 109.25948, 13.90035 ], [ 109.25939, 13.90044 ], [ 109.25934, 13.9004 ], [ 109.25903, 13.89954 ], [ 109.25928, 13.89949 ], [ 109.25944, 13.8995 ], [ 109.25981, 13.89922 ], [ 109.26018, 13.89912 ], [ 109.26041, 13.89795 ], [ 109.26083, 13.89742 ], [ 109.261, 13.89658 ], [ 109.26136, 13.8962 ], [ 109.2619, 13.89591 ], [ 109.2625, 13.8961 ], [ 109.26356, 13.89654 ], [ 109.26409, 13.89618 ], [ 109.26443, 13.89565 ], [ 109.26477, 13.89481 ], [ 109.26533, 13.89447 ], [ 109.26596, 13.89373 ], [ 109.26578, 13.89303 ], [ 109.26551, 13.89227 ], [ 109.2659, 13.89168 ], [ 109.26624, 13.89179 ], [ 109.26643, 13.8925 ], [ 109.2667, 13.89314 ], [ 109.26672, 13.89344 ], [ 109.26655, 13.89394 ], [ 109.26626, 13.89456 ], [ 109.26542, 13.89507 ], [ 109.26521, 13.89545 ], [ 109.26511, 13.89613 ], [ 109.26437, 13.89692 ], [ 109.264, 13.89718 ], [ 109.26372, 13.8973 ], [ 109.26394, 13.89744 ], [ 109.26453, 13.89733 ], [ 109.2656, 13.89658 ], [ 109.26594, 13.89646 ], [ 109.26671, 13.89635 ], [ 109.26715, 13.89566 ], [ 109.26732, 13.89514 ], [ 109.26771, 13.89485 ], [ 109.26809, 13.89459 ], [ 109.26853, 13.894 ], [ 109.26946, 13.89337 ], [ 109.26995, 13.89276 ], [ 109.27033, 13.89214 ], [ 109.27115, 13.89143 ], [ 109.27119, 13.89082 ], [ 109.27074, 13.89068 ], [ 109.27035, 13.88995 ], [ 109.27061, 13.88981 ], [ 109.27084, 13.88971 ], [ 109.27116, 13.88937 ], [ 109.27144, 13.88935 ], [ 109.27173, 13.88982 ], [ 109.27194, 13.89027 ], [ 109.273, 13.89019 ], [ 109.27324, 13.88942 ], [ 109.27405, 13.88879 ], [ 109.27377, 13.88857 ], [ 109.27341, 13.8884 ], [ 109.27324, 13.88821 ], [ 109.27303, 13.88847 ], [ 109.27288, 13.88892 ], [ 109.27238, 13.88883 ], [ 109.27192, 13.88864 ], [ 109.27128, 13.88852 ], [ 109.27126, 13.88818 ], [ 109.27173, 13.88798 ], [ 109.27191, 13.88741 ], [ 109.27218, 13.88712 ], [ 109.27302, 13.88708 ], [ 109.27322, 13.88746 ], [ 109.27333, 13.88802 ], [ 109.27342, 13.88774 ], [ 109.2734, 13.88744 ], [ 109.27356, 13.88695 ], [ 109.27383, 13.88693 ], [ 109.27415, 13.88695 ], [ 109.27457, 13.88591 ], [ 109.27548, 13.88513 ], [ 109.27587, 13.88496 ], [ 109.27632, 13.88447 ], [ 109.27673, 13.88422 ], [ 109.27724, 13.88346 ], [ 109.27835, 13.88336 ], [ 109.27853, 13.88327 ], [ 109.2787, 13.88363 ], [ 109.27885, 13.88288 ], [ 109.27935, 13.88229 ], [ 109.27918, 13.8818 ], [ 109.27921, 13.88129 ], [ 109.2781, 13.88111 ], [ 109.27782, 13.88086 ], [ 109.27779, 13.88033 ], [ 109.27785, 13.87957 ], [ 109.27768, 13.87951 ], [ 109.27788, 13.8792 ], [ 109.27796, 13.87866 ], [ 109.27768, 13.87876 ], [ 109.27709, 13.87917 ], [ 109.277, 13.87873 ], [ 109.27667, 13.87833 ], [ 109.27681, 13.87837 ], [ 109.277, 13.87848 ], [ 109.27709, 13.87747 ], [ 109.27724, 13.87721 ], [ 109.27737, 13.87693 ], [ 109.27754, 13.87679 ], [ 109.27757, 13.8765 ], [ 109.2771, 13.87676 ], [ 109.27672, 13.87686 ], [ 109.27611, 13.87728 ], [ 109.27551, 13.8772 ], [ 109.27487, 13.87692 ], [ 109.27455, 13.87669 ], [ 109.27383, 13.87688 ], [ 109.27329, 13.87665 ], [ 109.27247, 13.87618 ], [ 109.27211, 13.87634 ], [ 109.27228, 13.87654 ], [ 109.27264, 13.87683 ], [ 109.27275, 13.87744 ], [ 109.27284, 13.87834 ], [ 109.27309, 13.87836 ], [ 109.27376, 13.87809 ], [ 109.27429, 13.87821 ], [ 109.27433, 13.87858 ], [ 109.27422, 13.87881 ], [ 109.27417, 13.87886 ], [ 109.27412, 13.87855 ], [ 109.27397, 13.8785 ], [ 109.27385, 13.87882 ], [ 109.2738, 13.87885 ], [ 109.27376, 13.87864 ], [ 109.27368, 13.8788 ], [ 109.2738, 13.87885 ], [ 109.27377, 13.879 ], [ 109.27363, 13.87917 ], [ 109.27373, 13.87936 ], [ 109.27389, 13.8794 ], [ 109.27389, 13.87949 ], [ 109.27365, 13.87944 ], [ 109.27301, 13.87917 ], [ 109.27296, 13.87912 ], [ 109.27347, 13.87908 ], [ 109.27347, 13.8788 ], [ 109.27394, 13.87836 ], [ 109.27361, 13.87833 ], [ 109.27308, 13.87859 ], [ 109.27278, 13.87831 ], [ 109.27247, 13.87799 ], [ 109.27237, 13.87807 ], [ 109.27223, 13.87861 ], [ 109.27181, 13.87861 ], [ 109.27127, 13.87843 ], [ 109.2709, 13.87876 ], [ 109.27171, 13.8789 ], [ 109.27156, 13.87917 ], [ 109.27116, 13.87897 ], [ 109.27079, 13.87897 ], [ 109.2708, 13.87843 ], [ 109.27061, 13.87842 ], [ 109.27042, 13.87877 ], [ 109.27065, 13.87936 ], [ 109.27116, 13.8796 ], [ 109.2712, 13.87965 ], [ 109.27068, 13.87957 ], [ 109.27024, 13.87917 ], [ 109.27023, 13.87888 ], [ 109.27048, 13.87829 ], [ 109.27028, 13.87718 ], [ 109.26987, 13.8769 ], [ 109.2694, 13.87725 ], [ 109.26886, 13.8775 ], [ 109.26886, 13.8776 ], [ 109.2691, 13.87806 ], [ 109.26936, 13.87871 ], [ 109.26968, 13.87917 ], [ 109.26958, 13.87959 ], [ 109.2694, 13.88011 ], [ 109.26967, 13.88104 ], [ 109.26998, 13.88137 ], [ 109.27049, 13.8817 ], [ 109.27025, 13.88213 ], [ 109.27, 13.88203 ], [ 109.26953, 13.88152 ], [ 109.26865, 13.88071 ], [ 109.26875, 13.87989 ], [ 109.26918, 13.87929 ], [ 109.26867, 13.87905 ], [ 109.26857, 13.87877 ], [ 109.26847, 13.87845 ], [ 109.26819, 13.87793 ], [ 109.26796, 13.87719 ], [ 109.26726, 13.87645 ], [ 109.26641, 13.87624 ], [ 109.26582, 13.87596 ], [ 109.26581, 13.8756 ], [ 109.26614, 13.87543 ], [ 109.26711, 13.87564 ], [ 109.267, 13.87524 ], [ 109.26608, 13.87513 ], [ 109.26577, 13.8748 ], [ 109.26555, 13.87468 ], [ 109.26495, 13.87458 ], [ 109.26422, 13.87439 ], [ 109.26347, 13.87441 ], [ 109.26315, 13.8743 ], [ 109.2624, 13.87421 ], [ 109.26213, 13.87411 ], [ 109.26156, 13.87402 ], [ 109.2611, 13.87353 ], [ 109.26014, 13.87297 ], [ 109.26001, 13.87245 ], [ 109.26004, 13.87184 ], [ 109.26001, 13.87104 ], [ 109.26057, 13.87102 ], [ 109.26088, 13.87147 ], [ 109.26084, 13.87226 ], [ 109.26097, 13.87279 ], [ 109.26157, 13.87327 ], [ 109.26241, 13.87339 ], [ 109.26329, 13.87379 ], [ 109.26414, 13.87376 ], [ 109.26475, 13.87392 ], [ 109.26536, 13.87371 ], [ 109.26568, 13.87421 ], [ 109.26629, 13.87432 ], [ 109.26702, 13.87458 ], [ 109.26712, 13.87415 ], [ 109.26741, 13.87349 ], [ 109.26723, 13.87334 ], [ 109.26689, 13.87312 ], [ 109.26667, 13.87272 ], [ 109.26691, 13.87235 ], [ 109.26722, 13.87234 ], [ 109.26741, 13.87251 ], [ 109.2676, 13.8728 ], [ 109.26815, 13.87347 ], [ 109.26805, 13.87389 ], [ 109.26787, 13.8744 ], [ 109.26783, 13.87506 ], [ 109.26915, 13.87534 ], [ 109.26971, 13.87532 ], [ 109.27063, 13.87544 ], [ 109.271, 13.87557 ], [ 109.27082, 13.87526 ], [ 109.27065, 13.8751 ], [ 109.27045, 13.87472 ], [ 109.27019, 13.87418 ], [ 109.26981, 13.87383 ], [ 109.26993, 13.87235 ], [ 109.27032, 13.87217 ], [ 109.26984, 13.87219 ], [ 109.26946, 13.87201 ], [ 109.26927, 13.87165 ], [ 109.26918, 13.87085 ], [ 109.26883, 13.87034 ], [ 109.26881, 13.86976 ], [ 109.26911, 13.86927 ], [ 109.26965, 13.86878 ], [ 109.26981, 13.86705 ], [ 109.27042, 13.8665 ], [ 109.27043, 13.86627 ], [ 109.26997, 13.86561 ], [ 109.26986, 13.86449 ], [ 109.26965, 13.86427 ], [ 109.26924, 13.86389 ], [ 109.26933, 13.86368 ], [ 109.26958, 13.86323 ], [ 109.26906, 13.86259 ], [ 109.26938, 13.8625 ], [ 109.26926, 13.86111 ], [ 109.26903, 13.86 ], [ 109.2691, 13.85847 ], [ 109.269, 13.85717 ], [ 109.26891, 13.85726 ], [ 109.26849, 13.85795 ], [ 109.26808, 13.85822 ], [ 109.26817, 13.85753 ], [ 109.26836, 13.85684 ], [ 109.26827, 13.85662 ], [ 109.26791, 13.8561 ], [ 109.26791, 13.85599 ], [ 109.268, 13.85554 ], [ 109.2681, 13.85499 ], [ 109.26836, 13.85392 ], [ 109.26792, 13.85414 ], [ 109.26735, 13.85399 ], [ 109.26595, 13.85441 ], [ 109.26552, 13.85461 ], [ 109.26542, 13.85489 ], [ 109.26543, 13.85528 ], [ 109.26519, 13.85679 ], [ 109.26523, 13.85793 ], [ 109.26465, 13.85859 ], [ 109.26432, 13.85908 ], [ 109.26345, 13.85927 ], [ 109.26344, 13.85948 ], [ 109.26408, 13.86024 ], [ 109.26398, 13.86115 ], [ 109.26347, 13.86209 ], [ 109.26328, 13.86294 ], [ 109.26349, 13.86409 ], [ 109.26432, 13.86504 ], [ 109.26436, 13.86622 ], [ 109.26414, 13.86645 ], [ 109.26377, 13.86628 ], [ 109.26359, 13.86576 ], [ 109.26346, 13.8652 ], [ 109.26277, 13.86422 ], [ 109.26258, 13.86349 ], [ 109.26255, 13.86256 ], [ 109.26268, 13.86192 ], [ 109.26297, 13.86166 ], [ 109.26296, 13.86133 ], [ 109.26334, 13.8608 ], [ 109.26293, 13.86002 ], [ 109.26279, 13.86026 ], [ 109.2626, 13.86083 ], [ 109.26242, 13.86132 ], [ 109.2624, 13.86169 ], [ 109.26241, 13.86197 ], [ 109.26222, 13.86264 ], [ 109.26156, 13.86335 ], [ 109.26138, 13.86363 ], [ 109.26068, 13.8645 ], [ 109.26027, 13.8654 ], [ 109.26071, 13.86642 ], [ 109.26106, 13.86694 ], [ 109.26127, 13.86772 ], [ 109.26109, 13.86841 ], [ 109.26079, 13.86842 ], [ 109.26053, 13.86804 ], [ 109.26017, 13.86717 ], [ 109.26006, 13.86669 ], [ 109.25969, 13.86621 ], [ 109.25979, 13.86569 ], [ 109.26008, 13.86527 ], [ 109.2598, 13.86458 ], [ 109.26004, 13.86393 ], [ 109.26017, 13.8638 ], [ 109.2607, 13.86332 ], [ 109.26082, 13.86308 ], [ 109.26111, 13.86272 ], [ 109.26129, 13.86245 ], [ 109.26157, 13.86206 ], [ 109.26167, 13.86128 ], [ 109.26182, 13.86088 ], [ 109.26211, 13.86 ], [ 109.26252, 13.8591 ], [ 109.2621, 13.85884 ], [ 109.26181, 13.85917 ], [ 109.26149, 13.85992 ], [ 109.26139, 13.86122 ], [ 109.26085, 13.86138 ], [ 109.26074, 13.86182 ], [ 109.26041, 13.86228 ], [ 109.25997, 13.86387 ], [ 109.25896, 13.86499 ], [ 109.25907, 13.86589 ], [ 109.25925, 13.8666 ], [ 109.25919, 13.86785 ], [ 109.25931, 13.86871 ], [ 109.25958, 13.86977 ], [ 109.25955, 13.87045 ], [ 109.25984, 13.87127 ], [ 109.25974, 13.87177 ], [ 109.25897, 13.87316 ], [ 109.25874, 13.8743 ], [ 109.25808, 13.87529 ], [ 109.25768, 13.87549 ], [ 109.25708, 13.87562 ], [ 109.25615, 13.87593 ], [ 109.25521, 13.8756 ], [ 109.25455, 13.87598 ], [ 109.25443, 13.87641 ], [ 109.25426, 13.87756 ], [ 109.25405, 13.87785 ], [ 109.25396, 13.87804 ], [ 109.25382, 13.87817 ], [ 109.25403, 13.87963 ], [ 109.25376, 13.88002 ], [ 109.25339, 13.88055 ], [ 109.25348, 13.88159 ], [ 109.25383, 13.88225 ], [ 109.25384, 13.88255 ], [ 109.2538, 13.88344 ], [ 109.25443, 13.88402 ], [ 109.25474, 13.88455 ], [ 109.25505, 13.88505 ], [ 109.25543, 13.88627 ], [ 109.25575, 13.88606 ], [ 109.25579, 13.88514 ], [ 109.25541, 13.88443 ], [ 109.25521, 13.88368 ], [ 109.25536, 13.88321 ], [ 109.25559, 13.88266 ], [ 109.25574, 13.88178 ], [ 109.25648, 13.8814 ], [ 109.2567, 13.88183 ], [ 109.25639, 13.88218 ], [ 109.25597, 13.88244 ], [ 109.25616, 13.88317 ], [ 109.25611, 13.88423 ], [ 109.25658, 13.88559 ], [ 109.25637, 13.88656 ], [ 109.25613, 13.88681 ], [ 109.25585, 13.88682 ], [ 109.25565, 13.88664 ], [ 109.25533, 13.8863 ], [ 109.25479, 13.88712 ], [ 109.25491, 13.88735 ], [ 109.25472, 13.88744 ], [ 109.25456, 13.88806 ], [ 109.25347, 13.88833 ], [ 109.25287, 13.8877 ], [ 109.25273, 13.88726 ], [ 109.25228, 13.8871 ], [ 109.25211, 13.88726 ], [ 109.25217, 13.88828 ], [ 109.25212, 13.88832 ], [ 109.25203, 13.88878 ], [ 109.25193, 13.88886 ], [ 109.25175, 13.88921 ], [ 109.2522, 13.88889 ], [ 109.25265, 13.88915 ], [ 109.25311, 13.8891 ], [ 109.25343, 13.88954 ], [ 109.25368, 13.89042 ], [ 109.254, 13.89113 ], [ 109.25385, 13.8915 ], [ 109.25371, 13.89213 ], [ 109.25339, 13.89237 ], [ 109.2526, 13.89265 ], [ 109.25172, 13.89245 ], [ 109.25145, 13.89202 ], [ 109.2513, 13.89194 ], [ 109.25116, 13.89283 ], [ 109.25121, 13.89315 ], [ 109.2506, 13.89319 ], [ 109.25038, 13.89324 ], [ 109.25042, 13.89265 ], [ 109.25087, 13.89205 ], [ 109.25091, 13.89155 ], [ 109.25053, 13.89123 ], [ 109.25064, 13.89075 ], [ 109.25102, 13.89029 ], [ 109.25098, 13.88986 ], [ 109.2511, 13.88985 ], [ 109.25126, 13.88986 ], [ 109.25141, 13.88974 ], [ 109.25137, 13.88913 ], [ 109.25139, 13.88891 ], [ 109.25135, 13.88841 ], [ 109.25179, 13.88804 ], [ 109.25189, 13.88701 ], [ 109.25171, 13.8867 ], [ 109.25152, 13.88627 ], [ 109.25114, 13.886 ], [ 109.25102, 13.88653 ], [ 109.25104, 13.88679 ], [ 109.25088, 13.88762 ], [ 109.25074, 13.88786 ], [ 109.25065, 13.88832 ], [ 109.25041, 13.88907 ], [ 109.25026, 13.89039 ], [ 109.25008, 13.89087 ], [ 109.25006, 13.89111 ], [ 109.25011, 13.89179 ], [ 109.24971, 13.89247 ], [ 109.24978, 13.89337 ], [ 109.24982, 13.89341 ], [ 109.24895, 13.89337 ], [ 109.2489, 13.89305 ], [ 109.24894, 13.893 ], [ 109.24905, 13.89279 ], [ 109.24937, 13.89186 ], [ 109.24961, 13.89083 ], [ 109.2498, 13.89048 ], [ 109.24989, 13.89029 ], [ 109.2497, 13.89012 ], [ 109.24961, 13.89002 ], [ 109.24962, 13.8897 ], [ 109.2499, 13.8893 ], [ 109.24999, 13.88867 ], [ 109.25019, 13.88821 ], [ 109.25018, 13.88768 ], [ 109.25019, 13.88723 ], [ 109.25018, 13.88662 ], [ 109.25001, 13.88578 ], [ 109.24993, 13.88522 ], [ 109.25015, 13.88462 ], [ 109.25053, 13.88372 ], [ 109.25014, 13.88242 ], [ 109.25051, 13.88117 ], [ 109.25073, 13.88045 ], [ 109.25123, 13.87974 ], [ 109.25102, 13.87869 ], [ 109.25123, 13.877 ], [ 109.2514, 13.87652 ], [ 109.25124, 13.87621 ], [ 109.2511, 13.87592 ], [ 109.25112, 13.87547 ], [ 109.25157, 13.87483 ], [ 109.25168, 13.87417 ], [ 109.25167, 13.87306 ], [ 109.25196, 13.87269 ], [ 109.25206, 13.8716 ], [ 109.25217, 13.87122 ], [ 109.25216, 13.87056 ], [ 109.25218, 13.86986 ], [ 109.25201, 13.86833 ], [ 109.25219, 13.86736 ], [ 109.2523, 13.86537 ], [ 109.2524, 13.86499 ], [ 109.25258, 13.86465 ], [ 109.25267, 13.86436 ], [ 109.25246, 13.86353 ], [ 109.25261, 13.86174 ], [ 109.25327, 13.8609 ], [ 109.25325, 13.85989 ], [ 109.25336, 13.85941 ], [ 109.25353, 13.85859 ], [ 109.25365, 13.85715 ], [ 109.25384, 13.8567 ], [ 109.25412, 13.85598 ], [ 109.25431, 13.85553 ], [ 109.25441, 13.8548 ], [ 109.25494, 13.85431 ], [ 109.25542, 13.85416 ], [ 109.25553, 13.85372 ], [ 109.25535, 13.85319 ], [ 109.25515, 13.85319 ], [ 109.25525, 13.85391 ], [ 109.25496, 13.85409 ], [ 109.25478, 13.8539 ], [ 109.25448, 13.85328 ], [ 109.2538, 13.85317 ], [ 109.25369, 13.85284 ], [ 109.25415, 13.85255 ], [ 109.25444, 13.85236 ], [ 109.25442, 13.85078 ], [ 109.25456, 13.85051 ], [ 109.25423, 13.85003 ], [ 109.25427, 13.84864 ], [ 109.25443, 13.84821 ], [ 109.25455, 13.84857 ], [ 109.25469, 13.84898 ], [ 109.25481, 13.84912 ], [ 109.25494, 13.84845 ], [ 109.25539, 13.8475 ], [ 109.25548, 13.84722 ], [ 109.25559, 13.84692 ], [ 109.25558, 13.84605 ], [ 109.25559, 13.84576 ], [ 109.25595, 13.84476 ], [ 109.25545, 13.84429 ], [ 109.25533, 13.84354 ], [ 109.2558, 13.84234 ], [ 109.25632, 13.8421 ], [ 109.25645, 13.84136 ], [ 109.25664, 13.84083 ], [ 109.25683, 13.83977 ], [ 109.25664, 13.83905 ], [ 109.25676, 13.8387 ], [ 109.25669, 13.83838 ], [ 109.25653, 13.83885 ], [ 109.25625, 13.83871 ], [ 109.25648, 13.83767 ], [ 109.25658, 13.83675 ], [ 109.25683, 13.83648 ], [ 109.25696, 13.83688 ], [ 109.25685, 13.83751 ], [ 109.25686, 13.83792 ], [ 109.25717, 13.83761 ], [ 109.25769, 13.83713 ], [ 109.25786, 13.836 ], [ 109.25769, 13.83517 ], [ 109.25771, 13.83438 ], [ 109.2579, 13.83384 ], [ 109.2579, 13.83314 ], [ 109.25791, 13.83278 ], [ 109.2579, 13.83212 ], [ 109.25801, 13.83149 ], [ 109.25801, 13.83093 ], [ 109.25802, 13.83057 ], [ 109.258, 13.82946 ], [ 109.25821, 13.82833 ], [ 109.258, 13.82793 ], [ 109.25758, 13.82835 ], [ 109.25746, 13.82772 ], [ 109.25749, 13.82681 ], [ 109.25786, 13.82682 ], [ 109.258, 13.82681 ], [ 109.25833, 13.82494 ], [ 109.25802, 13.82456 ], [ 109.25787, 13.82546 ], [ 109.25769, 13.82564 ], [ 109.25759, 13.82499 ], [ 109.25778, 13.82465 ], [ 109.25787, 13.82426 ], [ 109.25769, 13.82335 ], [ 109.2577, 13.82301 ], [ 109.25834, 13.82242 ], [ 109.25845, 13.82147 ], [ 109.25825, 13.82068 ], [ 109.25796, 13.82026 ], [ 109.25782, 13.81921 ], [ 109.25811, 13.81867 ], [ 109.2592, 13.8187 ], [ 109.25974, 13.81843 ], [ 109.26052, 13.81782 ], [ 109.26042, 13.81752 ], [ 109.26033, 13.81725 ], [ 109.26089, 13.81689 ], [ 109.26099, 13.81635 ], [ 109.26118, 13.8157 ], [ 109.26118, 13.81522 ], [ 109.26082, 13.81427 ], [ 109.26078, 13.81346 ], [ 109.26123, 13.81376 ], [ 109.26148, 13.81364 ], [ 109.26223, 13.81366 ], [ 109.26276, 13.81453 ], [ 109.26285, 13.81566 ], [ 109.26325, 13.81624 ], [ 109.26301, 13.81647 ], [ 109.26238, 13.81645 ], [ 109.26229, 13.81563 ], [ 109.26207, 13.81521 ], [ 109.26168, 13.8156 ], [ 109.26184, 13.81623 ], [ 109.26163, 13.81672 ], [ 109.26154, 13.81726 ], [ 109.26144, 13.81762 ], [ 109.26134, 13.81809 ], [ 109.26106, 13.81861 ], [ 109.26093, 13.81912 ], [ 109.26118, 13.81936 ], [ 109.2618, 13.81977 ], [ 109.26179, 13.82026 ], [ 109.2616, 13.82079 ], [ 109.26079, 13.82077 ], [ 109.26011, 13.82099 ], [ 109.26012, 13.82145 ], [ 109.26011, 13.82193 ], [ 109.26029, 13.82286 ], [ 109.26065, 13.82285 ], [ 109.26108, 13.823 ], [ 109.26151, 13.82286 ], [ 109.26189, 13.82287 ], [ 109.26261, 13.82361 ], [ 109.26278, 13.82396 ], [ 109.26287, 13.82414 ], [ 109.26296, 13.82462 ], [ 109.26249, 13.8255 ], [ 109.26175, 13.82567 ], [ 109.26138, 13.82576 ], [ 109.26101, 13.82584 ], [ 109.26064, 13.82593 ], [ 109.26054, 13.82593 ], [ 109.26027, 13.82565 ], [ 109.26007, 13.82566 ], [ 109.25972, 13.82601 ], [ 109.2596, 13.82845 ], [ 109.2595, 13.8289 ], [ 109.25941, 13.82936 ], [ 109.2593, 13.82966 ], [ 109.25931, 13.83039 ], [ 109.2593, 13.83078 ], [ 109.2594, 13.83116 ], [ 109.2595, 13.83161 ], [ 109.25966, 13.83263 ], [ 109.25943, 13.83348 ], [ 109.25919, 13.83405 ], [ 109.25909, 13.83505 ], [ 109.25899, 13.83541 ], [ 109.25889, 13.83676 ], [ 109.25876, 13.83795 ], [ 109.25823, 13.83884 ], [ 109.25823, 13.83902 ], [ 109.25822, 13.83933 ], [ 109.25823, 13.83983 ], [ 109.25803, 13.84055 ], [ 109.25793, 13.84124 ], [ 109.25794, 13.84217 ], [ 109.25774, 13.84254 ], [ 109.25764, 13.84273 ], [ 109.25765, 13.84339 ], [ 109.25754, 13.84407 ], [ 109.25744, 13.84526 ], [ 109.25707, 13.84596 ], [ 109.25691, 13.84672 ], [ 109.25678, 13.84696 ], [ 109.25667, 13.84718 ], [ 109.25679, 13.84765 ], [ 109.25677, 13.84846 ], [ 109.25617, 13.84975 ], [ 109.2563, 13.85012 ], [ 109.25638, 13.85059 ], [ 109.25601, 13.85147 ], [ 109.25591, 13.8523 ], [ 109.25609, 13.85283 ], [ 109.25625, 13.85402 ], [ 109.2556, 13.85546 ], [ 109.25561, 13.85608 ], [ 109.25559, 13.85653 ], [ 109.2556, 13.8569 ], [ 109.25541, 13.85753 ], [ 109.25558, 13.85803 ], [ 109.2554, 13.85853 ], [ 109.25541, 13.85958 ], [ 109.25509, 13.86009 ], [ 109.25491, 13.86186 ], [ 109.25482, 13.86204 ], [ 109.25453, 13.86328 ], [ 109.25453, 13.86349 ], [ 109.25443, 13.86404 ], [ 109.25423, 13.86441 ], [ 109.25425, 13.86554 ], [ 109.25413, 13.86586 ], [ 109.25416, 13.86753 ], [ 109.25398, 13.86834 ], [ 109.25436, 13.86922 ], [ 109.25416, 13.87086 ], [ 109.25385, 13.87158 ], [ 109.25373, 13.87207 ], [ 109.25357, 13.87265 ], [ 109.2539, 13.87342 ], [ 109.25399, 13.87371 ], [ 109.25378, 13.87451 ], [ 109.2539, 13.87501 ], [ 109.2537, 13.87578 ], [ 109.25346, 13.876 ], [ 109.25332, 13.87614 ], [ 109.25333, 13.87654 ], [ 109.25347, 13.87676 ], [ 109.25383, 13.87604 ], [ 109.254, 13.87574 ], [ 109.25449, 13.87504 ], [ 109.25527, 13.87507 ], [ 109.25566, 13.87481 ], [ 109.25638, 13.87525 ], [ 109.25671, 13.87543 ], [ 109.25723, 13.8751 ], [ 109.25762, 13.87458 ], [ 109.25798, 13.87389 ], [ 109.25816, 13.87316 ], [ 109.25845, 13.87235 ], [ 109.25887, 13.87176 ], [ 109.2591, 13.87128 ], [ 109.25892, 13.87075 ], [ 109.25883, 13.87029 ], [ 109.25859, 13.86921 ], [ 109.25847, 13.86812 ], [ 109.25837, 13.86762 ], [ 109.2584, 13.86653 ], [ 109.25822, 13.86598 ], [ 109.25841, 13.86459 ], [ 109.25928, 13.86355 ], [ 109.25953, 13.86235 ], [ 109.25965, 13.86183 ], [ 109.26023, 13.86113 ], [ 109.26066, 13.861 ], [ 109.26076, 13.8609 ], [ 109.26075, 13.86001 ], [ 109.26076, 13.85944 ], [ 109.26113, 13.85875 ], [ 109.26123, 13.85793 ], [ 109.26133, 13.85748 ], [ 109.26142, 13.85685 ], [ 109.26152, 13.85658 ], [ 109.26162, 13.85592 ], [ 109.26184, 13.85512 ], [ 109.26257, 13.85425 ], [ 109.26255, 13.85295 ], [ 109.26267, 13.85239 ], [ 109.26265, 13.85198 ], [ 109.2621, 13.85215 ], [ 109.26166, 13.85214 ], [ 109.26093, 13.8534 ], [ 109.2607, 13.85293 ], [ 109.26073, 13.85218 ], [ 109.26133, 13.85146 ], [ 109.26232, 13.85131 ], [ 109.26259, 13.8504 ], [ 109.26287, 13.84964 ], [ 109.26299, 13.84862 ], [ 109.26325, 13.848 ], [ 109.26344, 13.84755 ], [ 109.26421, 13.84667 ], [ 109.2644, 13.8459 ], [ 109.26466, 13.84528 ], [ 109.26466, 13.84468 ], [ 109.26476, 13.8444 ], [ 109.26487, 13.84324 ], [ 109.26543, 13.84244 ], [ 109.26542, 13.84115 ], [ 109.26543, 13.8406 ], [ 109.26581, 13.83989 ], [ 109.2669, 13.8398 ], [ 109.26768, 13.84045 ], [ 109.26858, 13.84063 ], [ 109.26887, 13.84073 ], [ 109.26917, 13.84104 ], [ 109.26931, 13.8419 ], [ 109.26996, 13.84263 ], [ 109.26994, 13.84301 ], [ 109.26975, 13.84335 ], [ 109.2693, 13.84312 ], [ 109.26871, 13.84229 ], [ 109.2685, 13.84145 ], [ 109.26775, 13.84126 ], [ 109.26717, 13.84103 ], [ 109.26654, 13.84052 ], [ 109.26626, 13.84052 ], [ 109.26604, 13.84095 ], [ 109.26617, 13.84142 ], [ 109.26634, 13.84234 ], [ 109.26597, 13.84268 ], [ 109.26581, 13.8433 ], [ 109.26559, 13.8435 ], [ 109.2655, 13.84375 ], [ 109.26615, 13.84359 ], [ 109.26643, 13.8436 ], [ 109.26694, 13.84359 ], [ 109.26728, 13.8436 ], [ 109.26753, 13.84388 ], [ 109.26732, 13.84428 ], [ 109.26625, 13.84442 ], [ 109.26581, 13.84512 ], [ 109.26567, 13.84594 ], [ 109.26548, 13.84646 ], [ 109.26539, 13.84694 ], [ 109.26557, 13.84729 ], [ 109.26572, 13.84793 ], [ 109.26469, 13.84908 ], [ 109.26451, 13.85009 ], [ 109.26403, 13.85086 ], [ 109.26387, 13.85164 ], [ 109.26349, 13.85234 ], [ 109.26329, 13.85273 ], [ 109.26331, 13.85395 ], [ 109.26299, 13.85447 ], [ 109.26282, 13.85524 ], [ 109.26245, 13.85558 ], [ 109.26234, 13.85581 ], [ 109.26247, 13.85618 ], [ 109.26301, 13.85632 ], [ 109.263, 13.85562 ], [ 109.26366, 13.85542 ], [ 109.26419, 13.855 ], [ 109.26432, 13.85396 ], [ 109.26462, 13.85338 ], [ 109.26497, 13.85317 ], [ 109.26537, 13.85288 ], [ 109.26553, 13.85208 ], [ 109.26584, 13.85179 ], [ 109.26665, 13.85164 ], [ 109.26683, 13.85201 ], [ 109.26631, 13.85249 ], [ 109.26594, 13.85287 ], [ 109.2658, 13.85328 ], [ 109.26561, 13.85363 ], [ 109.26598, 13.85362 ], [ 109.26652, 13.85364 ], [ 109.267, 13.85345 ], [ 109.26762, 13.85336 ], [ 109.26812, 13.85237 ], [ 109.26793, 13.85219 ], [ 109.26807, 13.85194 ], [ 109.26784, 13.85126 ], [ 109.26712, 13.85068 ], [ 109.267, 13.84914 ], [ 109.26714, 13.84773 ], [ 109.26733, 13.84704 ], [ 109.26742, 13.84631 ], [ 109.26753, 13.84593 ], [ 109.26816, 13.84534 ], [ 109.26924, 13.84524 ], [ 109.26999, 13.84585 ], [ 109.2704, 13.84597 ], [ 109.27077, 13.84579 ], [ 109.27095, 13.84525 ], [ 109.27072, 13.84481 ], [ 109.2697, 13.84514 ], [ 109.26892, 13.8447 ], [ 109.2685, 13.84456 ], [ 109.26836, 13.84441 ], [ 109.26837, 13.84393 ], [ 109.26886, 13.84379 ], [ 109.26966, 13.84425 ], [ 109.26997, 13.84434 ], [ 109.27049, 13.84407 ], [ 109.27014, 13.84374 ], [ 109.2705, 13.84363 ], [ 109.27068, 13.84314 ], [ 109.27032, 13.8429 ], [ 109.27023, 13.84276 ], [ 109.27051, 13.84236 ], [ 109.27069, 13.84209 ], [ 109.27107, 13.84161 ], [ 109.27106, 13.84086 ], [ 109.27126, 13.84038 ], [ 109.27136, 13.83947 ], [ 109.27147, 13.83926 ], [ 109.27193, 13.83883 ], [ 109.27262, 13.83885 ], [ 109.27275, 13.83914 ], [ 109.27205, 13.83978 ], [ 109.2719, 13.84024 ], [ 109.27191, 13.84083 ], [ 109.27179, 13.84115 ], [ 109.2719, 13.84146 ], [ 109.272, 13.84176 ], [ 109.27254, 13.84227 ], [ 109.27263, 13.84243 ], [ 109.2716, 13.84313 ], [ 109.27161, 13.84364 ], [ 109.27196, 13.84363 ], [ 109.2724, 13.84374 ], [ 109.27291, 13.84392 ], [ 109.27318, 13.84419 ], [ 109.27317, 13.84443 ], [ 109.27171, 13.84455 ], [ 109.27159, 13.84576 ], [ 109.27188, 13.84589 ], [ 109.27259, 13.84566 ], [ 109.27292, 13.84583 ], [ 109.2734, 13.84632 ], [ 109.27354, 13.84677 ], [ 109.27351, 13.84786 ], [ 109.27333, 13.84871 ], [ 109.27323, 13.84932 ], [ 109.27355, 13.84952 ], [ 109.27369, 13.84898 ], [ 109.27398, 13.84862 ], [ 109.27412, 13.8482 ], [ 109.2755, 13.84692 ], [ 109.27606, 13.84657 ], [ 109.27648, 13.84589 ], [ 109.27705, 13.84548 ], [ 109.27798, 13.84467 ], [ 109.27833, 13.84445 ], [ 109.27846, 13.84371 ], [ 109.27836, 13.84341 ], [ 109.27822, 13.84282 ], [ 109.27853, 13.84208 ], [ 109.27813, 13.84132 ], [ 109.27829, 13.84086 ], [ 109.27866, 13.84034 ], [ 109.27875, 13.84007 ], [ 109.27885, 13.8398 ], [ 109.27894, 13.83947 ], [ 109.27878, 13.83907 ], [ 109.27727, 13.83972 ], [ 109.27681, 13.84005 ], [ 109.27645, 13.84029 ], [ 109.27553, 13.84189 ], [ 109.27522, 13.84203 ], [ 109.275, 13.84158 ], [ 109.27517, 13.8408 ], [ 109.27552, 13.84032 ], [ 109.27572, 13.84002 ], [ 109.27622, 13.83956 ], [ 109.27649, 13.83928 ], [ 109.27701, 13.83912 ], [ 109.27749, 13.83881 ], [ 109.27803, 13.83871 ], [ 109.27857, 13.83844 ], [ 109.27899, 13.83835 ], [ 109.27923, 13.83872 ], [ 109.27962, 13.83897 ], [ 109.27958, 13.84038 ], [ 109.27939, 13.84089 ], [ 109.2794, 13.8412 ], [ 109.27939, 13.84143 ], [ 109.2794, 13.84182 ], [ 109.27957, 13.84251 ], [ 109.27957, 13.84261 ], [ 109.27917, 13.84298 ], [ 109.27928, 13.84434 ], [ 109.27948, 13.8445 ], [ 109.27947, 13.84325 ], [ 109.27957, 13.84304 ], [ 109.27995, 13.84288 ], [ 109.28048, 13.84343 ], [ 109.28077, 13.84342 ], [ 109.28077, 13.84314 ], [ 109.2804, 13.8428 ], [ 109.28031, 13.84265 ], [ 109.28061, 13.84194 ], [ 109.28134, 13.84127 ], [ 109.28162, 13.84043 ], [ 109.28162, 13.84017 ], [ 109.2814, 13.83974 ], [ 109.28154, 13.83935 ], [ 109.28153, 13.83883 ], [ 109.28186, 13.83841 ], [ 109.28214, 13.83851 ], [ 109.28217, 13.83862 ], [ 109.28226, 13.83854 ], [ 109.28214, 13.83851 ], [ 109.28222, 13.83818 ], [ 109.28217, 13.83778 ], [ 109.28233, 13.83722 ], [ 109.28284, 13.83693 ], [ 109.28276, 13.83675 ], [ 109.28241, 13.83627 ], [ 109.28254, 13.83549 ], [ 109.28235, 13.83503 ], [ 109.28248, 13.83422 ], [ 109.28238, 13.83349 ], [ 109.28246, 13.83295 ], [ 109.28235, 13.83219 ], [ 109.2826, 13.83159 ], [ 109.2827, 13.83105 ], [ 109.28286, 13.8308 ], [ 109.28299, 13.83022 ], [ 109.28326, 13.82958 ], [ 109.28353, 13.82924 ], [ 109.28382, 13.82907 ], [ 109.28397, 13.82903 ], [ 109.28338, 13.8297 ], [ 109.28327, 13.83088 ], [ 109.28299, 13.83135 ], [ 109.28289, 13.83178 ], [ 109.28266, 13.83251 ], [ 109.2827, 13.833 ], [ 109.28267, 13.83334 ], [ 109.28281, 13.834 ], [ 109.28273, 13.83498 ], [ 109.28286, 13.83548 ], [ 109.28294, 13.8363 ], [ 109.2832, 13.83691 ], [ 109.28294, 13.8373 ], [ 109.28248, 13.83768 ], [ 109.28236, 13.83891 ], [ 109.28199, 13.83941 ], [ 109.28171, 13.84063 ], [ 109.28161, 13.84194 ], [ 109.28124, 13.84258 ], [ 109.28106, 13.84331 ], [ 109.27965, 13.84445 ], [ 109.27973, 13.84478 ], [ 109.28001, 13.84542 ], [ 109.27988, 13.84568 ], [ 109.27966, 13.84555 ], [ 109.2793, 13.84505 ], [ 109.27919, 13.84468 ], [ 109.27902, 13.84437 ], [ 109.279, 13.84414 ], [ 109.27905, 13.8436 ], [ 109.27892, 13.84332 ], [ 109.27874, 13.843 ], [ 109.27872, 13.84271 ], [ 109.27891, 13.8425 ], [ 109.27919, 13.84252 ], [ 109.2793, 13.84223 ], [ 109.27921, 13.84147 ], [ 109.27901, 13.84062 ], [ 109.27887, 13.84093 ], [ 109.2787, 13.84191 ], [ 109.27874, 13.84242 ], [ 109.27843, 13.8431 ], [ 109.27869, 13.84383 ], [ 109.2786, 13.84483 ], [ 109.27879, 13.84516 ], [ 109.27803, 13.84544 ], [ 109.27761, 13.84576 ], [ 109.27732, 13.84593 ], [ 109.27705, 13.84611 ], [ 109.27636, 13.84653 ], [ 109.27581, 13.84698 ], [ 109.27552, 13.84742 ], [ 109.27474, 13.84807 ], [ 109.2743, 13.84875 ], [ 109.27387, 13.84925 ], [ 109.27353, 13.84977 ], [ 109.27332, 13.84988 ], [ 109.27271, 13.85006 ], [ 109.27291, 13.85043 ], [ 109.27257, 13.85082 ], [ 109.27217, 13.85106 ], [ 109.2722, 13.85146 ], [ 109.27174, 13.85292 ], [ 109.27169, 13.85347 ], [ 109.2719, 13.85384 ], [ 109.27203, 13.85413 ], [ 109.27218, 13.85439 ], [ 109.27235, 13.85496 ], [ 109.27262, 13.85557 ], [ 109.27272, 13.85575 ], [ 109.27276, 13.85589 ], [ 109.27257, 13.85574 ], [ 109.27236, 13.85538 ], [ 109.27222, 13.8553 ], [ 109.27227, 13.85569 ], [ 109.27245, 13.85584 ], [ 109.27287, 13.85636 ], [ 109.27294, 13.85661 ], [ 109.27285, 13.85653 ], [ 109.27243, 13.85605 ], [ 109.27216, 13.85593 ], [ 109.27198, 13.8561 ], [ 109.27235, 13.85656 ], [ 109.27248, 13.85715 ], [ 109.27236, 13.85722 ], [ 109.27253, 13.85771 ], [ 109.27257, 13.85733 ], [ 109.27262, 13.85738 ], [ 109.27271, 13.85757 ], [ 109.27298, 13.85783 ], [ 109.27308, 13.85793 ], [ 109.27306, 13.85863 ], [ 109.27353, 13.85829 ], [ 109.27374, 13.85819 ], [ 109.2746, 13.85821 ], [ 109.27474, 13.85793 ], [ 109.27493, 13.85822 ], [ 109.27524, 13.85918 ], [ 109.27469, 13.85944 ], [ 109.27435, 13.86035 ], [ 109.27482, 13.86065 ], [ 109.27476, 13.86255 ], [ 109.27452, 13.8629 ], [ 109.27442, 13.86305 ], [ 109.2747, 13.86372 ], [ 109.27478, 13.86418 ], [ 109.27441, 13.86471 ], [ 109.27431, 13.86491 ], [ 109.27432, 13.86543 ], [ 109.2741, 13.86575 ], [ 109.27423, 13.86598 ], [ 109.2745, 13.8657 ], [ 109.27449, 13.86616 ], [ 109.27431, 13.86616 ], [ 109.27403, 13.86616 ], [ 109.27375, 13.86597 ], [ 109.27356, 13.86559 ], [ 109.27359, 13.86457 ], [ 109.27358, 13.86381 ], [ 109.27368, 13.86362 ], [ 109.27387, 13.86321 ], [ 109.27358, 13.86251 ], [ 109.27341, 13.86199 ], [ 109.27319, 13.8621 ], [ 109.27327, 13.86285 ], [ 109.27322, 13.86281 ], [ 109.273, 13.86245 ], [ 109.27272, 13.8628 ], [ 109.27256, 13.86352 ], [ 109.27267, 13.86361 ], [ 109.27286, 13.86385 ], [ 109.27317, 13.86336 ], [ 109.27336, 13.86321 ], [ 109.27331, 13.86336 ], [ 109.27312, 13.86371 ], [ 109.27302, 13.86497 ], [ 109.27297, 13.86542 ], [ 109.27249, 13.8651 ], [ 109.27235, 13.86381 ], [ 109.27248, 13.86334 ], [ 109.27267, 13.86261 ], [ 109.27239, 13.86235 ], [ 109.27222, 13.86217 ], [ 109.27204, 13.86208 ], [ 109.27193, 13.86307 ], [ 109.27181, 13.86338 ], [ 109.27146, 13.86361 ], [ 109.27133, 13.86374 ], [ 109.27164, 13.86419 ], [ 109.27172, 13.86524 ], [ 109.27193, 13.86575 ], [ 109.27162, 13.86614 ], [ 109.2712, 13.86613 ], [ 109.27108, 13.8646 ], [ 109.27099, 13.86432 ], [ 109.27044, 13.86396 ], [ 109.27028, 13.8638 ], [ 109.27063, 13.86369 ], [ 109.27081, 13.86337 ], [ 109.27044, 13.86283 ], [ 109.26989, 13.86233 ], [ 109.2697, 13.86252 ], [ 109.26971, 13.86294 ], [ 109.27008, 13.86342 ], [ 109.27006, 13.86413 ], [ 109.27035, 13.86451 ], [ 109.27061, 13.86503 ], [ 109.27071, 13.86609 ], [ 109.27111, 13.86686 ], [ 109.27128, 13.86754 ], [ 109.27146, 13.86767 ], [ 109.27168, 13.86704 ], [ 109.27188, 13.86705 ], [ 109.27208, 13.86737 ], [ 109.2718, 13.86777 ], [ 109.2717, 13.86804 ], [ 109.27158, 13.86838 ], [ 109.27133, 13.86812 ], [ 109.27079, 13.86799 ], [ 109.27065, 13.8696 ], [ 109.27077, 13.86993 ], [ 109.27085, 13.87047 ], [ 109.27097, 13.87092 ], [ 109.27159, 13.87129 ], [ 109.27192, 13.87151 ], [ 109.27204, 13.87202 ], [ 109.27214, 13.87232 ], [ 109.27256, 13.87247 ], [ 109.2732, 13.87205 ], [ 109.27315, 13.87157 ], [ 109.2728, 13.87193 ], [ 109.2725, 13.87211 ], [ 109.27223, 13.87155 ], [ 109.27224, 13.87112 ], [ 109.27183, 13.87062 ], [ 109.27164, 13.86982 ], [ 109.27206, 13.86962 ], [ 109.27206, 13.86944 ], [ 109.27142, 13.86928 ], [ 109.27161, 13.86876 ], [ 109.27175, 13.86821 ], [ 109.27234, 13.86823 ], [ 109.27254, 13.86813 ], [ 109.27281, 13.86823 ], [ 109.27311, 13.86813 ], [ 109.27355, 13.86814 ], [ 109.27374, 13.86814 ], [ 109.27374, 13.86794 ], [ 109.27309, 13.86769 ], [ 109.273, 13.86732 ], [ 109.27339, 13.86714 ], [ 109.27365, 13.86715 ], [ 109.27375, 13.86715 ], [ 109.2741, 13.86679 ], [ 109.27421, 13.86743 ], [ 109.27446, 13.86792 ], [ 109.27428, 13.86825 ], [ 109.27411, 13.86841 ], [ 109.27401, 13.8687 ], [ 109.27438, 13.86905 ], [ 109.27442, 13.8691 ], [ 109.27382, 13.86914 ], [ 109.27391, 13.86959 ], [ 109.2741, 13.86968 ], [ 109.27433, 13.8698 ], [ 109.27456, 13.86968 ], [ 109.27493, 13.86957 ], [ 109.27451, 13.86919 ], [ 109.27442, 13.8691 ], [ 109.27511, 13.86929 ], [ 109.27513, 13.86906 ], [ 109.27512, 13.86887 ], [ 109.2754, 13.86865 ], [ 109.27527, 13.86858 ], [ 109.27479, 13.86862 ], [ 109.2745, 13.86839 ], [ 109.2747, 13.86773 ], [ 109.27545, 13.86767 ], [ 109.2756, 13.86779 ], [ 109.27532, 13.86802 ], [ 109.27549, 13.86816 ], [ 109.27615, 13.86825 ], [ 109.27658, 13.86841 ], [ 109.2769, 13.86844 ], [ 109.27706, 13.86825 ], [ 109.27743, 13.8681 ], [ 109.27728, 13.86789 ], [ 109.27651, 13.86771 ], [ 109.27624, 13.86761 ], [ 109.27578, 13.86748 ], [ 109.27615, 13.86716 ], [ 109.27683, 13.86702 ], [ 109.27725, 13.86668 ], [ 109.27732, 13.86613 ], [ 109.27724, 13.86532 ], [ 109.27735, 13.86427 ], [ 109.27712, 13.86374 ], [ 109.277, 13.86382 ], [ 109.27691, 13.86446 ], [ 109.27658, 13.86502 ], [ 109.27671, 13.86633 ], [ 109.2765, 13.86657 ], [ 109.27588, 13.86644 ], [ 109.27519, 13.86633 ], [ 109.27536, 13.86576 ], [ 109.2757, 13.86553 ], [ 109.27598, 13.86545 ], [ 109.27607, 13.86472 ], [ 109.27654, 13.86418 ], [ 109.27642, 13.86354 ], [ 109.27623, 13.86332 ], [ 109.27588, 13.86302 ], [ 109.276, 13.86198 ], [ 109.27619, 13.86138 ], [ 109.27629, 13.86111 ], [ 109.27642, 13.8607 ], [ 109.27652, 13.86061 ], [ 109.27648, 13.86094 ], [ 109.27633, 13.86155 ], [ 109.27673, 13.86161 ], [ 109.27684, 13.86102 ], [ 109.27721, 13.86023 ], [ 109.27713, 13.85949 ], [ 109.27703, 13.85957 ], [ 109.27686, 13.86004 ], [ 109.2768, 13.86007 ], [ 109.27673, 13.85853 ], [ 109.27659, 13.85813 ], [ 109.27648, 13.8573 ], [ 109.27669, 13.8566 ], [ 109.27679, 13.85591 ], [ 109.27645, 13.85575 ], [ 109.2763, 13.85543 ], [ 109.27601, 13.85573 ], [ 109.27552, 13.85617 ], [ 109.27531, 13.85611 ], [ 109.2755, 13.85559 ], [ 109.27548, 13.85521 ], [ 109.27528, 13.85502 ], [ 109.27544, 13.85473 ], [ 109.27595, 13.85427 ], [ 109.27615, 13.85397 ], [ 109.27657, 13.8536 ], [ 109.27709, 13.85362 ], [ 109.2774, 13.8533 ], [ 109.27724, 13.85221 ], [ 109.27771, 13.85166 ], [ 109.27822, 13.85154 ], [ 109.27855, 13.85223 ], [ 109.27836, 13.85308 ], [ 109.27811, 13.85307 ], [ 109.27792, 13.85323 ], [ 109.27835, 13.85427 ], [ 109.278, 13.85443 ], [ 109.27819, 13.85471 ], [ 109.27818, 13.85492 ], [ 109.2779, 13.85543 ], [ 109.27779, 13.85565 ], [ 109.27791, 13.85608 ], [ 109.27787, 13.8568 ], [ 109.27802, 13.85737 ], [ 109.27778, 13.85777 ], [ 109.27753, 13.85697 ], [ 109.27745, 13.85687 ], [ 109.27734, 13.85725 ], [ 109.27762, 13.85778 ], [ 109.27758, 13.85845 ], [ 109.27761, 13.85928 ], [ 109.27784, 13.85993 ], [ 109.27759, 13.86038 ], [ 109.27748, 13.86104 ], [ 109.27695, 13.86128 ], [ 109.27704, 13.86247 ], [ 109.2774, 13.86228 ], [ 109.27767, 13.8623 ], [ 109.27776, 13.86228 ], [ 109.27757, 13.86193 ], [ 109.27749, 13.86162 ], [ 109.27801, 13.86096 ], [ 109.27833, 13.86068 ], [ 109.27859, 13.86015 ], [ 109.27866, 13.85918 ], [ 109.27871, 13.85923 ], [ 109.27896, 13.8595 ], [ 109.27899, 13.85917 ], [ 109.27887, 13.85848 ], [ 109.27892, 13.85751 ], [ 109.27874, 13.85779 ], [ 109.27848, 13.85873 ], [ 109.27843, 13.85869 ], [ 109.27835, 13.85853 ], [ 109.27878, 13.85704 ], [ 109.27867, 13.85552 ], [ 109.27886, 13.8547 ], [ 109.27874, 13.85426 ], [ 109.27863, 13.85323 ], [ 109.2789, 13.85261 ], [ 109.27877, 13.85084 ], [ 109.27815, 13.85046 ], [ 109.2774, 13.85037 ], [ 109.27721, 13.85135 ], [ 109.27715, 13.8514 ], [ 109.27711, 13.85066 ], [ 109.27682, 13.85062 ], [ 109.27671, 13.85124 ], [ 109.27629, 13.8514 ], [ 109.27619, 13.85205 ], [ 109.27636, 13.85208 ], [ 109.27671, 13.85165 ], [ 109.27696, 13.85158 ], [ 109.27679, 13.85184 ], [ 109.27685, 13.85301 ], [ 109.27661, 13.85344 ], [ 109.2763, 13.85342 ], [ 109.27608, 13.85261 ], [ 109.27575, 13.85219 ], [ 109.27595, 13.85167 ], [ 109.27636, 13.8511 ], [ 109.27645, 13.85075 ], [ 109.27613, 13.85029 ], [ 109.27575, 13.85086 ], [ 109.27528, 13.851 ], [ 109.27506, 13.85188 ], [ 109.27485, 13.85218 ], [ 109.27487, 13.85263 ], [ 109.27524, 13.85315 ], [ 109.27521, 13.85361 ], [ 109.27538, 13.85425 ], [ 109.2751, 13.85474 ], [ 109.27478, 13.85501 ], [ 109.27412, 13.85483 ], [ 109.27403, 13.85431 ], [ 109.27378, 13.8542 ], [ 109.27348, 13.8536 ], [ 109.27395, 13.85296 ], [ 109.27404, 13.85276 ], [ 109.27423, 13.8526 ], [ 109.27444, 13.85237 ], [ 109.27483, 13.85104 ], [ 109.27524, 13.85086 ], [ 109.27542, 13.85029 ], [ 109.27555, 13.84963 ], [ 109.27619, 13.84918 ], [ 109.27638, 13.84891 ], [ 109.27685, 13.84837 ], [ 109.27698, 13.84809 ], [ 109.27716, 13.84778 ], [ 109.27745, 13.8477 ], [ 109.27723, 13.84819 ], [ 109.27765, 13.84776 ], [ 109.27745, 13.8477 ], [ 109.2776, 13.84748 ], [ 109.27773, 13.84715 ], [ 109.27801, 13.8468 ], [ 109.27837, 13.84673 ], [ 109.27824, 13.84722 ], [ 109.27824, 13.84749 ], [ 109.27907, 13.84784 ], [ 109.27934, 13.84803 ], [ 109.27963, 13.84812 ], [ 109.27989, 13.84839 ], [ 109.28009, 13.84848 ], [ 109.28008, 13.84786 ], [ 109.28031, 13.84753 ], [ 109.28055, 13.84773 ], [ 109.28026, 13.84867 ], [ 109.27989, 13.84866 ], [ 109.27977, 13.84866 ], [ 109.27943, 13.84905 ], [ 109.27998, 13.84923 ], [ 109.27979, 13.84993 ], [ 109.27969, 13.85049 ], [ 109.27926, 13.85129 ], [ 109.27951, 13.85164 ], [ 109.27931, 13.85218 ], [ 109.27927, 13.8525 ], [ 109.27917, 13.8525 ], [ 109.27924, 13.85174 ], [ 109.27913, 13.85173 ], [ 109.27894, 13.85291 ], [ 109.27882, 13.85332 ], [ 109.279, 13.85353 ], [ 109.27912, 13.85254 ], [ 109.27917, 13.8525 ], [ 109.27912, 13.85345 ], [ 109.27902, 13.85381 ], [ 109.27907, 13.85421 ], [ 109.27892, 13.85416 ], [ 109.27896, 13.85487 ], [ 109.27881, 13.85578 ], [ 109.27887, 13.85684 ], [ 109.27899, 13.85697 ], [ 109.27913, 13.85493 ], [ 109.27907, 13.85421 ], [ 109.27918, 13.85432 ], [ 109.27929, 13.85553 ], [ 109.27943, 13.85595 ], [ 109.27919, 13.85652 ], [ 109.27908, 13.85696 ], [ 109.27911, 13.85797 ], [ 109.27907, 13.85889 ], [ 109.27917, 13.85953 ], [ 109.27939, 13.85994 ], [ 109.27968, 13.86005 ], [ 109.27985, 13.85937 ], [ 109.28012, 13.85912 ], [ 109.28082, 13.85937 ], [ 109.28092, 13.85971 ], [ 109.28046, 13.86013 ], [ 109.28036, 13.86054 ], [ 109.28083, 13.86069 ], [ 109.28091, 13.8609 ], [ 109.28072, 13.86141 ], [ 109.28063, 13.86168 ], [ 109.2802, 13.86178 ], [ 109.27961, 13.86213 ], [ 109.27906, 13.86238 ], [ 109.27885, 13.86259 ], [ 109.27887, 13.86307 ], [ 109.27886, 13.86335 ], [ 109.27829, 13.86361 ], [ 109.27798, 13.86345 ], [ 109.27784, 13.86376 ], [ 109.27813, 13.86402 ], [ 109.2781, 13.86454 ], [ 109.27765, 13.86517 ], [ 109.27798, 13.86597 ], [ 109.27778, 13.86635 ], [ 109.27806, 13.86645 ], [ 109.27821, 13.86586 ], [ 109.27819, 13.86547 ], [ 109.2783, 13.86528 ], [ 109.27865, 13.86511 ], [ 109.27875, 13.86567 ], [ 109.27928, 13.86616 ], [ 109.27954, 13.86656 ], [ 109.28027, 13.86661 ], [ 109.28023, 13.86666 ], [ 109.27995, 13.86676 ], [ 109.28011, 13.86691 ], [ 109.2804, 13.86674 ], [ 109.28055, 13.8667 ], [ 109.28047, 13.86697 ], [ 109.27974, 13.86727 ], [ 109.27958, 13.86746 ], [ 109.27913, 13.86781 ], [ 109.27898, 13.86831 ], [ 109.27824, 13.86884 ], [ 109.2779, 13.86871 ], [ 109.27743, 13.86862 ], [ 109.27707, 13.86849 ], [ 109.27715, 13.86862 ], [ 109.27731, 13.86874 ], [ 109.27746, 13.8693 ], [ 109.27833, 13.86941 ], [ 109.27873, 13.86918 ], [ 109.27887, 13.86901 ], [ 109.27941, 13.8689 ], [ 109.27993, 13.86819 ], [ 109.28013, 13.86827 ], [ 109.28046, 13.86882 ], [ 109.28159, 13.86874 ], [ 109.28179, 13.86858 ], [ 109.28176, 13.86833 ], [ 109.28192, 13.86794 ], [ 109.28184, 13.86743 ], [ 109.28198, 13.86755 ], [ 109.28208, 13.86811 ], [ 109.28261, 13.86799 ], [ 109.28265, 13.86762 ], [ 109.28216, 13.8674 ], [ 109.2817, 13.86675 ], [ 109.28198, 13.86663 ], [ 109.28135, 13.86654 ], [ 109.28115, 13.86684 ], [ 109.2811, 13.86688 ], [ 109.28116, 13.8664 ], [ 109.2824, 13.86651 ], [ 109.28297, 13.86647 ], [ 109.2832, 13.8666 ], [ 109.28345, 13.86725 ], [ 109.28308, 13.86756 ], [ 109.28284, 13.86782 ], [ 109.28293, 13.86802 ], [ 109.28329, 13.86783 ], [ 109.28356, 13.86785 ], [ 109.28352, 13.86838 ], [ 109.2834, 13.86889 ], [ 109.28298, 13.86921 ], [ 109.28232, 13.86912 ], [ 109.28174, 13.86959 ], [ 109.28187, 13.87029 ], [ 109.28209, 13.87027 ], [ 109.28251, 13.8697 ], [ 109.28288, 13.86984 ], [ 109.28372, 13.86992 ], [ 109.28405, 13.87051 ], [ 109.28389, 13.87092 ], [ 109.28385, 13.87106 ], [ 109.28375, 13.87106 ], [ 109.28375, 13.87124 ], [ 109.28343, 13.87147 ], [ 109.28298, 13.8716 ], [ 109.28269, 13.87194 ], [ 109.28287, 13.87227 ], [ 109.28303, 13.87263 ], [ 109.28277, 13.87299 ], [ 109.28268, 13.87319 ], [ 109.28314, 13.87317 ], [ 109.28342, 13.87319 ], [ 109.2836, 13.87335 ], [ 109.28312, 13.87345 ], [ 109.28291, 13.87368 ], [ 109.28273, 13.87384 ], [ 109.28218, 13.8738 ], [ 109.28168, 13.87353 ], [ 109.28101, 13.87407 ], [ 109.28066, 13.87428 ], [ 109.28105, 13.87443 ], [ 109.28146, 13.87398 ], [ 109.2816, 13.87394 ], [ 109.28135, 13.87449 ], [ 109.28076, 13.87462 ], [ 109.28031, 13.87456 ], [ 109.2804, 13.87431 ], [ 109.27976, 13.87437 ], [ 109.2796, 13.87424 ], [ 109.27951, 13.87334 ], [ 109.27972, 13.87342 ], [ 109.27982, 13.87378 ], [ 109.27997, 13.87362 ], [ 109.28004, 13.87329 ], [ 109.28016, 13.87339 ], [ 109.28018, 13.87352 ], [ 109.2801, 13.87401 ], [ 109.28054, 13.87395 ], [ 109.28092, 13.87401 ], [ 109.28133, 13.87349 ], [ 109.28115, 13.87321 ], [ 109.28155, 13.87317 ], [ 109.28122, 13.87273 ], [ 109.28184, 13.87249 ], [ 109.2817, 13.87225 ], [ 109.28143, 13.87231 ], [ 109.28156, 13.87182 ], [ 109.28121, 13.87191 ], [ 109.28136, 13.87226 ], [ 109.28143, 13.87231 ], [ 109.2813, 13.87247 ], [ 109.28105, 13.87206 ], [ 109.28113, 13.87148 ], [ 109.28071, 13.87131 ], [ 109.28024, 13.87163 ], [ 109.2796, 13.87201 ], [ 109.27882, 13.87171 ], [ 109.27857, 13.87202 ], [ 109.27844, 13.87208 ], [ 109.27829, 13.87211 ], [ 109.27864, 13.87165 ], [ 109.2786, 13.87138 ], [ 109.27865, 13.87107 ], [ 109.27817, 13.87093 ], [ 109.27802, 13.87075 ], [ 109.27881, 13.87097 ], [ 109.27913, 13.87112 ], [ 109.27902, 13.87152 ], [ 109.27927, 13.87161 ], [ 109.27946, 13.87188 ], [ 109.27965, 13.87172 ], [ 109.27953, 13.87135 ], [ 109.2795, 13.87112 ], [ 109.27972, 13.87098 ], [ 109.27979, 13.87072 ], [ 109.27938, 13.87084 ], [ 109.2795, 13.87112 ], [ 109.27913, 13.87112 ], [ 109.27924, 13.87077 ], [ 109.27945, 13.87053 ], [ 109.27965, 13.87045 ], [ 109.27994, 13.87 ], [ 109.28021, 13.87013 ], [ 109.28058, 13.87072 ], [ 109.28081, 13.87049 ], [ 109.28044, 13.86951 ], [ 109.27912, 13.8693 ], [ 109.2789, 13.8698 ], [ 109.27893, 13.87012 ], [ 109.27861, 13.87061 ], [ 109.27838, 13.8705 ], [ 109.27789, 13.87016 ], [ 109.27756, 13.87011 ], [ 109.27762, 13.8699 ], [ 109.27816, 13.86977 ], [ 109.27782, 13.86944 ], [ 109.27706, 13.86982 ], [ 109.27718, 13.87007 ], [ 109.27756, 13.87011 ], [ 109.27752, 13.87016 ], [ 109.27728, 13.87024 ], [ 109.27676, 13.87005 ], [ 109.27654, 13.87007 ], [ 109.27674, 13.87042 ], [ 109.27641, 13.87024 ], [ 109.27617, 13.87025 ], [ 109.27541, 13.87019 ], [ 109.27521, 13.86996 ], [ 109.2746, 13.86984 ], [ 109.27428, 13.86996 ], [ 109.27407, 13.86985 ], [ 109.27377, 13.86987 ], [ 109.27394, 13.87019 ], [ 109.2744, 13.87031 ], [ 109.27482, 13.87009 ], [ 109.27516, 13.87048 ], [ 109.27624, 13.87061 ], [ 109.27657, 13.87059 ], [ 109.27677, 13.8707 ], [ 109.27747, 13.87074 ], [ 109.27742, 13.87079 ], [ 109.27723, 13.87087 ], [ 109.27699, 13.87101 ], [ 109.2765, 13.87087 ], [ 109.27576, 13.87076 ], [ 109.27566, 13.87088 ], [ 109.27533, 13.87084 ], [ 109.27539, 13.87139 ], [ 109.27528, 13.87167 ], [ 109.27524, 13.87181 ], [ 109.27519, 13.87177 ], [ 109.27494, 13.8715 ], [ 109.27445, 13.87184 ], [ 109.27498, 13.87249 ], [ 109.27509, 13.87303 ], [ 109.27583, 13.87313 ], [ 109.27587, 13.87317 ], [ 109.27495, 13.87323 ], [ 109.27461, 13.87311 ], [ 109.27463, 13.87258 ], [ 109.27463, 13.87242 ], [ 109.27425, 13.87267 ], [ 109.27345, 13.87264 ], [ 109.27334, 13.87275 ], [ 109.27311, 13.87295 ], [ 109.27234, 13.8731 ], [ 109.27167, 13.87283 ], [ 109.27149, 13.87277 ], [ 109.27167, 13.87366 ], [ 109.27203, 13.874 ], [ 109.27326, 13.87415 ], [ 109.27351, 13.87364 ], [ 109.27384, 13.87334 ], [ 109.27445, 13.87321 ], [ 109.27469, 13.87347 ], [ 109.2748, 13.87394 ], [ 109.27504, 13.87452 ], [ 109.27518, 13.87538 ], [ 109.27565, 13.87488 ], [ 109.27631, 13.87448 ], [ 109.27647, 13.8743 ], [ 109.27593, 13.8738 ], [ 109.27587, 13.87317 ], [ 109.27629, 13.8735 ], [ 109.27722, 13.87273 ], [ 109.27702, 13.87267 ], [ 109.27659, 13.87271 ], [ 109.27606, 13.87241 ], [ 109.27563, 13.87231 ], [ 109.27547, 13.87213 ], [ 109.27533, 13.87208 ], [ 109.27533, 13.87199 ], [ 109.27524, 13.87199 ], [ 109.27524, 13.87181 ], [ 109.27546, 13.87195 ], [ 109.27566, 13.87204 ], [ 109.27583, 13.87214 ], [ 109.27602, 13.87222 ], [ 109.27628, 13.87236 ], [ 109.27674, 13.87253 ], [ 109.27788, 13.87229 ], [ 109.27815, 13.87215 ], [ 109.27829, 13.87211 ], [ 109.2781, 13.87233 ], [ 109.27768, 13.8725 ], [ 109.27742, 13.87265 ], [ 109.27778, 13.87287 ], [ 109.27792, 13.87304 ], [ 109.27836, 13.87279 ], [ 109.2788, 13.87267 ], [ 109.2792, 13.8724 ], [ 109.27978, 13.87265 ], [ 109.28034, 13.87225 ], [ 109.28046, 13.87198 ], [ 109.28074, 13.87195 ], [ 109.28055, 13.87226 ], [ 109.28074, 13.87271 ], [ 109.28078, 13.87285 ], [ 109.28066, 13.87278 ], [ 109.28053, 13.87253 ], [ 109.28024, 13.87245 ], [ 109.27989, 13.87274 ], [ 109.27985, 13.87302 ], [ 109.2796, 13.8729 ], [ 109.27932, 13.87311 ], [ 109.27909, 13.87302 ], [ 109.27889, 13.87317 ], [ 109.27932, 13.8734 ], [ 109.27919, 13.8737 ], [ 109.27902, 13.87374 ], [ 109.2791, 13.87352 ], [ 109.27869, 13.87342 ], [ 109.27834, 13.87324 ], [ 109.27823, 13.87341 ], [ 109.27814, 13.87378 ], [ 109.27777, 13.87377 ], [ 109.27808, 13.87413 ], [ 109.27877, 13.87378 ], [ 109.27902, 13.87374 ], [ 109.27893, 13.87384 ], [ 109.27853, 13.87414 ], [ 109.27811, 13.8743 ], [ 109.27733, 13.87381 ], [ 109.27676, 13.87368 ], [ 109.27657, 13.87398 ], [ 109.27721, 13.87422 ], [ 109.2778, 13.87447 ], [ 109.27822, 13.87478 ], [ 109.27855, 13.87473 ], [ 109.27832, 13.87505 ], [ 109.27817, 13.87513 ], [ 109.27751, 13.87477 ], [ 109.27709, 13.87447 ], [ 109.2767, 13.8745 ], [ 109.27675, 13.87517 ], [ 109.27673, 13.87533 ], [ 109.27579, 13.87557 ], [ 109.27557, 13.87581 ], [ 109.2753, 13.87601 ], [ 109.27476, 13.87582 ], [ 109.27443, 13.87494 ], [ 109.27432, 13.87396 ], [ 109.2741, 13.87384 ], [ 109.2735, 13.87464 ], [ 109.27285, 13.87473 ], [ 109.27253, 13.87484 ], [ 109.27216, 13.87481 ], [ 109.27184, 13.87484 ], [ 109.27147, 13.8748 ], [ 109.27138, 13.87501 ], [ 109.27197, 13.87538 ], [ 109.27267, 13.87554 ], [ 109.27324, 13.87575 ], [ 109.27395, 13.87637 ], [ 109.27423, 13.87619 ], [ 109.27474, 13.87608 ], [ 109.27562, 13.87647 ], [ 109.27621, 13.87656 ], [ 109.27645, 13.87629 ], [ 109.27659, 13.87618 ], [ 109.27761, 13.87581 ], [ 109.27806, 13.87547 ], [ 109.27849, 13.87528 ], [ 109.27894, 13.87478 ], [ 109.27855, 13.87473 ], [ 109.27859, 13.87468 ], [ 109.27903, 13.87442 ], [ 109.27917, 13.87487 ], [ 109.27939, 13.87462 ], [ 109.27954, 13.87451 ], [ 109.27966, 13.87465 ], [ 109.27951, 13.87468 ], [ 109.27939, 13.87535 ], [ 109.27887, 13.87595 ], [ 109.27932, 13.876 ], [ 109.27997, 13.87573 ], [ 109.28068, 13.87554 ], [ 109.28095, 13.87538 ], [ 109.2809, 13.87553 ], [ 109.28044, 13.87593 ], [ 109.28133, 13.87586 ], [ 109.28146, 13.87552 ], [ 109.28156, 13.87501 ], [ 109.28247, 13.87496 ], [ 109.28256, 13.87517 ], [ 109.28284, 13.87541 ], [ 109.28275, 13.87553 ], [ 109.2822, 13.87563 ], [ 109.28238, 13.87579 ], [ 109.28301, 13.87583 ], [ 109.28306, 13.8752 ], [ 109.28294, 13.87507 ], [ 109.28257, 13.87484 ], [ 109.28302, 13.87448 ], [ 109.28367, 13.8742 ], [ 109.28397, 13.8734 ], [ 109.28387, 13.87317 ], [ 109.28353, 13.87286 ], [ 109.2835, 13.87246 ], [ 109.28379, 13.87237 ], [ 109.28413, 13.87219 ], [ 109.28424, 13.87249 ], [ 109.28398, 13.87272 ], [ 109.28413, 13.87291 ], [ 109.28452, 13.87264 ], [ 109.28454, 13.87233 ], [ 109.2845, 13.8716 ], [ 109.28463, 13.87147 ], [ 109.28481, 13.87131 ], [ 109.28485, 13.87071 ], [ 109.28481, 13.86989 ], [ 109.28489, 13.86869 ], [ 109.2848, 13.86745 ], [ 109.28492, 13.86756 ], [ 109.28503, 13.87051 ], [ 109.28523, 13.87093 ], [ 109.28537, 13.8707 ], [ 109.28529, 13.8694 ], [ 109.28513, 13.86878 ], [ 109.28498, 13.8674 ], [ 109.28485, 13.86713 ], [ 109.2848, 13.86745 ], [ 109.28475, 13.86741 ], [ 109.28465, 13.86664 ], [ 109.28435, 13.86572 ], [ 109.28376, 13.86532 ], [ 109.28344, 13.86531 ], [ 109.28245, 13.8654 ], [ 109.28173, 13.86558 ], [ 109.2817, 13.86541 ], [ 109.28199, 13.86522 ], [ 109.28243, 13.86493 ], [ 109.28347, 13.86496 ], [ 109.2842, 13.86478 ], [ 109.28431, 13.86487 ], [ 109.28458, 13.86515 ], [ 109.28498, 13.86553 ], [ 109.28513, 13.86643 ], [ 109.28511, 13.86743 ], [ 109.28527, 13.86824 ], [ 109.28539, 13.86922 ], [ 109.28556, 13.86992 ], [ 109.28564, 13.87246 ], [ 109.28619, 13.87313 ], [ 109.28559, 13.87423 ], [ 109.28535, 13.87445 ], [ 109.2849, 13.87512 ], [ 109.2847, 13.87473 ], [ 109.28437, 13.87503 ], [ 109.28404, 13.87623 ], [ 109.28422, 13.87703 ], [ 109.28477, 13.87717 ], [ 109.28505, 13.87726 ], [ 109.28568, 13.87711 ], [ 109.28616, 13.87727 ], [ 109.28651, 13.87745 ], [ 109.28689, 13.87757 ], [ 109.28667, 13.87819 ], [ 109.28615, 13.87835 ], [ 109.28597, 13.87844 ], [ 109.2855, 13.87855 ], [ 109.28561, 13.87873 ], [ 109.28675, 13.87858 ], [ 109.28689, 13.87817 ], [ 109.28708, 13.878 ], [ 109.28717, 13.87773 ], [ 109.28745, 13.87733 ], [ 109.28735, 13.87727 ], [ 109.28672, 13.87728 ], [ 109.28671, 13.87664 ], [ 109.2869, 13.87673 ], [ 109.28717, 13.877 ], [ 109.28736, 13.87701 ], [ 109.28781, 13.877 ], [ 109.28816, 13.87712 ], [ 109.28856, 13.87692 ], [ 109.2884, 13.87726 ], [ 109.28788, 13.87786 ], [ 109.28809, 13.87827 ], [ 109.28791, 13.87837 ], [ 109.28754, 13.87854 ], [ 109.28727, 13.87881 ], [ 109.28689, 13.87905 ], [ 109.2872, 13.87926 ], [ 109.28847, 13.87881 ], [ 109.28846, 13.87819 ], [ 109.28865, 13.87792 ], [ 109.28894, 13.87755 ], [ 109.28892, 13.87648 ], [ 109.28941, 13.87603 ], [ 109.28941, 13.87593 ], [ 109.2894, 13.87549 ], [ 109.28968, 13.87521 ], [ 109.28988, 13.87531 ], [ 109.29012, 13.8758 ], [ 109.29079, 13.87607 ], [ 109.2908, 13.87586 ], [ 109.2907, 13.87566 ], [ 109.29051, 13.87507 ], [ 109.29016, 13.8749 ], [ 109.29027, 13.87395 ], [ 109.29137, 13.87405 ], [ 109.29155, 13.87414 ], [ 109.29192, 13.87432 ], [ 109.29173, 13.8745 ], [ 109.29182, 13.87469 ], [ 109.29191, 13.87487 ], [ 109.29218, 13.87541 ], [ 109.29236, 13.87526 ], [ 109.29238, 13.87451 ], [ 109.29243, 13.87437 ], [ 109.29248, 13.87443 ], [ 109.29297, 13.87546 ], [ 109.2926, 13.87551 ], [ 109.29274, 13.87652 ], [ 109.29329, 13.87695 ], [ 109.29357, 13.87687 ], [ 109.29361, 13.87682 ], [ 109.29387, 13.87705 ], [ 109.29484, 13.87819 ], [ 109.29527, 13.87801 ], [ 109.29522, 13.87842 ], [ 109.29499, 13.8788 ], [ 109.29506, 13.87937 ], [ 109.29482, 13.87998 ], [ 109.29436, 13.88066 ], [ 109.29401, 13.88126 ], [ 109.29342, 13.8815 ], [ 109.29291, 13.88189 ], [ 109.29262, 13.88256 ], [ 109.2927, 13.88324 ], [ 109.29231, 13.88376 ], [ 109.29207, 13.88479 ], [ 109.29238, 13.88561 ], [ 109.29199, 13.88591 ], [ 109.29183, 13.88627 ], [ 109.29178, 13.88693 ], [ 109.29165, 13.887 ], [ 109.29173, 13.88732 ], [ 109.29178, 13.88702 ], [ 109.29187, 13.88702 ], [ 109.29187, 13.88748 ], [ 109.29163, 13.88742 ], [ 109.29156, 13.88648 ], [ 109.2912, 13.88617 ], [ 109.29076, 13.88644 ], [ 109.29086, 13.88687 ], [ 109.29053, 13.88736 ], [ 109.29048, 13.88765 ], [ 109.29033, 13.88761 ], [ 109.29011, 13.88746 ], [ 109.29011, 13.88737 ], [ 109.29002, 13.88737 ], [ 109.28896, 13.88678 ], [ 109.28891, 13.88673 ], [ 109.28896, 13.88669 ], [ 109.2897, 13.88641 ], [ 109.28897, 13.88571 ], [ 109.28914, 13.88534 ], [ 109.2896, 13.88523 ], [ 109.28976, 13.88538 ], [ 109.29015, 13.88578 ], [ 109.29061, 13.88594 ], [ 109.291, 13.88517 ], [ 109.29142, 13.8849 ], [ 109.29203, 13.88451 ], [ 109.29204, 13.88402 ], [ 109.29194, 13.88382 ], [ 109.29179, 13.88353 ], [ 109.29212, 13.88307 ], [ 109.29225, 13.88232 ], [ 109.29293, 13.88143 ], [ 109.29381, 13.8808 ], [ 109.2941, 13.88039 ], [ 109.29455, 13.87997 ], [ 109.29484, 13.87928 ], [ 109.29466, 13.87913 ], [ 109.29377, 13.87967 ], [ 109.29373, 13.87958 ], [ 109.29376, 13.87833 ], [ 109.29339, 13.87798 ], [ 109.29309, 13.87754 ], [ 109.29276, 13.8767 ], [ 109.29219, 13.87641 ], [ 109.29199, 13.8765 ], [ 109.292, 13.87691 ], [ 109.29185, 13.8776 ], [ 109.29126, 13.87837 ], [ 109.29022, 13.87847 ], [ 109.28943, 13.87926 ], [ 109.28806, 13.87936 ], [ 109.28766, 13.87989 ], [ 109.28708, 13.88008 ], [ 109.28665, 13.87994 ], [ 109.28649, 13.87946 ], [ 109.28624, 13.87971 ], [ 109.28596, 13.8798 ], [ 109.28583, 13.88005 ], [ 109.28493, 13.88067 ], [ 109.28386, 13.88046 ], [ 109.28328, 13.87974 ], [ 109.28327, 13.87937 ], [ 109.28329, 13.87883 ], [ 109.28328, 13.87824 ], [ 109.28329, 13.87784 ], [ 109.28329, 13.8777 ], [ 109.28344, 13.87698 ], [ 109.28316, 13.87655 ], [ 109.28288, 13.87738 ], [ 109.28255, 13.87769 ], [ 109.28212, 13.87812 ], [ 109.28171, 13.87841 ], [ 109.28134, 13.87868 ], [ 109.27976, 13.87978 ], [ 109.27984, 13.88093 ], [ 109.28012, 13.88102 ], [ 109.28047, 13.88138 ], [ 109.28117, 13.88082 ], [ 109.28156, 13.88043 ], [ 109.28222, 13.87995 ], [ 109.28327, 13.88007 ], [ 109.28382, 13.88059 ], [ 109.28435, 13.88114 ], [ 109.28464, 13.88115 ], [ 109.28513, 13.88092 ], [ 109.28567, 13.88061 ], [ 109.2859, 13.88016 ], [ 109.28631, 13.88041 ], [ 109.2865, 13.88079 ], [ 109.28633, 13.88115 ], [ 109.28604, 13.88124 ], [ 109.28562, 13.88137 ], [ 109.28531, 13.88169 ], [ 109.28442, 13.88193 ], [ 109.28409, 13.88177 ], [ 109.28258, 13.88068 ], [ 109.28234, 13.88086 ], [ 109.28133, 13.88173 ], [ 109.2805, 13.88193 ], [ 109.28029, 13.88183 ], [ 109.28016, 13.8817 ], [ 109.28065, 13.88167 ], [ 109.28059, 13.88155 ], [ 109.28029, 13.8814 ], [ 109.27997, 13.88113 ], [ 109.27958, 13.8812 ], [ 109.27964, 13.8813 ], [ 109.27991, 13.88138 ], [ 109.27998, 13.88152 ], [ 109.27975, 13.88159 ], [ 109.28002, 13.8821 ], [ 109.2802, 13.88262 ], [ 109.27983, 13.88274 ], [ 109.27974, 13.88299 ], [ 109.28144, 13.88311 ], [ 109.28207, 13.88274 ], [ 109.28311, 13.88277 ], [ 109.28433, 13.88275 ], [ 109.2852, 13.88305 ], [ 109.28519, 13.88341 ], [ 109.28459, 13.88359 ], [ 109.28375, 13.88357 ], [ 109.28329, 13.88358 ], [ 109.28283, 13.88357 ], [ 109.28218, 13.88357 ], [ 109.28142, 13.88355 ], [ 109.28064, 13.88381 ], [ 109.28, 13.88364 ], [ 109.27987, 13.88351 ], [ 109.28038, 13.88345 ], [ 109.28014, 13.88322 ], [ 109.27903, 13.88294 ], [ 109.27886, 13.88362 ], [ 109.27825, 13.88376 ], [ 109.27845, 13.88408 ], [ 109.27914, 13.8841 ], [ 109.27936, 13.884 ], [ 109.27947, 13.88328 ], [ 109.27959, 13.88341 ], [ 109.27946, 13.8835 ], [ 109.27958, 13.88405 ], [ 109.27951, 13.88434 ], [ 109.27915, 13.88453 ], [ 109.2787, 13.88462 ], [ 109.27834, 13.8849 ], [ 109.27791, 13.88497 ], [ 109.27782, 13.88485 ], [ 109.2783, 13.88477 ], [ 109.27845, 13.88451 ], [ 109.27714, 13.88463 ], [ 109.27689, 13.88435 ], [ 109.27649, 13.88466 ], [ 109.27658, 13.88481 ], [ 109.27702, 13.88478 ], [ 109.27722, 13.88489 ], [ 109.27745, 13.88493 ], [ 109.27717, 13.8853 ], [ 109.27723, 13.88575 ], [ 109.27719, 13.88598 ], [ 109.27689, 13.88638 ], [ 109.27684, 13.88634 ], [ 109.27675, 13.88614 ], [ 109.2766, 13.88616 ], [ 109.27667, 13.88677 ], [ 109.27591, 13.88686 ], [ 109.2756, 13.88697 ], [ 109.27536, 13.88754 ], [ 109.27498, 13.88776 ], [ 109.2748, 13.888 ], [ 109.27543, 13.88793 ], [ 109.27572, 13.88758 ], [ 109.27577, 13.88754 ], [ 109.27568, 13.888 ], [ 109.27525, 13.88812 ], [ 109.27481, 13.88837 ], [ 109.27461, 13.8894 ], [ 109.27433, 13.88963 ], [ 109.27495, 13.88976 ], [ 109.27505, 13.89021 ], [ 109.2754, 13.89065 ], [ 109.27503, 13.8915 ], [ 109.27509, 13.89179 ], [ 109.2748, 13.89214 ], [ 109.27444, 13.89241 ], [ 109.27438, 13.89199 ], [ 109.27455, 13.89029 ], [ 109.27421, 13.89038 ], [ 109.27395, 13.89092 ], [ 109.27357, 13.89119 ], [ 109.27346, 13.89191 ], [ 109.27321, 13.89216 ], [ 109.27284, 13.89236 ], [ 109.27264, 13.89204 ], [ 109.27273, 13.89172 ], [ 109.27291, 13.89124 ], [ 109.27293, 13.89082 ], [ 109.27221, 13.89079 ], [ 109.27181, 13.89115 ], [ 109.27168, 13.89183 ], [ 109.27087, 13.89271 ], [ 109.27105, 13.89289 ], [ 109.27159, 13.89272 ], [ 109.27214, 13.89245 ], [ 109.27254, 13.89261 ], [ 109.27223, 13.89328 ], [ 109.27152, 13.89372 ], [ 109.27137, 13.89496 ], [ 109.27145, 13.89538 ], [ 109.27117, 13.89573 ], [ 109.2708, 13.896 ], [ 109.27074, 13.8957 ], [ 109.27077, 13.89518 ], [ 109.27064, 13.89466 ], [ 109.27058, 13.89361 ], [ 109.27114, 13.89336 ], [ 109.27081, 13.89298 ], [ 109.27039, 13.89321 ], [ 109.27, 13.89381 ], [ 109.26978, 13.89405 ], [ 109.26893, 13.8945 ], [ 109.26866, 13.89521 ], [ 109.26934, 13.89542 ], [ 109.26949, 13.89609 ], [ 109.26983, 13.89639 ], [ 109.26968, 13.89657 ], [ 109.26914, 13.89597 ], [ 109.26855, 13.8956 ], [ 109.26849, 13.89554 ], [ 109.26881, 13.89548 ], [ 109.26809, 13.89513 ], [ 109.26761, 13.89532 ], [ 109.26734, 13.89555 ], [ 109.26731, 13.89591 ], [ 109.26781, 13.89652 ], [ 109.26777, 13.89703 ], [ 109.26793, 13.89698 ] ], [ [ 109.26318, 13.89716 ], [ 109.26334, 13.89724 ], [ 109.26339, 13.89713 ], [ 109.26318, 13.89716 ] ], [ [ 109.26532, 13.89469 ], [ 109.26542, 13.89491 ], [ 109.26563, 13.89461 ], [ 109.26532, 13.89469 ] ], [ [ 109.26724, 13.89659 ], [ 109.26759, 13.89674 ], [ 109.26747, 13.89643 ], [ 109.26724, 13.89659 ] ], [ [ 109.2701, 13.8928 ], [ 109.26978, 13.89331 ], [ 109.27003, 13.89335 ], [ 109.27032, 13.89298 ], [ 109.27036, 13.89266 ], [ 109.2701, 13.8928 ] ], [ [ 109.27099, 13.89058 ], [ 109.27145, 13.89072 ], [ 109.27153, 13.89085 ], [ 109.27134, 13.89117 ], [ 109.27126, 13.8914 ], [ 109.27148, 13.89153 ], [ 109.27167, 13.89094 ], [ 109.27189, 13.89076 ], [ 109.27172, 13.89046 ], [ 109.27159, 13.88986 ], [ 109.27145, 13.8899 ], [ 109.27135, 13.89038 ], [ 109.27097, 13.89035 ], [ 109.27099, 13.89058 ] ], [ [ 109.27351, 13.89082 ], [ 109.27384, 13.89066 ], [ 109.2739, 13.89033 ], [ 109.27375, 13.89037 ], [ 109.27367, 13.89056 ], [ 109.27351, 13.89082 ] ], [ [ 109.27334, 13.89055 ], [ 109.27325, 13.89033 ], [ 109.27293, 13.89038 ], [ 109.27219, 13.89046 ], [ 109.27238, 13.89068 ], [ 109.27274, 13.89063 ], [ 109.27301, 13.89067 ], [ 109.27334, 13.89055 ] ], [ [ 109.27131, 13.89013 ], [ 109.27119, 13.89018 ], [ 109.27127, 13.89034 ], [ 109.27131, 13.89013 ] ], [ [ 109.2735, 13.8894 ], [ 109.27321, 13.89012 ], [ 109.27337, 13.89028 ], [ 109.2736, 13.89013 ], [ 109.27356, 13.88984 ], [ 109.27386, 13.88948 ], [ 109.2739, 13.88934 ], [ 109.2735, 13.8894 ] ], [ [ 109.2738, 13.8882 ], [ 109.27477, 13.88812 ], [ 109.27459, 13.88747 ], [ 109.27402, 13.88713 ], [ 109.27395, 13.88722 ], [ 109.27401, 13.88766 ], [ 109.27387, 13.88758 ], [ 109.27383, 13.88753 ], [ 109.27394, 13.88749 ], [ 109.27383, 13.88744 ], [ 109.27377, 13.88722 ], [ 109.27351, 13.88733 ], [ 109.27359, 13.88769 ], [ 109.2738, 13.8882 ] ], [ [ 109.27494, 13.88739 ], [ 109.27523, 13.88743 ], [ 109.27539, 13.88689 ], [ 109.27597, 13.88665 ], [ 109.27651, 13.88672 ], [ 109.27633, 13.88608 ], [ 109.27668, 13.8855 ], [ 109.27647, 13.88534 ], [ 109.27643, 13.88529 ], [ 109.27636, 13.88535 ], [ 109.27639, 13.88561 ], [ 109.27585, 13.88583 ], [ 109.27529, 13.88626 ], [ 109.27512, 13.88665 ], [ 109.27471, 13.88713 ], [ 109.27494, 13.88739 ] ], [ [ 109.27685, 13.88587 ], [ 109.27704, 13.88573 ], [ 109.27708, 13.88511 ], [ 109.27677, 13.88519 ], [ 109.27685, 13.88587 ] ], [ [ 109.27312, 13.8878 ], [ 109.27305, 13.88738 ], [ 109.27276, 13.88721 ], [ 109.27272, 13.88716 ], [ 109.27233, 13.88726 ], [ 109.27212, 13.88774 ], [ 109.27222, 13.88799 ], [ 109.27277, 13.8881 ], [ 109.27312, 13.8878 ] ], [ [ 109.27763, 13.88407 ], [ 109.27755, 13.8844 ], [ 109.27811, 13.88452 ], [ 109.27821, 13.8842 ], [ 109.27805, 13.88409 ], [ 109.27801, 13.88403 ], [ 109.27763, 13.88407 ] ], [ [ 109.27935, 13.88065 ], [ 109.27827, 13.8808 ], [ 109.27842, 13.881 ], [ 109.27925, 13.88106 ], [ 109.27956, 13.88052 ], [ 109.27962, 13.87962 ], [ 109.27948, 13.87974 ], [ 109.27935, 13.88065 ] ], [ [ 109.27911, 13.87993 ], [ 109.2792, 13.87984 ], [ 109.2793, 13.87948 ], [ 109.27944, 13.87907 ], [ 109.28014, 13.87867 ], [ 109.28051, 13.8784 ], [ 109.28079, 13.87823 ], [ 109.28149, 13.87774 ], [ 109.28204, 13.87739 ], [ 109.28241, 13.87692 ], [ 109.28262, 13.8761 ], [ 109.28227, 13.87588 ], [ 109.28215, 13.87575 ], [ 109.28155, 13.87581 ], [ 109.28174, 13.87638 ], [ 109.28163, 13.8767 ], [ 109.28163, 13.87709 ], [ 109.28088, 13.8775 ], [ 109.28026, 13.87787 ], [ 109.27983, 13.87785 ], [ 109.27922, 13.87749 ], [ 109.27923, 13.87715 ], [ 109.28052, 13.87705 ], [ 109.28102, 13.87666 ], [ 109.28088, 13.87607 ], [ 109.27993, 13.87647 ], [ 109.27941, 13.87659 ], [ 109.27913, 13.87668 ], [ 109.27867, 13.87676 ], [ 109.27849, 13.87681 ], [ 109.27877, 13.87695 ], [ 109.27875, 13.87712 ], [ 109.27834, 13.87692 ], [ 109.27811, 13.87704 ], [ 109.27848, 13.87757 ], [ 109.27857, 13.87817 ], [ 109.27828, 13.87884 ], [ 109.27847, 13.87938 ], [ 109.27861, 13.88046 ], [ 109.279, 13.88056 ], [ 109.27911, 13.87993 ] ], [ [ 109.2822, 13.87745 ], [ 109.28215, 13.87768 ], [ 109.28233, 13.87772 ], [ 109.28256, 13.87743 ], [ 109.2826, 13.8772 ], [ 109.2822, 13.87745 ] ], [ [ 109.28267, 13.8766 ], [ 109.28272, 13.87695 ], [ 109.28286, 13.87681 ], [ 109.28288, 13.87657 ], [ 109.28267, 13.8766 ] ], [ [ 109.28341, 13.87653 ], [ 109.28358, 13.87706 ], [ 109.28366, 13.8776 ], [ 109.28384, 13.87734 ], [ 109.28377, 13.87679 ], [ 109.28362, 13.87648 ], [ 109.28341, 13.87653 ] ], [ [ 109.28478, 13.87753 ], [ 109.28472, 13.87781 ], [ 109.28496, 13.87797 ], [ 109.28522, 13.87843 ], [ 109.28554, 13.87835 ], [ 109.28587, 13.87812 ], [ 109.28578, 13.87765 ], [ 109.28523, 13.87754 ], [ 109.28519, 13.87749 ], [ 109.28478, 13.87753 ] ], [ [ 109.28407, 13.87829 ], [ 109.28395, 13.87834 ], [ 109.28403, 13.8785 ], [ 109.28407, 13.87829 ] ], [ [ 109.28384, 13.87662 ], [ 109.28398, 13.87547 ], [ 109.28386, 13.87535 ], [ 109.28422, 13.87519 ], [ 109.28433, 13.87454 ], [ 109.28443, 13.87445 ], [ 109.28466, 13.87398 ], [ 109.28542, 13.87375 ], [ 109.28588, 13.87334 ], [ 109.28537, 13.87286 ], [ 109.28534, 13.87212 ], [ 109.28546, 13.87157 ], [ 109.28532, 13.87134 ], [ 109.28488, 13.87142 ], [ 109.28463, 13.87164 ], [ 109.28462, 13.87193 ], [ 109.28509, 13.87192 ], [ 109.2849, 13.87211 ], [ 109.2848, 13.8722 ], [ 109.28483, 13.87307 ], [ 109.28461, 13.87337 ], [ 109.28442, 13.87384 ], [ 109.284, 13.87422 ], [ 109.28371, 13.87452 ], [ 109.28333, 13.87472 ], [ 109.2828, 13.87481 ], [ 109.28322, 13.87508 ], [ 109.2833, 13.8759 ], [ 109.28363, 13.87573 ], [ 109.28384, 13.87662 ] ], [ [ 109.27837, 13.87591 ], [ 109.27845, 13.87563 ], [ 109.27805, 13.87573 ], [ 109.27798, 13.87603 ], [ 109.27837, 13.87591 ] ], [ [ 109.28097, 13.87727 ], [ 109.28103, 13.87701 ], [ 109.28033, 13.87737 ], [ 109.28055, 13.87753 ], [ 109.28097, 13.87727 ] ], [ [ 109.27831, 13.87668 ], [ 109.27835, 13.87644 ], [ 109.27794, 13.87651 ], [ 109.27766, 13.87698 ], [ 109.27785, 13.87694 ], [ 109.27831, 13.87668 ] ], [ [ 109.27784, 13.87795 ], [ 109.27788, 13.87762 ], [ 109.27766, 13.87772 ], [ 109.27773, 13.8781 ], [ 109.27784, 13.87795 ] ], [ [ 109.27741, 13.87825 ], [ 109.27719, 13.87829 ], [ 109.27709, 13.87859 ], [ 109.27737, 13.87871 ], [ 109.27741, 13.87825 ] ], [ [ 109.27759, 13.87852 ], [ 109.27748, 13.87855 ], [ 109.27756, 13.87863 ], [ 109.27759, 13.87852 ], [ 109.27771, 13.87849 ], [ 109.27763, 13.87841 ], [ 109.27759, 13.87852 ] ], [ [ 109.27757, 13.87828 ], [ 109.27766, 13.87836 ], [ 109.27769, 13.87825 ], [ 109.27757, 13.87828 ] ], [ [ 109.27823, 13.8797 ], [ 109.27802, 13.87973 ], [ 109.27807, 13.88004 ], [ 109.2782, 13.88017 ], [ 109.27823, 13.8797 ] ], [ [ 109.27665, 13.87669 ], [ 109.27668, 13.87652 ], [ 109.27641, 13.87655 ], [ 109.27621, 13.87677 ], [ 109.27641, 13.87691 ], [ 109.27665, 13.87669 ] ], [ [ 109.27446, 13.87642 ], [ 109.27395, 13.87648 ], [ 109.27368, 13.87644 ], [ 109.27359, 13.87661 ], [ 109.2739, 13.87674 ], [ 109.27422, 13.8767 ], [ 109.27446, 13.87642 ] ], [ [ 109.27147, 13.87609 ], [ 109.27151, 13.87585 ], [ 109.27121, 13.8759 ], [ 109.27111, 13.87632 ], [ 109.27147, 13.87609 ] ], [ [ 109.26822, 13.87579 ], [ 109.26812, 13.87555 ], [ 109.26775, 13.87525 ], [ 109.26763, 13.87483 ], [ 109.26686, 13.87487 ], [ 109.26712, 13.87523 ], [ 109.26742, 13.87592 ], [ 109.26809, 13.87612 ], [ 109.26845, 13.87633 ], [ 109.26839, 13.87593 ], [ 109.26822, 13.87579 ] ], [ [ 109.26914, 13.87614 ], [ 109.26884, 13.87626 ], [ 109.2689, 13.87654 ], [ 109.26919, 13.87669 ], [ 109.26938, 13.87642 ], [ 109.2699, 13.87635 ], [ 109.27068, 13.87669 ], [ 109.27058, 13.87616 ], [ 109.27016, 13.87608 ], [ 109.27012, 13.87602 ], [ 109.26998, 13.87608 ], [ 109.26975, 13.87603 ], [ 109.26914, 13.87614 ] ], [ [ 109.2697, 13.87664 ], [ 109.27021, 13.87697 ], [ 109.2704, 13.87685 ], [ 109.27016, 13.87661 ], [ 109.27011, 13.87657 ], [ 109.2697, 13.87664 ] ], [ [ 109.26965, 13.87674 ], [ 109.26934, 13.87678 ], [ 109.26959, 13.87686 ], [ 109.26965, 13.87674 ] ], [ [ 109.26817, 13.87682 ], [ 109.26795, 13.87688 ], [ 109.26821, 13.87749 ], [ 109.26848, 13.87755 ], [ 109.26839, 13.87716 ], [ 109.26817, 13.87682 ] ], [ [ 109.27081, 13.87689 ], [ 109.27089, 13.87771 ], [ 109.27109, 13.87798 ], [ 109.27105, 13.87833 ], [ 109.27194, 13.87842 ], [ 109.27216, 13.87806 ], [ 109.272, 13.87762 ], [ 109.27184, 13.8771 ], [ 109.27164, 13.87698 ], [ 109.27145, 13.8769 ], [ 109.27141, 13.87685 ], [ 109.27081, 13.87689 ] ], [ [ 109.27077, 13.87754 ], [ 109.27066, 13.87729 ], [ 109.27044, 13.87734 ], [ 109.27052, 13.87785 ], [ 109.27071, 13.87814 ], [ 109.27077, 13.87754 ] ], [ [ 109.27104, 13.87648 ], [ 109.27115, 13.8767 ], [ 109.27144, 13.87662 ], [ 109.27138, 13.87652 ], [ 109.27104, 13.87648 ], [ 109.27099, 13.87618 ], [ 109.2708, 13.8759 ], [ 109.2708, 13.87642 ], [ 109.27104, 13.87648 ] ], [ [ 109.27158, 13.87893 ], [ 109.27136, 13.87896 ], [ 109.27153, 13.87904 ], [ 109.27158, 13.87893 ] ], [ [ 109.26948, 13.87943 ], [ 109.26936, 13.87891 ], [ 109.26905, 13.87896 ], [ 109.26927, 13.8793 ], [ 109.26903, 13.87985 ], [ 109.26927, 13.87991 ], [ 109.26948, 13.87943 ] ], [ [ 109.27296, 13.8744 ], [ 109.27309, 13.87451 ], [ 109.27367, 13.87428 ], [ 109.27374, 13.87388 ], [ 109.27357, 13.87393 ], [ 109.2733, 13.87427 ], [ 109.27296, 13.8744 ] ], [ [ 109.27061, 13.87415 ], [ 109.27041, 13.87386 ], [ 109.27028, 13.87394 ], [ 109.27044, 13.87426 ], [ 109.27061, 13.87415 ] ], [ [ 109.27333, 13.87255 ], [ 109.27338, 13.87234 ], [ 109.27307, 13.87238 ], [ 109.27333, 13.87255 ] ], [ [ 109.27157, 13.87221 ], [ 109.27113, 13.87164 ], [ 109.27112, 13.87129 ], [ 109.27108, 13.87124 ], [ 109.27084, 13.87131 ], [ 109.27057, 13.87181 ], [ 109.27073, 13.87218 ], [ 109.27093, 13.87219 ], [ 109.27107, 13.87219 ], [ 109.27157, 13.87221 ] ], [ [ 109.27132, 13.87147 ], [ 109.2714, 13.87182 ], [ 109.27194, 13.872 ], [ 109.27186, 13.87169 ], [ 109.27161, 13.87154 ], [ 109.27154, 13.87143 ], [ 109.27132, 13.87147 ] ], [ [ 109.27021, 13.87092 ], [ 109.27006, 13.87024 ], [ 109.27031, 13.86917 ], [ 109.27036, 13.86852 ], [ 109.27022, 13.86864 ], [ 109.27013, 13.86902 ], [ 109.26994, 13.86918 ], [ 109.26985, 13.86947 ], [ 109.26971, 13.86984 ], [ 109.26975, 13.87046 ], [ 109.26972, 13.87079 ], [ 109.26983, 13.87109 ], [ 109.26995, 13.87171 ], [ 109.27028, 13.87174 ], [ 109.27021, 13.87092 ] ], [ [ 109.27024, 13.86777 ], [ 109.27031, 13.86837 ], [ 109.27048, 13.86828 ], [ 109.27043, 13.86783 ], [ 109.27036, 13.86771 ], [ 109.27024, 13.86777 ] ], [ [ 109.27049, 13.86685 ], [ 109.27033, 13.86733 ], [ 109.27055, 13.86731 ], [ 109.27065, 13.86702 ], [ 109.27056, 13.86681 ], [ 109.27049, 13.86685 ] ], [ [ 109.26961, 13.86379 ], [ 109.26977, 13.86395 ], [ 109.26984, 13.86373 ], [ 109.26961, 13.86379 ] ], [ [ 109.27257, 13.86213 ], [ 109.27261, 13.86176 ], [ 109.27256, 13.86122 ], [ 109.27262, 13.86063 ], [ 109.27258, 13.86014 ], [ 109.27274, 13.85958 ], [ 109.27225, 13.85976 ], [ 109.27207, 13.85943 ], [ 109.27195, 13.85891 ], [ 109.27192, 13.85814 ], [ 109.2716, 13.85823 ], [ 109.2715, 13.85915 ], [ 109.27169, 13.85965 ], [ 109.27164, 13.86005 ], [ 109.27188, 13.86038 ], [ 109.27168, 13.86107 ], [ 109.27213, 13.86144 ], [ 109.27228, 13.86197 ], [ 109.27257, 13.86213 ] ], [ [ 109.27288, 13.86216 ], [ 109.27296, 13.86224 ], [ 109.273, 13.86213 ], [ 109.27288, 13.86216 ] ], [ [ 109.27274, 13.86029 ], [ 109.2728, 13.86109 ], [ 109.27274, 13.86171 ], [ 109.27301, 13.86208 ], [ 109.27322, 13.86162 ], [ 109.27342, 13.86127 ], [ 109.2736, 13.86055 ], [ 109.27372, 13.85936 ], [ 109.27418, 13.8594 ], [ 109.27446, 13.85908 ], [ 109.27492, 13.85912 ], [ 109.27501, 13.85886 ], [ 109.27485, 13.85848 ], [ 109.27473, 13.85885 ], [ 109.27437, 13.85882 ], [ 109.27395, 13.85834 ], [ 109.27381, 13.85838 ], [ 109.27361, 13.85848 ], [ 109.27366, 13.85913 ], [ 109.27343, 13.859 ], [ 109.27324, 13.85901 ], [ 109.27306, 13.85955 ], [ 109.27274, 13.86029 ] ], [ [ 109.27364, 13.861 ], [ 109.27348, 13.86162 ], [ 109.27376, 13.86168 ], [ 109.27389, 13.86119 ], [ 109.27393, 13.86096 ], [ 109.27364, 13.861 ] ], [ [ 109.27259, 13.85836 ], [ 109.27286, 13.85821 ], [ 109.27266, 13.85779 ], [ 109.27244, 13.85792 ], [ 109.27259, 13.85836 ] ], [ [ 109.27233, 13.85786 ], [ 109.27225, 13.85746 ], [ 109.27202, 13.85715 ], [ 109.27184, 13.85728 ], [ 109.27214, 13.858 ], [ 109.27233, 13.85786 ] ], [ [ 109.27178, 13.85718 ], [ 109.2717, 13.85639 ], [ 109.27142, 13.85602 ], [ 109.27124, 13.85535 ], [ 109.27095, 13.85512 ], [ 109.27083, 13.85497 ], [ 109.27061, 13.85513 ], [ 109.27104, 13.85607 ], [ 109.27116, 13.85659 ], [ 109.2711, 13.85692 ], [ 109.27138, 13.85727 ], [ 109.27178, 13.85718 ] ], [ [ 109.27143, 13.85548 ], [ 109.27155, 13.85592 ], [ 109.27173, 13.85573 ], [ 109.27166, 13.85543 ], [ 109.27143, 13.85548 ] ], [ [ 109.2705, 13.85586 ], [ 109.27041, 13.8551 ], [ 109.27028, 13.85447 ], [ 109.27093, 13.85402 ], [ 109.27127, 13.85346 ], [ 109.2716, 13.85317 ], [ 109.27182, 13.85222 ], [ 109.27201, 13.85154 ], [ 109.27179, 13.85142 ], [ 109.27164, 13.85205 ], [ 109.27148, 13.85153 ], [ 109.27114, 13.85107 ], [ 109.27081, 13.85086 ], [ 109.27077, 13.85081 ], [ 109.27025, 13.85088 ], [ 109.26968, 13.85158 ], [ 109.26971, 13.85212 ], [ 109.26968, 13.85255 ], [ 109.26978, 13.85293 ], [ 109.26987, 13.85357 ], [ 109.27001, 13.85438 ], [ 109.26976, 13.8561 ], [ 109.27005, 13.85624 ], [ 109.2705, 13.85586 ] ], [ [ 109.27127, 13.85412 ], [ 109.27124, 13.85436 ], [ 109.27147, 13.85465 ], [ 109.27207, 13.85472 ], [ 109.27199, 13.85448 ], [ 109.27167, 13.85407 ], [ 109.27127, 13.85412 ] ], [ [ 109.27201, 13.85086 ], [ 109.27245, 13.85068 ], [ 109.2725, 13.8503 ], [ 109.27206, 13.85003 ], [ 109.27164, 13.849 ], [ 109.27138, 13.84879 ], [ 109.27134, 13.84874 ], [ 109.27088, 13.84886 ], [ 109.2699, 13.85004 ], [ 109.27018, 13.85019 ], [ 109.27058, 13.84996 ], [ 109.27089, 13.85006 ], [ 109.27118, 13.85023 ], [ 109.27138, 13.85031 ], [ 109.27201, 13.85086 ] ], [ [ 109.27254, 13.84897 ], [ 109.27268, 13.84924 ], [ 109.27283, 13.84988 ], [ 109.27328, 13.84978 ], [ 109.27314, 13.84934 ], [ 109.27289, 13.84897 ], [ 109.27324, 13.848 ], [ 109.27315, 13.8478 ], [ 109.27298, 13.84747 ], [ 109.27254, 13.84644 ], [ 109.27214, 13.84653 ], [ 109.27178, 13.84722 ], [ 109.27129, 13.8478 ], [ 109.2702, 13.84766 ], [ 109.26936, 13.84716 ], [ 109.26936, 13.84687 ], [ 109.26964, 13.84687 ], [ 109.26982, 13.84687 ], [ 109.2701, 13.84697 ], [ 109.27062, 13.84696 ], [ 109.27121, 13.84711 ], [ 109.27111, 13.84652 ], [ 109.27094, 13.84661 ], [ 109.27066, 13.84679 ], [ 109.27029, 13.8467 ], [ 109.26957, 13.84652 ], [ 109.26918, 13.84615 ], [ 109.26914, 13.8461 ], [ 109.26817, 13.84617 ], [ 109.26826, 13.84696 ], [ 109.26871, 13.84795 ], [ 109.26879, 13.84895 ], [ 109.26891, 13.84931 ], [ 109.26879, 13.84967 ], [ 109.26879, 13.84989 ], [ 109.26878, 13.85032 ], [ 109.26934, 13.84967 ], [ 109.26953, 13.8494 ], [ 109.26981, 13.84904 ], [ 109.27012, 13.84864 ], [ 109.27104, 13.84797 ], [ 109.27215, 13.8482 ], [ 109.27236, 13.84861 ], [ 109.27254, 13.84897 ] ], [ [ 109.26808, 13.84971 ], [ 109.26791, 13.84926 ], [ 109.2677, 13.84932 ], [ 109.26788, 13.84993 ], [ 109.26808, 13.84971 ] ], [ [ 109.26864, 13.8508 ], [ 109.26839, 13.85087 ], [ 109.26842, 13.8515 ], [ 109.26823, 13.8522 ], [ 109.26847, 13.85273 ], [ 109.26883, 13.85292 ], [ 109.2689, 13.85273 ], [ 109.26884, 13.85175 ], [ 109.26914, 13.85174 ], [ 109.2694, 13.85202 ], [ 109.26949, 13.85162 ], [ 109.26919, 13.85135 ], [ 109.26906, 13.8512 ], [ 109.26877, 13.85103 ], [ 109.26864, 13.8508 ] ], [ [ 109.26886, 13.85383 ], [ 109.2689, 13.85342 ], [ 109.26858, 13.8535 ], [ 109.26869, 13.854 ], [ 109.26886, 13.85383 ] ], [ [ 109.26917, 13.85442 ], [ 109.26912, 13.85446 ], [ 109.26898, 13.85487 ], [ 109.26881, 13.85536 ], [ 109.26894, 13.85618 ], [ 109.2693, 13.85533 ], [ 109.26917, 13.85442 ] ], [ [ 109.26941, 13.85534 ], [ 109.26948, 13.85571 ], [ 109.26959, 13.85565 ], [ 109.26962, 13.85523 ], [ 109.26941, 13.85534 ] ], [ [ 109.27019, 13.85671 ], [ 109.27008, 13.85641 ], [ 109.26957, 13.85647 ], [ 109.26992, 13.85681 ], [ 109.27019, 13.85671 ] ], [ [ 109.26934, 13.8565 ], [ 109.26911, 13.85666 ], [ 109.26928, 13.8568 ], [ 109.26934, 13.8565 ] ], [ [ 109.26997, 13.85813 ], [ 109.26986, 13.85816 ], [ 109.26994, 13.85824 ], [ 109.26997, 13.85813 ] ], [ [ 109.27025, 13.8584 ], [ 109.27003, 13.85851 ], [ 109.27011, 13.85879 ], [ 109.27021, 13.85873 ], [ 109.27025, 13.8584 ] ], [ [ 109.27052, 13.85895 ], [ 109.27075, 13.85862 ], [ 109.27059, 13.85862 ], [ 109.27042, 13.85887 ], [ 109.27052, 13.85895 ], [ 109.27056, 13.85934 ], [ 109.27072, 13.85925 ], [ 109.27058, 13.85898 ], [ 109.27052, 13.85895 ] ], [ [ 109.26987, 13.85966 ], [ 109.26975, 13.85975 ], [ 109.2697, 13.86014 ], [ 109.26994, 13.86028 ], [ 109.26987, 13.85966 ] ], [ [ 109.2695, 13.8602 ], [ 109.26937, 13.86027 ], [ 109.26945, 13.8605 ], [ 109.2695, 13.8602 ] ], [ [ 109.27125, 13.86055 ], [ 109.27115, 13.86096 ], [ 109.27135, 13.86101 ], [ 109.27141, 13.86076 ], [ 109.27134, 13.86049 ], [ 109.27125, 13.86055 ] ], [ [ 109.27051, 13.86057 ], [ 109.27019, 13.86065 ], [ 109.27032, 13.86105 ], [ 109.27064, 13.86111 ], [ 109.27051, 13.86057 ] ], [ [ 109.27069, 13.86098 ], [ 109.27056, 13.86162 ], [ 109.2707, 13.86196 ], [ 109.27108, 13.86204 ], [ 109.27119, 13.86152 ], [ 109.27101, 13.86108 ], [ 109.27097, 13.86094 ], [ 109.27069, 13.86098 ] ], [ [ 109.27019, 13.86165 ], [ 109.27013, 13.86129 ], [ 109.27002, 13.86137 ], [ 109.26995, 13.86187 ], [ 109.27015, 13.8619 ], [ 109.27019, 13.86165 ] ], [ [ 109.26473, 13.85457 ], [ 109.26451, 13.85461 ], [ 109.26461, 13.85477 ], [ 109.26473, 13.85457 ] ], [ [ 109.26522, 13.85544 ], [ 109.26509, 13.85493 ], [ 109.26487, 13.85499 ], [ 109.26495, 13.85587 ], [ 109.26512, 13.8559 ], [ 109.26522, 13.85544 ] ], [ [ 109.26453, 13.85583 ], [ 109.26413, 13.85595 ], [ 109.26375, 13.85623 ], [ 109.2632, 13.85643 ], [ 109.26305, 13.85691 ], [ 109.26272, 13.85778 ], [ 109.26267, 13.85854 ], [ 109.26311, 13.85884 ], [ 109.2633, 13.85874 ], [ 109.26354, 13.85849 ], [ 109.26427, 13.85808 ], [ 109.2644, 13.85774 ], [ 109.26453, 13.85583 ] ], [ [ 109.26231, 13.85663 ], [ 109.26208, 13.85678 ], [ 109.26222, 13.85693 ], [ 109.26231, 13.85663 ] ], [ [ 109.26248, 13.85835 ], [ 109.26225, 13.8584 ], [ 109.26257, 13.85874 ], [ 109.26248, 13.85835 ] ], [ [ 109.26266, 13.8588 ], [ 109.26253, 13.85889 ], [ 109.26261, 13.85965 ], [ 109.26286, 13.85956 ], [ 109.26294, 13.85922 ], [ 109.26266, 13.8588 ] ], [ [ 109.25882, 13.86507 ], [ 109.25873, 13.86483 ], [ 109.2585, 13.86502 ], [ 109.25862, 13.86532 ], [ 109.25882, 13.86507 ] ], [ [ 109.25449, 13.87555 ], [ 109.25418, 13.87578 ], [ 109.25413, 13.87613 ], [ 109.25443, 13.87595 ], [ 109.25449, 13.87555 ] ], [ [ 109.25204, 13.87767 ], [ 109.25198, 13.87725 ], [ 109.25192, 13.87729 ], [ 109.25184, 13.87748 ], [ 109.25166, 13.87762 ], [ 109.25163, 13.87783 ], [ 109.2518, 13.87785 ], [ 109.25204, 13.87767 ] ], [ [ 109.25345, 13.87776 ], [ 109.25323, 13.87843 ], [ 109.25352, 13.87834 ], [ 109.25369, 13.87795 ], [ 109.25373, 13.87772 ], [ 109.25345, 13.87776 ] ], [ [ 109.25234, 13.87789 ], [ 109.25222, 13.87795 ], [ 109.2523, 13.87818 ], [ 109.25234, 13.87789 ] ], [ [ 109.25245, 13.88118 ], [ 109.25272, 13.88082 ], [ 109.25283, 13.88037 ], [ 109.25323, 13.87947 ], [ 109.25312, 13.87911 ], [ 109.25295, 13.87865 ], [ 109.25293, 13.87848 ], [ 109.25289, 13.87843 ], [ 109.25259, 13.87848 ], [ 109.25246, 13.87917 ], [ 109.25214, 13.8793 ], [ 109.25201, 13.87974 ], [ 109.2519, 13.88 ], [ 109.25182, 13.88037 ], [ 109.25129, 13.88101 ], [ 109.25147, 13.88165 ], [ 109.25101, 13.88226 ], [ 109.25114, 13.88272 ], [ 109.25137, 13.88311 ], [ 109.25107, 13.88362 ], [ 109.25129, 13.88414 ], [ 109.25168, 13.88418 ], [ 109.25183, 13.88393 ], [ 109.25169, 13.88344 ], [ 109.25181, 13.88304 ], [ 109.25166, 13.88234 ], [ 109.25223, 13.882 ], [ 109.25236, 13.88155 ], [ 109.25245, 13.88118 ] ], [ [ 109.25151, 13.88017 ], [ 109.2514, 13.87996 ], [ 109.25128, 13.88002 ], [ 109.25136, 13.88026 ], [ 109.25151, 13.88017 ] ], [ [ 109.25188, 13.8836 ], [ 109.252, 13.884 ], [ 109.25239, 13.88444 ], [ 109.25248, 13.88426 ], [ 109.25212, 13.8834 ], [ 109.25188, 13.8836 ] ], [ [ 109.25357, 13.88443 ], [ 109.25365, 13.88451 ], [ 109.25368, 13.8844 ], [ 109.25357, 13.88443 ] ], [ [ 109.25251, 13.882 ], [ 109.25264, 13.88297 ], [ 109.25294, 13.88301 ], [ 109.25302, 13.88243 ], [ 109.2529, 13.88215 ], [ 109.25272, 13.88201 ], [ 109.25268, 13.88196 ], [ 109.25251, 13.882 ] ], [ [ 109.25256, 13.88161 ], [ 109.25265, 13.88181 ], [ 109.25286, 13.88167 ], [ 109.25278, 13.88151 ], [ 109.25256, 13.88161 ] ], [ [ 109.25118, 13.88457 ], [ 109.25107, 13.88463 ], [ 109.25096, 13.88503 ], [ 109.25114, 13.88513 ], [ 109.25118, 13.88457 ] ], [ [ 109.25147, 13.8848 ], [ 109.25137, 13.8853 ], [ 109.25166, 13.88549 ], [ 109.25169, 13.88534 ], [ 109.25159, 13.8848 ], [ 109.25155, 13.88475 ], [ 109.25147, 13.8848 ] ], [ [ 109.25238, 13.88481 ], [ 109.25222, 13.88548 ], [ 109.25225, 13.88578 ], [ 109.25211, 13.88625 ], [ 109.2526, 13.88643 ], [ 109.25314, 13.8866 ], [ 109.25333, 13.88693 ], [ 109.25348, 13.88745 ], [ 109.25388, 13.88767 ], [ 109.25398, 13.88689 ], [ 109.25411, 13.88655 ], [ 109.25388, 13.88552 ], [ 109.25307, 13.8849 ], [ 109.25299, 13.8848 ], [ 109.2527, 13.88463 ], [ 109.25266, 13.88458 ], [ 109.25238, 13.88481 ] ], [ [ 109.2532, 13.88729 ], [ 109.25298, 13.88735 ], [ 109.25328, 13.88778 ], [ 109.25337, 13.88767 ], [ 109.2532, 13.88729 ] ], [ [ 109.25418, 13.88613 ], [ 109.25428, 13.88716 ], [ 109.25444, 13.88698 ], [ 109.2545, 13.88604 ], [ 109.25418, 13.88613 ] ], [ [ 109.25411, 13.88543 ], [ 109.2542, 13.88551 ], [ 109.25423, 13.8854 ], [ 109.25411, 13.88543 ] ], [ [ 109.25573, 13.88453 ], [ 109.25602, 13.88536 ], [ 109.25621, 13.8854 ], [ 109.25613, 13.88477 ], [ 109.2559, 13.88442 ], [ 109.25573, 13.88453 ] ], [ [ 109.25288, 13.89175 ], [ 109.25311, 13.89136 ], [ 109.25298, 13.89066 ], [ 109.25253, 13.88973 ], [ 109.25209, 13.88978 ], [ 109.25225, 13.89049 ], [ 109.25201, 13.89147 ], [ 109.25216, 13.89184 ], [ 109.25288, 13.89175 ] ], [ [ 109.25191, 13.89018 ], [ 109.25179, 13.8899 ], [ 109.25166, 13.88998 ], [ 109.25175, 13.8903 ], [ 109.25191, 13.89018 ] ], [ [ 109.25199, 13.89097 ], [ 109.2516, 13.89044 ], [ 109.25146, 13.89055 ], [ 109.25137, 13.89113 ], [ 109.25101, 13.89155 ], [ 109.25146, 13.89138 ], [ 109.25177, 13.89157 ], [ 109.25199, 13.89097 ] ], [ [ 109.25297, 13.87659 ], [ 109.25305, 13.87674 ], [ 109.25309, 13.87654 ], [ 109.25297, 13.87659 ] ], [ [ 109.25268, 13.87594 ], [ 109.25314, 13.87518 ], [ 109.25306, 13.87504 ], [ 109.25278, 13.87487 ], [ 109.25273, 13.87482 ], [ 109.2526, 13.87492 ], [ 109.25268, 13.87594 ] ], [ [ 109.25241, 13.87463 ], [ 109.25246, 13.87391 ], [ 109.25236, 13.87399 ], [ 109.25217, 13.87432 ], [ 109.25212, 13.87474 ], [ 109.25229, 13.87494 ], [ 109.25241, 13.87463 ] ], [ [ 109.25287, 13.87407 ], [ 109.25334, 13.87377 ], [ 109.25324, 13.87355 ], [ 109.25306, 13.87343 ], [ 109.25302, 13.87337 ], [ 109.2528, 13.87343 ], [ 109.25287, 13.87407 ] ], [ [ 109.25271, 13.87434 ], [ 109.25267, 13.87477 ], [ 109.25321, 13.87456 ], [ 109.25311, 13.87428 ], [ 109.25271, 13.87434 ] ], [ [ 109.25285, 13.87165 ], [ 109.25254, 13.87175 ], [ 109.25244, 13.87314 ], [ 109.25272, 13.873 ], [ 109.25285, 13.87165 ], [ 109.25317, 13.87144 ], [ 109.25308, 13.87099 ], [ 109.25289, 13.87113 ], [ 109.25285, 13.87165 ] ], [ [ 109.25309, 13.87025 ], [ 109.25329, 13.87017 ], [ 109.25333, 13.86958 ], [ 109.25301, 13.86966 ], [ 109.25309, 13.87025 ] ], [ [ 109.25268, 13.86985 ], [ 109.25257, 13.86988 ], [ 109.25265, 13.86996 ], [ 109.25268, 13.86985 ] ], [ [ 109.25349, 13.8691 ], [ 109.25357, 13.86934 ], [ 109.25361, 13.86904 ], [ 109.25349, 13.8691 ] ], [ [ 109.25293, 13.8676 ], [ 109.2529, 13.86839 ], [ 109.25309, 13.86881 ], [ 109.25329, 13.86848 ], [ 109.25329, 13.86836 ], [ 109.25325, 13.8675 ], [ 109.25293, 13.8676 ] ], [ [ 109.25343, 13.86404 ], [ 109.25338, 13.86498 ], [ 109.2535, 13.86511 ], [ 109.25377, 13.86536 ], [ 109.25322, 13.86606 ], [ 109.25331, 13.86691 ], [ 109.2534, 13.86673 ], [ 109.25349, 13.86646 ], [ 109.25384, 13.8663 ], [ 109.25401, 13.86538 ], [ 109.25407, 13.86422 ], [ 109.25402, 13.86398 ], [ 109.25343, 13.86404 ] ], [ [ 109.25408, 13.86276 ], [ 109.25394, 13.86288 ], [ 109.25408, 13.86375 ], [ 109.25426, 13.86356 ], [ 109.25425, 13.86317 ], [ 109.25426, 13.86294 ], [ 109.25421, 13.86254 ], [ 109.25417, 13.86258 ], [ 109.25408, 13.86276 ] ], [ [ 109.25394, 13.86262 ], [ 109.25382, 13.86265 ], [ 109.2539, 13.86273 ], [ 109.25394, 13.86262 ] ], [ [ 109.25418, 13.86224 ], [ 109.25427, 13.86247 ], [ 109.25431, 13.86217 ], [ 109.25418, 13.86224 ] ], [ [ 109.25367, 13.86172 ], [ 109.25338, 13.86197 ], [ 109.25359, 13.86221 ], [ 109.25367, 13.86172 ] ], [ [ 109.25409, 13.86212 ], [ 109.25424, 13.86182 ], [ 109.25442, 13.85955 ], [ 109.25419, 13.85959 ], [ 109.25409, 13.86032 ], [ 109.25391, 13.86113 ], [ 109.25409, 13.86212 ] ], [ [ 109.25466, 13.85811 ], [ 109.25451, 13.85857 ], [ 109.25472, 13.85864 ], [ 109.2549, 13.85825 ], [ 109.2548, 13.85802 ], [ 109.25466, 13.85811 ] ], [ [ 109.25468, 13.85729 ], [ 109.25485, 13.85742 ], [ 109.2549, 13.85712 ], [ 109.25468, 13.85729 ] ], [ [ 109.25504, 13.85556 ], [ 109.2549, 13.85661 ], [ 109.25505, 13.85644 ], [ 109.25524, 13.85581 ], [ 109.25528, 13.85549 ], [ 109.25504, 13.85556 ] ], [ [ 109.25545, 13.85177 ], [ 109.25558, 13.85238 ], [ 109.25582, 13.85209 ], [ 109.25568, 13.8517 ], [ 109.25545, 13.85177 ] ], [ [ 109.25522, 13.85124 ], [ 109.25511, 13.85127 ], [ 109.25519, 13.85135 ], [ 109.25522, 13.85124 ], [ 109.25534, 13.85121 ], [ 109.25526, 13.85113 ], [ 109.25522, 13.85124 ] ], [ [ 109.25501, 13.85103 ], [ 109.25504, 13.8507 ], [ 109.25483, 13.85081 ], [ 109.2549, 13.85118 ], [ 109.25501, 13.85103 ] ], [ [ 109.2556, 13.85052 ], [ 109.25563, 13.85063 ], [ 109.25571, 13.85056 ], [ 109.2556, 13.85052 ], [ 109.25557, 13.85041 ], [ 109.25549, 13.85049 ], [ 109.2556, 13.85052 ] ], [ [ 109.25587, 13.84687 ], [ 109.25604, 13.84712 ], [ 109.25609, 13.84682 ], [ 109.25587, 13.84687 ] ], [ [ 109.25689, 13.84535 ], [ 109.25704, 13.84551 ], [ 109.25712, 13.8452 ], [ 109.25689, 13.84535 ] ], [ [ 109.25683, 13.84514 ], [ 109.25675, 13.84484 ], [ 109.25647, 13.84488 ], [ 109.25672, 13.84524 ], [ 109.25683, 13.84514 ] ], [ [ 109.25665, 13.84329 ], [ 109.25644, 13.84384 ], [ 109.25663, 13.84416 ], [ 109.2568, 13.84364 ], [ 109.25686, 13.84312 ], [ 109.25665, 13.84329 ] ], [ [ 109.2576, 13.84041 ], [ 109.25746, 13.84115 ], [ 109.25762, 13.84136 ], [ 109.25779, 13.84102 ], [ 109.25771, 13.84033 ], [ 109.2576, 13.84041 ] ], [ [ 109.25759, 13.83906 ], [ 109.25772, 13.83991 ], [ 109.25793, 13.8398 ], [ 109.258, 13.83937 ], [ 109.2579, 13.83897 ], [ 109.25759, 13.83906 ] ], [ [ 109.25845, 13.83542 ], [ 109.25831, 13.83689 ], [ 109.25843, 13.83793 ], [ 109.25869, 13.83744 ], [ 109.25871, 13.83717 ], [ 109.25868, 13.83681 ], [ 109.25879, 13.83567 ], [ 109.25867, 13.83536 ], [ 109.25845, 13.83542 ] ], [ [ 109.25858, 13.83313 ], [ 109.25866, 13.83321 ], [ 109.25869, 13.8331 ], [ 109.25858, 13.83313 ] ], [ [ 109.25914, 13.82855 ], [ 109.25904, 13.82881 ], [ 109.25895, 13.82936 ], [ 109.25878, 13.82964 ], [ 109.25873, 13.82995 ], [ 109.2589, 13.83097 ], [ 109.25911, 13.831 ], [ 109.25919, 13.83053 ], [ 109.25909, 13.82985 ], [ 109.25915, 13.82949 ], [ 109.25912, 13.82933 ], [ 109.25933, 13.829 ], [ 109.25937, 13.82786 ], [ 109.25932, 13.8279 ], [ 109.25914, 13.82855 ] ], [ [ 109.25889, 13.82737 ], [ 109.25897, 13.82752 ], [ 109.25901, 13.82732 ], [ 109.25889, 13.82737 ] ], [ [ 109.25927, 13.82709 ], [ 109.25944, 13.82692 ], [ 109.25948, 13.82579 ], [ 109.25929, 13.82584 ], [ 109.25912, 13.82635 ], [ 109.25927, 13.82709 ] ], [ [ 109.25874, 13.8265 ], [ 109.25862, 13.82653 ], [ 109.25871, 13.82661 ], [ 109.25874, 13.8265 ] ], [ [ 109.25926, 13.82555 ], [ 109.25946, 13.82547 ], [ 109.25964, 13.82506 ], [ 109.25991, 13.82484 ], [ 109.26, 13.82438 ], [ 109.2601, 13.82394 ], [ 109.26005, 13.8238 ], [ 109.2597, 13.82386 ], [ 109.2594, 13.82426 ], [ 109.25926, 13.82555 ] ], [ [ 109.2601, 13.82423 ], [ 109.26025, 13.82502 ], [ 109.26072, 13.82506 ], [ 109.26182, 13.82487 ], [ 109.26212, 13.82462 ], [ 109.26214, 13.82443 ], [ 109.26193, 13.82397 ], [ 109.26148, 13.82359 ], [ 109.26144, 13.82354 ], [ 109.26086, 13.82359 ], [ 109.2601, 13.82423 ] ], [ [ 109.25927, 13.82348 ], [ 109.25955, 13.82282 ], [ 109.25932, 13.82217 ], [ 109.25925, 13.82224 ], [ 109.2589, 13.82303 ], [ 109.25853, 13.8235 ], [ 109.25874, 13.82407 ], [ 109.25917, 13.8243 ], [ 109.25927, 13.82348 ] ], [ [ 109.25841, 13.8239 ], [ 109.2583, 13.82343 ], [ 109.25807, 13.82358 ], [ 109.25819, 13.82401 ], [ 109.25841, 13.8239 ] ], [ [ 109.25922, 13.82443 ], [ 109.2589, 13.82451 ], [ 109.259, 13.82472 ], [ 109.25922, 13.82443 ] ], [ [ 109.25957, 13.81898 ], [ 109.25888, 13.81918 ], [ 109.25875, 13.81932 ], [ 109.25856, 13.81947 ], [ 109.25853, 13.81982 ], [ 109.25886, 13.82028 ], [ 109.25913, 13.82042 ], [ 109.26021, 13.82051 ], [ 109.26023, 13.82027 ], [ 109.2593, 13.81985 ], [ 109.25893, 13.81953 ], [ 109.25902, 13.8195 ], [ 109.25927, 13.81963 ], [ 109.26077, 13.81951 ], [ 109.26044, 13.81916 ], [ 109.26022, 13.81897 ], [ 109.26018, 13.81892 ], [ 109.25957, 13.81898 ] ], [ [ 109.25967, 13.81979 ], [ 109.2608, 13.8203 ], [ 109.26105, 13.8201 ], [ 109.26068, 13.81979 ], [ 109.26064, 13.81974 ], [ 109.26045, 13.8198 ], [ 109.25985, 13.81975 ], [ 109.25967, 13.81979 ] ], [ [ 109.26064, 13.81879 ], [ 109.26082, 13.81858 ], [ 109.26116, 13.81798 ], [ 109.26121, 13.81739 ], [ 109.26098, 13.81758 ], [ 109.26087, 13.81793 ], [ 109.26051, 13.81856 ], [ 109.26064, 13.81879 ] ], [ [ 109.26118, 13.81664 ], [ 109.26112, 13.81734 ], [ 109.26135, 13.81707 ], [ 109.2614, 13.81658 ], [ 109.26118, 13.81664 ] ], [ [ 109.26165, 13.81438 ], [ 109.26188, 13.81509 ], [ 109.26229, 13.81494 ], [ 109.2622, 13.81473 ], [ 109.26197, 13.81433 ], [ 109.26165, 13.81438 ] ], [ [ 109.26247, 13.81482 ], [ 109.26253, 13.81452 ], [ 109.26234, 13.81424 ], [ 109.26216, 13.81428 ], [ 109.26247, 13.81482 ] ], [ [ 109.26315, 13.85081 ], [ 109.26324, 13.85096 ], [ 109.26327, 13.85076 ], [ 109.26315, 13.85081 ] ], [ [ 109.26334, 13.85042 ], [ 109.26351, 13.85051 ], [ 109.26356, 13.85031 ], [ 109.26334, 13.85042 ] ], [ [ 109.26353, 13.85009 ], [ 109.26361, 13.85024 ], [ 109.26365, 13.85004 ], [ 109.26353, 13.85009 ] ], [ [ 109.26473, 13.84747 ], [ 109.26464, 13.84757 ], [ 109.26391, 13.84813 ], [ 109.26374, 13.849 ], [ 109.26393, 13.8489 ], [ 109.26493, 13.84769 ], [ 109.26487, 13.84743 ], [ 109.26473, 13.84747 ] ], [ [ 109.26494, 13.84675 ], [ 109.26501, 13.84718 ], [ 109.26522, 13.84728 ], [ 109.26522, 13.84683 ], [ 109.26515, 13.84671 ], [ 109.26494, 13.84675 ] ], [ [ 109.26461, 13.84587 ], [ 109.26447, 13.84643 ], [ 109.26474, 13.84652 ], [ 109.26483, 13.84602 ], [ 109.26488, 13.8458 ], [ 109.26461, 13.84587 ] ], [ [ 109.26486, 13.84511 ], [ 109.26493, 13.84556 ], [ 109.26513, 13.84545 ], [ 109.26517, 13.84508 ], [ 109.26486, 13.84511 ] ], [ [ 109.26495, 13.84442 ], [ 109.26504, 13.84465 ], [ 109.26508, 13.84435 ], [ 109.26495, 13.84442 ] ], [ [ 109.26554, 13.85273 ], [ 109.26544, 13.85307 ], [ 109.26571, 13.85297 ], [ 109.26576, 13.85267 ], [ 109.26554, 13.85273 ] ], [ [ 109.27114, 13.84308 ], [ 109.27079, 13.84365 ], [ 109.27072, 13.84416 ], [ 109.27104, 13.84399 ], [ 109.27131, 13.8434 ], [ 109.27134, 13.84318 ], [ 109.27129, 13.84304 ], [ 109.27114, 13.84308 ] ], [ [ 109.27142, 13.84383 ], [ 109.2716, 13.84417 ], [ 109.27165, 13.84377 ], [ 109.27142, 13.84383 ] ], [ [ 109.2709, 13.84226 ], [ 109.27098, 13.84234 ], [ 109.27102, 13.84223 ], [ 109.2709, 13.84226 ] ], [ [ 109.27146, 13.84004 ], [ 109.27144, 13.84037 ], [ 109.27161, 13.84055 ], [ 109.27168, 13.83997 ], [ 109.27146, 13.84004 ] ], [ [ 109.27837, 13.84503 ], [ 109.27853, 13.84511 ], [ 109.27858, 13.84499 ], [ 109.27837, 13.84503 ] ], [ [ 109.27914, 13.83946 ], [ 109.27909, 13.84016 ], [ 109.27931, 13.84017 ], [ 109.27936, 13.83939 ], [ 109.27914, 13.83946 ] ], [ [ 109.27967, 13.84369 ], [ 109.27993, 13.84386 ], [ 109.27998, 13.84365 ], [ 109.27967, 13.84369 ] ], [ [ 109.28183, 13.83874 ], [ 109.28173, 13.83901 ], [ 109.28203, 13.83904 ], [ 109.28211, 13.83882 ], [ 109.28205, 13.83869 ], [ 109.28183, 13.83874 ] ], [ [ 109.27969, 13.84509 ], [ 109.27956, 13.84519 ], [ 109.27981, 13.84539 ], [ 109.27969, 13.84509 ] ], [ [ 109.27408, 13.86489 ], [ 109.27432, 13.86446 ], [ 109.27437, 13.86358 ], [ 109.27396, 13.86395 ], [ 109.27386, 13.86453 ], [ 109.27367, 13.86552 ], [ 109.27387, 13.86573 ], [ 109.27408, 13.86489 ] ], [ [ 109.27292, 13.86433 ], [ 109.2728, 13.86402 ], [ 109.27257, 13.86418 ], [ 109.27266, 13.86478 ], [ 109.27282, 13.86482 ], [ 109.27292, 13.86433 ] ], [ [ 109.27159, 13.8651 ], [ 109.27127, 13.86515 ], [ 109.27154, 13.86549 ], [ 109.27159, 13.8651 ] ], [ [ 109.27272, 13.87177 ], [ 109.27259, 13.87158 ], [ 109.27256, 13.87134 ], [ 109.27234, 13.87139 ], [ 109.27252, 13.87192 ], [ 109.27272, 13.87177 ] ], [ [ 109.27357, 13.87148 ], [ 109.27375, 13.87123 ], [ 109.27367, 13.8709 ], [ 109.27307, 13.87097 ], [ 109.27316, 13.87124 ], [ 109.27357, 13.87148 ] ], [ [ 109.27437, 13.87106 ], [ 109.27453, 13.87121 ], [ 109.2746, 13.871 ], [ 109.27437, 13.87106 ] ], [ [ 109.27362, 13.87052 ], [ 109.27363, 13.8704 ], [ 109.27358, 13.87026 ], [ 109.27316, 13.87034 ], [ 109.27243, 13.87091 ], [ 109.27241, 13.87111 ], [ 109.27254, 13.87112 ], [ 109.27362, 13.87052 ] ], [ [ 109.27233, 13.87039 ], [ 109.27279, 13.87025 ], [ 109.27257, 13.8699 ], [ 109.27188, 13.87002 ], [ 109.272, 13.87056 ], [ 109.27233, 13.87039 ] ], [ [ 109.27284, 13.87125 ], [ 109.27272, 13.8713 ], [ 109.2728, 13.87146 ], [ 109.27284, 13.87125 ] ], [ [ 109.27357, 13.86979 ], [ 109.27377, 13.8691 ], [ 109.27364, 13.86895 ], [ 109.27299, 13.86841 ], [ 109.27295, 13.86836 ], [ 109.27266, 13.86845 ], [ 109.27244, 13.86882 ], [ 109.27254, 13.86976 ], [ 109.27271, 13.86967 ], [ 109.27299, 13.86949 ], [ 109.27323, 13.86976 ], [ 109.27357, 13.86979 ] ], [ [ 109.2736, 13.86855 ], [ 109.27384, 13.86895 ], [ 109.27382, 13.86862 ], [ 109.2736, 13.86855 ], [ 109.2736, 13.86837 ], [ 109.27341, 13.86837 ], [ 109.27336, 13.86825 ], [ 109.2732, 13.86833 ], [ 109.27341, 13.86837 ], [ 109.27347, 13.86849 ], [ 109.2736, 13.86855 ] ], [ [ 109.27202, 13.86872 ], [ 109.2718, 13.86877 ], [ 109.27211, 13.86893 ], [ 109.27202, 13.86872 ] ], [ [ 109.27393, 13.86779 ], [ 109.27419, 13.86805 ], [ 109.27425, 13.86774 ], [ 109.27393, 13.86779 ] ], [ [ 109.27319, 13.86745 ], [ 109.27332, 13.86768 ], [ 109.27364, 13.86758 ], [ 109.2737, 13.86737 ], [ 109.27319, 13.86745 ] ], [ [ 109.27553, 13.86871 ], [ 109.27588, 13.86915 ], [ 109.27604, 13.86898 ], [ 109.27572, 13.86856 ], [ 109.27553, 13.86871 ] ], [ [ 109.27616, 13.86884 ], [ 109.27669, 13.86906 ], [ 109.27702, 13.86897 ], [ 109.27672, 13.86856 ], [ 109.27613, 13.86844 ], [ 109.2761, 13.86838 ], [ 109.27592, 13.86851 ], [ 109.27616, 13.86884 ] ], [ [ 109.27803, 13.86853 ], [ 109.27819, 13.86835 ], [ 109.27816, 13.86801 ], [ 109.27836, 13.8679 ], [ 109.27928, 13.86757 ], [ 109.27931, 13.86722 ], [ 109.27915, 13.86679 ], [ 109.27899, 13.86623 ], [ 109.2787, 13.86578 ], [ 109.27836, 13.86584 ], [ 109.27839, 13.86618 ], [ 109.27765, 13.86704 ], [ 109.27746, 13.86769 ], [ 109.27788, 13.86788 ], [ 109.27803, 13.86853 ] ], [ [ 109.27515, 13.86819 ], [ 109.27508, 13.86802 ], [ 109.27486, 13.86816 ], [ 109.27477, 13.8685 ], [ 109.27515, 13.86819 ] ], [ [ 109.27757, 13.8643 ], [ 109.27764, 13.86472 ], [ 109.27788, 13.8646 ], [ 109.2777, 13.86424 ], [ 109.27757, 13.8643 ] ], [ [ 109.27752, 13.8638 ], [ 109.27767, 13.86354 ], [ 109.27762, 13.8627 ], [ 109.27736, 13.86278 ], [ 109.27739, 13.8632 ], [ 109.27736, 13.86362 ], [ 109.27752, 13.8638 ] ], [ [ 109.27785, 13.86281 ], [ 109.27795, 13.86329 ], [ 109.27805, 13.8632 ], [ 109.27799, 13.8627 ], [ 109.27785, 13.86281 ] ], [ [ 109.27821, 13.86292 ], [ 109.27827, 13.86302 ], [ 109.2784, 13.86275 ], [ 109.27874, 13.86233 ], [ 109.28008, 13.86159 ], [ 109.28035, 13.86134 ], [ 109.28004, 13.86091 ], [ 109.27986, 13.86096 ], [ 109.27954, 13.86132 ], [ 109.27832, 13.86142 ], [ 109.27814, 13.86121 ], [ 109.27782, 13.86142 ], [ 109.27767, 13.86177 ], [ 109.27802, 13.86207 ], [ 109.27824, 13.86256 ], [ 109.27821, 13.86292 ] ], [ [ 109.27929, 13.86113 ], [ 109.27957, 13.86082 ], [ 109.2786, 13.86096 ], [ 109.27873, 13.86121 ], [ 109.27929, 13.86113 ] ], [ [ 109.27683, 13.86201 ], [ 109.27675, 13.86183 ], [ 109.27665, 13.86175 ], [ 109.27661, 13.8617 ], [ 109.27625, 13.86176 ], [ 109.27632, 13.86249 ], [ 109.27602, 13.863 ], [ 109.27643, 13.86291 ], [ 109.27683, 13.86201 ] ], [ [ 109.27695, 13.86274 ], [ 109.27684, 13.86296 ], [ 109.27711, 13.86308 ], [ 109.27715, 13.8627 ], [ 109.27695, 13.86274 ] ], [ [ 109.27676, 13.86367 ], [ 109.27669, 13.86324 ], [ 109.27653, 13.86336 ], [ 109.27673, 13.86409 ], [ 109.27676, 13.86367 ] ], [ [ 109.27659, 13.8645 ], [ 109.2768, 13.86447 ], [ 109.27674, 13.86412 ], [ 109.27661, 13.86425 ], [ 109.27659, 13.8645 ], [ 109.27618, 13.86477 ], [ 109.27614, 13.86504 ], [ 109.27639, 13.86544 ], [ 109.27648, 13.86532 ], [ 109.27659, 13.8645 ] ], [ [ 109.27584, 13.86576 ], [ 109.27572, 13.86581 ], [ 109.2758, 13.86597 ], [ 109.27584, 13.86576 ] ], [ [ 109.27679, 13.85673 ], [ 109.27676, 13.85722 ], [ 109.27709, 13.85867 ], [ 109.27741, 13.85869 ], [ 109.27732, 13.85788 ], [ 109.27715, 13.85732 ], [ 109.27704, 13.85702 ], [ 109.27711, 13.85664 ], [ 109.27679, 13.85673 ] ], [ [ 109.2776, 13.85613 ], [ 109.27746, 13.8564 ], [ 109.27763, 13.85634 ], [ 109.27776, 13.8561 ], [ 109.2776, 13.85613 ] ], [ [ 109.27739, 13.85542 ], [ 109.27767, 13.85528 ], [ 109.27777, 13.85493 ], [ 109.27747, 13.85508 ], [ 109.27739, 13.85542 ] ], [ [ 109.27633, 13.85494 ], [ 109.27638, 13.85447 ], [ 109.27608, 13.85463 ], [ 109.27597, 13.85522 ], [ 109.27633, 13.85494 ] ], [ [ 109.2768, 13.85457 ], [ 109.27691, 13.85487 ], [ 109.27735, 13.85474 ], [ 109.2774, 13.85447 ], [ 109.2768, 13.85457 ] ], [ [ 109.27601, 13.85528 ], [ 109.27589, 13.85531 ], [ 109.27597, 13.85539 ], [ 109.27601, 13.85528 ] ], [ [ 109.27748, 13.85398 ], [ 109.27809, 13.8541 ], [ 109.27792, 13.85361 ], [ 109.27778, 13.8533 ], [ 109.27761, 13.85334 ], [ 109.27748, 13.85398 ] ], [ [ 109.27802, 13.8519 ], [ 109.27792, 13.85231 ], [ 109.27765, 13.85276 ], [ 109.27773, 13.85309 ], [ 109.27782, 13.85289 ], [ 109.27829, 13.85235 ], [ 109.27807, 13.85186 ], [ 109.27802, 13.8519 ] ], [ [ 109.27881, 13.85991 ], [ 109.2787, 13.86048 ], [ 109.27891, 13.86053 ], [ 109.279, 13.86008 ], [ 109.27893, 13.85982 ], [ 109.27881, 13.85991 ] ], [ [ 109.28001, 13.86021 ], [ 109.28018, 13.8603 ], [ 109.28023, 13.8601 ], [ 109.28001, 13.86021 ] ], [ [ 109.27873, 13.85064 ], [ 109.27893, 13.85052 ], [ 109.27884, 13.8496 ], [ 109.27905, 13.84925 ], [ 109.27789, 13.84936 ], [ 109.27772, 13.84914 ], [ 109.27747, 13.84921 ], [ 109.27736, 13.85017 ], [ 109.27766, 13.85028 ], [ 109.27825, 13.85037 ], [ 109.27873, 13.85064 ] ], [ [ 109.27849, 13.84918 ], [ 109.2788, 13.84894 ], [ 109.27892, 13.84879 ], [ 109.27833, 13.84886 ], [ 109.27849, 13.84918 ] ], [ [ 109.27729, 13.84894 ], [ 109.27735, 13.84851 ], [ 109.27703, 13.8486 ], [ 109.27713, 13.84909 ], [ 109.27729, 13.84894 ] ], [ [ 109.27812, 13.84872 ], [ 109.27838, 13.84876 ], [ 109.27887, 13.84839 ], [ 109.27891, 13.84812 ], [ 109.27853, 13.84796 ], [ 109.27847, 13.84788 ], [ 109.27826, 13.84794 ], [ 109.27796, 13.84841 ], [ 109.27812, 13.84872 ] ], [ [ 109.27788, 13.8483 ], [ 109.27791, 13.84788 ], [ 109.27772, 13.84797 ], [ 109.27751, 13.84839 ], [ 109.27771, 13.84851 ], [ 109.27788, 13.8483 ] ], [ [ 109.27679, 13.84878 ], [ 109.27657, 13.84892 ], [ 109.27671, 13.84908 ], [ 109.27679, 13.84878 ] ], [ [ 109.27664, 13.85006 ], [ 109.27679, 13.8495 ], [ 109.27653, 13.84956 ], [ 109.27639, 13.85017 ], [ 109.27664, 13.85006 ] ], [ [ 109.27583, 13.85 ], [ 109.27586, 13.84967 ], [ 109.27565, 13.84978 ], [ 109.27572, 13.85015 ], [ 109.27583, 13.85 ] ], [ [ 109.27661, 13.85267 ], [ 109.27649, 13.85239 ], [ 109.27636, 13.85247 ], [ 109.27644, 13.85324 ], [ 109.27661, 13.85267 ] ], [ [ 109.27497, 13.85158 ], [ 109.27502, 13.85111 ], [ 109.27489, 13.85122 ], [ 109.27482, 13.85179 ], [ 109.27497, 13.85158 ] ], [ [ 109.27464, 13.85238 ], [ 109.27453, 13.85241 ], [ 109.27461, 13.85249 ], [ 109.27464, 13.85238 ] ], [ [ 109.275, 13.85462 ], [ 109.2752, 13.85395 ], [ 109.27463, 13.85328 ], [ 109.27449, 13.8534 ], [ 109.27453, 13.85396 ], [ 109.27446, 13.85476 ], [ 109.27464, 13.85478 ], [ 109.275, 13.85462 ] ], [ [ 109.27801, 13.84707 ], [ 109.2779, 13.8471 ], [ 109.27798, 13.84718 ], [ 109.27801, 13.84707 ], [ 109.27812, 13.84704 ], [ 109.27804, 13.84696 ], [ 109.27801, 13.84707 ] ], [ [ 109.28012, 13.86927 ], [ 109.28039, 13.86944 ], [ 109.28044, 13.86923 ], [ 109.28012, 13.86927 ] ], [ [ 109.28058, 13.86937 ], [ 109.28104, 13.86954 ], [ 109.28141, 13.86933 ], [ 109.28146, 13.86896 ], [ 109.28068, 13.869 ], [ 109.28058, 13.86937 ] ], [ [ 109.28175, 13.86937 ], [ 109.28222, 13.86905 ], [ 109.28229, 13.8687 ], [ 109.28191, 13.86881 ], [ 109.28175, 13.86937 ] ], [ [ 109.28272, 13.86875 ], [ 109.28254, 13.86901 ], [ 109.28306, 13.86893 ], [ 109.28312, 13.86871 ], [ 109.28272, 13.86875 ] ], [ [ 109.2833, 13.86875 ], [ 109.28339, 13.86849 ], [ 109.28317, 13.8683 ], [ 109.28313, 13.86825 ], [ 109.2829, 13.86844 ], [ 109.2833, 13.86875 ] ], [ [ 109.28212, 13.86675 ], [ 109.28244, 13.86687 ], [ 109.28267, 13.8672 ], [ 109.28308, 13.86701 ], [ 109.28295, 13.86672 ], [ 109.28212, 13.86675 ] ], [ [ 109.28145, 13.86996 ], [ 109.28108, 13.87002 ], [ 109.28085, 13.86998 ], [ 109.28076, 13.87025 ], [ 109.28138, 13.87036 ], [ 109.28145, 13.86996 ] ], [ [ 109.28278, 13.87037 ], [ 109.2826, 13.87074 ], [ 109.28158, 13.87183 ], [ 109.28183, 13.87206 ], [ 109.28251, 13.87191 ], [ 109.28285, 13.87155 ], [ 109.2836, 13.87121 ], [ 109.28387, 13.87059 ], [ 109.28358, 13.87006 ], [ 109.28344, 13.87011 ], [ 109.28316, 13.87029 ], [ 109.28278, 13.87037 ] ], [ [ 109.28156, 13.87154 ], [ 109.28213, 13.87111 ], [ 109.28218, 13.87069 ], [ 109.2818, 13.87079 ], [ 109.28121, 13.87155 ], [ 109.28156, 13.87154 ] ], [ [ 109.28015, 13.87031 ], [ 109.27994, 13.87034 ], [ 109.27999, 13.87065 ], [ 109.28012, 13.87078 ], [ 109.28015, 13.87031 ] ], [ [ 109.27987, 13.87112 ], [ 109.27965, 13.87125 ], [ 109.2798, 13.8717 ], [ 109.28007, 13.87154 ], [ 109.27987, 13.87112 ] ], [ [ 109.28282, 13.87241 ], [ 109.2827, 13.87246 ], [ 109.28278, 13.87261 ], [ 109.28282, 13.87241 ] ], [ [ 109.28245, 13.87259 ], [ 109.28204, 13.87263 ], [ 109.28214, 13.87276 ], [ 109.28264, 13.87288 ], [ 109.28245, 13.87259 ] ], [ [ 109.28189, 13.87267 ], [ 109.28167, 13.87273 ], [ 109.28183, 13.87289 ], [ 109.28189, 13.87267 ] ], [ [ 109.28263, 13.87349 ], [ 109.28244, 13.87349 ], [ 109.28244, 13.87376 ], [ 109.28262, 13.87376 ], [ 109.28263, 13.87349 ] ], [ [ 109.27435, 13.87376 ], [ 109.27444, 13.87409 ], [ 109.27461, 13.87437 ], [ 109.2747, 13.87398 ], [ 109.27458, 13.87371 ], [ 109.27435, 13.87376 ] ], [ [ 109.27411, 13.87361 ], [ 109.2739, 13.87365 ], [ 109.27406, 13.87373 ], [ 109.27411, 13.87361 ] ], [ [ 109.275, 13.87528 ], [ 109.27493, 13.87516 ], [ 109.27472, 13.8752 ], [ 109.27478, 13.87549 ], [ 109.27506, 13.87562 ], [ 109.275, 13.87528 ] ], [ [ 109.27537, 13.87547 ], [ 109.27553, 13.87555 ], [ 109.27558, 13.87543 ], [ 109.27537, 13.87547 ] ], [ [ 109.28259, 13.87542 ], [ 109.28267, 13.8755 ], [ 109.2827, 13.87539 ], [ 109.28259, 13.87542 ] ], [ [ 109.2822, 13.87518 ], [ 109.28236, 13.87533 ], [ 109.28243, 13.87512 ], [ 109.2822, 13.87518 ] ], [ [ 109.28449, 13.86565 ], [ 109.28468, 13.86595 ], [ 109.28491, 13.86659 ], [ 109.28498, 13.86644 ], [ 109.28486, 13.86554 ], [ 109.28433, 13.86532 ], [ 109.28406, 13.86511 ], [ 109.28398, 13.86501 ], [ 109.28376, 13.86507 ], [ 109.28449, 13.86565 ] ], [ [ 109.28241, 13.86518 ], [ 109.283, 13.86514 ], [ 109.28262, 13.86502 ], [ 109.28245, 13.86512 ], [ 109.28241, 13.86518 ], [ 109.2823, 13.86521 ], [ 109.28238, 13.86529 ], [ 109.28241, 13.86518 ] ], [ [ 109.28522, 13.87911 ], [ 109.28499, 13.87875 ], [ 109.28447, 13.87881 ], [ 109.28393, 13.87928 ], [ 109.28424, 13.87976 ], [ 109.28463, 13.8799 ], [ 109.28491, 13.87966 ], [ 109.28522, 13.87911 ] ], [ [ 109.28551, 13.87937 ], [ 109.28545, 13.87979 ], [ 109.28583, 13.87957 ], [ 109.28591, 13.8793 ], [ 109.28551, 13.87937 ] ], [ [ 109.28969, 13.87766 ], [ 109.28923, 13.87817 ], [ 109.2897, 13.87827 ], [ 109.28995, 13.8779 ], [ 109.29, 13.87761 ], [ 109.28969, 13.87766 ] ], [ [ 109.2909, 13.87747 ], [ 109.29098, 13.87755 ], [ 109.29102, 13.87744 ], [ 109.2909, 13.87747 ] ], [ [ 109.29024, 13.8765 ], [ 109.2904, 13.87666 ], [ 109.29047, 13.87644 ], [ 109.29024, 13.8765 ] ], [ [ 109.29144, 13.87611 ], [ 109.29155, 13.87605 ], [ 109.29158, 13.87563 ], [ 109.29137, 13.87574 ], [ 109.29144, 13.87611 ] ], [ [ 109.29133, 13.87518 ], [ 109.29122, 13.87491 ], [ 109.29081, 13.87513 ], [ 109.29074, 13.87553 ], [ 109.29108, 13.87578 ], [ 109.29133, 13.87518 ] ], [ [ 109.29053, 13.87475 ], [ 109.2908, 13.87483 ], [ 109.29085, 13.87454 ], [ 109.29053, 13.87475 ] ], [ [ 109.29416, 13.87796 ], [ 109.29387, 13.87774 ], [ 109.29379, 13.87764 ], [ 109.29354, 13.87768 ], [ 109.2939, 13.87811 ], [ 109.29408, 13.87876 ], [ 109.29428, 13.87864 ], [ 109.29416, 13.87796 ] ], [ [ 109.29439, 13.87844 ], [ 109.29448, 13.87885 ], [ 109.29472, 13.87891 ], [ 109.29486, 13.87859 ], [ 109.29471, 13.87837 ], [ 109.29439, 13.87844 ] ], [ [ 109.29194, 13.88573 ], [ 109.29218, 13.88562 ], [ 109.29207, 13.8854 ], [ 109.29173, 13.88556 ], [ 109.29151, 13.88583 ], [ 109.29178, 13.88604 ], [ 109.29194, 13.88573 ] ] ] ] } },
{ "type": "Feature", "properties": { "OBJECTID": 5, "gridcode": 5, "Shape_Length": 282845.57986075134, "Shape_Area": 48905383.848271571 }, "geometry": { "type": "MultiPolygon", "coordinates": [ [ [ [ 109.28766, 13.75395 ], [ 109.28762, 13.75416 ], [ 109.28757, 13.75404 ], [ 109.28757, 13.75395 ], [ 109.28766, 13.75395 ] ] ], [ [ [ 109.28709, 13.75675 ], [ 109.28709, 13.75702 ], [ 109.28699, 13.75702 ], [ 109.28699, 13.75674 ], [ 109.28709, 13.75675 ] ] ], [ [ [ 109.28695, 13.75749 ], [ 109.28687, 13.75726 ], [ 109.28699, 13.7572 ], [ 109.28695, 13.75749 ] ] ], [ [ [ 109.28681, 13.75821 ], [ 109.28663, 13.75832 ], [ 109.28678, 13.75783 ], [ 109.2869, 13.75774 ], [ 109.28681, 13.75821 ] ] ], [ [ [ 109.26914, 13.75871 ], [ 109.26897, 13.75883 ], [ 109.26873, 13.75844 ], [ 109.26886, 13.75834 ], [ 109.26914, 13.75871 ] ] ], [ [ [ 109.26608, 13.75958 ], [ 109.26611, 13.75947 ], [ 109.26619, 13.75955 ], [ 109.26608, 13.75958 ] ] ], [ [ [ 109.26608, 13.75958 ], [ 109.26608, 13.75967 ], [ 109.26598, 13.75967 ], [ 109.26598, 13.75958 ], [ 109.26608, 13.75958 ] ] ], [ [ [ 109.26598, 13.75967 ], [ 109.26598, 13.75976 ], [ 109.26589, 13.75976 ], [ 109.26589, 13.75967 ], [ 109.26598, 13.75967 ] ] ], [ [ [ 109.26589, 13.75976 ], [ 109.26586, 13.75987 ], [ 109.26578, 13.75979 ], [ 109.26589, 13.75976 ] ] ], [ [ [ 109.28602, 13.76067 ], [ 109.28586, 13.76071 ], [ 109.28586, 13.76062 ], [ 109.28595, 13.76062 ], [ 109.28595, 13.76008 ], [ 109.286, 13.76004 ], [ 109.28642, 13.75932 ], [ 109.28656, 13.75954 ], [ 109.28627, 13.76004 ], [ 109.28602, 13.76067 ] ] ], [ [ [ 109.26249, 13.76187 ], [ 109.26236, 13.76218 ], [ 109.26217, 13.76208 ], [ 109.26208, 13.7619 ], [ 109.26232, 13.76176 ], [ 109.26249, 13.76187 ] ] ], [ [ [ 109.26887, 13.76326 ], [ 109.26795, 13.76332 ], [ 109.26804, 13.76307 ], [ 109.26839, 13.76308 ], [ 109.26864, 13.76303 ], [ 109.26869, 13.76308 ], [ 109.26887, 13.76326 ] ] ], [ [ [ 109.28534, 13.7622 ], [ 109.2853, 13.76265 ], [ 109.28485, 13.76343 ], [ 109.28468, 13.76351 ], [ 109.28506, 13.76265 ], [ 109.2852, 13.76222 ], [ 109.28538, 13.76207 ], [ 109.28534, 13.7622 ] ] ], [ [ [ 109.28694, 13.7629 ], [ 109.28709, 13.76302 ], [ 109.2872, 13.76316 ], [ 109.28705, 13.76365 ], [ 109.28691, 13.76347 ], [ 109.28657, 13.76328 ], [ 109.28645, 13.76286 ], [ 109.28686, 13.7628 ], [ 109.28694, 13.7629 ] ] ], [ [ [ 109.28477, 13.76444 ], [ 109.28459, 13.76451 ], [ 109.28473, 13.76418 ], [ 109.28481, 13.76414 ], [ 109.28477, 13.76444 ] ] ], [ [ [ 109.28939, 13.76456 ], [ 109.28931, 13.76433 ], [ 109.28944, 13.76426 ], [ 109.28939, 13.76456 ] ] ], [ [ [ 109.27131, 13.76486 ], [ 109.27134, 13.76475 ], [ 109.27142, 13.76483 ], [ 109.27131, 13.76486 ] ] ], [ [ [ 109.27131, 13.76486 ], [ 109.27128, 13.76497 ], [ 109.2712, 13.76489 ], [ 109.27131, 13.76486 ] ] ], [ [ [ 109.2888, 13.76739 ], [ 109.28906, 13.76747 ], [ 109.28883, 13.76764 ], [ 109.28864, 13.7674 ], [ 109.28877, 13.76733 ], [ 109.2888, 13.76739 ] ] ], [ [ [ 109.28438, 13.76602 ], [ 109.28468, 13.76626 ], [ 109.28513, 13.76635 ], [ 109.28476, 13.76681 ], [ 109.28465, 13.7675 ], [ 109.28438, 13.76761 ], [ 109.28401, 13.76701 ], [ 109.2839, 13.76674 ], [ 109.28394, 13.76643 ], [ 109.28411, 13.76599 ], [ 109.2842, 13.76535 ], [ 109.28434, 13.76531 ], [ 109.28438, 13.76602 ] ] ], [ [ [ 109.26893, 13.7676 ], [ 109.26884, 13.76769 ], [ 109.2687, 13.76796 ], [ 109.26838, 13.76777 ], [ 109.26858, 13.76759 ], [ 109.26898, 13.76747 ], [ 109.26893, 13.7676 ] ] ], [ [ [ 109.28899, 13.76801 ], [ 109.28922, 13.76823 ], [ 109.2891, 13.76837 ], [ 109.28862, 13.76794 ], [ 109.28895, 13.76788 ], [ 109.28899, 13.76801 ] ] ], [ [ [ 109.2674, 13.76872 ], [ 109.2674, 13.76863 ], [ 109.26749, 13.76863 ], [ 109.26749, 13.76854 ], [ 109.26749, 13.76845 ], [ 109.26758, 13.76845 ], [ 109.26758, 13.76836 ], [ 109.26793, 13.7684 ], [ 109.26777, 13.76863 ], [ 109.2674, 13.76872 ] ] ], [ [ [ 109.28474, 13.76887 ], [ 109.28466, 13.76871 ], [ 109.28478, 13.76866 ], [ 109.28474, 13.76887 ] ] ], [ [ [ 109.28798, 13.7697 ], [ 109.2879, 13.76962 ], [ 109.28801, 13.76959 ], [ 109.28798, 13.7697 ] ] ], [ [ [ 109.28357, 13.77019 ], [ 109.28366, 13.76975 ], [ 109.28397, 13.76942 ], [ 109.2837, 13.77006 ], [ 109.28357, 13.77019 ] ] ], [ [ [ 109.28995, 13.77005 ], [ 109.29016, 13.77017 ], [ 109.28999, 13.77027 ], [ 109.28995, 13.77005 ] ] ], [ [ [ 109.26683, 13.77007 ], [ 109.26683, 13.77025 ], [ 109.26674, 13.77025 ], [ 109.26674, 13.77007 ], [ 109.26683, 13.77007 ] ] ], [ [ [ 109.28357, 13.77019 ], [ 109.28357, 13.77037 ], [ 109.28347, 13.77037 ], [ 109.28348, 13.77019 ], [ 109.28357, 13.77019 ] ] ], [ [ [ 109.29115, 13.77078 ], [ 109.29124, 13.77078 ], [ 109.29124, 13.77087 ], [ 109.29115, 13.77087 ], [ 109.29115, 13.77078 ] ] ], [ [ [ 109.28347, 13.77037 ], [ 109.28342, 13.77085 ], [ 109.28338, 13.77037 ], [ 109.28347, 13.77037 ] ] ], [ [ [ 109.28362, 13.7712 ], [ 109.28354, 13.77112 ], [ 109.28365, 13.77109 ], [ 109.28362, 13.7712 ] ] ], [ [ [ 109.29115, 13.77078 ], [ 109.29085, 13.7706 ], [ 109.29039, 13.77076 ], [ 109.29056, 13.77122 ], [ 109.29051, 13.77145 ], [ 109.29016, 13.77098 ], [ 109.29018, 13.77082 ], [ 109.29017, 13.77064 ], [ 109.29019, 13.77031 ], [ 109.29047, 13.76984 ], [ 109.29045, 13.76959 ], [ 109.29001, 13.76938 ], [ 109.28995, 13.77005 ], [ 109.28973, 13.76999 ], [ 109.28942, 13.7696 ], [ 109.28955, 13.76919 ], [ 109.28953, 13.76905 ], [ 109.28991, 13.76854 ], [ 109.29001, 13.76778 ], [ 109.28955, 13.7672 ], [ 109.28972, 13.76664 ], [ 109.28985, 13.76565 ], [ 109.29035, 13.76526 ], [ 109.29055, 13.76543 ], [ 109.29106, 13.76601 ], [ 109.29162, 13.76642 ], [ 109.29306, 13.76718 ], [ 109.29315, 13.76761 ], [ 109.29215, 13.76804 ], [ 109.29163, 13.76862 ], [ 109.2912, 13.76956 ], [ 109.29115, 13.77078 ] ] ], [ [ [ 109.29382, 13.77153 ], [ 109.29373, 13.77152 ], [ 109.29378, 13.77141 ], [ 109.29382, 13.77153 ] ] ], [ [ [ 109.29382, 13.77153 ], [ 109.29392, 13.77153 ], [ 109.29391, 13.77162 ], [ 109.29382, 13.77162 ], [ 109.29382, 13.77153 ] ] ], [ [ [ 109.28398, 13.77229 ], [ 109.2839, 13.77214 ], [ 109.28402, 13.77209 ], [ 109.28398, 13.77229 ] ] ], [ [ [ 109.29129, 13.77119 ], [ 109.2916, 13.77159 ], [ 109.29221, 13.77201 ], [ 109.29225, 13.77206 ], [ 109.29214, 13.77217 ], [ 109.29154, 13.77264 ], [ 109.29133, 13.77218 ], [ 109.29115, 13.77185 ], [ 109.29124, 13.77115 ], [ 109.29129, 13.77119 ] ] ], [ [ [ 109.26746, 13.77243 ], [ 109.26746, 13.77252 ], [ 109.26737, 13.77252 ], [ 109.26737, 13.77242 ], [ 109.26746, 13.77243 ] ] ], [ [ [ 109.28392, 13.77263 ], [ 109.2838, 13.77271 ], [ 109.28368, 13.77328 ], [ 109.28364, 13.77272 ], [ 109.2837, 13.77269 ], [ 109.28387, 13.77242 ], [ 109.28392, 13.77263 ] ] ], [ [ [ 109.27748, 13.7733 ], [ 109.27707, 13.77397 ], [ 109.2764, 13.77442 ], [ 109.27505, 13.77386 ], [ 109.2737, 13.77267 ], [ 109.27382, 13.77193 ], [ 109.27446, 13.77228 ], [ 109.27515, 13.77252 ], [ 109.27555, 13.77237 ], [ 109.27557, 13.77209 ], [ 109.27533, 13.77183 ], [ 109.27452, 13.77133 ], [ 109.27377, 13.76971 ], [ 109.27384, 13.76872 ], [ 109.2738, 13.76791 ], [ 109.27395, 13.76739 ], [ 109.27392, 13.76682 ], [ 109.27411, 13.76498 ], [ 109.2744, 13.7642 ], [ 109.27411, 13.76357 ], [ 109.27313, 13.76275 ], [ 109.27262, 13.76242 ], [ 109.27202, 13.76194 ], [ 109.27161, 13.76188 ], [ 109.27149, 13.76175 ], [ 109.27069, 13.7617 ], [ 109.2697, 13.76254 ], [ 109.26817, 13.76234 ], [ 109.26778, 13.76123 ], [ 109.26787, 13.76108 ], [ 109.26835, 13.76094 ], [ 109.26863, 13.76045 ], [ 109.26858, 13.7596 ], [ 109.26871, 13.75946 ], [ 109.26949, 13.75938 ], [ 109.26982, 13.75902 ], [ 109.27033, 13.75898 ], [ 109.27057, 13.75911 ], [ 109.27107, 13.75944 ], [ 109.27118, 13.75984 ], [ 109.27157, 13.76038 ], [ 109.27232, 13.76053 ], [ 109.27254, 13.76044 ], [ 109.27268, 13.76049 ], [ 109.27421, 13.76127 ], [ 109.27688, 13.76212 ], [ 109.27803, 13.76233 ], [ 109.28048, 13.76239 ], [ 109.28053, 13.76386 ], [ 109.28074, 13.76467 ], [ 109.28042, 13.76496 ], [ 109.28013, 13.76534 ], [ 109.2799, 13.766 ], [ 109.27975, 13.76813 ], [ 109.27932, 13.7684 ], [ 109.27893, 13.76918 ], [ 109.27872, 13.76948 ], [ 109.27861, 13.76989 ], [ 109.27839, 13.77024 ], [ 109.2783, 13.77024 ], [ 109.2783, 13.77033 ], [ 109.27799, 13.77042 ], [ 109.27765, 13.771 ], [ 109.27669, 13.77125 ], [ 109.27649, 13.7716 ], [ 109.27662, 13.77194 ], [ 109.2771, 13.77211 ], [ 109.27753, 13.77182 ], [ 109.27761, 13.77193 ], [ 109.27748, 13.7733 ] ], [ [ 109.27618, 13.76231 ], [ 109.27554, 13.76259 ], [ 109.27471, 13.7627 ], [ 109.27465, 13.76318 ], [ 109.27501, 13.76339 ], [ 109.27644, 13.76322 ], [ 109.27651, 13.76269 ], [ 109.27641, 13.76227 ], [ 109.27618, 13.76231 ] ] ], [ [ [ 109.28492, 13.77481 ], [ 109.28495, 13.7747 ], [ 109.28503, 13.77478 ], [ 109.28492, 13.77481 ] ] ], [ [ [ 109.28492, 13.77481 ], [ 109.28492, 13.77499 ], [ 109.28473, 13.77499 ], [ 109.28473, 13.77508 ], [ 109.28451, 13.77502 ], [ 109.28492, 13.77481 ] ] ], [ [ [ 109.27604, 13.77541 ], [ 109.27582, 13.77516 ], [ 109.27613, 13.77511 ], [ 109.27604, 13.77541 ] ] ], [ [ [ 109.28367, 13.77554 ], [ 109.2835, 13.77546 ], [ 109.28372, 13.77534 ], [ 109.28367, 13.77554 ] ] ], [ [ [ 109.27896, 13.77668 ], [ 109.27888, 13.7766 ], [ 109.27899, 13.77657 ], [ 109.27896, 13.77668 ] ] ], [ [ [ 109.28715, 13.77694 ], [ 109.2868, 13.77683 ], [ 109.28703, 13.77663 ], [ 109.28715, 13.77694 ] ] ], [ [ [ 109.2899, 13.77719 ], [ 109.28996, 13.77708 ], [ 109.29021, 13.77715 ], [ 109.2899, 13.77719 ] ] ], [ [ [ 109.2899, 13.77719 ], [ 109.28987, 13.7773 ], [ 109.28978, 13.77722 ], [ 109.2899, 13.77719 ] ] ], [ [ [ 109.29111, 13.77723 ], [ 109.29042, 13.77732 ], [ 109.29039, 13.77708 ], [ 109.29075, 13.77687 ], [ 109.29087, 13.77689 ], [ 109.29105, 13.77679 ], [ 109.2912, 13.77675 ], [ 109.29111, 13.77723 ] ] ], [ [ [ 109.28226, 13.77704 ], [ 109.28199, 13.77746 ], [ 109.28172, 13.77738 ], [ 109.28216, 13.77679 ], [ 109.28227, 13.77609 ], [ 109.28242, 13.77585 ], [ 109.28279, 13.77579 ], [ 109.28229, 13.77638 ], [ 109.28251, 13.77664 ], [ 109.28277, 13.77632 ], [ 109.2831, 13.77639 ], [ 109.28226, 13.77704 ] ] ], [ [ [ 109.28814, 13.77754 ], [ 109.28794, 13.77751 ], [ 109.28811, 13.77734 ], [ 109.28814, 13.77754 ] ] ], [ [ [ 109.28952, 13.77755 ], [ 109.28956, 13.77744 ], [ 109.28964, 13.77752 ], [ 109.28952, 13.77755 ] ] ], [ [ [ 109.28952, 13.77755 ], [ 109.28952, 13.77764 ], [ 109.28943, 13.77764 ], [ 109.28943, 13.77755 ], [ 109.28952, 13.77755 ] ] ], [ [ [ 109.27623, 13.7775 ], [ 109.27605, 13.77758 ], [ 109.2759, 13.77732 ], [ 109.27612, 13.77728 ], [ 109.27623, 13.7775 ] ] ], [ [ [ 109.28943, 13.77764 ], [ 109.2894, 13.77775 ], [ 109.28932, 13.77767 ], [ 109.28943, 13.77764 ] ] ], [ [ [ 109.28187, 13.77794 ], [ 109.28174, 13.77808 ], [ 109.28163, 13.77758 ], [ 109.28176, 13.7775 ], [ 109.28187, 13.77794 ] ] ], [ [ [ 109.29144, 13.77819 ], [ 109.29105, 13.77783 ], [ 109.29137, 13.77774 ], [ 109.29144, 13.77819 ] ] ], [ [ [ 109.28892, 13.77947 ], [ 109.28884, 13.77931 ], [ 109.28896, 13.77926 ], [ 109.28892, 13.77947 ] ] ], [ [ [ 109.28505, 13.77925 ], [ 109.28477, 13.77955 ], [ 109.28466, 13.77915 ], [ 109.28498, 13.77906 ], [ 109.28505, 13.77925 ] ] ], [ [ [ 109.27696, 13.77908 ], [ 109.27669, 13.77931 ], [ 109.27688, 13.77947 ], [ 109.27677, 13.77985 ], [ 109.27606, 13.77974 ], [ 109.27615, 13.77904 ], [ 109.27634, 13.77905 ], [ 109.27644, 13.77834 ], [ 109.27667, 13.77827 ], [ 109.27696, 13.77908 ] ] ], [ [ [ 109.2699, 13.77985 ], [ 109.26994, 13.77974 ], [ 109.27002, 13.77982 ], [ 109.2699, 13.77985 ] ] ], [ [ [ 109.28087, 13.77862 ], [ 109.28062, 13.77897 ], [ 109.28032, 13.77963 ], [ 109.2802, 13.78013 ], [ 109.28003, 13.77983 ], [ 109.28049, 13.7788 ], [ 109.28063, 13.77857 ], [ 109.28092, 13.77849 ], [ 109.28087, 13.77862 ] ] ], [ [ [ 109.28873, 13.78013 ], [ 109.28861, 13.78029 ], [ 109.28845, 13.77997 ], [ 109.28877, 13.7799 ], [ 109.28873, 13.78013 ] ] ], [ [ [ 109.2699, 13.77985 ], [ 109.26987, 13.78009 ], [ 109.26975, 13.78033 ], [ 109.26972, 13.78003 ], [ 109.26981, 13.78003 ], [ 109.26981, 13.77985 ], [ 109.2699, 13.77985 ] ] ], [ [ [ 109.28757, 13.77928 ], [ 109.28738, 13.77979 ], [ 109.28711, 13.78016 ], [ 109.28652, 13.78056 ], [ 109.2867, 13.78007 ], [ 109.28697, 13.77984 ], [ 109.28696, 13.77957 ], [ 109.28741, 13.77877 ], [ 109.28748, 13.77871 ], [ 109.28757, 13.77928 ] ] ], [ [ [ 109.28337, 13.78069 ], [ 109.28329, 13.78061 ], [ 109.2834, 13.78058 ], [ 109.28337, 13.78069 ] ] ], [ [ [ 109.29066, 13.78005 ], [ 109.29132, 13.78034 ], [ 109.29125, 13.78086 ], [ 109.29057, 13.78032 ], [ 109.29048, 13.78011 ], [ 109.29062, 13.78 ], [ 109.29066, 13.78005 ] ] ], [ [ [ 109.28617, 13.78096 ], [ 109.2862, 13.78085 ], [ 109.28628, 13.78093 ], [ 109.28617, 13.78096 ] ] ], [ [ [ 109.28022, 13.78095 ], [ 109.28013, 13.78079 ], [ 109.28025, 13.78074 ], [ 109.28022, 13.78095 ] ] ], [ [ [ 109.2819, 13.78038 ], [ 109.28272, 13.78062 ], [ 109.2827, 13.78083 ], [ 109.28223, 13.78102 ], [ 109.28192, 13.78119 ], [ 109.28163, 13.78103 ], [ 109.28151, 13.78035 ], [ 109.28183, 13.7803 ], [ 109.2819, 13.78038 ] ] ], [ [ [ 109.29213, 13.78088 ], [ 109.29224, 13.78104 ], [ 109.29227, 13.78131 ], [ 109.2919, 13.78077 ], [ 109.29209, 13.78064 ], [ 109.29213, 13.78088 ] ] ], [ [ [ 109.26952, 13.78121 ], [ 109.26953, 13.78085 ], [ 109.26958, 13.78073 ], [ 109.26965, 13.78115 ], [ 109.26952, 13.78121 ] ] ], [ [ [ 109.26952, 13.78121 ], [ 109.26952, 13.7813 ], [ 109.26943, 13.7813 ], [ 109.26943, 13.78121 ], [ 109.26952, 13.78121 ] ] ], [ [ [ 109.26943, 13.7813 ], [ 109.26939, 13.7815 ], [ 109.26924, 13.78157 ], [ 109.26929, 13.78137 ], [ 109.26943, 13.7813 ] ] ], [ [ [ 109.26924, 13.78157 ], [ 109.26924, 13.78166 ], [ 109.26915, 13.78166 ], [ 109.26915, 13.78157 ], [ 109.26924, 13.78157 ] ] ], [ [ [ 109.27652, 13.78023 ], [ 109.2765, 13.78048 ], [ 109.27597, 13.78119 ], [ 109.27586, 13.78166 ], [ 109.27573, 13.78174 ], [ 109.27591, 13.78025 ], [ 109.27633, 13.78013 ], [ 109.27647, 13.78008 ], [ 109.27652, 13.78023 ] ] ], [ [ [ 109.28793, 13.7816 ], [ 109.28771, 13.7821 ], [ 109.28751, 13.78218 ], [ 109.28791, 13.78132 ], [ 109.2882, 13.78125 ], [ 109.28793, 13.7816 ] ] ], [ [ [ 109.2918, 13.7823 ], [ 109.29158, 13.78218 ], [ 109.29171, 13.78209 ], [ 109.2918, 13.7823 ] ] ], [ [ [ 109.28284, 13.7818 ], [ 109.28246, 13.78224 ], [ 109.28187, 13.78151 ], [ 109.28196, 13.78142 ], [ 109.28214, 13.78153 ], [ 109.28251, 13.78125 ], [ 109.28275, 13.78121 ], [ 109.28284, 13.7818 ] ] ], [ [ [ 109.28749, 13.78256 ], [ 109.28734, 13.78273 ], [ 109.28723, 13.78247 ], [ 109.28755, 13.78224 ], [ 109.28749, 13.78256 ] ] ], [ [ [ 109.27587, 13.78255 ], [ 109.27573, 13.78274 ], [ 109.27551, 13.78221 ], [ 109.27571, 13.78215 ], [ 109.27587, 13.78255 ] ] ], [ [ [ 109.26915, 13.78229 ], [ 109.2691, 13.78286 ], [ 109.26905, 13.78238 ], [ 109.26905, 13.78229 ], [ 109.26915, 13.78229 ] ] ], [ [ [ 109.28052, 13.78213 ], [ 109.28069, 13.78274 ], [ 109.28046, 13.78304 ], [ 109.28026, 13.7818 ], [ 109.28034, 13.78174 ], [ 109.28052, 13.78213 ] ] ], [ [ [ 109.28039, 13.7832 ], [ 109.28031, 13.78312 ], [ 109.28042, 13.78309 ], [ 109.28039, 13.7832 ] ] ], [ [ [ 109.2874, 13.78365 ], [ 109.28716, 13.78399 ], [ 109.28724, 13.78338 ], [ 109.28745, 13.78332 ], [ 109.2874, 13.78365 ] ] ], [ [ [ 109.27976, 13.78429 ], [ 109.27954, 13.78418 ], [ 109.27967, 13.78408 ], [ 109.27976, 13.78429 ] ] ], [ [ [ 109.28617, 13.78096 ], [ 109.28613, 13.7811 ], [ 109.28604, 13.78178 ], [ 109.28572, 13.78229 ], [ 109.28551, 13.78367 ], [ 109.28499, 13.78398 ], [ 109.28452, 13.78434 ], [ 109.28435, 13.78435 ], [ 109.28479, 13.78363 ], [ 109.28534, 13.78302 ], [ 109.28551, 13.78247 ], [ 109.28587, 13.78159 ], [ 109.28599, 13.78096 ], [ 109.28617, 13.78096 ] ] ], [ [ [ 109.26935, 13.78407 ], [ 109.26941, 13.7841 ], [ 109.26937, 13.78439 ], [ 109.26919, 13.78403 ], [ 109.26927, 13.78381 ], [ 109.26935, 13.78407 ] ] ], [ [ [ 109.27611, 13.78455 ], [ 109.27616, 13.78469 ], [ 109.27601, 13.78474 ], [ 109.27584, 13.78455 ], [ 109.27573, 13.78445 ], [ 109.27543, 13.78447 ], [ 109.27548, 13.78374 ], [ 109.27573, 13.78347 ], [ 109.27588, 13.78413 ], [ 109.27611, 13.78455 ] ] ], [ [ [ 109.28722, 13.78443 ], [ 109.28728, 13.7848 ], [ 109.28699, 13.78494 ], [ 109.28685, 13.78474 ], [ 109.28704, 13.78438 ], [ 109.28716, 13.78431 ], [ 109.28722, 13.78443 ] ] ], [ [ [ 109.26515, 13.78479 ], [ 109.26524, 13.78461 ], [ 109.26525, 13.78452 ], [ 109.26534, 13.78452 ], [ 109.2656, 13.78456 ], [ 109.26531, 13.78475 ], [ 109.26515, 13.78479 ] ] ], [ [ [ 109.26515, 13.78479 ], [ 109.26512, 13.7849 ], [ 109.26504, 13.78482 ], [ 109.26515, 13.78479 ] ] ], [ [ [ 109.28774, 13.78535 ], [ 109.28758, 13.78519 ], [ 109.28781, 13.78513 ], [ 109.28774, 13.78535 ] ] ], [ [ [ 109.27893, 13.78534 ], [ 109.2788, 13.78524 ], [ 109.27902, 13.78512 ], [ 109.27893, 13.78534 ] ] ], [ [ [ 109.26977, 13.78537 ], [ 109.26966, 13.78534 ], [ 109.26974, 13.78526 ], [ 109.26977, 13.78537 ] ] ], [ [ [ 109.26977, 13.78537 ], [ 109.26986, 13.78537 ], [ 109.26986, 13.78546 ], [ 109.26977, 13.78546 ], [ 109.26977, 13.78537 ] ] ], [ [ [ 109.26986, 13.78546 ], [ 109.26997, 13.78549 ], [ 109.26989, 13.78557 ], [ 109.26986, 13.78546 ] ] ], [ [ [ 109.2839, 13.78528 ], [ 109.28356, 13.78569 ], [ 109.28361, 13.78525 ], [ 109.28402, 13.78492 ], [ 109.2839, 13.78528 ] ] ], [ [ [ 109.27547, 13.78573 ], [ 109.27532, 13.7858 ], [ 109.27544, 13.78545 ], [ 109.2755, 13.78541 ], [ 109.27547, 13.78573 ] ] ], [ [ [ 109.29105, 13.78389 ], [ 109.29056, 13.78397 ], [ 109.28974, 13.78442 ], [ 109.28952, 13.7851 ], [ 109.28927, 13.78544 ], [ 109.28901, 13.78601 ], [ 109.28883, 13.78599 ], [ 109.28836, 13.78466 ], [ 109.2886, 13.78401 ], [ 109.28888, 13.78301 ], [ 109.28908, 13.78257 ], [ 109.28903, 13.78197 ], [ 109.28933, 13.78104 ], [ 109.28926, 13.78022 ], [ 109.28951, 13.77989 ], [ 109.28973, 13.78014 ], [ 109.28982, 13.78067 ], [ 109.28994, 13.78088 ], [ 109.29058, 13.78128 ], [ 109.29056, 13.78158 ], [ 109.2902, 13.78212 ], [ 109.28949, 13.78182 ], [ 109.28926, 13.78233 ], [ 109.28947, 13.78269 ], [ 109.29007, 13.78284 ], [ 109.29073, 13.78257 ], [ 109.29085, 13.78258 ], [ 109.29113, 13.7829 ], [ 109.29157, 13.78303 ], [ 109.29161, 13.78317 ], [ 109.29152, 13.78317 ], [ 109.29152, 13.78326 ], [ 109.29133, 13.78326 ], [ 109.29133, 13.78344 ], [ 109.29124, 13.78344 ], [ 109.29124, 13.78353 ], [ 109.29115, 13.78353 ], [ 109.29114, 13.78371 ], [ 109.29114, 13.7838 ], [ 109.29105, 13.7838 ], [ 109.29105, 13.78389 ] ] ], [ [ [ 109.28693, 13.78581 ], [ 109.28669, 13.78611 ], [ 109.28629, 13.78605 ], [ 109.28638, 13.78549 ], [ 109.28697, 13.7854 ], [ 109.28693, 13.78581 ] ] ], [ [ [ 109.28318, 13.78631 ], [ 109.28289, 13.7864 ], [ 109.28297, 13.78608 ], [ 109.28327, 13.786 ], [ 109.28318, 13.78631 ] ] ], [ [ [ 109.27549, 13.78652 ], [ 109.27527, 13.78641 ], [ 109.2754, 13.78631 ], [ 109.27549, 13.78652 ] ] ], [ [ [ 109.26583, 13.78595 ], [ 109.26573, 13.78655 ], [ 109.26547, 13.78578 ], [ 109.2657, 13.78561 ], [ 109.26583, 13.78595 ] ] ], [ [ [ 109.28551, 13.78692 ], [ 109.28537, 13.78705 ], [ 109.2852, 13.78676 ], [ 109.28539, 13.78665 ], [ 109.28551, 13.78692 ] ] ], [ [ [ 109.28276, 13.78681 ], [ 109.28249, 13.78703 ], [ 109.28261, 13.78658 ], [ 109.2828, 13.78645 ], [ 109.28276, 13.78681 ] ] ], [ [ [ 109.26603, 13.78708 ], [ 109.26595, 13.787 ], [ 109.26606, 13.78697 ], [ 109.26603, 13.78708 ] ] ], [ [ [ 109.2871, 13.78707 ], [ 109.28689, 13.78741 ], [ 109.28632, 13.78757 ], [ 109.28573, 13.78802 ], [ 109.28553, 13.78772 ], [ 109.28592, 13.78756 ], [ 109.28655, 13.7868 ], [ 109.28715, 13.78675 ], [ 109.2871, 13.78707 ] ] ], [ [ [ 109.27582, 13.78753 ], [ 109.2759, 13.78784 ], [ 109.27563, 13.78807 ], [ 109.27552, 13.78742 ], [ 109.27567, 13.78731 ], [ 109.27582, 13.78753 ] ] ], [ [ [ 109.26398, 13.78754 ], [ 109.26406, 13.78776 ], [ 109.26385, 13.78811 ], [ 109.26365, 13.78804 ], [ 109.26369, 13.7872 ], [ 109.26393, 13.78704 ], [ 109.26407, 13.78709 ], [ 109.26425, 13.78737 ], [ 109.26371, 13.78732 ], [ 109.26398, 13.78754 ] ] ], [ [ [ 109.28693, 13.78835 ], [ 109.28647, 13.78841 ], [ 109.28656, 13.78823 ], [ 109.28686, 13.7882 ], [ 109.28693, 13.78835 ] ] ], [ [ [ 109.28485, 13.78836 ], [ 109.28446, 13.78849 ], [ 109.28462, 13.78808 ], [ 109.28492, 13.788 ], [ 109.28485, 13.78836 ] ] ], [ [ [ 109.28183, 13.78854 ], [ 109.28175, 13.78846 ], [ 109.28186, 13.78843 ], [ 109.28183, 13.78854 ] ] ], [ [ [ 109.28174, 13.78872 ], [ 109.28166, 13.78864 ], [ 109.28177, 13.78861 ], [ 109.28174, 13.78872 ] ] ], [ [ [ 109.28987, 13.78914 ], [ 109.28979, 13.78906 ], [ 109.2899, 13.78903 ], [ 109.28987, 13.78914 ] ] ], [ [ [ 109.27839, 13.78924 ], [ 109.27821, 13.78932 ], [ 109.27832, 13.78885 ], [ 109.27844, 13.78877 ], [ 109.27839, 13.78924 ] ] ], [ [ [ 109.28931, 13.78952 ], [ 109.28859, 13.78979 ], [ 109.28847, 13.7891 ], [ 109.28876, 13.7887 ], [ 109.28874, 13.78827 ], [ 109.28917, 13.78821 ], [ 109.28912, 13.78853 ], [ 109.28903, 13.78871 ], [ 109.28893, 13.78904 ], [ 109.28967, 13.78918 ], [ 109.28948, 13.78934 ], [ 109.28931, 13.78952 ] ], [ [ 109.28893, 13.7893 ], [ 109.28919, 13.78942 ], [ 109.28926, 13.78921 ], [ 109.28893, 13.7893 ] ] ], [ [ [ 109.27247, 13.78985 ], [ 109.27248, 13.79039 ], [ 109.27234, 13.79002 ], [ 109.27212, 13.78968 ], [ 109.27242, 13.78963 ], [ 109.27247, 13.78985 ] ] ], [ [ [ 109.28485, 13.79041 ], [ 109.28495, 13.79048 ], [ 109.28511, 13.7907 ], [ 109.28497, 13.79084 ], [ 109.28486, 13.79057 ], [ 109.28468, 13.79044 ], [ 109.28481, 13.79035 ], [ 109.28485, 13.79041 ] ] ], [ [ [ 109.28608, 13.79033 ], [ 109.28596, 13.79068 ], [ 109.28575, 13.79116 ], [ 109.28556, 13.79132 ], [ 109.28529, 13.7913 ], [ 109.28509, 13.79108 ], [ 109.28534, 13.79066 ], [ 109.28572, 13.79019 ], [ 109.28558, 13.78993 ], [ 109.28503, 13.78969 ], [ 109.28508, 13.78916 ], [ 109.28574, 13.78882 ], [ 109.28581, 13.7889 ], [ 109.2867, 13.78924 ], [ 109.28679, 13.79033 ], [ 109.28643, 13.7903 ], [ 109.28608, 13.79033 ] ] ], [ [ [ 109.26722, 13.79079 ], [ 109.26742, 13.79093 ], [ 109.26755, 13.79131 ], [ 109.26728, 13.79126 ], [ 109.26682, 13.79073 ], [ 109.26714, 13.79068 ], [ 109.26722, 13.79079 ] ] ], [ [ [ 109.28678, 13.79203 ], [ 109.28647, 13.79221 ], [ 109.28654, 13.79177 ], [ 109.28683, 13.79172 ], [ 109.28678, 13.79203 ] ] ], [ [ [ 109.2683, 13.79191 ], [ 109.2681, 13.79199 ], [ 109.26782, 13.79215 ], [ 109.26767, 13.79252 ], [ 109.26746, 13.79227 ], [ 109.26765, 13.79181 ], [ 109.26824, 13.79177 ], [ 109.2683, 13.79191 ] ] ], [ [ [ 109.26679, 13.79188 ], [ 109.26662, 13.79235 ], [ 109.26672, 13.79254 ], [ 109.26628, 13.79251 ], [ 109.26605, 13.7914 ], [ 109.26635, 13.79127 ], [ 109.26663, 13.79108 ], [ 109.26686, 13.79104 ], [ 109.26679, 13.79188 ] ] ], [ [ [ 109.28529, 13.793 ], [ 109.2851, 13.79329 ], [ 109.28501, 13.7937 ], [ 109.28484, 13.79346 ], [ 109.28494, 13.7929 ], [ 109.28534, 13.7928 ], [ 109.28529, 13.793 ] ] ], [ [ [ 109.28025, 13.79533 ], [ 109.28011, 13.79517 ], [ 109.28033, 13.79502 ], [ 109.28025, 13.79533 ] ] ], [ [ [ 109.21153, 13.79498 ], [ 109.21153, 13.79507 ], [ 109.21144, 13.79507 ], [ 109.21144, 13.79498 ], [ 109.21153, 13.79498 ] ] ], [ [ [ 109.26294, 13.79491 ], [ 109.26309, 13.79537 ], [ 109.26316, 13.79577 ], [ 109.26337, 13.79602 ], [ 109.26341, 13.7962 ], [ 109.26285, 13.79595 ], [ 109.26276, 13.7958 ], [ 109.26286, 13.79522 ], [ 109.26276, 13.79481 ], [ 109.26294, 13.79491 ] ] ], [ [ [ 109.28473, 13.79537 ], [ 109.28463, 13.79582 ], [ 109.28453, 13.79646 ], [ 109.28441, 13.79632 ], [ 109.28465, 13.79506 ], [ 109.28477, 13.79496 ], [ 109.28473, 13.79537 ] ] ], [ [ [ 109.28011, 13.79649 ], [ 109.28003, 13.79641 ], [ 109.28014, 13.79638 ], [ 109.28011, 13.79649 ] ] ], [ [ [ 109.21346, 13.7968 ], [ 109.21269, 13.79675 ], [ 109.21346, 13.79671 ], [ 109.21346, 13.7968 ] ] ], [ [ [ 109.28438, 13.79766 ], [ 109.28411, 13.79834 ], [ 109.28397, 13.79837 ], [ 109.28416, 13.7979 ], [ 109.28436, 13.79722 ], [ 109.28448, 13.79713 ], [ 109.28438, 13.79766 ] ] ], [ [ [ 109.20686, 13.79815 ], [ 109.20665, 13.79801 ], [ 109.20707, 13.79793 ], [ 109.20686, 13.79815 ] ] ], [ [ [ 109.28396, 13.79887 ], [ 109.28388, 13.79855 ], [ 109.28401, 13.79848 ], [ 109.28396, 13.79887 ] ] ], [ [ [ 109.20701, 13.79931 ], [ 109.20685, 13.79923 ], [ 109.20706, 13.7992 ], [ 109.20701, 13.79931 ] ] ], [ [ [ 109.28318, 13.80041 ], [ 109.28303, 13.80022 ], [ 109.28326, 13.80001 ], [ 109.28318, 13.80041 ] ] ], [ [ [ 109.20427, 13.80053 ], [ 109.20414, 13.80021 ], [ 109.20434, 13.79957 ], [ 109.2048, 13.79923 ], [ 109.2053, 13.79919 ], [ 109.20545, 13.79941 ], [ 109.20534, 13.79977 ], [ 109.20522, 13.8003 ], [ 109.20492, 13.80052 ], [ 109.20464, 13.80048 ], [ 109.20427, 13.80053 ] ], [ [ 109.20435, 13.79975 ], [ 109.20443, 13.79983 ], [ 109.20446, 13.79972 ], [ 109.20435, 13.79975 ] ] ], [ [ [ 109.28232, 13.80145 ], [ 109.2822, 13.80139 ], [ 109.28228, 13.80115 ], [ 109.28232, 13.80145 ] ] ], [ [ [ 109.27933, 13.80145 ], [ 109.27925, 13.80137 ], [ 109.27936, 13.80134 ], [ 109.27933, 13.80145 ] ] ], [ [ [ 109.28232, 13.80145 ], [ 109.28243, 13.80152 ], [ 109.28236, 13.80185 ], [ 109.28219, 13.80173 ], [ 109.28232, 13.80145 ] ] ], [ [ [ 109.2162, 13.80134 ], [ 109.2162, 13.80152 ], [ 109.21592, 13.80152 ], [ 109.21592, 13.80134 ], [ 109.2162, 13.80134 ] ] ], [ [ [ 109.28237, 13.80265 ], [ 109.28229, 13.8025 ], [ 109.28241, 13.80245 ], [ 109.28237, 13.80265 ] ] ], [ [ [ 109.28188, 13.80581 ], [ 109.2818, 13.80566 ], [ 109.28192, 13.80561 ], [ 109.28188, 13.80581 ] ] ], [ [ [ 109.28218, 13.80321 ], [ 109.28202, 13.80348 ], [ 109.28219, 13.80409 ], [ 109.28288, 13.80469 ], [ 109.28308, 13.80539 ], [ 109.28331, 13.80594 ], [ 109.28312, 13.80593 ], [ 109.2826, 13.80477 ], [ 109.28205, 13.80464 ], [ 109.28189, 13.80411 ], [ 109.28158, 13.80332 ], [ 109.28162, 13.80283 ], [ 109.28176, 13.80271 ], [ 109.28218, 13.80321 ] ] ], [ [ [ 109.28422, 13.80689 ], [ 109.28418, 13.807 ], [ 109.28411, 13.80684 ], [ 109.28423, 13.8068 ], [ 109.28422, 13.80689 ] ] ], [ [ [ 109.28067, 13.80788 ], [ 109.28059, 13.8078 ], [ 109.2807, 13.80777 ], [ 109.28067, 13.80788 ] ] ], [ [ [ 109.20933, 13.80768 ], [ 109.20921, 13.80771 ], [ 109.20925, 13.8076 ], [ 109.20933, 13.80768 ] ] ], [ [ [ 109.20866, 13.80762 ], [ 109.20866, 13.8078 ], [ 109.20847, 13.80779 ], [ 109.20847, 13.8077 ], [ 109.20829, 13.8077 ], [ 109.2082, 13.8077 ], [ 109.2082, 13.80761 ], [ 109.20866, 13.80762 ] ] ], [ [ [ 109.27528, 13.80864 ], [ 109.27474, 13.8084 ], [ 109.27515, 13.80836 ], [ 109.27528, 13.80864 ] ] ], [ [ [ 109.28537, 13.80936 ], [ 109.28529, 13.80921 ], [ 109.28541, 13.80916 ], [ 109.28537, 13.80936 ] ] ], [ [ [ 109.20967, 13.80917 ], [ 109.20958, 13.80947 ], [ 109.20907, 13.80912 ], [ 109.20926, 13.80884 ], [ 109.20957, 13.8088 ], [ 109.20967, 13.80917 ] ] ], [ [ [ 109.2714, 13.80848 ], [ 109.27189, 13.80888 ], [ 109.27208, 13.80951 ], [ 109.27222, 13.81067 ], [ 109.27191, 13.81064 ], [ 109.27144, 13.80956 ], [ 109.27115, 13.80848 ], [ 109.27136, 13.80843 ], [ 109.2714, 13.80848 ] ] ], [ [ [ 109.28623, 13.81124 ], [ 109.28623, 13.81142 ], [ 109.28613, 13.81142 ], [ 109.28613, 13.81124 ], [ 109.28623, 13.81124 ] ] ], [ [ [ 109.25444, 13.81142 ], [ 109.25428, 13.81126 ], [ 109.2545, 13.8112 ], [ 109.25444, 13.81142 ] ] ], [ [ [ 109.25212, 13.81172 ], [ 109.25195, 13.81186 ], [ 109.25197, 13.81163 ], [ 109.25195, 13.81141 ], [ 109.25197, 13.81116 ], [ 109.25219, 13.81109 ], [ 109.25212, 13.81172 ] ] ], [ [ [ 109.25487, 13.81203 ], [ 109.25473, 13.81223 ], [ 109.25465, 13.81189 ], [ 109.25478, 13.81183 ], [ 109.25487, 13.81203 ] ] ], [ [ [ 109.25341, 13.81267 ], [ 109.25325, 13.81253 ], [ 109.25357, 13.81246 ], [ 109.25341, 13.81267 ] ] ], [ [ [ 109.25777, 13.81299 ], [ 109.25789, 13.81308 ], [ 109.25736, 13.81321 ], [ 109.25741, 13.81299 ], [ 109.25773, 13.81294 ], [ 109.25777, 13.81299 ] ] ], [ [ [ 109.28693, 13.81272 ], [ 109.28709, 13.81293 ], [ 109.28714, 13.81297 ], [ 109.28714, 13.81315 ], [ 109.28723, 13.81315 ], [ 109.28718, 13.81345 ], [ 109.2868, 13.81286 ], [ 109.28655, 13.81204 ], [ 109.28679, 13.81199 ], [ 109.28693, 13.81272 ] ] ], [ [ [ 109.25573, 13.81341 ], [ 109.25547, 13.81324 ], [ 109.25578, 13.8132 ], [ 109.25573, 13.81341 ] ] ], [ [ [ 109.2541, 13.81388 ], [ 109.25364, 13.81413 ], [ 109.25392, 13.81363 ], [ 109.25421, 13.81355 ], [ 109.2541, 13.81388 ] ] ], [ [ [ 109.28746, 13.81453 ], [ 109.28738, 13.81437 ], [ 109.2875, 13.81432 ], [ 109.28746, 13.81453 ] ] ], [ [ [ 109.25794, 13.81435 ], [ 109.2582, 13.81445 ], [ 109.25831, 13.81469 ], [ 109.25774, 13.8146 ], [ 109.25749, 13.81436 ], [ 109.2579, 13.8143 ], [ 109.25794, 13.81435 ] ] ], [ [ [ 109.2622, 13.81473 ], [ 109.26229, 13.81494 ], [ 109.26188, 13.81509 ], [ 109.26165, 13.81438 ], [ 109.26197, 13.81433 ], [ 109.2622, 13.81473 ] ] ], [ [ [ 109.25337, 13.81506 ], [ 109.25308, 13.81502 ], [ 109.25331, 13.81465 ], [ 109.25346, 13.81454 ], [ 109.25337, 13.81506 ] ] ], [ [ [ 109.28761, 13.81538 ], [ 109.28753, 13.81562 ], [ 109.28749, 13.81532 ], [ 109.28761, 13.81538 ] ] ], [ [ [ 109.20647, 13.81546 ], [ 109.20636, 13.81543 ], [ 109.20644, 13.81535 ], [ 109.20647, 13.81546 ] ] ], [ [ [ 109.2873, 13.81613 ], [ 109.2873, 13.81595 ], [ 109.28743, 13.81604 ], [ 109.2873, 13.81613 ] ] ], [ [ [ 109.2873, 13.81613 ], [ 109.28727, 13.81624 ], [ 109.28719, 13.81616 ], [ 109.2873, 13.81613 ] ] ], [ [ [ 109.25554, 13.81558 ], [ 109.25566, 13.81603 ], [ 109.2555, 13.81613 ], [ 109.25521, 13.81541 ], [ 109.2554, 13.81527 ], [ 109.25554, 13.81558 ] ] ], [ [ [ 109.20591, 13.81573 ], [ 109.20601, 13.81573 ], [ 109.20601, 13.81582 ], [ 109.20591, 13.81582 ], [ 109.20591, 13.81573 ] ] ], [ [ [ 109.25253, 13.81616 ], [ 109.25241, 13.81612 ], [ 109.25249, 13.81605 ], [ 109.25253, 13.81616 ] ] ], [ [ [ 109.25253, 13.81616 ], [ 109.25274, 13.81619 ], [ 109.25258, 13.81627 ], [ 109.25253, 13.81616 ] ] ], [ [ [ 109.20832, 13.8162 ], [ 109.20822, 13.8162 ], [ 109.20822, 13.81611 ], [ 109.20832, 13.81611 ], [ 109.20832, 13.8162 ] ] ], [ [ [ 109.25283, 13.81656 ], [ 109.25267, 13.8164 ], [ 109.25289, 13.81634 ], [ 109.25283, 13.81656 ] ] ], [ [ [ 109.20554, 13.81618 ], [ 109.20554, 13.81627 ], [ 109.20545, 13.81627 ], [ 109.20545, 13.81618 ], [ 109.20554, 13.81618 ] ] ], [ [ [ 109.20832, 13.8162 ], [ 109.20841, 13.8162 ], [ 109.20841, 13.81629 ], [ 109.20831, 13.81629 ], [ 109.20832, 13.8162 ] ] ], [ [ [ 109.20767, 13.81638 ], [ 109.20767, 13.81647 ], [ 109.20739, 13.81646 ], [ 109.20739, 13.81637 ], [ 109.20767, 13.81638 ] ] ], [ [ [ 109.20601, 13.81582 ], [ 109.20679, 13.81617 ], [ 109.20665, 13.81655 ], [ 109.20612, 13.81651 ], [ 109.206, 13.81645 ], [ 109.20608, 13.81627 ], [ 109.20601, 13.81582 ] ] ], [ [ [ 109.19926, 13.81708 ], [ 109.19906, 13.81713 ], [ 109.19912, 13.81691 ], [ 109.19934, 13.81677 ], [ 109.19926, 13.81708 ] ] ], [ [ [ 109.28689, 13.81725 ], [ 109.28707, 13.81752 ], [ 109.28747, 13.81779 ], [ 109.28742, 13.81798 ], [ 109.28698, 13.81761 ], [ 109.28683, 13.81757 ], [ 109.28683, 13.81721 ], [ 109.28689, 13.81725 ] ] ], [ [ [ 109.28898, 13.81973 ], [ 109.28879, 13.81989 ], [ 109.28862, 13.81934 ], [ 109.28876, 13.81921 ], [ 109.28898, 13.81973 ] ] ], [ [ [ 109.26105, 13.8201 ], [ 109.2608, 13.8203 ], [ 109.25967, 13.81979 ], [ 109.25985, 13.81975 ], [ 109.26045, 13.8198 ], [ 109.26064, 13.81974 ], [ 109.26068, 13.81979 ], [ 109.26105, 13.8201 ] ] ], [ [ [ 109.28821, 13.8206 ], [ 109.28806, 13.82069 ], [ 109.28798, 13.82044 ], [ 109.2881, 13.82038 ], [ 109.28821, 13.8206 ] ] ], [ [ [ 109.17952, 13.81991 ], [ 109.17921, 13.81975 ], [ 109.17943, 13.81969 ], [ 109.17952, 13.81991 ] ] ], [ [ [ 109.29013, 13.82043 ], [ 109.29007, 13.82089 ], [ 109.29011, 13.82128 ], [ 109.28966, 13.82143 ], [ 109.28954, 13.82117 ], [ 109.28991, 13.82033 ], [ 109.29005, 13.82022 ], [ 109.29013, 13.82043 ] ] ], [ [ [ 109.28834, 13.81881 ], [ 109.28853, 13.81908 ], [ 109.28843, 13.81925 ], [ 109.28834, 13.81944 ], [ 109.28779, 13.81954 ], [ 109.28727, 13.81992 ], [ 109.28713, 13.82088 ], [ 109.28697, 13.82145 ], [ 109.28685, 13.82168 ], [ 109.2868, 13.82128 ], [ 109.28685, 13.82124 ], [ 109.28699, 13.82109 ], [ 109.28713, 13.81997 ], [ 109.28744, 13.81929 ], [ 109.2877, 13.81907 ], [ 109.28783, 13.81893 ], [ 109.288, 13.81827 ], [ 109.28834, 13.81881 ] ] ], [ [ [ 109.29099, 13.82165 ], [ 109.29087, 13.82179 ], [ 109.29074, 13.82147 ], [ 109.29087, 13.8214 ], [ 109.29099, 13.82165 ] ] ], [ [ [ 109.27497, 13.82186 ], [ 109.27482, 13.82195 ], [ 109.27474, 13.82171 ], [ 109.27487, 13.82165 ], [ 109.27497, 13.82186 ] ] ], [ [ [ 109.17822, 13.82125 ], [ 109.17802, 13.82135 ], [ 109.17785, 13.82113 ], [ 109.17799, 13.82106 ], [ 109.17804, 13.82086 ], [ 109.17859, 13.82077 ], [ 109.17822, 13.82125 ] ] ], [ [ [ 109.28832, 13.82279 ], [ 109.28799, 13.82295 ], [ 109.28807, 13.82248 ], [ 109.28838, 13.82199 ], [ 109.28864, 13.82179 ], [ 109.28902, 13.82175 ], [ 109.28906, 13.8218 ], [ 109.28916, 13.82188 ], [ 109.28924, 13.8221 ], [ 109.28888, 13.82237 ], [ 109.28852, 13.82231 ], [ 109.28832, 13.82279 ] ] ], [ [ [ 109.18705, 13.8217 ], [ 109.18671, 13.82215 ], [ 109.18653, 13.82228 ], [ 109.18631, 13.82209 ], [ 109.1865, 13.82178 ], [ 109.18648, 13.82159 ], [ 109.18709, 13.82156 ], [ 109.18705, 13.8217 ] ] ], [ [ [ 109.18604, 13.82247 ], [ 109.18596, 13.82239 ], [ 109.18607, 13.82236 ], [ 109.18604, 13.82247 ] ] ], [ [ [ 109.1857, 13.82272 ], [ 109.18558, 13.82264 ], [ 109.18571, 13.82251 ], [ 109.18579, 13.82263 ], [ 109.1857, 13.82263 ], [ 109.1857, 13.82272 ] ] ], [ [ [ 109.17837, 13.82242 ], [ 109.17853, 13.82303 ], [ 109.17891, 13.82326 ], [ 109.17882, 13.82334 ], [ 109.17831, 13.82314 ], [ 109.17813, 13.8227 ], [ 109.17797, 13.82244 ], [ 109.17789, 13.82212 ], [ 109.17821, 13.82203 ], [ 109.17837, 13.82242 ] ] ], [ [ [ 109.28932, 13.82417 ], [ 109.28899, 13.82436 ], [ 109.28878, 13.82401 ], [ 109.28914, 13.82406 ], [ 109.28937, 13.82401 ], [ 109.28932, 13.82417 ] ] ], [ [ [ 109.17983, 13.82344 ], [ 109.17978, 13.82362 ], [ 109.17959, 13.8237 ], [ 109.17971, 13.82335 ], [ 109.17977, 13.82331 ], [ 109.17983, 13.82344 ] ] ], [ [ [ 109.25955, 13.82282 ], [ 109.25927, 13.82348 ], [ 109.25917, 13.8243 ], [ 109.25874, 13.82407 ], [ 109.25853, 13.8235 ], [ 109.2589, 13.82303 ], [ 109.25925, 13.82224 ], [ 109.25932, 13.82217 ], [ 109.25955, 13.82282 ] ] ], [ [ [ 109.17778, 13.8237 ], [ 109.17763, 13.82388 ], [ 109.17745, 13.82302 ], [ 109.17756, 13.82293 ], [ 109.17778, 13.8237 ] ] ], [ [ [ 109.259, 13.82472 ], [ 109.2589, 13.82451 ], [ 109.25922, 13.82443 ], [ 109.259, 13.82472 ] ] ], [ [ [ 109.18263, 13.82423 ], [ 109.18263, 13.82433 ], [ 109.18226, 13.82432 ], [ 109.18226, 13.82423 ], [ 109.18263, 13.82423 ] ] ], [ [ [ 109.26148, 13.82359 ], [ 109.26193, 13.82397 ], [ 109.26214, 13.82443 ], [ 109.26212, 13.82462 ], [ 109.26182, 13.82487 ], [ 109.26072, 13.82506 ], [ 109.26025, 13.82502 ], [ 109.2601, 13.82423 ], [ 109.26086, 13.82359 ], [ 109.26144, 13.82354 ], [ 109.26148, 13.82359 ] ] ], [ [ [ 109.29281, 13.82576 ], [ 109.29258, 13.82588 ], [ 109.29247, 13.82535 ], [ 109.29288, 13.8253 ], [ 109.29281, 13.82576 ] ] ], [ [ [ 109.25871, 13.82661 ], [ 109.25862, 13.82653 ], [ 109.25874, 13.8265 ], [ 109.25871, 13.82661 ] ] ], [ [ [ 109.29124, 13.8266 ], [ 109.29147, 13.82759 ], [ 109.29124, 13.82731 ], [ 109.29107, 13.82648 ], [ 109.2912, 13.82637 ], [ 109.29124, 13.8266 ] ] ], [ [ [ 109.25897, 13.82752 ], [ 109.25889, 13.82737 ], [ 109.25901, 13.82732 ], [ 109.25897, 13.82752 ] ] ], [ [ [ 109.29172, 13.82793 ], [ 109.29164, 13.82785 ], [ 109.29175, 13.82782 ], [ 109.29172, 13.82793 ] ] ], [ [ [ 109.29019, 13.82902 ], [ 109.29011, 13.82895 ], [ 109.28996, 13.82818 ], [ 109.29032, 13.82796 ], [ 109.29058, 13.82841 ], [ 109.29063, 13.82845 ], [ 109.29059, 13.82881 ], [ 109.2903, 13.82875 ], [ 109.29019, 13.82902 ] ] ], [ [ [ 109.29312, 13.82937 ], [ 109.29318, 13.82925 ], [ 109.29334, 13.82933 ], [ 109.29312, 13.82937 ] ] ], [ [ [ 109.29312, 13.82937 ], [ 109.29312, 13.82946 ], [ 109.29291, 13.82951 ], [ 109.29261, 13.82969 ], [ 109.29235, 13.82953 ], [ 109.29198, 13.82938 ], [ 109.29212, 13.82907 ], [ 109.2927, 13.82933 ], [ 109.29312, 13.82937 ] ] ], [ [ [ 109.29039, 13.82931 ], [ 109.29066, 13.82954 ], [ 109.29026, 13.82975 ], [ 109.29012, 13.82932 ], [ 109.29035, 13.82926 ], [ 109.29039, 13.82931 ] ] ], [ [ [ 109.29043, 13.83035 ], [ 109.29022, 13.8302 ], [ 109.29053, 13.83016 ], [ 109.29043, 13.83035 ] ] ], [ [ [ 109.29247, 13.83055 ], [ 109.29233, 13.83075 ], [ 109.29225, 13.83042 ], [ 109.29238, 13.83036 ], [ 109.29247, 13.83055 ] ] ], [ [ [ 109.28487, 13.83041 ], [ 109.28459, 13.83071 ], [ 109.28447, 13.83013 ], [ 109.28498, 13.82985 ], [ 109.28487, 13.83041 ] ] ], [ [ [ 109.29034, 13.83116 ], [ 109.29033, 13.83143 ], [ 109.29015, 13.83143 ], [ 109.29015, 13.83115 ], [ 109.29034, 13.83116 ] ] ], [ [ [ 109.2918, 13.83343 ], [ 109.2918, 13.83297 ], [ 109.2919, 13.83297 ], [ 109.29189, 13.83343 ], [ 109.2918, 13.83343 ] ] ], [ [ [ 109.25866, 13.83321 ], [ 109.25858, 13.83313 ], [ 109.25869, 13.8331 ], [ 109.25866, 13.83321 ] ] ], [ [ [ 109.2918, 13.83343 ], [ 109.29175, 13.83363 ], [ 109.29171, 13.83342 ], [ 109.2918, 13.83343 ] ] ], [ [ [ 109.28619, 13.83386 ], [ 109.28584, 13.83362 ], [ 109.28606, 13.83357 ], [ 109.28619, 13.83386 ] ] ], [ [ [ 109.28726, 13.83394 ], [ 109.2873, 13.83383 ], [ 109.28738, 13.83391 ], [ 109.28726, 13.83394 ] ] ], [ [ [ 109.28726, 13.83394 ], [ 109.28693, 13.83434 ], [ 109.28659, 13.83487 ], [ 109.28641, 13.83496 ], [ 109.28629, 13.83446 ], [ 109.2866, 13.83433 ], [ 109.28689, 13.83398 ], [ 109.28726, 13.83394 ] ] ], [ [ [ 109.29181, 13.83567 ], [ 109.29174, 13.83589 ], [ 109.29166, 13.83571 ], [ 109.2916, 13.83568 ], [ 109.29163, 13.8355 ], [ 109.29181, 13.83567 ] ] ], [ [ [ 109.28633, 13.83554 ], [ 109.28579, 13.83627 ], [ 109.28528, 13.83599 ], [ 109.28517, 13.83584 ], [ 109.28573, 13.8356 ], [ 109.28609, 13.83533 ], [ 109.28624, 13.83528 ], [ 109.28633, 13.83554 ] ] ], [ [ [ 109.29162, 13.83646 ], [ 109.29154, 13.83661 ], [ 109.2915, 13.83641 ], [ 109.29162, 13.83646 ] ] ], [ [ [ 109.28813, 13.83615 ], [ 109.28821, 13.83666 ], [ 109.28788, 13.83658 ], [ 109.28773, 13.83599 ], [ 109.28799, 13.83593 ], [ 109.28813, 13.83615 ] ] ], [ [ [ 109.28037, 13.83788 ], [ 109.28009, 13.83818 ], [ 109.27998, 13.83778 ], [ 109.2803, 13.83768 ], [ 109.28037, 13.83788 ] ] ], [ [ [ 109.28214, 13.83851 ], [ 109.28226, 13.83854 ], [ 109.28217, 13.83862 ], [ 109.28214, 13.83851 ] ] ], [ [ [ 109.29516, 13.839 ], [ 109.29495, 13.83886 ], [ 109.29537, 13.83878 ], [ 109.29516, 13.839 ] ] ], [ [ [ 109.28211, 13.83882 ], [ 109.28203, 13.83904 ], [ 109.28173, 13.83901 ], [ 109.28183, 13.83874 ], [ 109.28205, 13.83869 ], [ 109.28211, 13.83882 ] ] ], [ [ [ 109.29479, 13.83903 ], [ 109.29463, 13.83927 ], [ 109.29447, 13.83905 ], [ 109.29451, 13.83886 ], [ 109.29463, 13.83878 ], [ 109.29479, 13.83903 ] ] ], [ [ [ 109.2894, 13.83897 ], [ 109.28975, 13.8393 ], [ 109.29006, 13.84091 ], [ 109.28975, 13.84105 ], [ 109.28956, 13.84066 ], [ 109.2896, 13.83978 ], [ 109.28921, 13.83915 ], [ 109.28912, 13.83899 ], [ 109.28935, 13.83892 ], [ 109.2894, 13.83897 ] ] ], [ [ [ 109.28662, 13.84076 ], [ 109.28602, 13.84111 ], [ 109.28606, 13.84084 ], [ 109.28694, 13.84038 ], [ 109.28721, 13.84004 ], [ 109.2875, 13.83999 ], [ 109.28767, 13.84037 ], [ 109.28761, 13.84074 ], [ 109.28722, 13.84102 ], [ 109.28698, 13.84071 ], [ 109.28662, 13.84076 ] ], [ [ 109.28718, 13.84038 ], [ 109.28736, 13.84047 ], [ 109.2874, 13.84026 ], [ 109.28718, 13.84038 ] ] ], [ [ [ 109.28672, 13.84127 ], [ 109.28664, 13.84119 ], [ 109.28675, 13.84116 ], [ 109.28672, 13.84127 ] ] ], [ [ [ 109.29353, 13.84116 ], [ 109.29343, 13.84143 ], [ 109.29309, 13.8409 ], [ 109.29341, 13.84085 ], [ 109.29353, 13.84116 ] ] ], [ [ [ 109.28742, 13.84182 ], [ 109.28714, 13.84202 ], [ 109.28698, 13.84168 ], [ 109.28749, 13.84162 ], [ 109.28742, 13.84182 ] ] ], [ [ [ 109.28666, 13.84228 ], [ 109.28652, 13.84213 ], [ 109.28674, 13.84198 ], [ 109.28666, 13.84228 ] ] ], [ [ [ 109.29205, 13.84276 ], [ 109.29179, 13.84286 ], [ 109.29189, 13.8426 ], [ 109.2921, 13.84256 ], [ 109.29205, 13.84276 ] ] ], [ [ [ 109.28794, 13.84289 ], [ 109.28798, 13.84272 ], [ 109.28834, 13.84259 ], [ 109.28815, 13.84284 ], [ 109.28794, 13.84289 ] ] ], [ [ [ 109.28539, 13.84265 ], [ 109.28577, 13.84273 ], [ 109.28581, 13.84301 ], [ 109.28549, 13.84282 ], [ 109.28522, 13.8427 ], [ 109.28535, 13.8426 ], [ 109.28539, 13.84265 ] ] ], [ [ [ 109.28794, 13.84289 ], [ 109.28778, 13.84311 ], [ 109.28738, 13.84319 ], [ 109.28744, 13.84293 ], [ 109.28794, 13.84289 ] ] ], [ [ [ 109.27993, 13.84386 ], [ 109.27967, 13.84369 ], [ 109.27998, 13.84365 ], [ 109.27993, 13.84386 ] ] ], [ [ [ 109.29276, 13.8441 ], [ 109.29242, 13.844 ], [ 109.29263, 13.84346 ], [ 109.29284, 13.84328 ], [ 109.29276, 13.8441 ] ] ], [ [ [ 109.2716, 13.84417 ], [ 109.27142, 13.84383 ], [ 109.27165, 13.84377 ], [ 109.2716, 13.84417 ] ] ], [ [ [ 109.2568, 13.84364 ], [ 109.25663, 13.84416 ], [ 109.25644, 13.84384 ], [ 109.25665, 13.84329 ], [ 109.25686, 13.84312 ], [ 109.2568, 13.84364 ] ] ], [ [ [ 109.29089, 13.84472 ], [ 109.29088, 13.8449 ], [ 109.29079, 13.8449 ], [ 109.29079, 13.84472 ], [ 109.29089, 13.84472 ] ] ], [ [ [ 109.28687, 13.84394 ], [ 109.28707, 13.84411 ], [ 109.28732, 13.8445 ], [ 109.28717, 13.84491 ], [ 109.28677, 13.84464 ], [ 109.28658, 13.84455 ], [ 109.28639, 13.84445 ], [ 109.28644, 13.84369 ], [ 109.28673, 13.8436 ], [ 109.28687, 13.84394 ] ] ], [ [ [ 109.27853, 13.84511 ], [ 109.27837, 13.84503 ], [ 109.27858, 13.84499 ], [ 109.27853, 13.84511 ] ] ], [ [ [ 109.27981, 13.84539 ], [ 109.27956, 13.84519 ], [ 109.27969, 13.84509 ], [ 109.27981, 13.84539 ] ] ], [ [ [ 109.25683, 13.84514 ], [ 109.25672, 13.84524 ], [ 109.25647, 13.84488 ], [ 109.25675, 13.84484 ], [ 109.25683, 13.84514 ] ] ], [ [ [ 109.28745, 13.84623 ], [ 109.28726, 13.84619 ], [ 109.28714, 13.84602 ], [ 109.28742, 13.84588 ], [ 109.28745, 13.84623 ] ] ], [ [ [ 109.27801, 13.84707 ], [ 109.27804, 13.84696 ], [ 109.27812, 13.84704 ], [ 109.27801, 13.84707 ] ] ], [ [ [ 109.27801, 13.84707 ], [ 109.27798, 13.84718 ], [ 109.2779, 13.8471 ], [ 109.27801, 13.84707 ] ] ], [ [ [ 109.28478, 13.84741 ], [ 109.2846, 13.84759 ], [ 109.28458, 13.84738 ], [ 109.28478, 13.84741 ] ] ], [ [ [ 109.2842, 13.8482 ], [ 109.28423, 13.84809 ], [ 109.28431, 13.84817 ], [ 109.2842, 13.8482 ] ] ], [ [ [ 109.27765, 13.84776 ], [ 109.27723, 13.84819 ], [ 109.27745, 13.8477 ], [ 109.27765, 13.84776 ] ] ], [ [ [ 109.2842, 13.8482 ], [ 109.28415, 13.84831 ], [ 109.28411, 13.84819 ], [ 109.2842, 13.8482 ] ] ], [ [ [ 109.27853, 13.84796 ], [ 109.27891, 13.84812 ], [ 109.27887, 13.84839 ], [ 109.27838, 13.84876 ], [ 109.27812, 13.84872 ], [ 109.27796, 13.84841 ], [ 109.27826, 13.84794 ], [ 109.27847, 13.84788 ], [ 109.27853, 13.84796 ] ] ], [ [ [ 109.29307, 13.84907 ], [ 109.29296, 13.84904 ], [ 109.29304, 13.84896 ], [ 109.29307, 13.84907 ] ] ], [ [ [ 109.29317, 13.84907 ], [ 109.29317, 13.84898 ], [ 109.29326, 13.84898 ], [ 109.29326, 13.84907 ], [ 109.29317, 13.84907 ] ] ], [ [ [ 109.27671, 13.84908 ], [ 109.27657, 13.84892 ], [ 109.27679, 13.84878 ], [ 109.27671, 13.84908 ] ] ], [ [ [ 109.26493, 13.84769 ], [ 109.26393, 13.8489 ], [ 109.26374, 13.849 ], [ 109.26391, 13.84813 ], [ 109.26464, 13.84757 ], [ 109.26473, 13.84747 ], [ 109.26487, 13.84743 ], [ 109.26493, 13.84769 ] ] ], [ [ [ 109.29317, 13.84907 ], [ 109.29316, 13.84925 ], [ 109.29307, 13.84925 ], [ 109.29307, 13.84907 ], [ 109.29317, 13.84907 ] ] ], [ [ [ 109.28416, 13.84916 ], [ 109.28404, 13.84939 ], [ 109.28398, 13.84878 ], [ 109.2842, 13.84874 ], [ 109.28416, 13.84916 ] ] ], [ [ [ 109.26808, 13.84971 ], [ 109.26788, 13.84993 ], [ 109.2677, 13.84932 ], [ 109.26791, 13.84926 ], [ 109.26808, 13.84971 ] ] ], [ [ [ 109.27583, 13.85 ], [ 109.27572, 13.85015 ], [ 109.27565, 13.84978 ], [ 109.27586, 13.84967 ], [ 109.27583, 13.85 ] ] ], [ [ [ 109.2924, 13.85028 ], [ 109.29229, 13.85008 ], [ 109.29257, 13.84979 ], [ 109.29279, 13.84988 ], [ 109.29279, 13.85015 ], [ 109.2927, 13.85015 ], [ 109.2924, 13.85028 ] ] ], [ [ [ 109.26361, 13.85024 ], [ 109.26353, 13.85009 ], [ 109.26365, 13.85004 ], [ 109.26361, 13.85024 ] ] ], [ [ [ 109.27012, 13.84864 ], [ 109.26981, 13.84904 ], [ 109.26953, 13.8494 ], [ 109.26934, 13.84967 ], [ 109.26878, 13.85032 ], [ 109.26879, 13.84989 ], [ 109.26879, 13.84967 ], [ 109.26891, 13.84931 ], [ 109.26879, 13.84895 ], [ 109.26871, 13.84795 ], [ 109.26826, 13.84696 ], [ 109.26817, 13.84617 ], [ 109.26914, 13.8461 ], [ 109.26918, 13.84615 ], [ 109.26957, 13.84652 ], [ 109.27029, 13.8467 ], [ 109.27066, 13.84679 ], [ 109.27094, 13.84661 ], [ 109.27111, 13.84652 ], [ 109.27121, 13.84711 ], [ 109.27062, 13.84696 ], [ 109.2701, 13.84697 ], [ 109.26982, 13.84687 ], [ 109.26964, 13.84687 ], [ 109.26936, 13.84687 ], [ 109.26936, 13.84716 ], [ 109.2702, 13.84766 ], [ 109.27129, 13.8478 ], [ 109.27178, 13.84722 ], [ 109.27214, 13.84653 ], [ 109.27254, 13.84644 ], [ 109.27298, 13.84747 ], [ 109.27315, 13.8478 ], [ 109.27324, 13.848 ], [ 109.27289, 13.84897 ], [ 109.27314, 13.84934 ], [ 109.27328, 13.84978 ], [ 109.27283, 13.84988 ], [ 109.27268, 13.84924 ], [ 109.27254, 13.84897 ], [ 109.27236, 13.84861 ], [ 109.27215, 13.8482 ], [ 109.27104, 13.84797 ], [ 109.27012, 13.84864 ] ] ], [ [ [ 109.28392, 13.85023 ], [ 109.2837, 13.85049 ], [ 109.28387, 13.84975 ], [ 109.284, 13.84964 ], [ 109.28392, 13.85023 ] ] ], [ [ [ 109.26351, 13.85051 ], [ 109.26334, 13.85042 ], [ 109.26356, 13.85031 ], [ 109.26351, 13.85051 ] ] ], [ [ [ 109.27884, 13.8496 ], [ 109.27893, 13.85052 ], [ 109.27873, 13.85064 ], [ 109.27825, 13.85037 ], [ 109.27766, 13.85028 ], [ 109.27736, 13.85017 ], [ 109.27747, 13.84921 ], [ 109.27772, 13.84914 ], [ 109.27789, 13.84936 ], [ 109.27905, 13.84925 ], [ 109.27884, 13.8496 ] ] ], [ [ [ 109.2556, 13.85052 ], [ 109.25549, 13.85049 ], [ 109.25557, 13.85041 ], [ 109.2556, 13.85052 ] ] ], [ [ [ 109.2556, 13.85052 ], [ 109.25571, 13.85056 ], [ 109.25563, 13.85063 ], [ 109.2556, 13.85052 ] ] ], [ [ [ 109.27206, 13.85003 ], [ 109.2725, 13.8503 ], [ 109.27245, 13.85068 ], [ 109.27201, 13.85086 ], [ 109.27138, 13.85031 ], [ 109.27118, 13.85023 ], [ 109.27089, 13.85006 ], [ 109.27058, 13.84996 ], [ 109.27018, 13.85019 ], [ 109.2699, 13.85004 ], [ 109.27088, 13.84886 ], [ 109.27134, 13.84874 ], [ 109.27138, 13.84879 ], [ 109.27164, 13.849 ], [ 109.27206, 13.85003 ] ] ], [ [ [ 109.26324, 13.85096 ], [ 109.26315, 13.85081 ], [ 109.26327, 13.85076 ], [ 109.26324, 13.85096 ] ] ], [ [ [ 109.27776, 13.85116 ], [ 109.27768, 13.851 ], [ 109.2778, 13.85095 ], [ 109.27776, 13.85116 ] ] ], [ [ [ 109.284, 13.85129 ], [ 109.28386, 13.85139 ], [ 109.28377, 13.85099 ], [ 109.2839, 13.8509 ], [ 109.284, 13.85129 ] ] ], [ [ [ 109.25522, 13.85124 ], [ 109.25526, 13.85113 ], [ 109.25534, 13.85121 ], [ 109.25522, 13.85124 ] ] ], [ [ [ 109.25522, 13.85124 ], [ 109.25519, 13.85135 ], [ 109.25511, 13.85127 ], [ 109.25522, 13.85124 ] ] ], [ [ [ 109.27497, 13.85158 ], [ 109.27482, 13.85179 ], [ 109.27489, 13.85122 ], [ 109.27502, 13.85111 ], [ 109.27497, 13.85158 ] ] ], [ [ [ 109.27696, 13.85158 ], [ 109.27671, 13.85165 ], [ 109.27636, 13.85208 ], [ 109.27619, 13.85205 ], [ 109.27629, 13.8514 ], [ 109.27671, 13.85124 ], [ 109.27682, 13.85062 ], [ 109.27711, 13.85066 ], [ 109.27715, 13.8514 ], [ 109.27705, 13.8514 ], [ 109.27705, 13.85149 ], [ 109.27696, 13.85149 ], [ 109.27696, 13.85158 ] ] ], [ [ [ 109.28408, 13.852 ], [ 109.28394, 13.85248 ], [ 109.28386, 13.85172 ], [ 109.28399, 13.85163 ], [ 109.28408, 13.852 ] ] ], [ [ [ 109.27461, 13.85249 ], [ 109.27453, 13.85241 ], [ 109.27464, 13.85238 ], [ 109.27461, 13.85249 ] ] ], [ [ [ 109.27829, 13.85235 ], [ 109.27782, 13.85289 ], [ 109.27773, 13.85309 ], [ 109.27765, 13.85276 ], [ 109.27792, 13.85231 ], [ 109.27802, 13.8519 ], [ 109.27807, 13.85186 ], [ 109.27829, 13.85235 ] ] ], [ [ [ 109.27661, 13.85267 ], [ 109.27644, 13.85324 ], [ 109.27636, 13.85247 ], [ 109.27649, 13.85239 ], [ 109.27661, 13.85267 ] ] ], [ [ [ 109.2836, 13.85339 ], [ 109.28347, 13.85311 ], [ 109.2837, 13.85289 ], [ 109.2836, 13.85339 ] ] ], [ [ [ 109.27924, 13.85174 ], [ 109.27917, 13.8525 ], [ 109.27912, 13.85254 ], [ 109.279, 13.85353 ], [ 109.27882, 13.85332 ], [ 109.27894, 13.85291 ], [ 109.27913, 13.85173 ], [ 109.27924, 13.85174 ] ] ], [ [ [ 109.27792, 13.85361 ], [ 109.27809, 13.8541 ], [ 109.27748, 13.85398 ], [ 109.27761, 13.85334 ], [ 109.27778, 13.8533 ], [ 109.27792, 13.85361 ] ] ], [ [ [ 109.27199, 13.85448 ], [ 109.27207, 13.85472 ], [ 109.27147, 13.85465 ], [ 109.27124, 13.85436 ], [ 109.27127, 13.85412 ], [ 109.27167, 13.85407 ], [ 109.27199, 13.85448 ] ] ], [ [ [ 109.2752, 13.85395 ], [ 109.275, 13.85462 ], [ 109.27464, 13.85478 ], [ 109.27446, 13.85476 ], [ 109.27453, 13.85396 ], [ 109.27449, 13.8534 ], [ 109.27463, 13.85328 ], [ 109.2752, 13.85395 ] ] ], [ [ [ 109.27633, 13.85494 ], [ 109.27597, 13.85522 ], [ 109.27608, 13.85463 ], [ 109.27638, 13.85447 ], [ 109.27633, 13.85494 ] ] ], [ [ [ 109.27597, 13.85539 ], [ 109.27589, 13.85531 ], [ 109.27601, 13.85528 ], [ 109.27597, 13.85539 ] ] ], [ [ [ 109.27767, 13.85528 ], [ 109.27739, 13.85542 ], [ 109.27747, 13.85508 ], [ 109.27777, 13.85493 ], [ 109.27767, 13.85528 ] ] ], [ [ [ 109.27173, 13.85573 ], [ 109.27155, 13.85592 ], [ 109.27143, 13.85548 ], [ 109.27166, 13.85543 ], [ 109.27173, 13.85573 ] ] ], [ [ [ 109.29245, 13.85623 ], [ 109.29225, 13.85615 ], [ 109.29244, 13.85589 ], [ 109.29265, 13.85585 ], [ 109.29245, 13.85623 ] ] ], [ [ [ 109.28266, 13.85589 ], [ 109.28243, 13.85626 ], [ 109.28235, 13.85582 ], [ 109.28257, 13.85569 ], [ 109.28266, 13.85589 ] ] ], [ [ [ 109.2693, 13.85533 ], [ 109.26894, 13.85618 ], [ 109.26881, 13.85536 ], [ 109.26898, 13.85487 ], [ 109.26912, 13.85446 ], [ 109.26917, 13.85442 ], [ 109.2693, 13.85533 ] ] ], [ [ [ 109.27182, 13.85222 ], [ 109.2716, 13.85317 ], [ 109.27127, 13.85346 ], [ 109.27093, 13.85402 ], [ 109.27028, 13.85447 ], [ 109.27041, 13.8551 ], [ 109.2705, 13.85586 ], [ 109.27005, 13.85624 ], [ 109.26976, 13.8561 ], [ 109.27001, 13.85438 ], [ 109.26987, 13.85357 ], [ 109.26978, 13.85293 ], [ 109.26968, 13.85255 ], [ 109.26971, 13.85212 ], [ 109.26968, 13.85158 ], [ 109.27025, 13.85088 ], [ 109.27077, 13.85081 ], [ 109.27081, 13.85086 ], [ 109.27114, 13.85107 ], [ 109.27148, 13.85153 ], [ 109.27164, 13.85205 ], [ 109.27179, 13.85142 ], [ 109.27201, 13.85154 ], [ 109.27182, 13.85222 ] ] ], [ [ [ 109.27763, 13.85634 ], [ 109.27746, 13.8564 ], [ 109.2776, 13.85613 ], [ 109.27776, 13.8561 ], [ 109.27763, 13.85634 ] ] ], [ [ [ 109.27019, 13.85671 ], [ 109.26992, 13.85681 ], [ 109.26957, 13.85647 ], [ 109.27008, 13.85641 ], [ 109.27019, 13.85671 ] ] ], [ [ [ 109.27907, 13.85421 ], [ 109.27913, 13.85493 ], [ 109.27899, 13.85697 ], [ 109.27887, 13.85684 ], [ 109.27881, 13.85578 ], [ 109.27896, 13.85487 ], [ 109.27892, 13.85416 ], [ 109.27907, 13.85421 ] ] ], [ [ [ 109.26222, 13.85693 ], [ 109.26208, 13.85678 ], [ 109.26231, 13.85663 ], [ 109.26222, 13.85693 ] ] ], [ [ [ 109.27236, 13.85538 ], [ 109.27257, 13.85574 ], [ 109.27276, 13.85589 ], [ 109.27276, 13.85598 ], [ 109.27286, 13.85598 ], [ 109.27286, 13.85607 ], [ 109.27295, 13.85607 ], [ 109.27295, 13.85616 ], [ 109.27304, 13.85616 ], [ 109.27304, 13.85643 ], [ 109.27313, 13.85643 ], [ 109.27313, 13.8567 ], [ 109.27322, 13.8567 ], [ 109.27322, 13.85689 ], [ 109.27331, 13.85689 ], [ 109.2734, 13.85725 ], [ 109.27332, 13.85737 ], [ 109.27318, 13.85701 ], [ 109.27313, 13.85698 ], [ 109.27313, 13.85679 ], [ 109.27304, 13.85679 ], [ 109.27304, 13.85661 ], [ 109.27294, 13.85661 ], [ 109.27287, 13.85636 ], [ 109.27245, 13.85584 ], [ 109.27227, 13.85569 ], [ 109.27222, 13.8553 ], [ 109.27236, 13.85538 ] ] ], [ [ [ 109.27441, 13.85745 ], [ 109.27392, 13.85729 ], [ 109.27433, 13.85725 ], [ 109.27441, 13.85745 ] ] ], [ [ [ 109.27248, 13.85733 ], [ 109.27257, 13.85733 ], [ 109.27253, 13.85771 ], [ 109.27236, 13.85722 ], [ 109.27248, 13.85715 ], [ 109.27248, 13.85733 ] ] ], [ [ [ 109.28335, 13.85787 ], [ 109.28308, 13.85782 ], [ 109.28319, 13.85763 ], [ 109.28339, 13.85759 ], [ 109.28335, 13.85787 ] ] ], [ [ [ 109.28966, 13.85786 ], [ 109.28956, 13.85802 ], [ 109.28942, 13.85776 ], [ 109.28959, 13.85772 ], [ 109.28966, 13.85786 ] ] ], [ [ [ 109.26994, 13.85824 ], [ 109.26986, 13.85816 ], [ 109.26997, 13.85813 ], [ 109.26994, 13.85824 ] ] ], [ [ [ 109.27286, 13.85821 ], [ 109.27259, 13.85836 ], [ 109.27244, 13.85792 ], [ 109.27266, 13.85779 ], [ 109.27286, 13.85821 ] ] ], [ [ [ 109.27704, 13.85702 ], [ 109.27715, 13.85732 ], [ 109.27732, 13.85788 ], [ 109.27741, 13.85869 ], [ 109.27709, 13.85867 ], [ 109.27676, 13.85722 ], [ 109.27679, 13.85673 ], [ 109.27711, 13.85664 ], [ 109.27704, 13.85702 ] ] ], [ [ [ 109.2644, 13.85774 ], [ 109.26427, 13.85808 ], [ 109.26354, 13.85849 ], [ 109.2633, 13.85874 ], [ 109.26311, 13.85884 ], [ 109.26267, 13.85854 ], [ 109.26272, 13.85778 ], [ 109.26305, 13.85691 ], [ 109.2632, 13.85643 ], [ 109.26375, 13.85623 ], [ 109.26413, 13.85595 ], [ 109.26453, 13.85583 ], [ 109.2644, 13.85774 ] ] ], [ [ [ 109.27052, 13.85895 ], [ 109.27042, 13.85887 ], [ 109.27059, 13.85862 ], [ 109.27075, 13.85862 ], [ 109.27052, 13.85895 ] ] ], [ [ [ 109.28854, 13.85847 ], [ 109.28843, 13.85885 ], [ 109.28827, 13.85911 ], [ 109.28794, 13.85891 ], [ 109.28799, 13.85864 ], [ 109.28868, 13.85812 ], [ 109.28884, 13.85808 ], [ 109.28854, 13.85847 ] ] ], [ [ [ 109.2856, 13.85887 ], [ 109.28545, 13.8591 ], [ 109.28491, 13.85914 ], [ 109.28503, 13.85864 ], [ 109.28542, 13.8586 ], [ 109.2856, 13.85887 ] ] ], [ [ [ 109.28991, 13.85919 ], [ 109.28983, 13.85911 ], [ 109.28995, 13.85908 ], [ 109.28991, 13.85919 ] ] ], [ [ [ 109.27052, 13.85895 ], [ 109.27058, 13.85898 ], [ 109.27072, 13.85925 ], [ 109.27056, 13.85934 ], [ 109.27052, 13.85895 ] ] ], [ [ [ 109.28619, 13.85934 ], [ 109.28593, 13.85954 ], [ 109.28584, 13.8592 ], [ 109.28606, 13.85905 ], [ 109.28619, 13.85934 ] ] ], [ [ [ 109.27887, 13.85848 ], [ 109.27899, 13.85917 ], [ 109.27896, 13.8595 ], [ 109.27871, 13.85923 ], [ 109.27866, 13.85918 ], [ 109.27866, 13.859 ], [ 109.27857, 13.859 ], [ 109.27857, 13.85873 ], [ 109.27848, 13.85873 ], [ 109.27874, 13.85779 ], [ 109.27892, 13.85751 ], [ 109.27887, 13.85848 ] ] ], [ [ [ 109.28482, 13.85961 ], [ 109.28474, 13.85953 ], [ 109.28486, 13.8595 ], [ 109.28482, 13.85961 ] ] ], [ [ [ 109.28957, 13.85973 ], [ 109.28919, 13.85984 ], [ 109.28926, 13.85958 ], [ 109.28948, 13.85953 ], [ 109.28957, 13.85973 ] ] ], [ [ [ 109.28018, 13.8603 ], [ 109.28001, 13.86021 ], [ 109.28023, 13.8601 ], [ 109.28018, 13.8603 ] ] ], [ [ [ 109.26994, 13.86028 ], [ 109.2697, 13.86014 ], [ 109.26975, 13.85975 ], [ 109.26987, 13.85966 ], [ 109.26994, 13.86028 ] ] ], [ [ [ 109.28722, 13.85983 ], [ 109.28706, 13.86021 ], [ 109.28655, 13.86054 ], [ 109.28639, 13.85973 ], [ 109.28717, 13.85969 ], [ 109.28722, 13.85983 ] ] ], [ [ [ 109.279, 13.86008 ], [ 109.27891, 13.86053 ], [ 109.2787, 13.86048 ], [ 109.27881, 13.85991 ], [ 109.27893, 13.85982 ], [ 109.279, 13.86008 ] ] ], [ [ [ 109.27141, 13.86076 ], [ 109.27135, 13.86101 ], [ 109.27115, 13.86096 ], [ 109.27125, 13.86055 ], [ 109.27134, 13.86049 ], [ 109.27141, 13.86076 ] ] ], [ [ [ 109.27721, 13.86023 ], [ 109.27684, 13.86102 ], [ 109.27673, 13.86161 ], [ 109.27633, 13.86155 ], [ 109.27648, 13.86094 ], [ 109.27652, 13.86061 ], [ 109.27673, 13.86046 ], [ 109.2768, 13.86007 ], [ 109.27686, 13.86004 ], [ 109.27703, 13.85957 ], [ 109.27713, 13.85949 ], [ 109.27721, 13.86023 ] ] ], [ [ [ 109.28791, 13.862 ], [ 109.2872, 13.86123 ], [ 109.28721, 13.86096 ], [ 109.28771, 13.86087 ], [ 109.28791, 13.862 ] ] ], [ [ [ 109.27019, 13.86165 ], [ 109.27015, 13.8619 ], [ 109.26995, 13.86187 ], [ 109.27002, 13.86137 ], [ 109.27013, 13.86129 ], [ 109.27019, 13.86165 ] ] ], [ [ [ 109.2736, 13.86055 ], [ 109.27342, 13.86127 ], [ 109.27322, 13.86162 ], [ 109.27301, 13.86208 ], [ 109.27274, 13.86171 ], [ 109.2728, 13.86109 ], [ 109.27274, 13.86029 ], [ 109.27306, 13.85955 ], [ 109.27324, 13.85901 ], [ 109.27343, 13.859 ], [ 109.27366, 13.85913 ], [ 109.27361, 13.85848 ], [ 109.27381, 13.85838 ], [ 109.27395, 13.85834 ], [ 109.27437, 13.85882 ], [ 109.27473, 13.85885 ], [ 109.27485, 13.85848 ], [ 109.27501, 13.85886 ], [ 109.27492, 13.85912 ], [ 109.27446, 13.85908 ], [ 109.27418, 13.8594 ], [ 109.27372, 13.85936 ], [ 109.2736, 13.86055 ] ] ], [ [ [ 109.27296, 13.86224 ], [ 109.27288, 13.86216 ], [ 109.273, 13.86213 ], [ 109.27296, 13.86224 ] ] ], [ [ [ 109.25359, 13.86221 ], [ 109.25338, 13.86197 ], [ 109.25367, 13.86172 ], [ 109.25359, 13.86221 ] ] ], [ [ [ 109.27665, 13.86175 ], [ 109.27675, 13.86183 ], [ 109.27683, 13.86201 ], [ 109.27643, 13.86291 ], [ 109.27602, 13.863 ], [ 109.27632, 13.86249 ], [ 109.27625, 13.86176 ], [ 109.27661, 13.8617 ], [ 109.27665, 13.86175 ] ] ], [ [ [ 109.28008, 13.86159 ], [ 109.27874, 13.86233 ], [ 109.2784, 13.86275 ], [ 109.27827, 13.86302 ], [ 109.27821, 13.86292 ], [ 109.27824, 13.86256 ], [ 109.27802, 13.86207 ], [ 109.27767, 13.86177 ], [ 109.27782, 13.86142 ], [ 109.27814, 13.86121 ], [ 109.27832, 13.86142 ], [ 109.27954, 13.86132 ], [ 109.27986, 13.86096 ], [ 109.28004, 13.86091 ], [ 109.28035, 13.86134 ], [ 109.28008, 13.86159 ] ] ], [ [ [ 109.28819, 13.86344 ], [ 109.28793, 13.86323 ], [ 109.28807, 13.86314 ], [ 109.28819, 13.86344 ] ] ], [ [ [ 109.27767, 13.86354 ], [ 109.27752, 13.8638 ], [ 109.27736, 13.86362 ], [ 109.27739, 13.8632 ], [ 109.27736, 13.86278 ], [ 109.27762, 13.8627 ], [ 109.27767, 13.86354 ] ] ], [ [ [ 109.27322, 13.86281 ], [ 109.27327, 13.86285 ], [ 109.27327, 13.86303 ], [ 109.27336, 13.86303 ], [ 109.27336, 13.86321 ], [ 109.27317, 13.86336 ], [ 109.27286, 13.86385 ], [ 109.27267, 13.86361 ], [ 109.27256, 13.86352 ], [ 109.27272, 13.8628 ], [ 109.273, 13.86245 ], [ 109.27322, 13.86281 ] ] ], [ [ [ 109.26977, 13.86395 ], [ 109.26961, 13.86379 ], [ 109.26984, 13.86373 ], [ 109.26977, 13.86395 ] ] ], [ [ [ 109.27676, 13.86367 ], [ 109.27673, 13.86409 ], [ 109.27653, 13.86336 ], [ 109.27669, 13.86324 ], [ 109.27676, 13.86367 ] ] ], [ [ [ 109.27998, 13.86427 ], [ 109.2799, 13.86419 ], [ 109.28001, 13.86416 ], [ 109.27998, 13.86427 ] ] ], [ [ [ 109.27659, 13.8645 ], [ 109.27661, 13.86425 ], [ 109.27674, 13.86412 ], [ 109.2768, 13.86447 ], [ 109.27659, 13.8645 ] ] ], [ [ [ 109.27788, 13.8646 ], [ 109.27764, 13.86472 ], [ 109.27757, 13.8643 ], [ 109.2777, 13.86424 ], [ 109.27788, 13.8646 ] ] ], [ [ [ 109.27292, 13.86433 ], [ 109.27282, 13.86482 ], [ 109.27266, 13.86478 ], [ 109.27257, 13.86418 ], [ 109.2728, 13.86402 ], [ 109.27292, 13.86433 ] ] ], [ [ [ 109.28241, 13.86518 ], [ 109.28245, 13.86512 ], [ 109.28262, 13.86502 ], [ 109.283, 13.86514 ], [ 109.28241, 13.86518 ] ] ], [ [ [ 109.28241, 13.86518 ], [ 109.28238, 13.86529 ], [ 109.2823, 13.86521 ], [ 109.28241, 13.86518 ] ] ], [ [ [ 109.27659, 13.8645 ], [ 109.27648, 13.86532 ], [ 109.27639, 13.86544 ], [ 109.27614, 13.86504 ], [ 109.27618, 13.86477 ], [ 109.27659, 13.8645 ] ] ], [ [ [ 109.27154, 13.86549 ], [ 109.27127, 13.86515 ], [ 109.27159, 13.8651 ], [ 109.27154, 13.86549 ] ] ], [ [ [ 109.27432, 13.86446 ], [ 109.27408, 13.86489 ], [ 109.27387, 13.86573 ], [ 109.27367, 13.86552 ], [ 109.27386, 13.86453 ], [ 109.27396, 13.86395 ], [ 109.27437, 13.86358 ], [ 109.27432, 13.86446 ] ] ], [ [ [ 109.2758, 13.86597 ], [ 109.27572, 13.86581 ], [ 109.27584, 13.86576 ], [ 109.2758, 13.86597 ] ] ], [ [ [ 109.28406, 13.86511 ], [ 109.28433, 13.86532 ], [ 109.28486, 13.86554 ], [ 109.28498, 13.86644 ], [ 109.28491, 13.86659 ], [ 109.28468, 13.86595 ], [ 109.28449, 13.86565 ], [ 109.28376, 13.86507 ], [ 109.28398, 13.86501 ], [ 109.28406, 13.86511 ] ] ], [ [ [ 109.27266, 13.86631 ], [ 109.27278, 13.86637 ], [ 109.27274, 13.86652 ], [ 109.27248, 13.86669 ], [ 109.27231, 13.86673 ], [ 109.27232, 13.86655 ], [ 109.27222, 13.86655 ], [ 109.27222, 13.86646 ], [ 109.27229, 13.86643 ], [ 109.27239, 13.86623 ], [ 109.2726, 13.86619 ], [ 109.27266, 13.86631 ] ] ], [ [ [ 109.28055, 13.86661 ], [ 109.28055, 13.8667 ], [ 109.2804, 13.86674 ], [ 109.28011, 13.86691 ], [ 109.27995, 13.86676 ], [ 109.28023, 13.86666 ], [ 109.28027, 13.86661 ], [ 109.28055, 13.86661 ] ] ], [ [ [ 109.28308, 13.86701 ], [ 109.28267, 13.8672 ], [ 109.28244, 13.86687 ], [ 109.28212, 13.86675 ], [ 109.28295, 13.86672 ], [ 109.28308, 13.86701 ] ] ], [ [ [ 109.27065, 13.86702 ], [ 109.27055, 13.86731 ], [ 109.27033, 13.86733 ], [ 109.27049, 13.86685 ], [ 109.27056, 13.86681 ], [ 109.27065, 13.86702 ] ] ], [ [ [ 109.28867, 13.86515 ], [ 109.28863, 13.86577 ], [ 109.28878, 13.86617 ], [ 109.28864, 13.86653 ], [ 109.28855, 13.86734 ], [ 109.28843, 13.86752 ], [ 109.28846, 13.86698 ], [ 109.2884, 13.86581 ], [ 109.28856, 13.86508 ], [ 109.28855, 13.86486 ], [ 109.28826, 13.86433 ], [ 109.28861, 13.86422 ], [ 109.28867, 13.86515 ] ] ], [ [ [ 109.27364, 13.86758 ], [ 109.27332, 13.86768 ], [ 109.27319, 13.86745 ], [ 109.2737, 13.86737 ], [ 109.27364, 13.86758 ] ] ], [ [ [ 109.27419, 13.86805 ], [ 109.27393, 13.86779 ], [ 109.27425, 13.86774 ], [ 109.27419, 13.86805 ] ] ], [ [ [ 109.28216, 13.8674 ], [ 109.28265, 13.86762 ], [ 109.28261, 13.86799 ], [ 109.28208, 13.86811 ], [ 109.28198, 13.86755 ], [ 109.28184, 13.86743 ], [ 109.28184, 13.86734 ], [ 109.28175, 13.86734 ], [ 109.28175, 13.86725 ], [ 109.28165, 13.86725 ], [ 109.28155, 13.86704 ], [ 109.28132, 13.8671 ], [ 109.28128, 13.86716 ], [ 109.2811, 13.86715 ], [ 109.2811, 13.86724 ], [ 109.28101, 13.86724 ], [ 109.28101, 13.86706 ], [ 109.2811, 13.86706 ], [ 109.2811, 13.86697 ], [ 109.2811, 13.86688 ], [ 109.28115, 13.86684 ], [ 109.28135, 13.86654 ], [ 109.28198, 13.86663 ], [ 109.2817, 13.86675 ], [ 109.28216, 13.8674 ] ] ], [ [ [ 109.28067, 13.86819 ], [ 109.28041, 13.86792 ], [ 109.28021, 13.86783 ], [ 109.28022, 13.86764 ], [ 109.28045, 13.86742 ], [ 109.28068, 13.86783 ], [ 109.28081, 13.8681 ], [ 109.28149, 13.8677 ], [ 109.28129, 13.86808 ], [ 109.28067, 13.86819 ] ] ], [ [ [ 109.27341, 13.86837 ], [ 109.2732, 13.86833 ], [ 109.27336, 13.86825 ], [ 109.27341, 13.86837 ] ] ], [ [ [ 109.27043, 13.86783 ], [ 109.27048, 13.86828 ], [ 109.27031, 13.86837 ], [ 109.27024, 13.86777 ], [ 109.27036, 13.86771 ], [ 109.27043, 13.86783 ] ] ], [ [ [ 109.27515, 13.86819 ], [ 109.27477, 13.8685 ], [ 109.27486, 13.86816 ], [ 109.27508, 13.86802 ], [ 109.27515, 13.86819 ] ] ], [ [ [ 109.27899, 13.86623 ], [ 109.27915, 13.86679 ], [ 109.27931, 13.86722 ], [ 109.27928, 13.86757 ], [ 109.27836, 13.8679 ], [ 109.27816, 13.86801 ], [ 109.27819, 13.86835 ], [ 109.27803, 13.86853 ], [ 109.27788, 13.86788 ], [ 109.27746, 13.86769 ], [ 109.27765, 13.86704 ], [ 109.27839, 13.86618 ], [ 109.27836, 13.86584 ], [ 109.2787, 13.86578 ], [ 109.27899, 13.86623 ] ] ], [ [ [ 109.27341, 13.86837 ], [ 109.2736, 13.86837 ], [ 109.2736, 13.86855 ], [ 109.27347, 13.86849 ], [ 109.27341, 13.86837 ] ] ], [ [ [ 109.28317, 13.8683 ], [ 109.28339, 13.86849 ], [ 109.2833, 13.86875 ], [ 109.2829, 13.86844 ], [ 109.28313, 13.86825 ], [ 109.28317, 13.8683 ] ] ], [ [ [ 109.27211, 13.86893 ], [ 109.2718, 13.86877 ], [ 109.27202, 13.86872 ], [ 109.27211, 13.86893 ] ] ], [ [ [ 109.28306, 13.86893 ], [ 109.28254, 13.86901 ], [ 109.28272, 13.86875 ], [ 109.28312, 13.86871 ], [ 109.28306, 13.86893 ] ] ], [ [ [ 109.2736, 13.86855 ], [ 109.27382, 13.86862 ], [ 109.27384, 13.86895 ], [ 109.2736, 13.86855 ] ] ], [ [ [ 109.27613, 13.86844 ], [ 109.27672, 13.86856 ], [ 109.27702, 13.86897 ], [ 109.27669, 13.86906 ], [ 109.27616, 13.86884 ], [ 109.27592, 13.86851 ], [ 109.2761, 13.86838 ], [ 109.27613, 13.86844 ] ] ], [ [ [ 109.27328, 13.86929 ], [ 109.27319, 13.86914 ], [ 109.27331, 13.86909 ], [ 109.27328, 13.86929 ] ] ], [ [ [ 109.28222, 13.86905 ], [ 109.28175, 13.86937 ], [ 109.28191, 13.86881 ], [ 109.28229, 13.8687 ], [ 109.28222, 13.86905 ] ] ], [ [ [ 109.28039, 13.86944 ], [ 109.28012, 13.86927 ], [ 109.28044, 13.86923 ], [ 109.28039, 13.86944 ] ] ], [ [ [ 109.25357, 13.86934 ], [ 109.25349, 13.8691 ], [ 109.25361, 13.86904 ], [ 109.25357, 13.86934 ] ] ], [ [ [ 109.28141, 13.86933 ], [ 109.28104, 13.86954 ], [ 109.28058, 13.86937 ], [ 109.28068, 13.869 ], [ 109.28146, 13.86896 ], [ 109.28141, 13.86933 ] ] ], [ [ [ 109.27451, 13.86919 ], [ 109.27493, 13.86957 ], [ 109.27456, 13.86968 ], [ 109.27433, 13.8698 ], [ 109.2741, 13.86968 ], [ 109.27391, 13.86959 ], [ 109.27382, 13.86914 ], [ 109.27442, 13.8691 ], [ 109.27451, 13.86919 ] ] ], [ [ [ 109.27816, 13.86977 ], [ 109.27762, 13.8699 ], [ 109.27756, 13.87011 ], [ 109.27718, 13.87007 ], [ 109.27706, 13.86982 ], [ 109.27782, 13.86944 ], [ 109.27816, 13.86977 ] ] ], [ [ [ 109.25265, 13.86996 ], [ 109.25257, 13.86988 ], [ 109.25268, 13.86985 ], [ 109.25265, 13.86996 ] ] ], [ [ [ 109.28138, 13.87036 ], [ 109.28076, 13.87025 ], [ 109.28085, 13.86998 ], [ 109.28108, 13.87002 ], [ 109.28145, 13.86996 ], [ 109.28138, 13.87036 ] ] ], [ [ [ 109.27279, 13.87025 ], [ 109.27233, 13.87039 ], [ 109.272, 13.87056 ], [ 109.27188, 13.87002 ], [ 109.27257, 13.8699 ], [ 109.27279, 13.87025 ] ] ], [ [ [ 109.28012, 13.87078 ], [ 109.27999, 13.87065 ], [ 109.27994, 13.87034 ], [ 109.28015, 13.87031 ], [ 109.28012, 13.87078 ] ] ], [ [ [ 109.28498, 13.8674 ], [ 109.28513, 13.86878 ], [ 109.28529, 13.8694 ], [ 109.28537, 13.8707 ], [ 109.28523, 13.87093 ], [ 109.28503, 13.87051 ], [ 109.28492, 13.86756 ], [ 109.2848, 13.86745 ], [ 109.28485, 13.86713 ], [ 109.28498, 13.8674 ] ] ], [ [ [ 109.27453, 13.87121 ], [ 109.27437, 13.87106 ], [ 109.2746, 13.871 ], [ 109.27453, 13.87121 ] ] ], [ [ [ 109.28838, 13.87076 ], [ 109.28831, 13.87114 ], [ 109.28835, 13.87136 ], [ 109.28797, 13.87129 ], [ 109.28808, 13.8707 ], [ 109.28829, 13.87055 ], [ 109.28838, 13.87076 ] ] ], [ [ [ 109.2728, 13.87146 ], [ 109.27272, 13.8713 ], [ 109.27284, 13.87125 ], [ 109.2728, 13.87146 ] ] ], [ [ [ 109.27375, 13.87123 ], [ 109.27357, 13.87148 ], [ 109.27316, 13.87124 ], [ 109.27307, 13.87097 ], [ 109.27367, 13.8709 ], [ 109.27375, 13.87123 ] ] ], [ [ [ 109.28007, 13.87154 ], [ 109.2798, 13.8717 ], [ 109.27965, 13.87125 ], [ 109.27987, 13.87112 ], [ 109.28007, 13.87154 ] ] ], [ [ [ 109.27031, 13.86917 ], [ 109.27006, 13.87024 ], [ 109.27021, 13.87092 ], [ 109.27028, 13.87174 ], [ 109.26995, 13.87171 ], [ 109.26983, 13.87109 ], [ 109.26972, 13.87079 ], [ 109.26975, 13.87046 ], [ 109.26971, 13.86984 ], [ 109.26985, 13.86947 ], [ 109.26994, 13.86918 ], [ 109.27013, 13.86902 ], [ 109.27022, 13.86864 ], [ 109.27036, 13.86852 ], [ 109.27031, 13.86917 ] ] ], [ [ [ 109.27259, 13.87158 ], [ 109.27272, 13.87177 ], [ 109.27252, 13.87192 ], [ 109.27234, 13.87139 ], [ 109.27256, 13.87134 ], [ 109.27259, 13.87158 ] ] ], [ [ [ 109.2836, 13.87121 ], [ 109.28285, 13.87155 ], [ 109.28251, 13.87191 ], [ 109.28183, 13.87206 ], [ 109.28158, 13.87183 ], [ 109.2826, 13.87074 ], [ 109.28278, 13.87037 ], [ 109.28316, 13.87029 ], [ 109.28344, 13.87011 ], [ 109.28358, 13.87006 ], [ 109.28387, 13.87059 ], [ 109.2836, 13.87121 ] ], [ [ 109.28336, 13.87062 ], [ 109.28342, 13.87108 ], [ 109.28354, 13.87085 ], [ 109.28357, 13.87052 ], [ 109.28336, 13.87062 ] ] ], [ [ [ 109.27161, 13.87154 ], [ 109.27186, 13.87169 ], [ 109.27194, 13.872 ], [ 109.2714, 13.87182 ], [ 109.27132, 13.87147 ], [ 109.27154, 13.87143 ], [ 109.27161, 13.87154 ] ] ], [ [ [ 109.28143, 13.87231 ], [ 109.28136, 13.87226 ], [ 109.28121, 13.87191 ], [ 109.28156, 13.87182 ], [ 109.28143, 13.87231 ] ] ], [ [ [ 109.27865, 13.87107 ], [ 109.2786, 13.87138 ], [ 109.27864, 13.87165 ], [ 109.27829, 13.87211 ], [ 109.27815, 13.87215 ], [ 109.27788, 13.87229 ], [ 109.27674, 13.87253 ], [ 109.27628, 13.87236 ], [ 109.27602, 13.87222 ], [ 109.27583, 13.87214 ], [ 109.27566, 13.87204 ], [ 109.27546, 13.87195 ], [ 109.27524, 13.87181 ], [ 109.27528, 13.87167 ], [ 109.27539, 13.87139 ], [ 109.27533, 13.87084 ], [ 109.27566, 13.87088 ], [ 109.27576, 13.87076 ], [ 109.2765, 13.87087 ], [ 109.27699, 13.87101 ], [ 109.27723, 13.87087 ], [ 109.27742, 13.87079 ], [ 109.27747, 13.87074 ], [ 109.27802, 13.87075 ], [ 109.27817, 13.87093 ], [ 109.27865, 13.87107 ] ] ], [ [ [ 109.28278, 13.87261 ], [ 109.2827, 13.87246 ], [ 109.28282, 13.87241 ], [ 109.28278, 13.87261 ] ] ], [ [ [ 109.28264, 13.87288 ], [ 109.28214, 13.87276 ], [ 109.28204, 13.87263 ], [ 109.28245, 13.87259 ], [ 109.28264, 13.87288 ] ] ], [ [ [ 109.28183, 13.87289 ], [ 109.28167, 13.87273 ], [ 109.28189, 13.87267 ], [ 109.28183, 13.87289 ] ] ], [ [ [ 109.28821, 13.87348 ], [ 109.28804, 13.87332 ], [ 109.28827, 13.87326 ], [ 109.28821, 13.87348 ] ] ], [ [ [ 109.28263, 13.87349 ], [ 109.28262, 13.87376 ], [ 109.28244, 13.87376 ], [ 109.28244, 13.87349 ], [ 109.28263, 13.87349 ] ] ], [ [ [ 109.2801, 13.87401 ], [ 109.28018, 13.87352 ], [ 109.28016, 13.87339 ], [ 109.28004, 13.87329 ], [ 109.28004, 13.8732 ], [ 109.27995, 13.8732 ], [ 109.27995, 13.87302 ], [ 109.27985, 13.87302 ], [ 109.27989, 13.87274 ], [ 109.28024, 13.87245 ], [ 109.28053, 13.87253 ], [ 109.28066, 13.87278 ], [ 109.28078, 13.87285 ], [ 109.28084, 13.87306 ], [ 109.28106, 13.87312 ], [ 109.28106, 13.87321 ], [ 109.28115, 13.87321 ], [ 109.28133, 13.87349 ], [ 109.28092, 13.87401 ], [ 109.28054, 13.87395 ], [ 109.2801, 13.87401 ] ] ], [ [ [ 109.27808, 13.87413 ], [ 109.27777, 13.87377 ], [ 109.27814, 13.87378 ], [ 109.27823, 13.87341 ], [ 109.27834, 13.87324 ], [ 109.27869, 13.87342 ], [ 109.2791, 13.87352 ], [ 109.27902, 13.87374 ], [ 109.27877, 13.87378 ], [ 109.27808, 13.87413 ] ] ], [ [ [ 109.25306, 13.87343 ], [ 109.25324, 13.87355 ], [ 109.25334, 13.87377 ], [ 109.25287, 13.87407 ], [ 109.2528, 13.87343 ], [ 109.25302, 13.87337 ], [ 109.25306, 13.87343 ] ] ], [ [ [ 109.28786, 13.87438 ], [ 109.28786, 13.87474 ], [ 109.28771, 13.87431 ], [ 109.2878, 13.87425 ], [ 109.28786, 13.87438 ] ] ], [ [ [ 109.25321, 13.87456 ], [ 109.25267, 13.87477 ], [ 109.25271, 13.87434 ], [ 109.25311, 13.87428 ], [ 109.25321, 13.87456 ] ] ], [ [ [ 109.28236, 13.87533 ], [ 109.2822, 13.87518 ], [ 109.28243, 13.87512 ], [ 109.28236, 13.87533 ] ] ], [ [ [ 109.27593, 13.8738 ], [ 109.27647, 13.8743 ], [ 109.27631, 13.87448 ], [ 109.27565, 13.87488 ], [ 109.27518, 13.87538 ], [ 109.27504, 13.87452 ], [ 109.2748, 13.87394 ], [ 109.27469, 13.87347 ], [ 109.27445, 13.87321 ], [ 109.27384, 13.87334 ], [ 109.27351, 13.87364 ], [ 109.27326, 13.87415 ], [ 109.27203, 13.874 ], [ 109.27167, 13.87366 ], [ 109.27149, 13.87277 ], [ 109.27167, 13.87283 ], [ 109.27234, 13.8731 ], [ 109.27311, 13.87295 ], [ 109.27334, 13.87275 ], [ 109.27345, 13.87264 ], [ 109.27425, 13.87267 ], [ 109.27463, 13.87242 ], [ 109.27463, 13.87258 ], [ 109.27461, 13.87311 ], [ 109.27495, 13.87323 ], [ 109.27587, 13.87317 ], [ 109.27593, 13.8738 ] ] ], [ [ [ 109.28267, 13.8755 ], [ 109.28259, 13.87542 ], [ 109.2827, 13.87539 ], [ 109.28267, 13.8755 ] ] ], [ [ [ 109.29133, 13.87518 ], [ 109.29108, 13.87578 ], [ 109.29074, 13.87553 ], [ 109.29081, 13.87513 ], [ 109.29122, 13.87491 ], [ 109.29133, 13.87518 ] ] ], [ [ [ 109.28708, 13.8759 ], [ 109.28597, 13.876 ], [ 109.28599, 13.87573 ], [ 109.28714, 13.87569 ], [ 109.28708, 13.8759 ] ] ], [ [ [ 109.28113, 13.87511 ], [ 109.28099, 13.87518 ], [ 109.28095, 13.87538 ], [ 109.28068, 13.87554 ], [ 109.27997, 13.87573 ], [ 109.27932, 13.876 ], [ 109.27887, 13.87595 ], [ 109.27939, 13.87535 ], [ 109.27951, 13.87468 ], [ 109.27966, 13.87465 ], [ 109.27966, 13.87474 ], [ 109.28021, 13.87474 ], [ 109.28021, 13.87465 ], [ 109.2803, 13.87465 ], [ 109.28031, 13.87456 ], [ 109.28076, 13.87462 ], [ 109.28135, 13.87449 ], [ 109.2816, 13.87394 ], [ 109.28184, 13.87398 ], [ 109.28214, 13.87415 ], [ 109.28206, 13.87457 ], [ 109.28174, 13.87452 ], [ 109.2812, 13.87464 ], [ 109.28113, 13.87511 ] ] ], [ [ [ 109.25278, 13.87487 ], [ 109.25306, 13.87504 ], [ 109.25314, 13.87518 ], [ 109.25268, 13.87594 ], [ 109.2526, 13.87492 ], [ 109.25273, 13.87482 ], [ 109.25278, 13.87487 ] ] ], [ [ [ 109.27147, 13.87609 ], [ 109.27111, 13.87632 ], [ 109.27121, 13.8759 ], [ 109.27151, 13.87585 ], [ 109.27147, 13.87609 ] ] ], [ [ [ 109.2904, 13.87666 ], [ 109.29024, 13.8765 ], [ 109.29047, 13.87644 ], [ 109.2904, 13.87666 ] ] ], [ [ [ 109.27659, 13.87618 ], [ 109.27645, 13.87629 ], [ 109.27621, 13.87656 ], [ 109.27562, 13.87647 ], [ 109.27474, 13.87608 ], [ 109.27423, 13.87619 ], [ 109.27395, 13.87637 ], [ 109.27324, 13.87575 ], [ 109.27267, 13.87554 ], [ 109.27197, 13.87538 ], [ 109.27138, 13.87501 ], [ 109.27147, 13.8748 ], [ 109.27184, 13.87484 ], [ 109.27216, 13.87481 ], [ 109.27253, 13.87484 ], [ 109.27285, 13.87473 ], [ 109.2735, 13.87464 ], [ 109.2741, 13.87384 ], [ 109.27432, 13.87396 ], [ 109.27443, 13.87494 ], [ 109.27476, 13.87582 ], [ 109.2753, 13.87601 ], [ 109.27557, 13.87581 ], [ 109.27579, 13.87557 ], [ 109.27673, 13.87533 ], [ 109.27675, 13.87517 ], [ 109.2767, 13.8745 ], [ 109.27709, 13.87447 ], [ 109.27751, 13.87477 ], [ 109.27817, 13.87513 ], [ 109.27832, 13.87505 ], [ 109.27855, 13.87473 ], [ 109.27894, 13.87478 ], [ 109.27849, 13.87528 ], [ 109.27806, 13.87547 ], [ 109.27761, 13.87581 ], [ 109.27659, 13.87618 ] ] ], [ [ [ 109.28384, 13.87662 ], [ 109.28363, 13.87573 ], [ 109.2833, 13.8759 ], [ 109.28322, 13.87508 ], [ 109.2828, 13.87481 ], [ 109.28333, 13.87472 ], [ 109.28371, 13.87452 ], [ 109.284, 13.87422 ], [ 109.28442, 13.87384 ], [ 109.28461, 13.87337 ], [ 109.28483, 13.87307 ], [ 109.2848, 13.8722 ], [ 109.2849, 13.87211 ], [ 109.28509, 13.87192 ], [ 109.28462, 13.87193 ], [ 109.28463, 13.87164 ], [ 109.28488, 13.87142 ], [ 109.28532, 13.87134 ], [ 109.28546, 13.87157 ], [ 109.28534, 13.87212 ], [ 109.28537, 13.87286 ], [ 109.28588, 13.87334 ], [ 109.28542, 13.87375 ], [ 109.28466, 13.87398 ], [ 109.28443, 13.87445 ], [ 109.28433, 13.87454 ], [ 109.28422, 13.87519 ], [ 109.28386, 13.87535 ], [ 109.28398, 13.87547 ], [ 109.28384, 13.87662 ] ], [ [ 109.28511, 13.87165 ], [ 109.28527, 13.87173 ], [ 109.28532, 13.87161 ], [ 109.28511, 13.87165 ] ] ], [ [ [ 109.26938, 13.87642 ], [ 109.26919, 13.87669 ], [ 109.2689, 13.87654 ], [ 109.26884, 13.87626 ], [ 109.26914, 13.87614 ], [ 109.26975, 13.87603 ], [ 109.26998, 13.87608 ], [ 109.27012, 13.87602 ], [ 109.27016, 13.87608 ], [ 109.27058, 13.87616 ], [ 109.27068, 13.87669 ], [ 109.2699, 13.87635 ], [ 109.26938, 13.87642 ] ] ], [ [ [ 109.29098, 13.87755 ], [ 109.2909, 13.87747 ], [ 109.29102, 13.87744 ], [ 109.29098, 13.87755 ] ] ], [ [ [ 109.25204, 13.87767 ], [ 109.2518, 13.87785 ], [ 109.25163, 13.87783 ], [ 109.25166, 13.87762 ], [ 109.25184, 13.87748 ], [ 109.25192, 13.87729 ], [ 109.25198, 13.87725 ], [ 109.25204, 13.87767 ] ] ], [ [ [ 109.27784, 13.87795 ], [ 109.27773, 13.8781 ], [ 109.27766, 13.87772 ], [ 109.27788, 13.87762 ], [ 109.27784, 13.87795 ] ] ], [ [ [ 109.27766, 13.87836 ], [ 109.27757, 13.87828 ], [ 109.27769, 13.87825 ], [ 109.27766, 13.87836 ] ] ], [ [ [ 109.28523, 13.87754 ], [ 109.28578, 13.87765 ], [ 109.28587, 13.87812 ], [ 109.28554, 13.87835 ], [ 109.28522, 13.87843 ], [ 109.28496, 13.87797 ], [ 109.28472, 13.87781 ], [ 109.28478, 13.87753 ], [ 109.28519, 13.87749 ], [ 109.28523, 13.87754 ] ] ], [ [ [ 109.28403, 13.8785 ], [ 109.28395, 13.87834 ], [ 109.28407, 13.87829 ], [ 109.28403, 13.8785 ] ] ], [ [ [ 109.27145, 13.8769 ], [ 109.27164, 13.87698 ], [ 109.27184, 13.8771 ], [ 109.272, 13.87762 ], [ 109.27216, 13.87806 ], [ 109.27194, 13.87842 ], [ 109.27105, 13.87833 ], [ 109.27109, 13.87798 ], [ 109.27089, 13.87771 ], [ 109.27081, 13.87689 ], [ 109.27141, 13.87685 ], [ 109.27145, 13.8769 ] ] ], [ [ [ 109.27759, 13.87852 ], [ 109.27763, 13.87841 ], [ 109.27771, 13.87849 ], [ 109.27759, 13.87852 ] ] ], [ [ [ 109.27759, 13.87852 ], [ 109.27756, 13.87863 ], [ 109.27748, 13.87855 ], [ 109.27759, 13.87852 ] ] ], [ [ [ 109.29486, 13.87859 ], [ 109.29472, 13.87891 ], [ 109.29448, 13.87885 ], [ 109.29439, 13.87844 ], [ 109.29471, 13.87837 ], [ 109.29486, 13.87859 ] ] ], [ [ [ 109.2738, 13.87885 ], [ 109.27368, 13.8788 ], [ 109.27376, 13.87864 ], [ 109.2738, 13.87885 ] ] ], [ [ [ 109.27431, 13.879 ], [ 109.27417, 13.87904 ], [ 109.27417, 13.87886 ], [ 109.27422, 13.87881 ], [ 109.27433, 13.87858 ], [ 109.27429, 13.87821 ], [ 109.27376, 13.87809 ], [ 109.27309, 13.87836 ], [ 109.27284, 13.87834 ], [ 109.27275, 13.87744 ], [ 109.27264, 13.87683 ], [ 109.27228, 13.87654 ], [ 109.27211, 13.87634 ], [ 109.27247, 13.87618 ], [ 109.27329, 13.87665 ], [ 109.27383, 13.87688 ], [ 109.27455, 13.87669 ], [ 109.27487, 13.87692 ], [ 109.27551, 13.8772 ], [ 109.27611, 13.87728 ], [ 109.27672, 13.87686 ], [ 109.2771, 13.87676 ], [ 109.27757, 13.8765 ], [ 109.27754, 13.87679 ], [ 109.27737, 13.87693 ], [ 109.27724, 13.87721 ], [ 109.27709, 13.87747 ], [ 109.277, 13.87848 ], [ 109.27681, 13.87837 ], [ 109.27667, 13.87833 ], [ 109.27655, 13.8782 ], [ 109.27579, 13.87828 ], [ 109.2756, 13.87838 ], [ 109.27472, 13.8783 ], [ 109.27431, 13.879 ] ] ], [ [ [ 109.27153, 13.87904 ], [ 109.27136, 13.87896 ], [ 109.27158, 13.87893 ], [ 109.27153, 13.87904 ] ] ], [ [ [ 109.29633, 13.87949 ], [ 109.29624, 13.87926 ], [ 109.29637, 13.87919 ], [ 109.29633, 13.87949 ] ] ], [ [ [ 109.27639, 13.87924 ], [ 109.27624, 13.87944 ], [ 109.27617, 13.87911 ], [ 109.27629, 13.87905 ], [ 109.27639, 13.87924 ] ] ], [ [ [ 109.28522, 13.87911 ], [ 109.28491, 13.87966 ], [ 109.28463, 13.8799 ], [ 109.28424, 13.87976 ], [ 109.28393, 13.87928 ], [ 109.28447, 13.87881 ], [ 109.28499, 13.87875 ], [ 109.28522, 13.87911 ] ] ], [ [ [ 109.27586, 13.87956 ], [ 109.2761, 13.87964 ], [ 109.27604, 13.87982 ], [ 109.27555, 13.87989 ], [ 109.27542, 13.87954 ], [ 109.27583, 13.8795 ], [ 109.27586, 13.87956 ] ] ], [ [ [ 109.29607, 13.88022 ], [ 109.29595, 13.87998 ], [ 109.29618, 13.87982 ], [ 109.29607, 13.88022 ] ] ], [ [ [ 109.29595, 13.88048 ], [ 109.29587, 13.88032 ], [ 109.29599, 13.88027 ], [ 109.29595, 13.88048 ] ] ], [ [ [ 109.25151, 13.88017 ], [ 109.25136, 13.88026 ], [ 109.25128, 13.88002 ], [ 109.2514, 13.87996 ], [ 109.25151, 13.88017 ] ] ], [ [ [ 109.28079, 13.87823 ], [ 109.28051, 13.8784 ], [ 109.28014, 13.87867 ], [ 109.27944, 13.87907 ], [ 109.2793, 13.87948 ], [ 109.2792, 13.87984 ], [ 109.27911, 13.87993 ], [ 109.279, 13.88056 ], [ 109.27861, 13.88046 ], [ 109.27847, 13.87938 ], [ 109.27828, 13.87884 ], [ 109.27857, 13.87817 ], [ 109.27848, 13.87757 ], [ 109.27811, 13.87704 ], [ 109.27834, 13.87692 ], [ 109.27875, 13.87712 ], [ 109.27877, 13.87695 ], [ 109.27849, 13.87681 ], [ 109.27867, 13.87676 ], [ 109.27913, 13.87668 ], [ 109.27941, 13.87659 ], [ 109.27993, 13.87647 ], [ 109.28088, 13.87607 ], [ 109.28102, 13.87666 ], [ 109.28052, 13.87705 ], [ 109.27923, 13.87715 ], [ 109.27922, 13.87749 ], [ 109.27983, 13.87785 ], [ 109.28026, 13.87787 ], [ 109.28088, 13.8775 ], [ 109.28163, 13.87709 ], [ 109.28163, 13.8767 ], [ 109.28174, 13.87638 ], [ 109.28155, 13.87581 ], [ 109.28215, 13.87575 ], [ 109.28227, 13.87588 ], [ 109.28262, 13.8761 ], [ 109.28241, 13.87692 ], [ 109.28204, 13.87739 ], [ 109.28149, 13.87774 ], [ 109.28079, 13.87823 ] ] ], [ [ [ 109.29586, 13.88096 ], [ 109.2956, 13.88172 ], [ 109.29539, 13.88166 ], [ 109.29563, 13.8811 ], [ 109.29576, 13.88064 ], [ 109.2959, 13.88054 ], [ 109.29586, 13.88096 ] ] ], [ [ [ 109.25286, 13.88167 ], [ 109.25265, 13.88181 ], [ 109.25256, 13.88161 ], [ 109.25278, 13.88151 ], [ 109.25286, 13.88167 ] ] ], [ [ [ 109.25272, 13.88201 ], [ 109.2529, 13.88215 ], [ 109.25302, 13.88243 ], [ 109.25294, 13.88301 ], [ 109.25264, 13.88297 ], [ 109.25251, 13.882 ], [ 109.25268, 13.88196 ], [ 109.25272, 13.88201 ] ] ], [ [ [ 109.29501, 13.88358 ], [ 109.29489, 13.88373 ], [ 109.29483, 13.88299 ], [ 109.29505, 13.88289 ], [ 109.29501, 13.88358 ] ] ], [ [ [ 109.27043, 13.88371 ], [ 109.27023, 13.88368 ], [ 109.2704, 13.88351 ], [ 109.27043, 13.88371 ] ] ], [ [ [ 109.27348, 13.88409 ], [ 109.2734, 13.88422 ], [ 109.27298, 13.88413 ], [ 109.27308, 13.88388 ], [ 109.27333, 13.88406 ], [ 109.27348, 13.88409 ] ] ], [ [ [ 109.29365, 13.88451 ], [ 109.29368, 13.8844 ], [ 109.29376, 13.88448 ], [ 109.29365, 13.88451 ] ] ], [ [ [ 109.29365, 13.88451 ], [ 109.29365, 13.8846 ], [ 109.29355, 13.8846 ], [ 109.29355, 13.88451 ], [ 109.29365, 13.88451 ] ] ], [ [ [ 109.27805, 13.88409 ], [ 109.27821, 13.8842 ], [ 109.27811, 13.88452 ], [ 109.27755, 13.8844 ], [ 109.27763, 13.88407 ], [ 109.27801, 13.88403 ], [ 109.27805, 13.88409 ] ] ], [ [ [ 109.25248, 13.88426 ], [ 109.25239, 13.88444 ], [ 109.252, 13.884 ], [ 109.25188, 13.8836 ], [ 109.25212, 13.8834 ], [ 109.25248, 13.88426 ] ] ], [ [ [ 109.25365, 13.88451 ], [ 109.25357, 13.88443 ], [ 109.25368, 13.8844 ], [ 109.25365, 13.88451 ] ] ], [ [ [ 109.29355, 13.8846 ], [ 109.29332, 13.88494 ], [ 109.29324, 13.88467 ], [ 109.29355, 13.8846 ] ] ], [ [ [ 109.27014, 13.88552 ], [ 109.27014, 13.88561 ], [ 109.26995, 13.8856 ], [ 109.26995, 13.88551 ], [ 109.27014, 13.88552 ] ] ], [ [ [ 109.25159, 13.8848 ], [ 109.25169, 13.88534 ], [ 109.25166, 13.88549 ], [ 109.25137, 13.8853 ], [ 109.25147, 13.8848 ], [ 109.25155, 13.88475 ], [ 109.25159, 13.8848 ] ] ], [ [ [ 109.27069, 13.8857 ], [ 109.27069, 13.88579 ], [ 109.2706, 13.88579 ], [ 109.2706, 13.8857 ], [ 109.27069, 13.8857 ] ] ], [ [ [ 109.29218, 13.88562 ], [ 109.29194, 13.88573 ], [ 109.29178, 13.88604 ], [ 109.29151, 13.88583 ], [ 109.29173, 13.88556 ], [ 109.29207, 13.8854 ], [ 109.29218, 13.88562 ] ] ], [ [ [ 109.28549, 13.88644 ], [ 109.28509, 13.88639 ], [ 109.28536, 13.88622 ], [ 109.28549, 13.88644 ] ] ], [ [ [ 109.28493, 13.88661 ], [ 109.28446, 13.88669 ], [ 109.28401, 13.88679 ], [ 109.28425, 13.88648 ], [ 109.28477, 13.88639 ], [ 109.28493, 13.88661 ] ] ], [ [ [ 109.29178, 13.88702 ], [ 109.29173, 13.88732 ], [ 109.29165, 13.887 ], [ 109.29178, 13.88693 ], [ 109.29178, 13.88702 ] ] ], [ [ [ 109.29011, 13.88737 ], [ 109.29011, 13.88746 ], [ 109.29002, 13.88746 ], [ 109.29002, 13.88737 ], [ 109.29011, 13.88737 ] ] ], [ [ [ 109.27539, 13.88689 ], [ 109.27523, 13.88743 ], [ 109.27494, 13.88739 ], [ 109.27471, 13.88713 ], [ 109.27512, 13.88665 ], [ 109.27529, 13.88626 ], [ 109.27585, 13.88583 ], [ 109.27639, 13.88561 ], [ 109.27636, 13.88535 ], [ 109.27643, 13.88529 ], [ 109.27647, 13.88534 ], [ 109.27668, 13.8855 ], [ 109.27633, 13.88608 ], [ 109.27651, 13.88672 ], [ 109.27597, 13.88665 ], [ 109.27539, 13.88689 ] ] ], [ [ [ 109.27394, 13.88749 ], [ 109.27383, 13.88753 ], [ 109.27383, 13.88744 ], [ 109.27394, 13.88749 ] ] ], [ [ [ 109.27271, 13.8877 ], [ 109.2725, 13.88767 ], [ 109.27266, 13.88759 ], [ 109.27271, 13.8877 ] ] ], [ [ [ 109.2527, 13.88463 ], [ 109.25299, 13.8848 ], [ 109.25307, 13.8849 ], [ 109.25388, 13.88552 ], [ 109.25411, 13.88655 ], [ 109.25398, 13.88689 ], [ 109.25388, 13.88767 ], [ 109.25348, 13.88745 ], [ 109.25333, 13.88693 ], [ 109.25314, 13.8866 ], [ 109.2526, 13.88643 ], [ 109.25211, 13.88625 ], [ 109.25225, 13.88578 ], [ 109.25222, 13.88548 ], [ 109.25238, 13.88481 ], [ 109.25266, 13.88458 ], [ 109.2527, 13.88463 ] ] ], [ [ [ 109.29121, 13.8891 ], [ 109.29133, 13.88916 ], [ 109.29116, 13.8894 ], [ 109.29111, 13.88919 ], [ 109.29112, 13.8891 ], [ 109.29121, 13.8891 ] ] ], [ [ [ 109.29161, 13.88869 ], [ 109.29165, 13.88906 ], [ 109.29159, 13.88956 ], [ 109.29144, 13.88968 ], [ 109.29136, 13.88851 ], [ 109.29125, 13.88843 ], [ 109.29117, 13.88826 ], [ 109.29168, 13.8882 ], [ 109.29161, 13.88869 ] ] ], [ [ [ 109.283, 13.88597 ], [ 109.28277, 13.88614 ], [ 109.28286, 13.88674 ], [ 109.28327, 13.88696 ], [ 109.28322, 13.88701 ], [ 109.28226, 13.88735 ], [ 109.27968, 13.88848 ], [ 109.2773, 13.89004 ], [ 109.27714, 13.89008 ], [ 109.27703, 13.88996 ], [ 109.27626, 13.88985 ], [ 109.27606, 13.88975 ], [ 109.27608, 13.88944 ], [ 109.27772, 13.88857 ], [ 109.2781, 13.88816 ], [ 109.2784, 13.88797 ], [ 109.27877, 13.88734 ], [ 109.27924, 13.8866 ], [ 109.27962, 13.88628 ], [ 109.28055, 13.88618 ], [ 109.281, 13.886 ], [ 109.28186, 13.88589 ], [ 109.28268, 13.88528 ], [ 109.28304, 13.8852 ], [ 109.28309, 13.8857 ], [ 109.283, 13.8857 ], [ 109.283, 13.88597 ] ] ], [ [ [ 109.27127, 13.89034 ], [ 109.27119, 13.89018 ], [ 109.27131, 13.89013 ], [ 109.27127, 13.89034 ] ] ], [ [ [ 109.29175, 13.89127 ], [ 109.29165, 13.89127 ], [ 109.29166, 13.89118 ], [ 109.29175, 13.89118 ], [ 109.29175, 13.89127 ] ] ], [ [ [ 109.29175, 13.89127 ], [ 109.29184, 13.89127 ], [ 109.29184, 13.89136 ], [ 109.29184, 13.89145 ], [ 109.29175, 13.89145 ], [ 109.29175, 13.89127 ] ] ], [ [ [ 109.29045, 13.89153 ], [ 109.29045, 13.89162 ], [ 109.29036, 13.89162 ], [ 109.29036, 13.89153 ], [ 109.29045, 13.89153 ] ] ], [ [ [ 109.29184, 13.89145 ], [ 109.29193, 13.89145 ], [ 109.29193, 13.89154 ], [ 109.29193, 13.89163 ], [ 109.29184, 13.89163 ], [ 109.29184, 13.89145 ] ] ], [ [ [ 109.29193, 13.89163 ], [ 109.29202, 13.89163 ], [ 109.29202, 13.89173 ], [ 109.29193, 13.89172 ], [ 109.29193, 13.89163 ] ] ], [ [ [ 109.27699, 13.88806 ], [ 109.27664, 13.88823 ], [ 109.2762, 13.88837 ], [ 109.27599, 13.88877 ], [ 109.27547, 13.88889 ], [ 109.27532, 13.88946 ], [ 109.27557, 13.88994 ], [ 109.27578, 13.89037 ], [ 109.27653, 13.89049 ], [ 109.27658, 13.89053 ], [ 109.27635, 13.89077 ], [ 109.27527, 13.89173 ], [ 109.27509, 13.89179 ], [ 109.27503, 13.8915 ], [ 109.2754, 13.89065 ], [ 109.27505, 13.89021 ], [ 109.27495, 13.88976 ], [ 109.27433, 13.88963 ], [ 109.27461, 13.8894 ], [ 109.27481, 13.88837 ], [ 109.27525, 13.88812 ], [ 109.27568, 13.888 ], [ 109.27577, 13.88754 ], [ 109.27586, 13.88754 ], [ 109.27586, 13.88727 ], [ 109.27599, 13.88721 ], [ 109.27605, 13.88709 ], [ 109.27623, 13.8871 ], [ 109.27633, 13.88722 ], [ 109.27699, 13.88711 ], [ 109.27706, 13.88672 ], [ 109.27694, 13.88642 ], [ 109.27689, 13.88638 ], [ 109.27719, 13.88598 ], [ 109.27723, 13.88575 ], [ 109.27717, 13.8853 ], [ 109.27745, 13.88493 ], [ 109.27764, 13.88494 ], [ 109.27764, 13.88485 ], [ 109.27782, 13.88485 ], [ 109.27791, 13.88497 ], [ 109.27834, 13.8849 ], [ 109.2787, 13.88462 ], [ 109.27915, 13.88453 ], [ 109.27951, 13.88434 ], [ 109.27958, 13.88405 ], [ 109.27946, 13.8835 ], [ 109.27959, 13.88341 ], [ 109.27959, 13.8835 ], [ 109.27987, 13.88351 ], [ 109.28, 13.88364 ], [ 109.28064, 13.88381 ], [ 109.28142, 13.88355 ], [ 109.28218, 13.88357 ], [ 109.28283, 13.88357 ], [ 109.28329, 13.88358 ], [ 109.28375, 13.88357 ], [ 109.28459, 13.88359 ], [ 109.28519, 13.88341 ], [ 109.2852, 13.88305 ], [ 109.28433, 13.88275 ], [ 109.28311, 13.88277 ], [ 109.28207, 13.88274 ], [ 109.28144, 13.88311 ], [ 109.27974, 13.88299 ], [ 109.27983, 13.88274 ], [ 109.2802, 13.88262 ], [ 109.28002, 13.8821 ], [ 109.27975, 13.88159 ], [ 109.27998, 13.88152 ], [ 109.27998, 13.88161 ], [ 109.28007, 13.88161 ], [ 109.28007, 13.8817 ], [ 109.28016, 13.8817 ], [ 109.28029, 13.88183 ], [ 109.2805, 13.88193 ], [ 109.28133, 13.88173 ], [ 109.28234, 13.88086 ], [ 109.28258, 13.88068 ], [ 109.28409, 13.88177 ], [ 109.28442, 13.88193 ], [ 109.28531, 13.88169 ], [ 109.28562, 13.88137 ], [ 109.28604, 13.88124 ], [ 109.28633, 13.88115 ], [ 109.2865, 13.88079 ], [ 109.28631, 13.88041 ], [ 109.2859, 13.88016 ], [ 109.28567, 13.88061 ], [ 109.28513, 13.88092 ], [ 109.28464, 13.88115 ], [ 109.28435, 13.88114 ], [ 109.28382, 13.88059 ], [ 109.28327, 13.88007 ], [ 109.28222, 13.87995 ], [ 109.28156, 13.88043 ], [ 109.28117, 13.88082 ], [ 109.28047, 13.88138 ], [ 109.28012, 13.88102 ], [ 109.27984, 13.88093 ], [ 109.27976, 13.87978 ], [ 109.28134, 13.87868 ], [ 109.28171, 13.87841 ], [ 109.28212, 13.87812 ], [ 109.28255, 13.87769 ], [ 109.28288, 13.87738 ], [ 109.28316, 13.87655 ], [ 109.28344, 13.87698 ], [ 109.28329, 13.8777 ], [ 109.28329, 13.87784 ], [ 109.28328, 13.87824 ], [ 109.28329, 13.87883 ], [ 109.28327, 13.87937 ], [ 109.28328, 13.87974 ], [ 109.28386, 13.88046 ], [ 109.28493, 13.88067 ], [ 109.28583, 13.88005 ], [ 109.28596, 13.8798 ], [ 109.28624, 13.87971 ], [ 109.28649, 13.87946 ], [ 109.28665, 13.87994 ], [ 109.28708, 13.88008 ], [ 109.28766, 13.87989 ], [ 109.28806, 13.87936 ], [ 109.28943, 13.87926 ], [ 109.29022, 13.87847 ], [ 109.29126, 13.87837 ], [ 109.29185, 13.8776 ], [ 109.292, 13.87691 ], [ 109.29199, 13.8765 ], [ 109.29219, 13.87641 ], [ 109.29276, 13.8767 ], [ 109.29309, 13.87754 ], [ 109.29339, 13.87798 ], [ 109.29376, 13.87833 ], [ 109.29373, 13.87958 ], [ 109.29377, 13.87967 ], [ 109.29466, 13.87913 ], [ 109.29484, 13.87928 ], [ 109.29455, 13.87997 ], [ 109.2941, 13.88039 ], [ 109.29381, 13.8808 ], [ 109.29293, 13.88143 ], [ 109.29225, 13.88232 ], [ 109.29212, 13.88307 ], [ 109.29179, 13.88353 ], [ 109.29194, 13.88382 ], [ 109.29204, 13.88402 ], [ 109.29203, 13.88451 ], [ 109.29142, 13.8849 ], [ 109.291, 13.88517 ], [ 109.29061, 13.88594 ], [ 109.29015, 13.88578 ], [ 109.28976, 13.88538 ], [ 109.2896, 13.88523 ], [ 109.28914, 13.88534 ], [ 109.28897, 13.88571 ], [ 109.2897, 13.88641 ], [ 109.28896, 13.88669 ], [ 109.28891, 13.88673 ], [ 109.28812, 13.88651 ], [ 109.28808, 13.88646 ], [ 109.28803, 13.8864 ], [ 109.28757, 13.88618 ], [ 109.28685, 13.88564 ], [ 109.28626, 13.88549 ], [ 109.28582, 13.88549 ], [ 109.28508, 13.88547 ], [ 109.28411, 13.88562 ], [ 109.28387, 13.88584 ], [ 109.28343, 13.88628 ], [ 109.28369, 13.88531 ], [ 109.28353, 13.88476 ], [ 109.28298, 13.88448 ], [ 109.28252, 13.88446 ], [ 109.28203, 13.88474 ], [ 109.28108, 13.88555 ], [ 109.28057, 13.88555 ], [ 109.27987, 13.88537 ], [ 109.27874, 13.88597 ], [ 109.27792, 13.88728 ], [ 109.27699, 13.88806 ] ], [ [ 109.29131, 13.88391 ], [ 109.29139, 13.88406 ], [ 109.29143, 13.88386 ], [ 109.29131, 13.88391 ] ] ], [ [ [ 109.25298, 13.89066 ], [ 109.25311, 13.89136 ], [ 109.25288, 13.89175 ], [ 109.25216, 13.89184 ], [ 109.25201, 13.89147 ], [ 109.25225, 13.89049 ], [ 109.25209, 13.88978 ], [ 109.25253, 13.88973 ], [ 109.25298, 13.89066 ] ] ], [ [ [ 109.29293, 13.89276 ], [ 109.29271, 13.89264 ], [ 109.29285, 13.89254 ], [ 109.29293, 13.89276 ] ] ], [ [ [ 109.29321, 13.89309 ], [ 109.29321, 13.89318 ], [ 109.29321, 13.89327 ], [ 109.29312, 13.89327 ], [ 109.29312, 13.89309 ], [ 109.29321, 13.89309 ] ] ], [ [ [ 109.28214, 13.83851 ], [ 109.28186, 13.83841 ], [ 109.28153, 13.83883 ], [ 109.28154, 13.83935 ], [ 109.2814, 13.83974 ], [ 109.28162, 13.84017 ], [ 109.28162, 13.84043 ], [ 109.28134, 13.84127 ], [ 109.28061, 13.84194 ], [ 109.28031, 13.84265 ], [ 109.2804, 13.8428 ], [ 109.28077, 13.84314 ], [ 109.28077, 13.84342 ], [ 109.28048, 13.84343 ], [ 109.27995, 13.84288 ], [ 109.27957, 13.84304 ], [ 109.27947, 13.84325 ], [ 109.27948, 13.8445 ], [ 109.27928, 13.84434 ], [ 109.27917, 13.84298 ], [ 109.27957, 13.84261 ], [ 109.27957, 13.84251 ], [ 109.2794, 13.84182 ], [ 109.27939, 13.84143 ], [ 109.2794, 13.8412 ], [ 109.27939, 13.84089 ], [ 109.27958, 13.84038 ], [ 109.27962, 13.83897 ], [ 109.27923, 13.83872 ], [ 109.27899, 13.83835 ], [ 109.27857, 13.83844 ], [ 109.27803, 13.83871 ], [ 109.27749, 13.83881 ], [ 109.27701, 13.83912 ], [ 109.27649, 13.83928 ], [ 109.27622, 13.83956 ], [ 109.27572, 13.84002 ], [ 109.27552, 13.84032 ], [ 109.27517, 13.8408 ], [ 109.275, 13.84158 ], [ 109.27522, 13.84203 ], [ 109.27553, 13.84189 ], [ 109.27645, 13.84029 ], [ 109.27681, 13.84005 ], [ 109.27727, 13.83972 ], [ 109.27878, 13.83907 ], [ 109.27894, 13.83947 ], [ 109.27885, 13.8398 ], [ 109.27875, 13.84007 ], [ 109.27866, 13.84034 ], [ 109.27829, 13.84086 ], [ 109.27813, 13.84132 ], [ 109.27853, 13.84208 ], [ 109.27822, 13.84282 ], [ 109.27836, 13.84341 ], [ 109.27846, 13.84371 ], [ 109.27833, 13.84445 ], [ 109.27798, 13.84467 ], [ 109.27705, 13.84548 ], [ 109.27648, 13.84589 ], [ 109.27606, 13.84657 ], [ 109.2755, 13.84692 ], [ 109.27412, 13.8482 ], [ 109.27398, 13.84862 ], [ 109.27369, 13.84898 ], [ 109.27355, 13.84952 ], [ 109.27323, 13.84932 ], [ 109.27333, 13.84871 ], [ 109.27351, 13.84786 ], [ 109.27354, 13.84677 ], [ 109.2734, 13.84632 ], [ 109.27292, 13.84583 ], [ 109.27259, 13.84566 ], [ 109.27188, 13.84589 ], [ 109.27159, 13.84576 ], [ 109.27171, 13.84455 ], [ 109.27317, 13.84443 ], [ 109.27318, 13.84419 ], [ 109.27291, 13.84392 ], [ 109.2724, 13.84374 ], [ 109.27196, 13.84363 ], [ 109.27161, 13.84364 ], [ 109.2716, 13.84313 ], [ 109.27263, 13.84243 ], [ 109.27254, 13.84227 ], [ 109.272, 13.84176 ], [ 109.2719, 13.84146 ], [ 109.27179, 13.84115 ], [ 109.27191, 13.84083 ], [ 109.2719, 13.84024 ], [ 109.27205, 13.83978 ], [ 109.27275, 13.83914 ], [ 109.27262, 13.83885 ], [ 109.27193, 13.83883 ], [ 109.27147, 13.83926 ], [ 109.27136, 13.83947 ], [ 109.27126, 13.84038 ], [ 109.27106, 13.84086 ], [ 109.27107, 13.84161 ], [ 109.27069, 13.84209 ], [ 109.27051, 13.84236 ], [ 109.27023, 13.84276 ], [ 109.27032, 13.8429 ], [ 109.27068, 13.84314 ], [ 109.2705, 13.84363 ], [ 109.27014, 13.84374 ], [ 109.27049, 13.84407 ], [ 109.26997, 13.84434 ], [ 109.26966, 13.84425 ], [ 109.26886, 13.84379 ], [ 109.26837, 13.84393 ], [ 109.26836, 13.84441 ], [ 109.2685, 13.84456 ], [ 109.26892, 13.8447 ], [ 109.2697, 13.84514 ], [ 109.27072, 13.84481 ], [ 109.27095, 13.84525 ], [ 109.27077, 13.84579 ], [ 109.2704, 13.84597 ], [ 109.26999, 13.84585 ], [ 109.26924, 13.84524 ], [ 109.26816, 13.84534 ], [ 109.26753, 13.84593 ], [ 109.26742, 13.84631 ], [ 109.26733, 13.84704 ], [ 109.26714, 13.84773 ], [ 109.267, 13.84914 ], [ 109.26712, 13.85068 ], [ 109.26784, 13.85126 ], [ 109.26807, 13.85194 ], [ 109.26793, 13.85219 ], [ 109.26812, 13.85237 ], [ 109.26762, 13.85336 ], [ 109.267, 13.85345 ], [ 109.26652, 13.85364 ], [ 109.26598, 13.85362 ], [ 109.26561, 13.85363 ], [ 109.2658, 13.85328 ], [ 109.26594, 13.85287 ], [ 109.26631, 13.85249 ], [ 109.26683, 13.85201 ], [ 109.26665, 13.85164 ], [ 109.26584, 13.85179 ], [ 109.26553, 13.85208 ], [ 109.26537, 13.85288 ], [ 109.26497, 13.85317 ], [ 109.26462, 13.85338 ], [ 109.26432, 13.85396 ], [ 109.26419, 13.855 ], [ 109.26366, 13.85542 ], [ 109.263, 13.85562 ], [ 109.26301, 13.85632 ], [ 109.26247, 13.85618 ], [ 109.26234, 13.85581 ], [ 109.26245, 13.85558 ], [ 109.26282, 13.85524 ], [ 109.26299, 13.85447 ], [ 109.26331, 13.85395 ], [ 109.26329, 13.85273 ], [ 109.26349, 13.85234 ], [ 109.26387, 13.85164 ], [ 109.26403, 13.85086 ], [ 109.26451, 13.85009 ], [ 109.26469, 13.84908 ], [ 109.26572, 13.84793 ], [ 109.26557, 13.84729 ], [ 109.26539, 13.84694 ], [ 109.26548, 13.84646 ], [ 109.26567, 13.84594 ], [ 109.26581, 13.84512 ], [ 109.26625, 13.84442 ], [ 109.26732, 13.84428 ], [ 109.26753, 13.84388 ], [ 109.26728, 13.8436 ], [ 109.26694, 13.84359 ], [ 109.26643, 13.8436 ], [ 109.26615, 13.84359 ], [ 109.2655, 13.84375 ], [ 109.26559, 13.8435 ], [ 109.26581, 13.8433 ], [ 109.26597, 13.84268 ], [ 109.26634, 13.84234 ], [ 109.26617, 13.84142 ], [ 109.26604, 13.84095 ], [ 109.26626, 13.84052 ], [ 109.26654, 13.84052 ], [ 109.26717, 13.84103 ], [ 109.26775, 13.84126 ], [ 109.2685, 13.84145 ], [ 109.26871, 13.84229 ], [ 109.2693, 13.84312 ], [ 109.26975, 13.84335 ], [ 109.26994, 13.84301 ], [ 109.26996, 13.84263 ], [ 109.26931, 13.8419 ], [ 109.26917, 13.84104 ], [ 109.26887, 13.84073 ], [ 109.26858, 13.84063 ], [ 109.26768, 13.84045 ], [ 109.2669, 13.8398 ], [ 109.26581, 13.83989 ], [ 109.26543, 13.8406 ], [ 109.26542, 13.84115 ], [ 109.26543, 13.84244 ], [ 109.26487, 13.84324 ], [ 109.26476, 13.8444 ], [ 109.26466, 13.84468 ], [ 109.26466, 13.84528 ], [ 109.2644, 13.8459 ], [ 109.26421, 13.84667 ], [ 109.26344, 13.84755 ], [ 109.26325, 13.848 ], [ 109.26299, 13.84862 ], [ 109.26287, 13.84964 ], [ 109.26259, 13.8504 ], [ 109.26232, 13.85131 ], [ 109.26133, 13.85146 ], [ 109.26073, 13.85218 ], [ 109.2607, 13.85293 ], [ 109.26093, 13.8534 ], [ 109.26166, 13.85214 ], [ 109.2621, 13.85215 ], [ 109.26265, 13.85198 ], [ 109.26267, 13.85239 ], [ 109.26255, 13.85295 ], [ 109.26257, 13.85425 ], [ 109.26184, 13.85512 ], [ 109.26162, 13.85592 ], [ 109.26152, 13.85658 ], [ 109.26142, 13.85685 ], [ 109.26133, 13.85748 ], [ 109.26123, 13.85793 ], [ 109.26113, 13.85875 ], [ 109.26076, 13.85944 ], [ 109.26075, 13.86001 ], [ 109.26076, 13.8609 ], [ 109.26066, 13.861 ], [ 109.26023, 13.86113 ], [ 109.25965, 13.86183 ], [ 109.25953, 13.86235 ], [ 109.25928, 13.86355 ], [ 109.25841, 13.86459 ], [ 109.25822, 13.86598 ], [ 109.2584, 13.86653 ], [ 109.25837, 13.86762 ], [ 109.25847, 13.86812 ], [ 109.25859, 13.86921 ], [ 109.25883, 13.87029 ], [ 109.25892, 13.87075 ], [ 109.2591, 13.87128 ], [ 109.25887, 13.87176 ], [ 109.25845, 13.87235 ], [ 109.25816, 13.87316 ], [ 109.25798, 13.87389 ], [ 109.25762, 13.87458 ], [ 109.25723, 13.8751 ], [ 109.25671, 13.87543 ], [ 109.25638, 13.87525 ], [ 109.25566, 13.87481 ], [ 109.25527, 13.87507 ], [ 109.25449, 13.87504 ], [ 109.254, 13.87574 ], [ 109.25383, 13.87604 ], [ 109.25347, 13.87676 ], [ 109.25333, 13.87654 ], [ 109.25332, 13.87614 ], [ 109.25346, 13.876 ], [ 109.2537, 13.87578 ], [ 109.2539, 13.87501 ], [ 109.25378, 13.87451 ], [ 109.25399, 13.87371 ], [ 109.2539, 13.87342 ], [ 109.25357, 13.87265 ], [ 109.25373, 13.87207 ], [ 109.25385, 13.87158 ], [ 109.25416, 13.87086 ], [ 109.25436, 13.86922 ], [ 109.25398, 13.86834 ], [ 109.25416, 13.86753 ], [ 109.25413, 13.86586 ], [ 109.25425, 13.86554 ], [ 109.25423, 13.86441 ], [ 109.25443, 13.86404 ], [ 109.25453, 13.86349 ], [ 109.25453, 13.86328 ], [ 109.25482, 13.86204 ], [ 109.25491, 13.86186 ], [ 109.25509, 13.86009 ], [ 109.25541, 13.85958 ], [ 109.2554, 13.85853 ], [ 109.25558, 13.85803 ], [ 109.25541, 13.85753 ], [ 109.2556, 13.8569 ], [ 109.25559, 13.85653 ], [ 109.25561, 13.85608 ], [ 109.2556, 13.85546 ], [ 109.25625, 13.85402 ], [ 109.25609, 13.85283 ], [ 109.25591, 13.8523 ], [ 109.25601, 13.85147 ], [ 109.25638, 13.85059 ], [ 109.2563, 13.85012 ], [ 109.25617, 13.84975 ], [ 109.25677, 13.84846 ], [ 109.25679, 13.84765 ], [ 109.25667, 13.84718 ], [ 109.25678, 13.84696 ], [ 109.25691, 13.84672 ], [ 109.25707, 13.84596 ], [ 109.25744, 13.84526 ], [ 109.25754, 13.84407 ], [ 109.25765, 13.84339 ], [ 109.25764, 13.84273 ], [ 109.25774, 13.84254 ], [ 109.25794, 13.84217 ], [ 109.25793, 13.84124 ], [ 109.25803, 13.84055 ], [ 109.25823, 13.83983 ], [ 109.25822, 13.83933 ], [ 109.25823, 13.83902 ], [ 109.25823, 13.83884 ], [ 109.25876, 13.83795 ], [ 109.25889, 13.83676 ], [ 109.25899, 13.83541 ], [ 109.25909, 13.83505 ], [ 109.25919, 13.83405 ], [ 109.25943, 13.83348 ], [ 109.25966, 13.83263 ], [ 109.2595, 13.83161 ], [ 109.2594, 13.83116 ], [ 109.2593, 13.83078 ], [ 109.25931, 13.83039 ], [ 109.2593, 13.82966 ], [ 109.25941, 13.82936 ], [ 109.2595, 13.8289 ], [ 109.2596, 13.82845 ], [ 109.25972, 13.82601 ], [ 109.26007, 13.82566 ], [ 109.26027, 13.82565 ], [ 109.26054, 13.82593 ], [ 109.26064, 13.82593 ], [ 109.26101, 13.82584 ], [ 109.26138, 13.82576 ], [ 109.26175, 13.82567 ], [ 109.26249, 13.8255 ], [ 109.26296, 13.82462 ], [ 109.26287, 13.82414 ], [ 109.26278, 13.82396 ], [ 109.26261, 13.82361 ], [ 109.26189, 13.82287 ], [ 109.26151, 13.82286 ], [ 109.26108, 13.823 ], [ 109.26065, 13.82285 ], [ 109.26029, 13.82286 ], [ 109.26011, 13.82193 ], [ 109.26012, 13.82145 ], [ 109.26011, 13.82099 ], [ 109.26079, 13.82077 ], [ 109.2616, 13.82079 ], [ 109.26179, 13.82026 ], [ 109.2618, 13.81977 ], [ 109.26118, 13.81936 ], [ 109.26093, 13.81912 ], [ 109.26106, 13.81861 ], [ 109.26134, 13.81809 ], [ 109.26144, 13.81762 ], [ 109.26154, 13.81726 ], [ 109.26163, 13.81672 ], [ 109.26184, 13.81623 ], [ 109.26168, 13.8156 ], [ 109.26207, 13.81521 ], [ 109.26229, 13.81563 ], [ 109.26238, 13.81645 ], [ 109.26301, 13.81647 ], [ 109.26325, 13.81624 ], [ 109.26285, 13.81566 ], [ 109.26276, 13.81453 ], [ 109.26223, 13.81366 ], [ 109.26148, 13.81364 ], [ 109.26123, 13.81376 ], [ 109.26078, 13.81346 ], [ 109.26082, 13.81427 ], [ 109.26118, 13.81522 ], [ 109.26118, 13.8157 ], [ 109.26099, 13.81635 ], [ 109.26089, 13.81689 ], [ 109.26033, 13.81725 ], [ 109.26042, 13.81752 ], [ 109.26052, 13.81782 ], [ 109.25974, 13.81843 ], [ 109.2592, 13.8187 ], [ 109.25811, 13.81867 ], [ 109.25782, 13.81921 ], [ 109.25796, 13.82026 ], [ 109.25825, 13.82068 ], [ 109.25845, 13.82147 ], [ 109.25834, 13.82242 ], [ 109.2577, 13.82301 ], [ 109.25769, 13.82335 ], [ 109.25787, 13.82426 ], [ 109.25778, 13.82465 ], [ 109.25759, 13.82499 ], [ 109.25769, 13.82564 ], [ 109.25787, 13.82546 ], [ 109.25802, 13.82456 ], [ 109.25833, 13.82494 ], [ 109.258, 13.82681 ], [ 109.25786, 13.82682 ], [ 109.25749, 13.82681 ], [ 109.25746, 13.82772 ], [ 109.25758, 13.82835 ], [ 109.258, 13.82793 ], [ 109.25821, 13.82833 ], [ 109.258, 13.82946 ], [ 109.25802, 13.83057 ], [ 109.25801, 13.83093 ], [ 109.25801, 13.83149 ], [ 109.2579, 13.83212 ], [ 109.25791, 13.83278 ], [ 109.2579, 13.83314 ], [ 109.2579, 13.83384 ], [ 109.25771, 13.83438 ], [ 109.25769, 13.83517 ], [ 109.25786, 13.836 ], [ 109.25769, 13.83713 ], [ 109.25717, 13.83761 ], [ 109.25686, 13.83792 ], [ 109.25685, 13.83751 ], [ 109.25696, 13.83688 ], [ 109.25683, 13.83648 ], [ 109.25658, 13.83675 ], [ 109.25648, 13.83767 ], [ 109.25625, 13.83871 ], [ 109.25653, 13.83885 ], [ 109.25669, 13.83838 ], [ 109.25676, 13.8387 ], [ 109.25664, 13.83905 ], [ 109.25683, 13.83977 ], [ 109.25664, 13.84083 ], [ 109.25645, 13.84136 ], [ 109.25632, 13.8421 ], [ 109.2558, 13.84234 ], [ 109.25533, 13.84354 ], [ 109.25545, 13.84429 ], [ 109.25595, 13.84476 ], [ 109.25559, 13.84576 ], [ 109.25558, 13.84605 ], [ 109.25559, 13.84692 ], [ 109.25548, 13.84722 ], [ 109.25539, 13.8475 ], [ 109.25494, 13.84845 ], [ 109.25481, 13.84912 ], [ 109.25469, 13.84898 ], [ 109.25455, 13.84857 ], [ 109.25443, 13.84821 ], [ 109.25427, 13.84864 ], [ 109.25423, 13.85003 ], [ 109.25456, 13.85051 ], [ 109.25442, 13.85078 ], [ 109.25444, 13.85236 ], [ 109.25415, 13.85255 ], [ 109.25369, 13.85284 ], [ 109.2538, 13.85317 ], [ 109.25448, 13.85328 ], [ 109.25478, 13.8539 ], [ 109.25496, 13.85409 ], [ 109.25525, 13.85391 ], [ 109.25515, 13.85319 ], [ 109.25535, 13.85319 ], [ 109.25553, 13.85372 ], [ 109.25542, 13.85416 ], [ 109.25494, 13.85431 ], [ 109.25441, 13.8548 ], [ 109.25431, 13.85553 ], [ 109.25412, 13.85598 ], [ 109.25384, 13.8567 ], [ 109.25365, 13.85715 ], [ 109.25353, 13.85859 ], [ 109.25336, 13.85941 ], [ 109.25325, 13.85989 ], [ 109.25327, 13.8609 ], [ 109.25261, 13.86174 ], [ 109.25246, 13.86353 ], [ 109.25267, 13.86436 ], [ 109.25258, 13.86465 ], [ 109.2524, 13.86499 ], [ 109.2523, 13.86537 ], [ 109.25219, 13.86736 ], [ 109.25201, 13.86833 ], [ 109.25218, 13.86986 ], [ 109.25216, 13.87056 ], [ 109.25217, 13.87122 ], [ 109.25206, 13.8716 ], [ 109.25196, 13.87269 ], [ 109.25167, 13.87306 ], [ 109.25168, 13.87417 ], [ 109.25157, 13.87483 ], [ 109.25112, 13.87547 ], [ 109.2511, 13.87592 ], [ 109.25124, 13.87621 ], [ 109.2514, 13.87652 ], [ 109.25123, 13.877 ], [ 109.25102, 13.87869 ], [ 109.25123, 13.87974 ], [ 109.25073, 13.88045 ], [ 109.25051, 13.88117 ], [ 109.25014, 13.88242 ], [ 109.25053, 13.88372 ], [ 109.25015, 13.88462 ], [ 109.24993, 13.88522 ], [ 109.25001, 13.88578 ], [ 109.25018, 13.88662 ], [ 109.25019, 13.88723 ], [ 109.25018, 13.88768 ], [ 109.25019, 13.88821 ], [ 109.24999, 13.88867 ], [ 109.2499, 13.8893 ], [ 109.24962, 13.8897 ], [ 109.24961, 13.89002 ], [ 109.2497, 13.89012 ], [ 109.24989, 13.89029 ], [ 109.2498, 13.89048 ], [ 109.24961, 13.89083 ], [ 109.24937, 13.89186 ], [ 109.24905, 13.89279 ], [ 109.24894, 13.893 ], [ 109.2489, 13.89305 ], [ 109.24884, 13.89289 ], [ 109.24867, 13.8921 ], [ 109.24857, 13.89156 ], [ 109.24838, 13.89112 ], [ 109.24808, 13.89099 ], [ 109.24791, 13.89044 ], [ 109.24755, 13.89027 ], [ 109.24715, 13.88939 ], [ 109.24685, 13.88928 ], [ 109.24629, 13.88917 ], [ 109.24638, 13.88882 ], [ 109.24648, 13.88865 ], [ 109.24675, 13.88723 ], [ 109.24705, 13.88584 ], [ 109.24734, 13.88468 ], [ 109.24744, 13.88395 ], [ 109.24759, 13.8829 ], [ 109.24747, 13.88135 ], [ 109.24774, 13.88089 ], [ 109.2478, 13.87876 ], [ 109.2483, 13.87863 ], [ 109.24859, 13.87817 ], [ 109.24848, 13.87755 ], [ 109.24798, 13.87734 ], [ 109.24781, 13.87713 ], [ 109.24787, 13.87674 ], [ 109.24888, 13.8751 ], [ 109.24899, 13.87456 ], [ 109.24922, 13.8738 ], [ 109.24985, 13.87106 ], [ 109.2497, 13.86977 ], [ 109.24932, 13.8686 ], [ 109.24799, 13.86558 ], [ 109.24768, 13.86437 ], [ 109.24878, 13.8615 ], [ 109.24955, 13.85957 ], [ 109.25181, 13.85428 ], [ 109.25249, 13.8519 ], [ 109.25315, 13.84992 ], [ 109.25319, 13.8484 ], [ 109.253, 13.84699 ], [ 109.25254, 13.8444 ], [ 109.25221, 13.84215 ], [ 109.25187, 13.84038 ], [ 109.25088, 13.83884 ], [ 109.24946, 13.83616 ], [ 109.2474, 13.83214 ], [ 109.24636, 13.83017 ], [ 109.24326, 13.82427 ], [ 109.24149, 13.8209 ], [ 109.23967, 13.81744 ], [ 109.23456, 13.81822 ], [ 109.2293, 13.819 ], [ 109.22564, 13.81905 ], [ 109.22465, 13.81873 ], [ 109.22396, 13.81832 ], [ 109.22191, 13.81532 ], [ 109.2198, 13.81245 ], [ 109.2186, 13.8114 ], [ 109.21721, 13.81116 ], [ 109.21599, 13.81126 ], [ 109.2151, 13.81147 ], [ 109.21456, 13.81197 ], [ 109.21459, 13.81459 ], [ 109.21421, 13.81573 ], [ 109.21366, 13.81628 ], [ 109.21276, 13.81629 ], [ 109.21084, 13.8161 ], [ 109.20887, 13.8162 ], [ 109.20875, 13.81596 ], [ 109.20869, 13.81593 ], [ 109.20869, 13.81584 ], [ 109.2086, 13.81584 ], [ 109.2086, 13.81575 ], [ 109.2085, 13.81575 ], [ 109.20837, 13.81558 ], [ 109.20784, 13.81572 ], [ 109.2075, 13.81552 ], [ 109.20731, 13.81562 ], [ 109.20703, 13.81596 ], [ 109.20696, 13.81576 ], [ 109.20699, 13.81558 ], [ 109.20683, 13.81498 ], [ 109.20634, 13.81484 ], [ 109.2059, 13.81502 ], [ 109.20585, 13.81533 ], [ 109.20591, 13.81573 ], [ 109.2053, 13.81576 ], [ 109.20508, 13.81581 ], [ 109.20384, 13.81447 ], [ 109.20318, 13.81395 ], [ 109.20135, 13.81242 ], [ 109.19997, 13.81204 ], [ 109.19951, 13.81245 ], [ 109.19947, 13.81333 ], [ 109.19985, 13.81405 ], [ 109.19988, 13.81487 ], [ 109.19959, 13.81567 ], [ 109.19958, 13.81591 ], [ 109.19953, 13.81595 ], [ 109.19929, 13.81599 ], [ 109.1987, 13.81624 ], [ 109.19828, 13.81691 ], [ 109.19822, 13.81748 ], [ 109.19702, 13.81743 ], [ 109.19463, 13.81714 ], [ 109.19269, 13.81704 ], [ 109.19168, 13.81723 ], [ 109.19035, 13.81781 ], [ 109.18956, 13.81847 ], [ 109.18756, 13.82102 ], [ 109.18732, 13.82095 ], [ 109.18697, 13.82069 ], [ 109.18677, 13.82061 ], [ 109.18633, 13.82095 ], [ 109.18586, 13.82106 ], [ 109.18562, 13.8214 ], [ 109.18582, 13.82204 ], [ 109.18525, 13.82213 ], [ 109.18502, 13.82245 ], [ 109.18522, 13.8231 ], [ 109.18551, 13.82317 ], [ 109.18539, 13.82333 ], [ 109.18382, 13.82393 ], [ 109.18365, 13.82397 ], [ 109.1836, 13.82391 ], [ 109.18265, 13.82338 ], [ 109.18186, 13.82357 ], [ 109.18166, 13.82391 ], [ 109.18162, 13.82441 ], [ 109.1811, 13.82445 ], [ 109.17982, 13.8247 ], [ 109.17929, 13.82484 ], [ 109.17862, 13.82507 ], [ 109.17808, 13.82547 ], [ 109.17793, 13.82676 ], [ 109.17753, 13.82746 ], [ 109.17699, 13.82793 ], [ 109.17657, 13.82821 ], [ 109.17614, 13.82654 ], [ 109.17674, 13.8263 ], [ 109.1771, 13.826 ], [ 109.17722, 13.82516 ], [ 109.17795, 13.82434 ], [ 109.17877, 13.82411 ], [ 109.17955, 13.82443 ], [ 109.18029, 13.82421 ], [ 109.18055, 13.82376 ], [ 109.18062, 13.82298 ], [ 109.17995, 13.82221 ], [ 109.17937, 13.82204 ], [ 109.17946, 13.8219 ], [ 109.17976, 13.82165 ], [ 109.18029, 13.82084 ], [ 109.18036, 13.8201 ], [ 109.17998, 13.81951 ], [ 109.17935, 13.81902 ], [ 109.17898, 13.81914 ], [ 109.17827, 13.81973 ], [ 109.17818, 13.81964 ], [ 109.17809, 13.81932 ], [ 109.17791, 13.81901 ], [ 109.17787, 13.81878 ], [ 109.17892, 13.81869 ], [ 109.17944, 13.81835 ], [ 109.17985, 13.81794 ], [ 109.17997, 13.81567 ], [ 109.18012, 13.81473 ], [ 109.18027, 13.81371 ], [ 109.18062, 13.81214 ], [ 109.18146, 13.81041 ], [ 109.18206, 13.80846 ], [ 109.18239, 13.80742 ], [ 109.18449, 13.80576 ], [ 109.18529, 13.80509 ], [ 109.18601, 13.80387 ], [ 109.1871, 13.80159 ], [ 109.18722, 13.79969 ], [ 109.18818, 13.7968 ], [ 109.18851, 13.79619 ], [ 109.18958, 13.79503 ], [ 109.18957, 13.79407 ], [ 109.18982, 13.79347 ], [ 109.18967, 13.79333 ], [ 109.18958, 13.79323 ], [ 109.18984, 13.793 ], [ 109.19349, 13.79013 ], [ 109.19411, 13.78994 ], [ 109.19478, 13.78966 ], [ 109.19594, 13.78926 ], [ 109.19675, 13.78901 ], [ 109.20018, 13.78802 ], [ 109.20176, 13.78759 ], [ 109.2045, 13.78696 ], [ 109.20502, 13.78766 ], [ 109.20564, 13.78848 ], [ 109.20718, 13.78985 ], [ 109.20827, 13.79012 ], [ 109.20893, 13.7904 ], [ 109.20911, 13.79209 ], [ 109.20989, 13.79343 ], [ 109.21098, 13.79462 ], [ 109.21086, 13.79469 ], [ 109.21077, 13.79509 ], [ 109.21109, 13.79555 ], [ 109.21156, 13.79574 ], [ 109.21194, 13.79554 ], [ 109.21199, 13.79535 ], [ 109.21221, 13.79541 ], [ 109.21279, 13.79578 ], [ 109.21309, 13.79617 ], [ 109.21218, 13.79621 ], [ 109.21175, 13.79683 ], [ 109.21218, 13.79728 ], [ 109.21249, 13.79739 ], [ 109.21392, 13.79735 ], [ 109.21435, 13.79775 ], [ 109.2152, 13.79879 ], [ 109.21559, 13.80001 ], [ 109.21615, 13.80044 ], [ 109.21824, 13.80073 ], [ 109.21838, 13.80086 ], [ 109.21863, 13.80193 ], [ 109.21919, 13.80236 ], [ 109.2214, 13.80332 ], [ 109.22198, 13.80319 ], [ 109.22274, 13.80272 ], [ 109.22402, 13.80183 ], [ 109.22496, 13.80157 ], [ 109.22782, 13.80247 ], [ 109.22862, 13.80234 ], [ 109.2303, 13.80149 ], [ 109.23541, 13.799 ], [ 109.23706, 13.79816 ], [ 109.23957, 13.797 ], [ 109.24541, 13.79672 ], [ 109.24707, 13.79664 ], [ 109.25198, 13.79641 ], [ 109.25364, 13.79632 ], [ 109.25452, 13.79629 ], [ 109.25457, 13.79633 ], [ 109.25486, 13.79652 ], [ 109.25617, 13.79689 ], [ 109.2573, 13.79708 ], [ 109.25928, 13.79727 ], [ 109.26016, 13.79738 ], [ 109.26147, 13.79696 ], [ 109.26197, 13.79611 ], [ 109.2621, 13.79593 ], [ 109.26248, 13.79652 ], [ 109.26327, 13.79684 ], [ 109.26371, 13.79662 ], [ 109.2641, 13.79611 ], [ 109.2641, 13.79545 ], [ 109.26411, 13.79507 ], [ 109.2641, 13.79477 ], [ 109.26383, 13.79504 ], [ 109.2635, 13.79483 ], [ 109.26337, 13.79439 ], [ 109.26356, 13.79368 ], [ 109.26377, 13.79237 ], [ 109.26473, 13.79215 ], [ 109.26525, 13.79216 ], [ 109.26584, 13.79286 ], [ 109.26625, 13.79313 ], [ 109.26693, 13.79325 ], [ 109.26779, 13.79275 ], [ 109.26813, 13.79241 ], [ 109.26885, 13.79219 ], [ 109.26939, 13.79255 ], [ 109.26996, 13.79289 ], [ 109.27211, 13.79348 ], [ 109.27263, 13.79348 ], [ 109.27323, 13.79308 ], [ 109.27368, 13.79264 ], [ 109.27427, 13.79176 ], [ 109.27476, 13.79187 ], [ 109.27544, 13.79196 ], [ 109.27569, 13.79163 ], [ 109.27495, 13.79151 ], [ 109.27454, 13.7914 ], [ 109.2744, 13.79119 ], [ 109.27495, 13.79049 ], [ 109.2751, 13.78903 ], [ 109.27479, 13.78843 ], [ 109.27479, 13.78824 ], [ 109.27516, 13.78825 ], [ 109.27553, 13.78816 ], [ 109.27562, 13.78862 ], [ 109.27581, 13.78909 ], [ 109.27579, 13.78966 ], [ 109.2758, 13.7902 ], [ 109.27625, 13.79079 ], [ 109.27659, 13.79217 ], [ 109.27675, 13.79265 ], [ 109.27744, 13.79288 ], [ 109.2781, 13.79315 ], [ 109.27845, 13.79297 ], [ 109.27864, 13.79289 ], [ 109.27919, 13.79261 ], [ 109.28003, 13.7919 ], [ 109.28046, 13.79163 ], [ 109.28061, 13.79092 ], [ 109.28128, 13.78929 ], [ 109.28144, 13.7895 ], [ 109.28115, 13.79055 ], [ 109.28106, 13.79092 ], [ 109.28096, 13.79127 ], [ 109.28086, 13.79218 ], [ 109.28067, 13.79263 ], [ 109.28054, 13.79303 ], [ 109.27955, 13.79407 ], [ 109.27946, 13.79426 ], [ 109.27947, 13.79525 ], [ 109.27973, 13.79589 ], [ 109.27972, 13.7964 ], [ 109.27943, 13.79736 ], [ 109.27944, 13.79873 ], [ 109.27933, 13.79904 ], [ 109.27914, 13.79985 ], [ 109.27887, 13.8005 ], [ 109.27849, 13.80111 ], [ 109.27839, 13.80148 ], [ 109.27857, 13.80201 ], [ 109.27866, 13.80266 ], [ 109.27836, 13.80351 ], [ 109.27837, 13.80468 ], [ 109.27834, 13.80563 ], [ 109.27836, 13.80651 ], [ 109.27882, 13.80681 ], [ 109.2789, 13.80771 ], [ 109.27904, 13.80785 ], [ 109.27924, 13.80805 ], [ 109.27936, 13.80853 ], [ 109.27946, 13.80873 ], [ 109.27977, 13.80903 ], [ 109.27997, 13.80923 ], [ 109.28046, 13.80935 ], [ 109.28113, 13.80954 ], [ 109.28227, 13.81031 ], [ 109.28283, 13.81089 ], [ 109.28297, 13.81206 ], [ 109.2833, 13.8127 ], [ 109.2834, 13.81322 ], [ 109.28325, 13.81393 ], [ 109.28309, 13.8147 ], [ 109.2831, 13.81555 ], [ 109.28372, 13.81674 ], [ 109.28426, 13.81741 ], [ 109.28408, 13.81791 ], [ 109.28348, 13.81809 ], [ 109.28391, 13.8185 ], [ 109.28389, 13.81919 ], [ 109.28399, 13.8195 ], [ 109.28408, 13.8204 ], [ 109.28412, 13.82063 ], [ 109.28403, 13.82063 ], [ 109.28403, 13.82081 ], [ 109.28356, 13.82107 ], [ 109.28327, 13.82223 ], [ 109.28354, 13.8226 ], [ 109.28373, 13.82303 ], [ 109.28397, 13.82346 ], [ 109.28429, 13.82417 ], [ 109.2846, 13.82434 ], [ 109.28489, 13.82447 ], [ 109.28506, 13.82457 ], [ 109.2852, 13.82461 ], [ 109.28531, 13.82501 ], [ 109.28539, 13.82506 ], [ 109.28538, 13.82534 ], [ 109.28548, 13.82534 ], [ 109.28555, 13.82609 ], [ 109.28581, 13.8265 ], [ 109.28593, 13.82661 ], [ 109.28593, 13.82679 ], [ 109.28602, 13.82679 ], [ 109.28609, 13.82707 ], [ 109.2862, 13.82715 ], [ 109.28626, 13.82781 ], [ 109.28623, 13.82855 ], [ 109.28625, 13.82916 ], [ 109.28621, 13.82927 ], [ 109.28597, 13.82828 ], [ 109.28556, 13.82778 ], [ 109.28538, 13.82702 ], [ 109.28476, 13.82602 ], [ 109.2845, 13.826 ], [ 109.28496, 13.827 ], [ 109.28527, 13.82816 ], [ 109.28494, 13.82845 ], [ 109.28481, 13.82859 ], [ 109.28471, 13.82859 ], [ 109.28471, 13.82868 ], [ 109.28462, 13.82868 ], [ 109.28462, 13.82877 ], [ 109.28443, 13.82876 ], [ 109.28443, 13.82885 ], [ 109.28434, 13.82885 ], [ 109.28416, 13.82885 ], [ 109.28416, 13.82894 ], [ 109.28397, 13.82894 ], [ 109.28397, 13.82903 ], [ 109.28382, 13.82907 ], [ 109.28353, 13.82924 ], [ 109.28326, 13.82958 ], [ 109.28299, 13.83022 ], [ 109.28286, 13.8308 ], [ 109.2827, 13.83105 ], [ 109.2826, 13.83159 ], [ 109.28235, 13.83219 ], [ 109.28246, 13.83295 ], [ 109.28238, 13.83349 ], [ 109.28248, 13.83422 ], [ 109.28235, 13.83503 ], [ 109.28254, 13.83549 ], [ 109.28241, 13.83627 ], [ 109.28276, 13.83675 ], [ 109.28284, 13.83693 ], [ 109.28233, 13.83722 ], [ 109.28217, 13.83778 ], [ 109.28222, 13.83818 ], [ 109.28214, 13.83851 ] ], [ [ 109.28034, 13.8388 ], [ 109.2808, 13.83859 ], [ 109.28113, 13.83843 ], [ 109.28127, 13.83773 ], [ 109.28153, 13.8375 ], [ 109.28182, 13.83707 ], [ 109.28142, 13.83634 ], [ 109.28127, 13.83638 ], [ 109.28129, 13.83688 ], [ 109.28127, 13.83722 ], [ 109.28108, 13.83755 ], [ 109.28091, 13.83701 ], [ 109.28023, 13.83692 ], [ 109.27963, 13.83712 ], [ 109.27936, 13.83768 ], [ 109.27923, 13.83818 ], [ 109.27951, 13.83844 ], [ 109.27978, 13.83872 ], [ 109.27997, 13.8389 ], [ 109.2801, 13.83917 ], [ 109.28034, 13.8388 ] ], [ [ 109.27793, 13.83627 ], [ 109.27782, 13.83477 ], [ 109.27828, 13.83397 ], [ 109.27816, 13.83382 ], [ 109.27806, 13.83374 ], [ 109.27802, 13.83369 ], [ 109.27736, 13.83374 ], [ 109.27716, 13.83425 ], [ 109.27709, 13.83499 ], [ 109.27718, 13.83618 ], [ 109.27683, 13.83657 ], [ 109.27575, 13.83721 ], [ 109.27499, 13.83806 ], [ 109.27523, 13.83859 ], [ 109.27578, 13.8385 ], [ 109.2763, 13.8378 ], [ 109.27692, 13.83743 ], [ 109.27759, 13.83714 ], [ 109.27793, 13.83627 ] ], [ [ 109.27662, 13.84148 ], [ 109.27653, 13.84186 ], [ 109.27608, 13.84282 ], [ 109.27596, 13.84358 ], [ 109.27563, 13.84427 ], [ 109.27539, 13.84438 ], [ 109.27419, 13.84419 ], [ 109.2736, 13.84431 ], [ 109.27376, 13.8446 ], [ 109.27466, 13.84516 ], [ 109.27554, 13.8451 ], [ 109.27606, 13.84482 ], [ 109.27622, 13.84448 ], [ 109.27658, 13.84398 ], [ 109.27669, 13.84321 ], [ 109.27696, 13.84275 ], [ 109.27707, 13.84187 ], [ 109.27676, 13.84136 ], [ 109.27662, 13.84148 ] ], [ [ 109.27738, 13.8405 ], [ 109.27752, 13.84077 ], [ 109.27775, 13.84071 ], [ 109.27778, 13.84047 ], [ 109.27738, 13.8405 ] ], [ [ 109.26107, 13.85683 ], [ 109.26126, 13.85637 ], [ 109.2612, 13.85599 ], [ 109.26128, 13.85554 ], [ 109.26115, 13.85522 ], [ 109.26108, 13.85458 ], [ 109.26098, 13.85414 ], [ 109.26094, 13.85391 ], [ 109.26065, 13.85398 ], [ 109.26043, 13.85449 ], [ 109.26034, 13.855 ], [ 109.26052, 13.85576 ], [ 109.26032, 13.85653 ], [ 109.26062, 13.85693 ], [ 109.26107, 13.85683 ] ], [ [ 109.27573, 13.82317 ], [ 109.27539, 13.82345 ], [ 109.27527, 13.82364 ], [ 109.27548, 13.82421 ], [ 109.27574, 13.82441 ], [ 109.276, 13.82386 ], [ 109.27635, 13.82326 ], [ 109.27626, 13.82216 ], [ 109.27596, 13.82162 ], [ 109.27567, 13.82096 ], [ 109.27537, 13.82071 ], [ 109.27512, 13.82042 ], [ 109.27502, 13.81979 ], [ 109.27493, 13.81953 ], [ 109.27481, 13.81863 ], [ 109.27462, 13.81828 ], [ 109.2741, 13.81816 ], [ 109.27425, 13.81785 ], [ 109.27401, 13.81789 ], [ 109.27383, 13.81798 ], [ 109.27374, 13.81788 ], [ 109.27349, 13.8178 ], [ 109.27307, 13.81809 ], [ 109.2731, 13.81855 ], [ 109.27382, 13.81882 ], [ 109.27405, 13.82016 ], [ 109.27455, 13.82087 ], [ 109.27454, 13.82099 ], [ 109.27419, 13.82128 ], [ 109.27409, 13.82151 ], [ 109.27436, 13.82253 ], [ 109.27472, 13.82284 ], [ 109.27504, 13.82296 ], [ 109.2753, 13.82256 ], [ 109.27561, 13.82273 ], [ 109.27573, 13.82317 ] ], [ [ 109.28127, 13.82237 ], [ 109.2806, 13.82271 ], [ 109.2801, 13.82286 ], [ 109.27996, 13.82324 ], [ 109.28033, 13.82363 ], [ 109.28064, 13.82354 ], [ 109.28131, 13.82301 ], [ 109.28171, 13.823 ], [ 109.28273, 13.82318 ], [ 109.28291, 13.82271 ], [ 109.28269, 13.82247 ], [ 109.28249, 13.82238 ], [ 109.28245, 13.82233 ], [ 109.28127, 13.82237 ] ], [ [ 109.25784, 13.81059 ], [ 109.25766, 13.81053 ], [ 109.2569, 13.81055 ], [ 109.25632, 13.81008 ], [ 109.25604, 13.8099 ], [ 109.25564, 13.80963 ], [ 109.25512, 13.80908 ], [ 109.255, 13.80897 ], [ 109.25434, 13.80899 ], [ 109.2541, 13.80898 ], [ 109.25387, 13.80898 ], [ 109.25215, 13.81049 ], [ 109.25155, 13.81062 ], [ 109.25131, 13.81087 ], [ 109.25113, 13.81139 ], [ 109.2514, 13.81285 ], [ 109.25148, 13.81341 ], [ 109.25127, 13.81379 ], [ 109.25131, 13.81484 ], [ 109.2518, 13.81625 ], [ 109.25281, 13.81735 ], [ 109.25363, 13.81747 ], [ 109.25383, 13.81707 ], [ 109.25416, 13.81694 ], [ 109.25486, 13.81731 ], [ 109.25519, 13.8172 ], [ 109.25569, 13.81733 ], [ 109.25628, 13.81731 ], [ 109.25658, 13.817 ], [ 109.25675, 13.81635 ], [ 109.25673, 13.81593 ], [ 109.25696, 13.81578 ], [ 109.25778, 13.8164 ], [ 109.25841, 13.8166 ], [ 109.25773, 13.8167 ], [ 109.25775, 13.81707 ], [ 109.25837, 13.81705 ], [ 109.25867, 13.8166 ], [ 109.2589, 13.81629 ], [ 109.25944, 13.81613 ], [ 109.25968, 13.81565 ], [ 109.25979, 13.81508 ], [ 109.25995, 13.81451 ], [ 109.25935, 13.81378 ], [ 109.25921, 13.81289 ], [ 109.2589, 13.81231 ], [ 109.25843, 13.8117 ], [ 109.25788, 13.81119 ], [ 109.25784, 13.81059 ], [ 109.25842, 13.81074 ], [ 109.25821, 13.81104 ], [ 109.25857, 13.81132 ], [ 109.25905, 13.81143 ], [ 109.25922, 13.81078 ], [ 109.25937, 13.81071 ], [ 109.25941, 13.81051 ], [ 109.25966, 13.81042 ], [ 109.26021, 13.81074 ], [ 109.26103, 13.81052 ], [ 109.26128, 13.81011 ], [ 109.26141, 13.80958 ], [ 109.26154, 13.80864 ], [ 109.26211, 13.808 ], [ 109.26294, 13.80694 ], [ 109.26336, 13.80625 ], [ 109.26345, 13.80556 ], [ 109.263, 13.80459 ], [ 109.26306, 13.8043 ], [ 109.2638, 13.80393 ], [ 109.26395, 13.80354 ], [ 109.26407, 13.80281 ], [ 109.26457, 13.80252 ], [ 109.2647, 13.80219 ], [ 109.26484, 13.80169 ], [ 109.26493, 13.80169 ], [ 109.26493, 13.8016 ], [ 109.26528, 13.80136 ], [ 109.26597, 13.80143 ], [ 109.26677, 13.8011 ], [ 109.26698, 13.80035 ], [ 109.26721, 13.80039 ], [ 109.26775, 13.80084 ], [ 109.26841, 13.80096 ], [ 109.26894, 13.80138 ], [ 109.26919, 13.80142 ], [ 109.26947, 13.80138 ], [ 109.26981, 13.80143 ], [ 109.27022, 13.80127 ], [ 109.27035, 13.80106 ], [ 109.27044, 13.80039 ], [ 109.27053, 13.80061 ], [ 109.27058, 13.80065 ], [ 109.27062, 13.80088 ], [ 109.27107, 13.8014 ], [ 109.2711, 13.80169 ], [ 109.27075, 13.80183 ], [ 109.27034, 13.80237 ], [ 109.27049, 13.80294 ], [ 109.27089, 13.80299 ], [ 109.27126, 13.80241 ], [ 109.27182, 13.80179 ], [ 109.27188, 13.80131 ], [ 109.27151, 13.80071 ], [ 109.27121, 13.80047 ], [ 109.27107, 13.79981 ], [ 109.27037, 13.79972 ], [ 109.27008, 13.79994 ], [ 109.27003, 13.80019 ], [ 109.27003, 13.80028 ], [ 109.26998, 13.80033 ], [ 109.26987, 13.80067 ], [ 109.2694, 13.80077 ], [ 109.26861, 13.8005 ], [ 109.26795, 13.79997 ], [ 109.2674, 13.79986 ], [ 109.26696, 13.79974 ], [ 109.26627, 13.8001 ], [ 109.26601, 13.80048 ], [ 109.2658, 13.80077 ], [ 109.26501, 13.80073 ], [ 109.26417, 13.80143 ], [ 109.26395, 13.80167 ], [ 109.26378, 13.80218 ], [ 109.26358, 13.80245 ], [ 109.26344, 13.80303 ], [ 109.26237, 13.80419 ], [ 109.26218, 13.80501 ], [ 109.26256, 13.80563 ], [ 109.26254, 13.80608 ], [ 109.26217, 13.80675 ], [ 109.261, 13.808 ], [ 109.26063, 13.80876 ], [ 109.26048, 13.80903 ], [ 109.26051, 13.8098 ], [ 109.26036, 13.81007 ], [ 109.25974, 13.80965 ], [ 109.25954, 13.80956 ], [ 109.25917, 13.80975 ], [ 109.25876, 13.81036 ], [ 109.25826, 13.81018 ], [ 109.25808, 13.81019 ], [ 109.25784, 13.81059 ] ], [ [ 109.21063, 13.80841 ], [ 109.21099, 13.8079 ], [ 109.21104, 13.80697 ], [ 109.21037, 13.80641 ], [ 109.21012, 13.80653 ], [ 109.21028, 13.80722 ], [ 109.21051, 13.80756 ], [ 109.21019, 13.80771 ], [ 109.21017, 13.80802 ], [ 109.21036, 13.80838 ], [ 109.20997, 13.80866 ], [ 109.20975, 13.80838 ], [ 109.21004, 13.80797 ], [ 109.20969, 13.80708 ], [ 109.2091, 13.80667 ], [ 109.20871, 13.80665 ], [ 109.20858, 13.80704 ], [ 109.2077, 13.807 ], [ 109.2075, 13.80754 ], [ 109.20762, 13.80792 ], [ 109.20801, 13.80797 ], [ 109.20801, 13.80806 ], [ 109.20829, 13.80806 ], [ 109.20837, 13.80816 ], [ 109.20921, 13.80825 ], [ 109.20939, 13.80825 ], [ 109.20935, 13.8083 ], [ 109.20873, 13.80843 ], [ 109.20837, 13.80903 ], [ 109.20865, 13.8097 ], [ 109.20945, 13.81001 ], [ 109.20985, 13.80989 ], [ 109.20999, 13.80966 ], [ 109.21003, 13.80952 ], [ 109.21015, 13.80942 ], [ 109.21045, 13.80894 ], [ 109.21063, 13.80841 ] ], [ [ 109.27323, 13.81183 ], [ 109.27332, 13.81228 ], [ 109.27344, 13.81292 ], [ 109.27371, 13.81342 ], [ 109.27417, 13.81355 ], [ 109.27433, 13.81313 ], [ 109.27415, 13.81211 ], [ 109.27407, 13.81138 ], [ 109.2739, 13.81041 ], [ 109.27354, 13.80941 ], [ 109.27333, 13.80904 ], [ 109.27301, 13.80834 ], [ 109.27252, 13.80776 ], [ 109.27232, 13.80703 ], [ 109.27204, 13.80664 ], [ 109.27188, 13.8063 ], [ 109.2717, 13.80597 ], [ 109.27161, 13.80558 ], [ 109.27142, 13.80531 ], [ 109.27111, 13.80472 ], [ 109.27067, 13.80477 ], [ 109.2705, 13.80532 ], [ 109.27095, 13.80595 ], [ 109.27114, 13.80657 ], [ 109.27142, 13.80708 ], [ 109.27159, 13.80767 ], [ 109.27124, 13.80764 ], [ 109.27104, 13.80775 ], [ 109.27074, 13.80788 ], [ 109.27057, 13.80837 ], [ 109.27076, 13.80979 ], [ 109.27111, 13.81043 ], [ 109.27123, 13.81109 ], [ 109.2717, 13.81127 ], [ 109.27222, 13.81109 ], [ 109.27278, 13.81133 ], [ 109.27305, 13.81092 ], [ 109.27313, 13.81084 ], [ 109.27323, 13.81183 ] ], [ [ 109.27465, 13.80787 ], [ 109.27409, 13.80835 ], [ 109.27434, 13.80902 ], [ 109.27503, 13.80931 ], [ 109.27582, 13.80909 ], [ 109.27598, 13.80866 ], [ 109.27585, 13.80823 ], [ 109.27552, 13.80782 ], [ 109.27465, 13.80787 ] ], [ [ 109.25759, 13.82891 ], [ 109.25761, 13.82867 ], [ 109.2574, 13.82869 ], [ 109.25745, 13.82905 ], [ 109.25759, 13.82891 ] ], [ [ 109.25383, 13.85145 ], [ 109.2542, 13.8507 ], [ 109.25412, 13.85051 ], [ 109.25373, 13.85061 ], [ 109.25352, 13.85108 ], [ 109.25364, 13.85154 ], [ 109.25383, 13.85145 ] ], [ [ 109.21532, 13.80189 ], [ 109.21587, 13.80229 ], [ 109.21687, 13.80218 ], [ 109.21707, 13.80143 ], [ 109.21695, 13.80099 ], [ 109.21652, 13.80085 ], [ 109.21648, 13.8008 ], [ 109.21555, 13.80085 ], [ 109.21532, 13.80189 ] ], [ [ 109.20468, 13.80112 ], [ 109.20568, 13.8009 ], [ 109.2059, 13.80051 ], [ 109.20625, 13.7998 ], [ 109.20698, 13.80005 ], [ 109.20735, 13.79975 ], [ 109.20743, 13.79938 ], [ 109.20756, 13.79926 ], [ 109.20758, 13.79889 ], [ 109.20722, 13.7987 ], [ 109.20628, 13.79882 ], [ 109.20627, 13.79897 ], [ 109.20645, 13.79931 ], [ 109.20613, 13.79951 ], [ 109.20573, 13.79925 ], [ 109.20603, 13.79883 ], [ 109.20557, 13.79834 ], [ 109.205, 13.79831 ], [ 109.20461, 13.79859 ], [ 109.20398, 13.79883 ], [ 109.20377, 13.79931 ], [ 109.20363, 13.79985 ], [ 109.2034, 13.80028 ], [ 109.20356, 13.80081 ], [ 109.20407, 13.80136 ], [ 109.20468, 13.80112 ] ], [ [ 109.20655, 13.79867 ], [ 109.20717, 13.7986 ], [ 109.20773, 13.79829 ], [ 109.20785, 13.79792 ], [ 109.20765, 13.79741 ], [ 109.2073, 13.79726 ], [ 109.20726, 13.79721 ], [ 109.20671, 13.79746 ], [ 109.20647, 13.79743 ], [ 109.20618, 13.79753 ], [ 109.20592, 13.79816 ], [ 109.20655, 13.79867 ] ], [ [ 109.26367, 13.79412 ], [ 109.26375, 13.7942 ], [ 109.26379, 13.79409 ], [ 109.26367, 13.79412 ] ] ], [ [ [ 109.2933, 13.89336 ], [ 109.2933, 13.89345 ], [ 109.29321, 13.89345 ], [ 109.29321, 13.89336 ], [ 109.2933, 13.89336 ] ] ], [ [ [ 109.26149, 13.89349 ], [ 109.26186, 13.89366 ], [ 109.26207, 13.89403 ], [ 109.26185, 13.8944 ], [ 109.26038, 13.89386 ], [ 109.26017, 13.8934 ], [ 109.26033, 13.893 ], [ 109.26102, 13.89295 ], [ 109.26149, 13.89349 ] ] ], [ [ [ 109.29339, 13.89454 ], [ 109.29315, 13.89484 ], [ 109.29293, 13.89453 ], [ 109.29339, 13.89454 ] ] ], [ [ [ 109.2744, 13.89247 ], [ 109.27196, 13.89487 ], [ 109.27173, 13.89519 ], [ 109.27145, 13.89538 ], [ 109.27137, 13.89496 ], [ 109.27152, 13.89372 ], [ 109.27223, 13.89328 ], [ 109.27254, 13.89261 ], [ 109.27214, 13.89245 ], [ 109.27159, 13.89272 ], [ 109.27105, 13.89289 ], [ 109.27087, 13.89271 ], [ 109.27168, 13.89183 ], [ 109.27181, 13.89115 ], [ 109.27221, 13.89079 ], [ 109.27293, 13.89082 ], [ 109.27291, 13.89124 ], [ 109.27273, 13.89172 ], [ 109.27264, 13.89204 ], [ 109.27284, 13.89236 ], [ 109.27321, 13.89216 ], [ 109.27346, 13.89191 ], [ 109.27357, 13.89119 ], [ 109.27395, 13.89092 ], [ 109.27421, 13.89038 ], [ 109.27455, 13.89029 ], [ 109.27438, 13.89199 ], [ 109.27444, 13.89241 ], [ 109.2744, 13.89247 ] ] ], [ [ [ 109.26759, 13.89674 ], [ 109.26724, 13.89659 ], [ 109.26747, 13.89643 ], [ 109.26759, 13.89674 ] ] ], [ [ [ 109.26334, 13.89724 ], [ 109.26318, 13.89716 ], [ 109.26339, 13.89713 ], [ 109.26334, 13.89724 ] ] ], [ [ [ 109.27348, 13.88409 ], [ 109.27344, 13.88395 ], [ 109.27316, 13.88357 ], [ 109.27351, 13.88295 ], [ 109.27319, 13.8819 ], [ 109.27276, 13.88142 ], [ 109.27112, 13.88153 ], [ 109.27077, 13.88183 ], [ 109.27136, 13.88236 ], [ 109.27194, 13.88205 ], [ 109.27251, 13.88202 ], [ 109.2727, 13.88237 ], [ 109.27272, 13.8829 ], [ 109.27234, 13.88343 ], [ 109.27231, 13.88387 ], [ 109.27246, 13.88438 ], [ 109.27265, 13.88454 ], [ 109.27282, 13.88476 ], [ 109.27427, 13.88469 ], [ 109.27513, 13.88446 ], [ 109.27535, 13.88429 ], [ 109.27557, 13.8838 ], [ 109.27566, 13.88343 ], [ 109.27614, 13.88244 ], [ 109.27623, 13.88108 ], [ 109.27641, 13.88079 ], [ 109.27652, 13.87992 ], [ 109.27717, 13.87983 ], [ 109.27721, 13.87978 ], [ 109.27731, 13.87978 ], [ 109.2774, 13.87978 ], [ 109.2774, 13.87969 ], [ 109.27758, 13.87969 ], [ 109.27759, 13.8796 ], [ 109.27768, 13.8796 ], [ 109.27768, 13.87951 ], [ 109.27785, 13.87957 ], [ 109.27779, 13.88033 ], [ 109.27782, 13.88086 ], [ 109.2781, 13.88111 ], [ 109.27921, 13.88129 ], [ 109.27918, 13.8818 ], [ 109.27935, 13.88229 ], [ 109.27885, 13.88288 ], [ 109.2787, 13.88363 ], [ 109.27853, 13.88327 ], [ 109.27835, 13.88336 ], [ 109.27724, 13.88346 ], [ 109.27673, 13.88422 ], [ 109.27632, 13.88447 ], [ 109.27587, 13.88496 ], [ 109.27548, 13.88513 ], [ 109.27457, 13.88591 ], [ 109.27415, 13.88695 ], [ 109.27383, 13.88693 ], [ 109.27356, 13.88695 ], [ 109.2734, 13.88744 ], [ 109.27342, 13.88774 ], [ 109.27333, 13.88802 ], [ 109.27322, 13.88746 ], [ 109.27302, 13.88708 ], [ 109.27218, 13.88712 ], [ 109.27191, 13.88741 ], [ 109.27173, 13.88798 ], [ 109.27126, 13.88818 ], [ 109.27128, 13.88852 ], [ 109.27192, 13.88864 ], [ 109.27238, 13.88883 ], [ 109.27288, 13.88892 ], [ 109.27303, 13.88847 ], [ 109.27324, 13.88821 ], [ 109.27341, 13.8884 ], [ 109.27377, 13.88857 ], [ 109.27405, 13.88879 ], [ 109.27324, 13.88942 ], [ 109.273, 13.89019 ], [ 109.27194, 13.89027 ], [ 109.27173, 13.88982 ], [ 109.27144, 13.88935 ], [ 109.27116, 13.88937 ], [ 109.27084, 13.88971 ], [ 109.27061, 13.88981 ], [ 109.27035, 13.88995 ], [ 109.27074, 13.89068 ], [ 109.27119, 13.89082 ], [ 109.27115, 13.89143 ], [ 109.27033, 13.89214 ], [ 109.26995, 13.89276 ], [ 109.26946, 13.89337 ], [ 109.26853, 13.894 ], [ 109.26809, 13.89459 ], [ 109.26771, 13.89485 ], [ 109.26732, 13.89514 ], [ 109.26715, 13.89566 ], [ 109.26671, 13.89635 ], [ 109.26594, 13.89646 ], [ 109.2656, 13.89658 ], [ 109.26453, 13.89733 ], [ 109.26394, 13.89744 ], [ 109.26372, 13.8973 ], [ 109.264, 13.89718 ], [ 109.26437, 13.89692 ], [ 109.26511, 13.89613 ], [ 109.26521, 13.89545 ], [ 109.26542, 13.89507 ], [ 109.26626, 13.89456 ], [ 109.26655, 13.89394 ], [ 109.26672, 13.89344 ], [ 109.2667, 13.89314 ], [ 109.26643, 13.8925 ], [ 109.26624, 13.89179 ], [ 109.2659, 13.89168 ], [ 109.26551, 13.89227 ], [ 109.26578, 13.89303 ], [ 109.26596, 13.89373 ], [ 109.26533, 13.89447 ], [ 109.26477, 13.89481 ], [ 109.26443, 13.89565 ], [ 109.26409, 13.89618 ], [ 109.26356, 13.89654 ], [ 109.2625, 13.8961 ], [ 109.2619, 13.89591 ], [ 109.26136, 13.8962 ], [ 109.261, 13.89658 ], [ 109.26083, 13.89742 ], [ 109.26041, 13.89795 ], [ 109.26018, 13.89912 ], [ 109.25981, 13.89922 ], [ 109.25944, 13.8995 ], [ 109.25928, 13.89949 ], [ 109.25903, 13.89954 ], [ 109.25882, 13.89884 ], [ 109.25852, 13.89804 ], [ 109.25686, 13.89312 ], [ 109.25644, 13.89315 ], [ 109.2519, 13.8932 ], [ 109.25129, 13.89324 ], [ 109.25121, 13.89315 ], [ 109.25116, 13.89283 ], [ 109.2513, 13.89194 ], [ 109.25145, 13.89202 ], [ 109.25172, 13.89245 ], [ 109.2526, 13.89265 ], [ 109.25339, 13.89237 ], [ 109.25371, 13.89213 ], [ 109.25385, 13.8915 ], [ 109.254, 13.89113 ], [ 109.25368, 13.89042 ], [ 109.25343, 13.88954 ], [ 109.25311, 13.8891 ], [ 109.25265, 13.88915 ], [ 109.2522, 13.88889 ], [ 109.25175, 13.88921 ], [ 109.25193, 13.88886 ], [ 109.25203, 13.88878 ], [ 109.25212, 13.88832 ], [ 109.25217, 13.88828 ], [ 109.2522, 13.88839 ], [ 109.25228, 13.88831 ], [ 109.25217, 13.88828 ], [ 109.25211, 13.88726 ], [ 109.25228, 13.8871 ], [ 109.25273, 13.88726 ], [ 109.25287, 13.8877 ], [ 109.25347, 13.88833 ], [ 109.25456, 13.88806 ], [ 109.25472, 13.88744 ], [ 109.25491, 13.88735 ], [ 109.25479, 13.88712 ], [ 109.25533, 13.8863 ], [ 109.25565, 13.88664 ], [ 109.25585, 13.88682 ], [ 109.25613, 13.88681 ], [ 109.25637, 13.88656 ], [ 109.25658, 13.88559 ], [ 109.25611, 13.88423 ], [ 109.25616, 13.88317 ], [ 109.25597, 13.88244 ], [ 109.25639, 13.88218 ], [ 109.2567, 13.88183 ], [ 109.25648, 13.8814 ], [ 109.25574, 13.88178 ], [ 109.25559, 13.88266 ], [ 109.25536, 13.88321 ], [ 109.25521, 13.88368 ], [ 109.25541, 13.88443 ], [ 109.25579, 13.88514 ], [ 109.25575, 13.88606 ], [ 109.25543, 13.88627 ], [ 109.25505, 13.88505 ], [ 109.25474, 13.88455 ], [ 109.25443, 13.88402 ], [ 109.2538, 13.88344 ], [ 109.25384, 13.88255 ], [ 109.25383, 13.88225 ], [ 109.25348, 13.88159 ], [ 109.25339, 13.88055 ], [ 109.25376, 13.88002 ], [ 109.25403, 13.87963 ], [ 109.25382, 13.87817 ], [ 109.25396, 13.87804 ], [ 109.25405, 13.87785 ], [ 109.25426, 13.87756 ], [ 109.25443, 13.87641 ], [ 109.25455, 13.87598 ], [ 109.25521, 13.8756 ], [ 109.25615, 13.87593 ], [ 109.25708, 13.87562 ], [ 109.25768, 13.87549 ], [ 109.25808, 13.87529 ], [ 109.25874, 13.8743 ], [ 109.25897, 13.87316 ], [ 109.25974, 13.87177 ], [ 109.25984, 13.87127 ], [ 109.25955, 13.87045 ], [ 109.25958, 13.86977 ], [ 109.25931, 13.86871 ], [ 109.25919, 13.86785 ], [ 109.25925, 13.8666 ], [ 109.25907, 13.86589 ], [ 109.25896, 13.86499 ], [ 109.25997, 13.86387 ], [ 109.26041, 13.86228 ], [ 109.26074, 13.86182 ], [ 109.26085, 13.86138 ], [ 109.26139, 13.86122 ], [ 109.26149, 13.85992 ], [ 109.26181, 13.85917 ], [ 109.2621, 13.85884 ], [ 109.26252, 13.8591 ], [ 109.26211, 13.86 ], [ 109.26182, 13.86088 ], [ 109.26167, 13.86128 ], [ 109.26157, 13.86206 ], [ 109.26129, 13.86245 ], [ 109.26111, 13.86272 ], [ 109.26082, 13.86308 ], [ 109.2607, 13.86332 ], [ 109.26017, 13.8638 ], [ 109.26004, 13.86393 ], [ 109.2598, 13.86458 ], [ 109.26008, 13.86527 ], [ 109.25979, 13.86569 ], [ 109.25969, 13.86621 ], [ 109.26006, 13.86669 ], [ 109.26017, 13.86717 ], [ 109.26053, 13.86804 ], [ 109.26079, 13.86842 ], [ 109.26109, 13.86841 ], [ 109.26127, 13.86772 ], [ 109.26106, 13.86694 ], [ 109.26071, 13.86642 ], [ 109.26027, 13.8654 ], [ 109.26068, 13.8645 ], [ 109.26138, 13.86363 ], [ 109.26156, 13.86335 ], [ 109.26222, 13.86264 ], [ 109.26241, 13.86197 ], [ 109.2624, 13.86169 ], [ 109.26242, 13.86132 ], [ 109.2626, 13.86083 ], [ 109.26279, 13.86026 ], [ 109.26293, 13.86002 ], [ 109.26334, 13.8608 ], [ 109.26296, 13.86133 ], [ 109.26297, 13.86166 ], [ 109.26268, 13.86192 ], [ 109.26255, 13.86256 ], [ 109.26258, 13.86349 ], [ 109.26277, 13.86422 ], [ 109.26346, 13.8652 ], [ 109.26359, 13.86576 ], [ 109.26377, 13.86628 ], [ 109.26414, 13.86645 ], [ 109.26436, 13.86622 ], [ 109.26432, 13.86504 ], [ 109.26349, 13.86409 ], [ 109.26328, 13.86294 ], [ 109.26347, 13.86209 ], [ 109.26398, 13.86115 ], [ 109.26408, 13.86024 ], [ 109.26344, 13.85948 ], [ 109.26345, 13.85927 ], [ 109.26432, 13.85908 ], [ 109.26465, 13.85859 ], [ 109.26523, 13.85793 ], [ 109.26519, 13.85679 ], [ 109.26543, 13.85528 ], [ 109.26542, 13.85489 ], [ 109.26552, 13.85461 ], [ 109.26595, 13.85441 ], [ 109.26735, 13.85399 ], [ 109.26792, 13.85414 ], [ 109.26836, 13.85392 ], [ 109.2681, 13.85499 ], [ 109.268, 13.85554 ], [ 109.26791, 13.85599 ], [ 109.26791, 13.8561 ], [ 109.26827, 13.85662 ], [ 109.26836, 13.85684 ], [ 109.26817, 13.85753 ], [ 109.26808, 13.85822 ], [ 109.26849, 13.85795 ], [ 109.26891, 13.85726 ], [ 109.269, 13.85717 ], [ 109.2691, 13.85847 ], [ 109.26903, 13.86 ], [ 109.26926, 13.86111 ], [ 109.26938, 13.8625 ], [ 109.26906, 13.86259 ], [ 109.26958, 13.86323 ], [ 109.26933, 13.86368 ], [ 109.26924, 13.86389 ], [ 109.26965, 13.86427 ], [ 109.26986, 13.86449 ], [ 109.26997, 13.86561 ], [ 109.27043, 13.86627 ], [ 109.27042, 13.8665 ], [ 109.26981, 13.86705 ], [ 109.26965, 13.86878 ], [ 109.26911, 13.86927 ], [ 109.26881, 13.86976 ], [ 109.26883, 13.87034 ], [ 109.26918, 13.87085 ], [ 109.26927, 13.87165 ], [ 109.26946, 13.87201 ], [ 109.26984, 13.87219 ], [ 109.27032, 13.87217 ], [ 109.26993, 13.87235 ], [ 109.26981, 13.87383 ], [ 109.27019, 13.87418 ], [ 109.27045, 13.87472 ], [ 109.27065, 13.8751 ], [ 109.27082, 13.87526 ], [ 109.271, 13.87557 ], [ 109.27063, 13.87544 ], [ 109.26971, 13.87532 ], [ 109.26915, 13.87534 ], [ 109.26783, 13.87506 ], [ 109.26787, 13.8744 ], [ 109.26805, 13.87389 ], [ 109.26815, 13.87347 ], [ 109.2676, 13.8728 ], [ 109.26741, 13.87251 ], [ 109.26722, 13.87234 ], [ 109.26691, 13.87235 ], [ 109.26667, 13.87272 ], [ 109.26689, 13.87312 ], [ 109.26723, 13.87334 ], [ 109.26741, 13.87349 ], [ 109.26712, 13.87415 ], [ 109.26702, 13.87458 ], [ 109.26629, 13.87432 ], [ 109.26568, 13.87421 ], [ 109.26536, 13.87371 ], [ 109.26475, 13.87392 ], [ 109.26414, 13.87376 ], [ 109.26329, 13.87379 ], [ 109.26241, 13.87339 ], [ 109.26157, 13.87327 ], [ 109.26097, 13.87279 ], [ 109.26084, 13.87226 ], [ 109.26088, 13.87147 ], [ 109.26057, 13.87102 ], [ 109.26001, 13.87104 ], [ 109.26004, 13.87184 ], [ 109.26001, 13.87245 ], [ 109.26014, 13.87297 ], [ 109.2611, 13.87353 ], [ 109.26156, 13.87402 ], [ 109.26213, 13.87411 ], [ 109.2624, 13.87421 ], [ 109.26315, 13.8743 ], [ 109.26347, 13.87441 ], [ 109.26422, 13.87439 ], [ 109.26495, 13.87458 ], [ 109.26555, 13.87468 ], [ 109.26577, 13.8748 ], [ 109.26608, 13.87513 ], [ 109.267, 13.87524 ], [ 109.26711, 13.87564 ], [ 109.26614, 13.87543 ], [ 109.26581, 13.8756 ], [ 109.26582, 13.87596 ], [ 109.26641, 13.87624 ], [ 109.26726, 13.87645 ], [ 109.26796, 13.87719 ], [ 109.26819, 13.87793 ], [ 109.26847, 13.87845 ], [ 109.26857, 13.87877 ], [ 109.26867, 13.87905 ], [ 109.26918, 13.87929 ], [ 109.26875, 13.87989 ], [ 109.26865, 13.88071 ], [ 109.26953, 13.88152 ], [ 109.27, 13.88203 ], [ 109.27025, 13.88213 ], [ 109.27049, 13.8817 ], [ 109.26998, 13.88137 ], [ 109.26967, 13.88104 ], [ 109.2694, 13.88011 ], [ 109.26958, 13.87959 ], [ 109.26968, 13.87917 ], [ 109.26936, 13.87871 ], [ 109.2691, 13.87806 ], [ 109.26886, 13.8776 ], [ 109.26886, 13.8775 ], [ 109.2694, 13.87725 ], [ 109.26987, 13.8769 ], [ 109.27028, 13.87718 ], [ 109.27048, 13.87829 ], [ 109.27023, 13.87888 ], [ 109.27024, 13.87917 ], [ 109.27068, 13.87957 ], [ 109.2712, 13.87965 ], [ 109.27127, 13.87976 ], [ 109.2717, 13.87987 ], [ 109.27185, 13.87965 ], [ 109.27194, 13.87965 ], [ 109.27194, 13.87956 ], [ 109.27203, 13.87956 ], [ 109.27204, 13.87938 ], [ 109.27213, 13.87938 ], [ 109.27213, 13.8792 ], [ 109.27222, 13.8792 ], [ 109.27222, 13.87884 ], [ 109.27241, 13.87875 ], [ 109.27241, 13.87884 ], [ 109.27259, 13.87884 ], [ 109.27259, 13.87893 ], [ 109.27269, 13.87894 ], [ 109.27269, 13.87903 ], [ 109.27278, 13.87903 ], [ 109.27278, 13.87912 ], [ 109.27296, 13.87912 ], [ 109.27301, 13.87917 ], [ 109.27365, 13.87944 ], [ 109.27389, 13.87949 ], [ 109.27388, 13.87958 ], [ 109.27398, 13.87958 ], [ 109.2741, 13.87995 ], [ 109.27459, 13.88017 ], [ 109.27514, 13.87981 ], [ 109.27539, 13.87982 ], [ 109.27581, 13.88046 ], [ 109.27549, 13.8812 ], [ 109.27572, 13.88184 ], [ 109.27539, 13.88225 ], [ 109.27504, 13.88282 ], [ 109.27492, 13.88353 ], [ 109.27462, 13.8838 ], [ 109.27411, 13.88403 ], [ 109.27348, 13.88409 ] ], [ [ 109.26151, 13.88227 ], [ 109.26201, 13.88165 ], [ 109.26235, 13.88082 ], [ 109.26199, 13.87999 ], [ 109.2617, 13.87919 ], [ 109.26174, 13.87861 ], [ 109.26231, 13.87826 ], [ 109.2625, 13.87806 ], [ 109.2627, 13.87764 ], [ 109.26262, 13.87724 ], [ 109.26219, 13.87729 ], [ 109.26128, 13.87797 ], [ 109.26108, 13.87943 ], [ 109.26135, 13.88034 ], [ 109.26143, 13.88097 ], [ 109.261, 13.88189 ], [ 109.26062, 13.88328 ], [ 109.26029, 13.88431 ], [ 109.26011, 13.88513 ], [ 109.25984, 13.8855 ], [ 109.25966, 13.88624 ], [ 109.25984, 13.88694 ], [ 109.26022, 13.88785 ], [ 109.26007, 13.88813 ], [ 109.25959, 13.8881 ], [ 109.2592, 13.88789 ], [ 109.25881, 13.88736 ], [ 109.25858, 13.8872 ], [ 109.25824, 13.88738 ], [ 109.25732, 13.88748 ], [ 109.25686, 13.88778 ], [ 109.25675, 13.88854 ], [ 109.25662, 13.88911 ], [ 109.25668, 13.89023 ], [ 109.25627, 13.89152 ], [ 109.25592, 13.89227 ], [ 109.25608, 13.89272 ], [ 109.25627, 13.89289 ], [ 109.25655, 13.89287 ], [ 109.2569, 13.89214 ], [ 109.25724, 13.89131 ], [ 109.25738, 13.8899 ], [ 109.25748, 13.88954 ], [ 109.25758, 13.88836 ], [ 109.2577, 13.88794 ], [ 109.25795, 13.88783 ], [ 109.25878, 13.88856 ], [ 109.25922, 13.88887 ], [ 109.26007, 13.8887 ], [ 109.26046, 13.88884 ], [ 109.26065, 13.88883 ], [ 109.26082, 13.88847 ], [ 109.26095, 13.88825 ], [ 109.2609, 13.88739 ], [ 109.26065, 13.8874 ], [ 109.26056, 13.88648 ], [ 109.26043, 13.88601 ], [ 109.26094, 13.88496 ], [ 109.26103, 13.88468 ], [ 109.26137, 13.88377 ], [ 109.26154, 13.88279 ], [ 109.26151, 13.88227 ] ], [ [ 109.25586, 13.88007 ], [ 109.25593, 13.87965 ], [ 109.25561, 13.87941 ], [ 109.25557, 13.87936 ], [ 109.25517, 13.87942 ], [ 109.25509, 13.87989 ], [ 109.25553, 13.88021 ], [ 109.25586, 13.88007 ] ], [ [ 109.26038, 13.89219 ], [ 109.2595, 13.89268 ], [ 109.25958, 13.89398 ], [ 109.25992, 13.89451 ], [ 109.2605, 13.89476 ], [ 109.26188, 13.89508 ], [ 109.26234, 13.89488 ], [ 109.26262, 13.89441 ], [ 109.26266, 13.89391 ], [ 109.26244, 13.89341 ], [ 109.26193, 13.89297 ], [ 109.26162, 13.89262 ], [ 109.26122, 13.89234 ], [ 109.26088, 13.89219 ], [ 109.26084, 13.89214 ], [ 109.26038, 13.89219 ] ], [ [ 109.26937, 13.88513 ], [ 109.26935, 13.88553 ], [ 109.26952, 13.8859 ], [ 109.27004, 13.88626 ], [ 109.2706, 13.88647 ], [ 109.27146, 13.88624 ], [ 109.27171, 13.88567 ], [ 109.2715, 13.88521 ], [ 109.27104, 13.88518 ], [ 109.27097, 13.88525 ], [ 109.27088, 13.88525 ], [ 109.27088, 13.88516 ], [ 109.27014, 13.88515 ], [ 109.27002, 13.88502 ], [ 109.26937, 13.88513 ] ], [ [ 109.27006, 13.88285 ], [ 109.26978, 13.88327 ], [ 109.2697, 13.88361 ], [ 109.26987, 13.88407 ], [ 109.27027, 13.88433 ], [ 109.2707, 13.88417 ], [ 109.2708, 13.8838 ], [ 109.2711, 13.88365 ], [ 109.27117, 13.88335 ], [ 109.27095, 13.88321 ], [ 109.27059, 13.88311 ], [ 109.27035, 13.88277 ], [ 109.27006, 13.88285 ] ], [ [ 109.26341, 13.87062 ], [ 109.26372, 13.87039 ], [ 109.26377, 13.87001 ], [ 109.26357, 13.86914 ], [ 109.26379, 13.8686 ], [ 109.2637, 13.86821 ], [ 109.2632, 13.86825 ], [ 109.26299, 13.86859 ], [ 109.26282, 13.86984 ], [ 109.26303, 13.87057 ], [ 109.26341, 13.87062 ] ], [ [ 109.26049, 13.87043 ], [ 109.26036, 13.87008 ], [ 109.26014, 13.87014 ], [ 109.26009, 13.87057 ], [ 109.26049, 13.87043 ] ], [ [ 109.26698, 13.8665 ], [ 109.26765, 13.86665 ], [ 109.26826, 13.86688 ], [ 109.26874, 13.86669 ], [ 109.26882, 13.86613 ], [ 109.26848, 13.86609 ], [ 109.26808, 13.86613 ], [ 109.26781, 13.86602 ], [ 109.26737, 13.86575 ], [ 109.26733, 13.8657 ], [ 109.26646, 13.86574 ], [ 109.26631, 13.86597 ], [ 109.26698, 13.8665 ] ], [ [ 109.26473, 13.86313 ], [ 109.26421, 13.86356 ], [ 109.26434, 13.86457 ], [ 109.26519, 13.86555 ], [ 109.26562, 13.86525 ], [ 109.26544, 13.86474 ], [ 109.26505, 13.86388 ], [ 109.26513, 13.86306 ], [ 109.26473, 13.86313 ] ] ], [ [ [ 109.26758, 13.89965 ], [ 109.26637, 13.90117 ], [ 109.26479, 13.90125 ], [ 109.26199, 13.9014 ], [ 109.26095, 13.90145 ], [ 109.26114, 13.90102 ], [ 109.26147, 13.90051 ], [ 109.26156, 13.90032 ], [ 109.26173, 13.90017 ], [ 109.26205, 13.89975 ], [ 109.26262, 13.89926 ], [ 109.26285, 13.89857 ], [ 109.26306, 13.89825 ], [ 109.26463, 13.89817 ], [ 109.26562, 13.89751 ], [ 109.26583, 13.89728 ], [ 109.2664, 13.89715 ], [ 109.26679, 13.89695 ], [ 109.26742, 13.89692 ], [ 109.26752, 13.89771 ], [ 109.26783, 13.89819 ], [ 109.26822, 13.89822 ], [ 109.26842, 13.89804 ], [ 109.26843, 13.89793 ], [ 109.26797, 13.89739 ], [ 109.26793, 13.89698 ], [ 109.26814, 13.89687 ], [ 109.26808, 13.89633 ], [ 109.26793, 13.89626 ], [ 109.26793, 13.89617 ], [ 109.26784, 13.89616 ], [ 109.26784, 13.8958 ], [ 109.26784, 13.89571 ], [ 109.26794, 13.89571 ], [ 109.26794, 13.89562 ], [ 109.26812, 13.89562 ], [ 109.26812, 13.89553 ], [ 109.26849, 13.89554 ], [ 109.26855, 13.8956 ], [ 109.26914, 13.89597 ], [ 109.26968, 13.89657 ], [ 109.26983, 13.89639 ], [ 109.26949, 13.89609 ], [ 109.26934, 13.89542 ], [ 109.26866, 13.89521 ], [ 109.26893, 13.8945 ], [ 109.26978, 13.89405 ], [ 109.27, 13.89381 ], [ 109.27039, 13.89321 ], [ 109.27081, 13.89298 ], [ 109.27114, 13.89336 ], [ 109.27058, 13.89361 ], [ 109.27064, 13.89466 ], [ 109.27077, 13.89518 ], [ 109.27074, 13.8957 ], [ 109.2708, 13.896 ], [ 109.27057, 13.89632 ], [ 109.26938, 13.89755 ], [ 109.26758, 13.89965 ] ] ], [ [ [ 109.26232, 13.89686 ], [ 109.26279, 13.89706 ], [ 109.26291, 13.89734 ], [ 109.2626, 13.89752 ], [ 109.26233, 13.89798 ], [ 109.26207, 13.89833 ], [ 109.26192, 13.89879 ], [ 109.26129, 13.8995 ], [ 109.26083, 13.90012 ], [ 109.26055, 13.90059 ], [ 109.26018, 13.90105 ], [ 109.26012, 13.90153 ], [ 109.25969, 13.9015 ], [ 109.25942, 13.90069 ], [ 109.25939, 13.90044 ], [ 109.25948, 13.90035 ], [ 109.25982, 13.90006 ], [ 109.26042, 13.8998 ], [ 109.26077, 13.89957 ], [ 109.26122, 13.89853 ], [ 109.2614, 13.89725 ], [ 109.26163, 13.89672 ], [ 109.2619, 13.89662 ], [ 109.26232, 13.89686 ] ] ] ] } }
]
}
