{
  "type" : "FeatureCollection",
  "crs" : {
    "type" : "name",
    "properties" : {
      "name" : "EPSG:32649"
    }
  },
  "features" : [
    {
      "type" : "Feature",
      "id" : 1,
      "geometry" : {
        "type" : "MultiPolygon",
        "coordinates" : [
          [
            [
              [
                312661.06190336123,
                1522928.2050206698
              ],
              [
                312682.04579008091,
                1523001.5973546561
              ],
              [
                312698.10963285342,
                1523102.6996495798
              ],
              [
                312671.37440336216,
                1523148.1806066129
              ],
              [
                312683.66261136904,
                1523202.2760655936
              ],
              [
                312663.08766019717,
                1523186.3947179373
              ],
              [
                312629.97913969029,
                1523131.0370519236
              ],
              [
                312646.41224515904,
                1523019.8358800486
              ],
              [
                312599.45484769903,
                1522983.5907628592
              ],
              [
                312613.66261136997,
                1522922.2760655954
              ],
              [
                312661.06190336123,
                1522928.2050206698
              ]
            ]
          ],
          [
            [
              [
                312663.66261137091,
                1523392.2760655973
              ],
              [
                312663.66261137091,
                1523402.276065601
              ],
              [
                312653.66261137091,
                1523402.276065601
              ],
              [
                312653.66261137091,
                1523392.2760655973
              ],
              [
                312663.66261137091,
                1523392.2760655973
              ]
            ]
          ],
          [
            [
              [
                314308.37086332217,
                1523677.8595616873
              ],
              [
                314283.90186918154,
                1523676.889102703
              ],
              [
                314268.85304105747,
                1523623.0597570017
              ],
              [
                314435.23975980747,
                1523468.8934972342
              ],
              [
                314483.66261136904,
                1523462.2760655936
              ],
              [
                314488.47218168154,
                1523467.4664952811
              ],
              [
                314501.32252347842,
                1523479.3732335605
              ],
              [
                314556.88404691685,
                1523505.5951573923
              ],
              [
                314507.46388090122,
                1523598.9911534861
              ],
              [
                314444.44630277529,
                1523639.6857335661
              ],
              [
                314359.41822660342,
                1523636.3153722361
              ],
              [
                314308.37086332217,
                1523677.8595616873
              ]
            ]
          ],
          [
            [
              [
                312718.34400785435,
                1523459.3866612967
              ],
              [
                312728.29090726748,
                1523567.6483800467
              ],
              [
                312743.49720609654,
                1523609.0558507536
              ],
              [
                312759.03431547061,
                1523636.9037511405
              ],
              [
                312773.00648343936,
                1523668.2160069998
              ],
              [
                312765.77625882998,
                1523758.2001378592
              ],
              [
                312723.66261136997,
                1523832.2760655973
              ],
              [
                312681.06983793247,
                1523798.168399578
              ],
              [
                312660.90016019717,
                1523659.5880773142
              ],
              [
                312648.10963285249,
                1523637.8290441111
              ],
              [
                312639.2155898856,
                1523568.8642003592
              ],
              [
                312669.2155898856,
                1523517.8290441129
              ],
              [
                312681.52088773623,
                1523474.7919347379
              ],
              [
                312663.66261137091,
                1523412.2760655917
              ],
              [
                312718.34400785435,
                1523459.3866612967
              ]
            ]
          ],
          [
            [
              [
                314278.25611722842,
                1523838.6310460661
              ],
              [
                314237.73121488467,
                1523857.0856359098
              ],
              [
                314218.13526761811,
                1523815.565860521
              ],
              [
                314219.19483793247,
                1523788.8568761442
              ],
              [
                314253.66261136904,
                1523782.2760655954
              ],
              [
                314278.25611722842,
                1523838.6310460661
              ]
            ]
          ],
          [
            [
              [
                313230.34962308966,
                1523791.8463780936
              ],
              [
                313248.38184965029,
                1523907.5568273142
              ],
              [
                313264.37550199497,
                1523967.2760655917
              ],
              [
                313248.38184965029,
                1524026.9953038748
              ],
              [
                313238.94337308686,
                1524247.5568273123
              ],
              [
                313206.13697660342,
                1524289.8920323923
              ],
              [
                313209.28639066499,
                1524342.7496984061
              ],
              [
                313157.81910551153,
                1524416.4325597342
              ],
              [
                313130.10304105654,
                1524476.8183019254
              ],
              [
                313118.94337308966,
                1524607.5568273142
              ],
              [
                313099.83936918247,
                1524715.0653722361
              ],
              [
                313019.96388090122,
                1524806.6461827848
              ],
              [
                312998.01197660342,
                1524826.2592198923
              ],
              [
                312922.98573148716,
                1524836.9953038786
              ],
              [
                312825.41737211123,
                1524753.9948155954
              ],
              [
                312763.92323148716,
                1524648.3710363004
              ],
              [
                312723.69312894717,
                1524497.2748448923
              ],
              [
                312693.66261136904,
                1524432.2760655954
              ],
              [
                312705.51380765904,
                1524419.4855382536
              ],
              [
                312866.81751859561,
                1524332.3627355192
              ],
              [
                312879.40418851748,
                1524240.2631261423
              ],
              [
                312918.47218168154,
                1524183.4882237986
              ],
              [
                312886.77967679873,
                1524123.1366613004
              ],
              [
                312830.18971098028,
                1524040.8978917655
              ],
              [
                312818.47218168154,
                1524007.4664952829
              ],
              [
                312803.66261136904,
                1523942.2760655936
              ],
              [
                312837.16725004185,
                1523931.9306066073
              ],
              [
                312892.88502347842,
                1523869.5697667673
              ],
              [
                312970.19398343936,
                1523820.4022862967
              ],
              [
                313116.3444961356,
                1523775.2716710623
              ],
              [
                313201.50318754092,
                1523728.9960362986
              ],
              [
                313230.34962308966,
                1523791.8463780936
              ]
            ]
          ],
          [
            [
              [
                315137.85694730747,
                1533097.8693273105
              ],
              [
                315048.47218168154,
                1533237.0853307303
              ],
              [
                315033.5368789481,
                1533315.3101232108
              ],
              [
                314982.95094144717,
                1533333.0402257517
              ],
              [
                314958.47218168154,
                1533297.4668004587
              ],
              [
                314921.11622465122,
                1533239.6192052439
              ],
              [
                314857.72633207124,
                1533188.0298497751
              ],
              [
                314743.50391996466,
                1533175.8737828806
              ],
              [
                314728.47218168154,
                1533147.4668004569
              ],
              [
                314694.20826566685,
                1533059.4772985037
              ],
              [
                314636.3640273856,
                1533039.2029454783
              ],
              [
                314598.47218168154,
                1533057.0853307359
              ],
              [
                314523.23536527529,
                1533096.8967320956
              ],
              [
                314449.25587308779,
                1533099.8288610075
              ],
              [
                314312.42848050967,
                1533022.8064611033
              ],
              [
                314283.33790433966,
                1532894.8889806364
              ],
              [
                314298.47218168154,
                1532847.0853307322
              ],
              [
                314315.59864652436,
                1532798.2202794608
              ],
              [
                314201.59107816592,
                1532771.0636022147
              ],
              [
                314168.85304105747,
                1532723.4885289744
              ],
              [
                314178.47218168154,
                1532647.0853307322
              ],
              [
                314204.65748441685,
                1532583.3374669608
              ],
              [
                314211.24073637091,
                1532417.2418859079
              ],
              [
                314178.47218168154,
                1532337.4664952811
              ],
              [
                314168.85304105747,
                1532287.0856359079
              ],
              [
                314148.85304105654,
                1532210.7581212576
              ],
              [
                314160.1091445731,
                1532136.2494542655
              ],
              [
                314233.9616836356,
                1531967.0148351267
              ],
              [
                314268.85304105747,
                1531867.4664952848
              ],
              [
                314300.3239883231,
                1531722.4829747751
              ],
              [
                314345.74879301153,
                1531636.6394689139
              ],
              [
                314360.08228910528,
                1531501.9495275095
              ],
              [
                314438.85304105561,
                1531377.4664952829
              ],
              [
                314488.47218168154,
                1531297.0856359061
              ],
              [
                314528.85304105747,
                1531247.4664952848
              ],
              [
                314558.47218168247,
                1531207.0856359079
              ],
              [
                314618.47218168154,
                1531128.8422277048
              ],
              [
                314594.82716215029,
                1531102.6203038786
              ],
              [
                314538.85304105841,
                1531050.7581212595
              ],
              [
                314555.4216445731,
                1530958.3045079764
              ],
              [
                314568.47218168247,
                1530917.0856359079
              ],
              [
                314588.20484769903,
                1530879.7949864939
              ],
              [
                314615.42530668247,
                1530782.1399571933
              ],
              [
                314648.47218168247,
                1530737.0856359079
              ],
              [
                314708.85304105654,
                1530667.4664952829
              ],
              [
                314763.10475004092,
                1530575.1843907908
              ],
              [
                314838.63331449404,
                1530523.2123448923
              ],
              [
                314955.33375394717,
                1530457.6062657926
              ],
              [
                314968.80299222935,
                1530457.0722081717
              ],
              [
                315044.52564847842,
                1530476.9141271189
              ],
              [
                315086.84620511904,
                1530478.5913732108
              ],
              [
                315110.11402738467,
                1530457.0331456736
              ],
              [
                315128.85304105654,
                1530367.4664952811
              ],
              [
                315138.47218168341,
                1530317.0856359079
              ],
              [
                315150.24342191592,
                1530272.1607091483
              ],
              [
                315147.63600004185,
                1530206.3739659842
              ],
              [
                315159.88209379092,
                1530116.7700841483
              ],
              [
                315208.08155668247,
                1530006.319644697
              ],
              [
                315219.15943754278,
                1529879.1962316111
              ],
              [
                315258.09132230747,
                1529796.7041661795
              ],
              [
                315308.47218168247,
                1529701.4923741873
              ],
              [
                315292.19776761904,
                1529609.4379308298
              ],
              [
                315268.85304105654,
                1529597.0856359079
              ],
              [
                315179.91139066685,
                1529580.1050450895
              ],
              [
                315158.85304105747,
                1529520.0232579783
              ],
              [
                315189.79908597842,
                1529452.2943761442
              ],
              [
                315236.64967191685,
                1529477.0856359061
              ],
              [
                315258.47218168061,
                1529459.8853185251
              ],
              [
                315248.85304105654,
                1529407.0856359079
              ],
              [
                315227.01222074404,
                1529353.9130284879
              ],
              [
                315229.75025785528,
                1529284.8309972361
              ],
              [
                315212.03663480747,
                1529131.9104650095
              ],
              [
                315246.77174222842,
                1529058.3106114902
              ],
              [
                315353.66261136904,
                1529052.2760655936
              ],
              [
                315380.8366836356,
                1529096.6565587614
              ],
              [
                315434.1814101981,
                1529299.1394689158
              ],
              [
                315484.06544340029,
                1529383.9917638376
              ],
              [
                315562.86671293154,
                1529400.478580242
              ],
              [
                315698.37818754092,
                1529395.1074864939
              ],
              [
                315701.04542386904,
                1529462.3975255564
              ],
              [
                315643.9177383231,
                1529566.4569737986
              ],
              [
                315598.85304105654,
                1529597.4664952829
              ],
              [
                315559.02271879092,
                1529623.1873204783
              ],
              [
                315556.32984769903,
                1529691.1279943045
              ],
              [
                315602.07447660342,
                1529865.7068517264
              ],
              [
                315588.85304105654,
                1529907.4664952848
              ],
              [
                315565.60963285435,
                1529973.7842443064
              ],
              [
                315587.27833402716,
                1530077.3554112948
              ],
              [
                315589.75147855747,
                1530139.7437169645
              ],
              [
                315578.85304105654,
                1530287.4664952848
              ],
              [
                315562.76173246466,
                1530364.3805577811
              ],
              [
                315627.46388090122,
                1530512.6453282889
              ],
              [
                315648.47218168247,
                1530613.059756998
              ],
              [
                315638.1999648856,
                1530649.8023107126
              ],
              [
                315599.72584379278,
                1530722.5128820017
              ],
              [
                315625.16285550967,
                1530795.0861241873
              ],
              [
                315605.31056058779,
                1530919.7046544608
              ],
              [
                315579.99683988653,
                1530947.0252111033
              ],
              [
                315549.46217191685,
                1530948.2355382498
              ],
              [
                315538.47218168247,
                1530927.4664952829
              ],
              [
                315510.96485746372,
                1530869.1821935251
              ],
              [
                315464.8747695731,
                1530837.4664952811
              ],
              [
                315344.22779691778,
                1530868.1653478201
              ],
              [
                315286.03932035528,
                1530898.9557530936
              ],
              [
                315209.66725004092,
                1530895.9284093492
              ],
              [
                315195.97218168341,
                1530921.8085362986
              ],
              [
                315152.51026761997,
                1531059.0863683298
              ],
              [
                315115.55103910342,
                1531143.7781407908
              ],
              [
                315121.37989652529,
                1531290.8441808298
              ],
              [
                315079.62086332124,
                1531400.2826573905
              ],
              [
                315053.7419570731,
                1531508.9240148142
              ],
              [
                315028.85304105654,
                1531547.4664952829
              ],
              [
                314943.60890043061,
                1531643.9002111033
              ],
              [
                314919.56471097935,
                1531712.5006749704
              ],
              [
                314908.85304105654,
                1531757.4664952811
              ],
              [
                314858.47218168154,
                1531867.0856359079
              ],
              [
                314847.7605117606,
                1531912.0514562204
              ],
              [
                314818.59669340122,
                1531995.2594640311
              ],
              [
                314808.56983793061,
                1532141.5967443045
              ],
              [
                314766.02345121279,
                1532211.0840489939
              ],
              [
                314748.85304105747,
                1532247.4664952829
              ],
              [
                314672.66529691685,
                1532358.184879072
              ],
              [
                314629.96998441685,
                1532462.1292760428
              ],
              [
                314611.20411527529,
                1532551.8219640311
              ],
              [
                314671.02467191778,
                1532592.985599285
              ],
              [
                314806.04664457403,
                1532609.1428258494
              ],
              [
                314915.54859769717,
                1532667.085330734
              ],
              [
                314978.85304105747,
                1532647.4668004606
              ],
              [
                315061.0026992606,
                1532613.7232091501
              ],
              [
                315135.91480863653,
                1532587.4668004625
              ],
              [
                315268.47218168154,
                1532599.8529698905
              ],
              [
                315258.85304105654,
                1532647.4668004606
              ],
              [
                315240.91847074311,
                1532715.9143712576
              ],
              [
                315265.90870511997,
                1532787.21411491
              ],
              [
                315219.0202773856,
                1532855.3531529978
              ],
              [
                315205.64747465122,
                1532897.5937535819
              ],
              [
                315149.18507230654,
                1532979.6466710623
              ],
              [
                315137.85694730747,
                1533097.8693273105
              ]
            ]
          ]
        ]
      },
      "properties" : {
        "OBJECTID" : 1,
        "gridcode" : 1,
        "Shape_Length" : 17243.889978287792,
        "Shape_Area" : 2827633.2840510961
      }
    },
    {
      "type" : "Feature",
      "id" : 2,
      "geometry" : {
        "type" : "MultiPolygon",
        "coordinates" : [
          [
            [
              [
                314585.03834379092,
                1522305.2423741911
              ],
              [
                314576.55079496279,
                1522354.5429112986
              ],
              [
                314519.39747465122,
                1522366.0956456736
              ],
              [
                314534.17286527622,
                1522280.2704503573
              ],
              [
                314563.66261137091,
                1522272.2760655973
              ],
              [
                314585.03834379092,
                1522305.2423741911
              ]
            ]
          ],
          [
            [
              [
                312483.66261136904,
                1522512.2760655917
              ],
              [
                312429.36573636904,
                1522502.8266027067
              ],
              [
                312358.44105375186,
                1522446.1029698905
              ],
              [
                312312.66102445591,
                1522365.1288487986
              ],
              [
                312278.10963285435,
                1522317.8290441111
              ],
              [
                312219.2155898856,
                1522206.723087078
              ],
              [
                312174.79054105654,
                1522171.1481359061
              ],
              [
                312108.08766019717,
                1522087.8510167692
              ],
              [
                312035.89710843936,
                1522030.0421788767
              ],
              [
                312007.31556547061,
                1521994.3500402048
              ],
              [
                311931.91029203497,
                1521962.5751378592
              ],
              [
                311915.8708633231,
                1521942.5458409861
              ],
              [
                311929.21558988467,
                1521907.8290441111
              ],
              [
                311938.10963285435,
                1521866.7230870798
              ],
              [
                311943.66261136997,
                1521852.2760655936
              ],
              [
                311979.03431547061,
                1521856.9037511405
              ],
              [
                312038.29090726934,
                1521907.6483800504
              ],
              [
                312076.59779203404,
                1521916.9037511423
              ],
              [
                312190.02796781436,
                1521892.1625402048
              ],
              [
                312259.57447660435,
                1521897.7509191111
              ],
              [
                312298.29090726748,
                1521935.2118566129
              ],
              [
                312278.29090726655,
                1522026.9037511442
              ],
              [
                312269.03431547247,
                1522106.7963292692
              ],
              [
                312333.25550687779,
                1522251.4667394217
              ],
              [
                312361.5446914481,
                1522375.9894444998
              ],
              [
                312432.14954984561,
                1522436.8183019217
              ],
              [
                312483.66261136904,
                1522512.2760655917
              ]
            ]
          ],
          [
            [
              [
                312483.66261136904,
                1522512.2760655917
              ],
              [
                312493.66261136904,
                1522512.2760655917
              ],
              [
                312493.66261136904,
                1522522.2760655936
              ],
              [
                312483.66261136904,
                1522522.2760655936
              ],
              [
                312483.66261136904,
                1522512.2760655917
              ]
            ]
          ],
          [
            [
              [
                314568.29029691685,
                1522717.6483800486
              ],
              [
                314589.77833402622,
                1522736.1603429392
              ],
              [
                314614.8503555106,
                1522765.2619054392
              ],
              [
                314608.08643949311,
                1522849.4513585661
              ],
              [
                314548.29029691685,
                1522886.9037511386
              ],
              [
                314513.82862699404,
                1522911.3397863042
              ],
              [
                314449.71729886997,
                1523000.6232335642
              ],
              [
                314436.25172269717,
                1523059.8944737986
              ],
              [
                314393.50514066685,
                1523056.459415203
              ],
              [
                314400.52540433686,
                1522969.0875890311
              ],
              [
                314444.64283597842,
                1522864.3317296617
              ],
              [
                314489.0349258231,
                1522807.6483800448
              ],
              [
                314514.46217191592,
                1522740.6427648123
              ],
              [
                314563.66261137091,
                1522712.2760655973
              ],
              [
                314568.29029691685,
                1522717.6483800486
              ]
            ]
          ],
          [
            [
              [
                315296.35304105654,
                1523694.5575597361
              ],
              [
                315266.67896879092,
                1523770.0397374704
              ],
              [
                315209.04102933872,
                1523786.6327550504
              ],
              [
                315149.27174222935,
                1523750.5792882498
              ],
              [
                315139.30592191685,
                1523729.4196202829
              ],
              [
                315230.08228910435,
                1523667.3895909842
              ],
              [
                315283.66261136904,
                1523662.2760655973
              ],
              [
                315296.35304105654,
                1523694.5575597361
              ]
            ]
          ],
          [
            [
              [
                314527.78614652716,
                1523890.0006749723
              ],
              [
                314418.56251371279,
                1524047.1759679411
              ],
              [
                314408.76270902436,
                1524077.9608800504
              ],
              [
                314438.43556058779,
                1524106.4704015329
              ],
              [
                314448.56251371372,
                1524128.352725748
              ],
              [
                314418.65650785342,
                1524186.4044835642
              ],
              [
                314403.76881254185,
                1524308.2477452848
              ],
              [
                314377.98267972842,
                1524358.3026769254
              ],
              [
                314298.56251371279,
                1524417.1759679392
              ],
              [
                314268.76270902622,
                1524457.3761632498
              ],
              [
                314207.2478164481,
                1524528.7006261423
              ],
              [
                314140.57667386997,
                1524572.4115636405
              ],
              [
                314098.09376371372,
                1524659.9799230173
              ],
              [
                314038.56251371372,
                1524717.1759679411
              ],
              [
                314000.21046293247,
                1524757.0929601248
              ],
              [
                313941.01002347935,
                1524768.6505773142
              ],
              [
                313859.7282851981,
                1524766.9916417655
              ],
              [
                313818.76270902622,
                1524695.0226476267
              ],
              [
                313839.91505277622,
                1524591.7523839567
              ],
              [
                313890.40943754185,
                1524525.2057530973
              ],
              [
                313918.56251371372,
                1524467.1759679373
              ],
              [
                313949.75391996372,
                1524415.741641771
              ],
              [
                313948.15235746372,
                1524337.2760655954
              ],
              [
                313949.15455472935,
                1524288.1439855155
              ],
              [
                313928.56251371372,
                1524237.3761632498
              ],
              [
                313918.76270902622,
                1524211.3361241873
              ],
              [
                313958.03516996279,
                1524114.5160558298
              ],
              [
                313888.87379300967,
                1524048.0670812186
              ],
              [
                313878.76270902529,
                1524025.6110265311
              ],
              [
                313928.77979886997,
                1523928.5187413767
              ],
              [
                314010.01637113467,
                1523834.3268468454
              ],
              [
                314029.07887113467,
                1523775.5866124667
              ],
              [
                314048.76270902622,
                1523737.3761632536
              ],
              [
                314059.53785550967,
                1523715.1654698905
              ],
              [
                314058.40748441685,
                1523659.7565343454
              ],
              [
                314108.76270902529,
                1523597.3761632517
              ],
              [
                314164.10572660342,
                1523522.719180828
              ],
              [
                314238.76270902622,
                1523467.376163248
              ],
              [
                314279.88087308872,
                1523436.176212078
              ],
              [
                314318.56251371279,
                1523377.1759679411
              ],
              [
                314358.76270902622,
                1523327.3761632498
              ],
              [
                314368.56251371372,
                1523277.1759679392
              ],
              [
                314390.08717191592,
                1523224.1107823905
              ],
              [
                314408.56251371279,
                1523167.1759679373
              ],
              [
                314435.95753324497,
                1523099.6369054373
              ],
              [
                314473.66261136904,
                1523092.2760655954
              ],
              [
                314478.56251371372,
                1523097.3761632498
              ],
              [
                314549.5476211356,
                1523131.8146398123
              ],
              [
                314568.56251371372,
                1523163.5126378592
              ],
              [
                314530.33863675967,
                1523295.5939366855
              ],
              [
                314657.4235976981,
                1523308.0231359061
              ],
              [
                314725.16773832217,
                1523362.7081945036
              ],
              [
                314760.11158597935,
                1523451.3019445017
              ],
              [
                314758.54298246466,
                1523528.1293370835
              ],
              [
                314698.56251371372,
                1523607.1759679411
              ],
              [
                314688.17921293341,
                1523628.5785558317
              ],
              [
                314688.86646879092,
                1523662.2760655973
              ],
              [
                314688.38429105747,
                1523685.9149816129
              ],
              [
                314618.35255277529,
                1523769.3390538748
              ],
              [
                314568.56251371372,
                1523817.1759679373
              ],
              [
                314557.56275785435,
                1523828.6249425523
              ],
              [
                314527.78614652716,
                1523890.0006749723
              ]
            ],
            [
              [
                314219.19483793247,
                1523788.8568761442
              ],
              [
                314218.13526761811,
                1523815.565860521
              ],
              [
                314237.73121488467,
                1523857.0856359098
              ],
              [
                314278.25611722842,
                1523838.6310460661
              ],
              [
                314253.66261136904,
                1523782.2760655954
              ],
              [
                314219.19483793247,
                1523788.8568761442
              ]
            ],
            [
              [
                314435.23975980747,
                1523468.8934972342
              ],
              [
                314268.85304105747,
                1523623.0597570017
              ],
              [
                314283.90186918154,
                1523676.889102703
              ],
              [
                314308.37086332217,
                1523677.8595616873
              ],
              [
                314359.41822660342,
                1523636.3153722361
              ],
              [
                314444.44630277529,
                1523639.6857335661
              ],
              [
                314507.46388090122,
                1523598.9911534861
              ],
              [
                314556.88404691685,
                1523505.5951573923
              ],
              [
                314501.32252347842,
                1523479.3732335605
              ],
              [
                314488.47218168154,
                1523467.4664952811
              ],
              [
                314483.66261136904,
                1523462.2760655936
              ],
              [
                314435.23975980747,
                1523468.8934972342
              ]
            ]
          ],
          [
            [
              [
                313107.76173246186,
                1524911.1579015311
              ],
              [
                313041.8816055106,
                1524958.9691808317
              ],
              [
                313018.94337308779,
                1525057.5568273142
              ],
              [
                312989.82350004185,
                1525066.9953038786
              ],
              [
                312898.94398344029,
                1525026.9953038767
              ],
              [
                312823.09986722935,
                1524997.8388097342
              ],
              [
                312717.46327054966,
                1524953.9008214548
              ],
              [
                312669.37977445498,
                1524920.3143956736
              ],
              [
                312658.23292386904,
                1524777.9144933298
              ],
              [
                312592.37782133091,
                1524700.4999425486
              ],
              [
                312578.94398344122,
                1524656.9953038748
              ],
              [
                312543.31898344029,
                1524557.7081945017
              ],
              [
                312503.66261136997,
                1524522.2760655917
              ],
              [
                312512.48280179873,
                1524490.6024816111
              ],
              [
                312548.01869047154,
                1524476.6327550448
              ],
              [
                312607.85450590122,
                1524466.4679601248
              ],
              [
                312693.66261136904,
                1524432.2760655954
              ],
              [
                312723.69312894717,
                1524497.2748448923
              ],
              [
                312763.92323148716,
                1524648.3710363004
              ],
              [
                312825.41737211123,
                1524753.9948155954
              ],
              [
                312922.98573148716,
                1524836.9953038786
              ],
              [
                312998.01197660342,
                1524826.2592198923
              ],
              [
                313019.96388090122,
                1524806.6461827848
              ],
              [
                313099.83936918247,
                1524715.0653722361
              ],
              [
                313118.94337308966,
                1524607.5568273142
              ],
              [
                313130.10304105654,
                1524476.8183019254
              ],
              [
                313157.81910551153,
                1524416.4325597342
              ],
              [
                313209.28639066499,
                1524342.7496984061
              ],
              [
                313206.13697660342,
                1524289.8920323923
              ],
              [
                313238.94337308686,
                1524247.5568273123
              ],
              [
                313248.38184965029,
                1524026.9953038748
              ],
              [
                313264.37550199497,
                1523967.2760655917
              ],
              [
                313248.38184965029,
                1523907.5568273142
              ],
              [
                313230.34962308966,
                1523791.8463780936
              ],
              [
                313201.50318754092,
                1523728.9960362986
              ],
              [
                313116.3444961356,
                1523775.2716710623
              ],
              [
                312970.19398343936,
                1523820.4022862967
              ],
              [
                312892.88502347842,
                1523869.5697667673
              ],
              [
                312837.16725004185,
                1523931.9306066073
              ],
              [
                312803.66261136904,
                1523942.2760655936
              ],
              [
                312786.96400297247,
                1523886.8134191092
              ],
              [
                312723.66261136997,
                1523832.2760655973
              ],
              [
                312765.77625882998,
                1523758.2001378592
              ],
              [
                312773.00648343936,
                1523668.2160069998
              ],
              [
                312759.03431547061,
                1523636.9037511405
              ],
              [
                312743.49720609654,
                1523609.0558507536
              ],
              [
                312728.29090726748,
                1523567.6483800467
              ],
              [
                312718.34400785435,
                1523459.3866612967
              ],
              [
                312663.66261137091,
                1523412.2760655917
              ],
              [
                312663.66261137091,
                1523402.276065601
              ],
              [
                312663.66261137091,
                1523392.2760655973
              ],
              [
                312653.66261137091,
                1523392.2760655973
              ],
              [
                312658.01869047154,
                1523286.6327550486
              ],
              [
                312677.94178617466,
                1523235.9540441092
              ],
              [
                312683.66261136904,
                1523202.2760655936
              ],
              [
                312671.37440336216,
                1523148.1806066129
              ],
              [
                312698.10963285342,
                1523102.6996495798
              ],
              [
                312682.04579008091,
                1523001.5973546561
              ],
              [
                312661.06190336123,
                1522928.2050206698
              ],
              [
                312613.66261136997,
                1522922.2760655954
              ],
              [
                312671.74732816778,
                1522822.4957921579
              ],
              [
                312718.47218168154,
                1522715.4254796561
              ],
              [
                312708.85304105747,
                1522687.0856359079
              ],
              [
                312673.66261136904,
                1522632.2760655954
              ],
              [
                312715.37953031436,
                1522617.3078038748
              ],
              [
                312808.94398343936,
                1522607.5568273161
              ],
              [
                312885.39173734747,
                1522591.2238195036
              ],
              [
                312977.24659574404,
                1522541.3092687223
              ],
              [
                313044.61231840122,
                1522527.5568273142
              ],
              [
                313065.04078519717,
                1522572.0661046635
              ],
              [
                313008.38123929873,
                1522696.9953038748
              ],
              [
                312988.94398344029,
                1522767.5568273142
              ],
              [
                312970.17445219029,
                1522819.866397623
              ],
              [
                312981.47511136997,
                1523009.4635655936
              ],
              [
                313001.81263578404,
                1523239.4306066129
              ],
              [
                312995.68226469029,
                1523342.2760655954
              ],
              [
                312998.96046293247,
                1523397.2760655954
              ],
              [
                312995.2019180106,
                1523460.3375890311
              ],
              [
                312962.78187406622,
                1523601.3495519254
              ],
              [
                312979.64344633184,
                1523680.2680089548
              ],
              [
                313022.64210355654,
                1523696.9953038767
              ],
              [
                313084.00684965122,
                1523674.9762609061
              ],
              [
                313141.80714261811,
                1523634.6015050467
              ],
              [
                313244.08619535342,
                1523587.6593663786
              ],
              [
                313322.43824613467,
                1523608.6432530954
              ],
              [
                313368.38184965029,
                1523687.5568273142
              ],
              [
                313422.38697660342,
                1523774.915225748
              ],
              [
                313440.9441055106,
                1523894.0009191129
              ],
              [
                313437.20631254185,
                1523956.7072179411
              ],
              [
                313393.70655668154,
                1524119.1242101286
              ],
              [
                313401.3005508231,
                1524246.5289952848
              ],
              [
                313388.38184965122,
                1524306.9953038767
              ],
              [
                313377.77027738467,
                1524375.0885655936
              ],
              [
                313331.88648832217,
                1524502.9657628611
              ],
              [
                313260.78175199497,
                1524548.187930828
              ],
              [
                313227.33692777529,
                1524621.0590245798
              ],
              [
                313208.94337308872,
                1524797.5568273142
              ],
              [
                313196.69361722842,
                1524831.6974523142
              ],
              [
                313107.76173246186,
                1524911.1579015311
              ]
            ]
          ],
          [
            [
              [
                312188.85304105841,
                1525127.4664952829
              ],
              [
                312163.66261136997,
                1525132.2760655954
              ],
              [
                312174.63001859654,
                1525052.0246007536
              ],
              [
                312205.24525297061,
                1525018.9826085642
              ],
              [
                312264.84181058872,
                1524983.9459874704
              ],
              [
                312278.85304105747,
                1524957.4664952792
              ],
              [
                312288.47218168154,
                1524877.0856359079
              ],
              [
                312328.49659574404,
                1524824.8908116892
              ],
              [
                312339.74049222842,
                1524590.6610753592
              ],
              [
                312383.66261136997,
                1524582.2760655936
              ],
              [
                312397.51331937686,
                1524683.6225011405
              ],
              [
                312461.37989652622,
                1524822.582462078
              ],
              [
                312478.47218168154,
                1524901.4923741911
              ],
              [
                312457.34913480654,
                1525002.4518468454
              ],
              [
                312382.70924223028,
                1525094.1657140311
              ],
              [
                312325.67310941685,
                1525107.7521398123
              ],
              [
                312244.66602933686,
                1525104.5416905973
              ],
              [
                312188.85304105841,
                1525127.4664952829
              ]
            ]
          ],
          [
            [
              [
                314778.29029691685,
                1525422.2821691092
              ],
              [
                314718.29029691499,
                1525506.9037511423
              ],
              [
                314687.8142226981,
                1525555.5621984079
              ],
              [
                314653.60767972935,
                1525632.221133953
              ],
              [
                314593.82618558872,
                1525658.8959386442
              ],
              [
                314559.08985746279,
                1525656.1054112967
              ],
              [
                314505.2849258231,
                1525514.3183019217
              ],
              [
                314512.68971097935,
                1525422.1564366873
              ],
              [
                314531.07716215029,
                1525372.0868566092
              ],
              [
                314563.66261137091,
                1525362.2760655954
              ],
              [
                314577.54688871372,
                1525378.391788248
              ],
              [
                314604.94312894903,
                1525401.9940831717
              ],
              [
                314758.64552152622,
                1525389.6442296579
              ],
              [
                314778.29029691685,
                1525422.2821691092
              ]
            ]
          ],
          [
            [
              [
                314348.10963285342,
                1526527.8290441092
              ],
              [
                314353.62476957124,
                1526572.1710851267
              ],
              [
                314316.56544340029,
                1526586.7230870798
              ],
              [
                314289.21558988467,
                1526529.086368328
              ],
              [
                314343.66261136811,
                1526522.2760655973
              ],
              [
                314348.10963285342,
                1526527.8290441092
              ]
            ]
          ],
          [
            [
              [
                314518.01930082124,
                1526927.9193761423
              ],
              [
                314529.30592191592,
                1526936.6327550448
              ],
              [
                314577.16236722842,
                1527024.7577550467
              ],
              [
                314565.97096097935,
                1527100.4877355136
              ],
              [
                314529.76978910342,
                1527116.6327550486
              ],
              [
                314487.36744535342,
                1527085.1947667692
              ],
              [
                314452.93141019717,
                1527001.0565831736
              ],
              [
                314461.46656644624,
                1526943.2990148123
              ],
              [
                314513.66261136997,
                1526922.2760655954
              ],
              [
                314518.01930082124,
                1526927.9193761423
              ]
            ]
          ],
          [
            [
              [
                314900.80128324497,
                1528448.6383702829
              ],
              [
                314888.94337308872,
                1528587.5574376658
              ],
              [
                314860.29225003999,
                1528684.3121984098
              ],
              [
                314815.94288480654,
                1528696.9946935233
              ],
              [
                314788.94337308966,
                1528663.2971837576
              ],
              [
                314817.80567777716,
                1528582.8583409898
              ],
              [
                314843.06202543247,
                1528465.1856114957
              ],
              [
                314875.63892972935,
                1528405.2374913767
              ],
              [
                314917.49561918247,
                1528345.313785322
              ],
              [
                314929.95411527529,
                1528278.5675694998
              ],
              [
                314963.66261136997,
                1528272.2760655954
              ],
              [
                314988.94337308872,
                1528306.9946935251
              ],
              [
                315003.09986722842,
                1528337.8388097342
              ],
              [
                315051.41041410435,
                1528368.5639073905
              ],
              [
                315075.97096097842,
                1528396.0517003629
              ],
              [
                315088.38184965122,
                1528483.4851720389
              ],
              [
                315059.20216215029,
                1528526.9946935251
              ],
              [
                314964.97730863467,
                1528444.8132970426
              ],
              [
                314900.80128324497,
                1528448.6383702829
              ]
            ]
          ],
          [
            [
              [
                315363.91407621466,
                1533337.2760655973
              ],
              [
                315348.56251371372,
                1533397.1759679411
              ],
              [
                315338.76270902529,
                1533457.3761632517
              ],
              [
                315328.18775785435,
                1533509.0064122733
              ],
              [
                315330.27149808779,
                1533611.1170079764
              ],
              [
                315308.76270902529,
                1533687.3761632517
              ],
              [
                315293.46241605747,
                1533732.0761754569
              ],
              [
                315268.88111722935,
                1533807.8284337558
              ],
              [
                315138.76270902622,
                1534017.3761632536
              ],
              [
                315078.46241605747,
                1534092.0761754587
              ],
              [
                315040.97218168247,
                1534187.1268346384
              ],
              [
                314999.59034574497,
                1534187.9715611991
              ],
              [
                314978.61012113467,
                1534167.8137853201
              ],
              [
                314968.76270902436,
                1534077.1759679355
              ],
              [
                314938.56251371466,
                1534007.3761632498
              ],
              [
                314908.76270902622,
                1533907.1759679373
              ],
              [
                314878.9812148856,
                1533820.1663854178
              ],
              [
                314867.60304105654,
                1533664.2178990915
              ],
              [
                314869.14600980841,
                1533588.5791661814
              ],
              [
                314853.86280668154,
                1533557.0761754606
              ],
              [
                314828.67481840122,
                1533508.1830480192
              ],
              [
                314815.8952773856,
                1533416.6348912772
              ],
              [
                314708.56251371372,
                1533357.3761632498
              ],
              [
                314630.55714261997,
                1533247.4167516306
              ],
              [
                314571.17603910342,
                1533246.2048986033
              ],
              [
                314528.36231840029,
                1533266.9760778006
              ],
              [
                314431.34205472842,
                1533316.9559361972
              ],
              [
                314336.96705472842,
                1533332.3194005545
              ],
              [
                314262.18067777529,
                1533392.6889684275
              ],
              [
                314111.05030668247,
                1533358.6929967478
              ],
              [
                314088.57716215122,
                1533427.9459264409
              ],
              [
                314038.76270902622,
                1533475.8075597342
              ],
              [
                314048.56251371466,
                1533507.3761632536
              ],
              [
                314098.76270902529,
                1533567.1759679392
              ],
              [
                314118.56251371372,
                1533597.3761632498
              ],
              [
                314228.56251371372,
                1533609.3271520194
              ],
              [
                314218.76270902529,
                1533667.3761632554
              ],
              [
                314188.76270902529,
                1533741.3364293631
              ],
              [
                314224.53175199404,
                1533752.2470738981
              ],
              [
                314295.35572660249,
                1533728.0054357126
              ],
              [
                314316.1784805106,
                1533788.8413121756
              ],
              [
                314269.76246488467,
                1533837.1515538767
              ],
              [
                314221.70948636997,
                1533838.1323888358
              ],
              [
                314173.46241605747,
                1533822.4759557322
              ],
              [
                314139.73927152622,
                1533787.3761632536
              ],
              [
                314094.31934965029,
                1533808.3951451853
              ],
              [
                314050.15064847842,
                1533875.7639195994
              ],
              [
                313972.38941800967,
                1533928.4744908847
              ],
              [
                313853.00343168247,
                1533926.0379674509
              ],
              [
                313803.66261136904,
                1533938.6832311228
              ],
              [
                313758.76270902529,
                1533927.1759679373
              ],
              [
                313703.96778715029,
                1533913.8181188144
              ],
              [
                313640.13111722749,
                1533847.3761632498
              ],
              [
                313613.57716215122,
                1533859.4409825876
              ],
              [
                313565.87818754185,
                1533884.0131261405
              ],
              [
                313537.74952543247,
                1533856.9876744822
              ],
              [
                313539.76490629092,
                1533758.2880284861
              ],
              [
                313498.76270902716,
                1533727.1759679392
              ],
              [
                313459.72340238467,
                1533714.5078160856
              ],
              [
                313448.76270902529,
                1533647.1759679373
              ],
              [
                313388.78468168247,
                1533548.2724645194
              ],
              [
                313387.83009183779,
                1533501.47192741
              ],
              [
                313399.8601211356,
                1533430.9430577829
              ],
              [
                313397.95826566592,
                1533337.76098991
              ],
              [
                313435.0944961356,
                1533265.6738927457
              ],
              [
                313402.46754301153,
                1533170.3522374686
              ],
              [
                313418.56251371279,
                1533137.1759679392
              ],
              [
                313428.76270902529,
                1533117.3761632536
              ],
              [
                313458.56251371372,
                1533037.1759679373
              ],
              [
                313487.30885160249,
                1532966.3068273123
              ],
              [
                313500.93067777622,
                1532882.6331212576
              ],
              [
                313608.35865629278,
                1532847.77197624
              ],
              [
                313620.07008207217,
                1532813.5574987009
              ],
              [
                313606.70338285435,
                1532748.2968785837
              ],
              [
                313609.13136136904,
                1532629.2896154001
              ],
              [
                313569.96876371372,
                1532497.6087071933
              ],
              [
                313543.66261136997,
                1532497.0719029978
              ],
              [
                313499.59034574404,
                1532497.9715612009
              ],
              [
                313488.56251371466,
                1532487.3761632498
              ],
              [
                313466.67896879092,
                1532453.9972570036
              ],
              [
                313399.11793363467,
                1532389.0857579783
              ],
              [
                313371.41163480654,
                1532303.7073400076
              ],
              [
                313338.76270902529,
                1532223.215396652
              ],
              [
                313353.21217191592,
                1532125.8411290701
              ],
              [
                313397.26246488467,
                1532058.6536290701
              ],
              [
                313469.42433011997,
                1531976.6229894236
              ],
              [
                313517.96314847842,
                1531876.5759923533
              ],
              [
                313587.13673246279,
                1531810.1142003592
              ],
              [
                313628.16212308779,
                1531741.0040929355
              ],
              [
                313697.19410551153,
                1531717.3761632536
              ],
              [
                313734.5671523856,
                1531749.0357091501
              ],
              [
                313718.56251371466,
                1531827.1759679411
              ],
              [
                313708.76270902622,
                1531907.3761632517
              ],
              [
                313668.94703519624,
                1531966.1139562204
              ],
              [
                313657.3503555106,
                1532045.4694249704
              ],
              [
                313733.21461332124,
                1532137.1759679373
              ],
              [
                313756.87550199404,
                1532107.0453527048
              ],
              [
                313768.56251371279,
                1532047.1759679411
              ],
              [
                313836.64112699404,
                1531968.2404210623
              ],
              [
                313852.42848050967,
                1531887.3761632517
              ],
              [
                313909.03736723028,
                1531918.2245519254
              ],
              [
                313990.66822660435,
                1531996.6541173514
              ],
              [
                314020.21534574497,
                1532071.5650060251
              ],
              [
                314038.76270902622,
                1532017.3761632498
              ],
              [
                314050.56080472935,
                1531968.9813878592
              ],
              [
                314096.05763089936,
                1531901.8616368845
              ],
              [
                314108.94825590122,
                1531826.2860753611
              ],
              [
                314107.80689847842,
                1531770.3229405936
              ],
              [
                314121.82911527622,
                1531727.109439617
              ],
              [
                314168.54176176153,
                1531658.1970860995
              ],
              [
                314169.27540433779,
                1531622.2760655954
              ],
              [
                314168.1609023856,
                1531567.7051427439
              ],
              [
                314227.07569730747,
                1531490.0635411814
              ],
              [
                314258.4831680106,
                1531429.0961339567
              ],
              [
                314275.82691801153,
                1531322.5549962595
              ],
              [
                314328.51246488467,
                1531229.6259191129
              ],
              [
                314382.61158597935,
                1531162.6080968492
              ],
              [
                314401.82911527529,
                1531083.7763097361
              ],
              [
                314428.76270902529,
                1531017.3761632517
              ],
              [
                314440.37769925967,
                1530863.0652501658
              ],
              [
                314468.62232816685,
                1530808.2361486033
              ],
              [
                314485.61207425967,
                1530703.8690831754
              ],
              [
                314498.56251371466,
                1530677.1759679392
              ],
              [
                314538.76270902529,
                1530627.376163248
              ],
              [
                314558.56251371372,
                1530597.1759679392
              ],
              [
                314622.65308988467,
                1530522.8644445017
              ],
              [
                314660.30445707217,
                1530427.4060704783
              ],
              [
                314718.56251371466,
                1530355.235660322
              ],
              [
                314707.41993558872,
                1530300.5908849332
              ],
              [
                314628.76270902716,
                1530269.5667150095
              ],
              [
                314647.4138320731,
                1530207.9236486033
              ],
              [
                314698.56251371372,
                1530187.1759679392
              ],
              [
                314768.56251371279,
                1530173.5108068082
              ],
              [
                314756.60084379092,
                1530080.3381993864
              ],
              [
                314648.76270902529,
                1529951.877506027
              ],
              [
                314660.67433011904,
                1529897.5409581717
              ],
              [
                314697.24537504185,
                1529896.7944982108
              ],
              [
                314823.46729886904,
                1529952.4890782889
              ],
              [
                314838.76270902622,
                1529997.1759679392
              ],
              [
                314854.9626601981,
                1530047.0984532889
              ],
              [
                314906.55201566685,
                1530048.1513097379
              ],
              [
                314948.05225980654,
                1530028.0176427439
              ],
              [
                314978.76270902529,
                1529977.3761632498
              ],
              [
                314988.56251371279,
                1529807.1759679411
              ],
              [
                314999.92237699404,
                1529773.9887120817
              ],
              [
                314997.43824613467,
                1529652.2760655973
              ],
              [
                314999.72950590122,
                1529540.0006749686
              ],
              [
                314975.87330472842,
                1529470.3046300504
              ],
              [
                314988.76270902529,
                1529407.3761632517
              ],
              [
                314998.56251371279,
                1529317.1759679392
              ],
              [
                315015.40089261997,
                1529251.4722325876
              ],
              [
                314998.76270902529,
                1529217.1759679373
              ],
              [
                314940.26295316685,
                1529120.7105138376
              ],
              [
                314936.95850980747,
                1528958.7451818045
              ],
              [
                314990.20313871279,
                1528918.3429601267
              ],
              [
                315081.08326566685,
                1528905.6561925486
              ],
              [
                315138.22804105654,
                1528877.9321935251
              ],
              [
                315168.16212308779,
                1528846.7761876658
              ],
              [
                315214.06300199497,
                1528802.675845867
              ],
              [
                315276.8474258231,
                1528737.3285558317
              ],
              [
                315333.66261136997,
                1528732.2760655954
              ],
              [
                315358.76270902622,
                1528767.1759679373
              ],
              [
                315378.12672269717,
                1528826.8482091483
              ],
              [
                315426.22486722935,
                1528851.6260411814
              ],
              [
                315526.66676175967,
                1528868.7586095389
              ],
              [
                315594.73194730747,
                1528833.6951329764
              ],
              [
                315638.16212308779,
                1528875.4230382498
              ],
              [
                315649.6941055106,
                1528931.7249181345
              ],
              [
                315646.70338285435,
                1529078.2965734079
              ],
              [
                315658.76270902529,
                1529137.1759679411
              ],
              [
                315673.88966215122,
                1529214.6662023142
              ],
              [
                315713.0827773856,
                1529234.8560216483
              ],
              [
                315811.85963285435,
                1529250.9363439158
              ],
              [
                315895.3630508231,
                1529331.1640050467
              ],
              [
                315917.5847305106,
                1529374.3018224295
              ],
              [
                315883.81275785342,
                1529459.9262120798
              ],
              [
                315858.56251371279,
                1529497.1759679392
              ],
              [
                315818.76270902622,
                1529567.3761632498
              ],
              [
                315779.96998441592,
                1529631.3446691111
              ],
              [
                315768.76270902529,
                1529757.3761632498
              ],
              [
                315752.67140043341,
                1529804.3878819998
              ],
              [
                315778.56251371279,
                1529905.4151036814
              ],
              [
                315766.69361722842,
                1529992.5690343473
              ],
              [
                315715.36305082403,
                1530092.2113683298
              ],
              [
                315694.59400785435,
                1530234.3311193064
              ],
              [
                315726.36280668247,
                1530332.2290685251
              ],
              [
                315752.95582426153,
                1530387.0447423551
              ],
              [
                315903.23292386904,
                1530515.058658367
              ],
              [
                315958.56251371186,
                1530642.9389073905
              ],
              [
                315939.47926175967,
                1530690.5261876658
              ],
              [
                315908.76270902529,
                1530737.3761632517
              ],
              [
                315853.87135160342,
                1530818.3545568064
              ],
              [
                315816.52516019717,
                1530950.7636144236
              ],
              [
                315790.24830472935,
                1531004.9268224277
              ],
              [
                315735.34229886904,
                1531095.4657628629
              ],
              [
                315703.49293363467,
                1531193.615787277
              ],
              [
                315643.06202543061,
                1531251.6760900095
              ],
              [
                315580.16285551153,
                1531317.1436193064
              ],
              [
                315531.52760160342,
                1531318.136050947
              ],
              [
                315488.76270902622,
                1531307.1759679429
              ],
              [
                315363.10963285342,
                1531296.0016515329
              ],
              [
                315285.84766996279,
                1531237.3761632517
              ],
              [
                315245.59986722842,
                1531346.7700841501
              ],
              [
                315228.76270902529,
                1531467.3761632517
              ],
              [
                315197.50294340122,
                1531539.6253087576
              ],
              [
                315169.3620742606,
                1531626.3434484061
              ],
              [
                315153.86280668154,
                1531642.4762609061
              ],
              [
                315090.32642972749,
                1531703.5205724314
              ],
              [
                315064.86256254278,
                1531766.2976720389
              ],
              [
                315038.56251371372,
                1531857.1759679373
              ],
              [
                315027.73731840216,
                1531989.9548986033
              ],
              [
                314972.84351957217,
                1532096.513736492
              ],
              [
                314957.26246488467,
                1532208.1207921579
              ],
              [
                314938.76270902622,
                1532227.3761632536
              ],
              [
                314875.52174222842,
                1532274.2566564158
              ],
              [
                314798.85059965122,
                1532423.0884435251
              ],
              [
                314797.96192777436,
                1532466.6330602225
              ],
              [
                314834.46339262091,
                1532491.3761022147
              ],
              [
                314939.28761136904,
                1532533.8947179373
              ],
              [
                315068.76270902716,
                1532497.3761632498
              ],
              [
                315208.10963285528,
                1532454.2194249704
              ],
              [
                315343.44776761997,
                1532435.3259923514
              ],
              [
                315400.35206449497,
                1532416.8604161814
              ],
              [
                315476.99757230654,
                1532377.3761632517
              ],
              [
                315548.56251371279,
                1532418.5742833652
              ],
              [
                315538.76270902529,
                1532457.3761632536
              ],
              [
                315468.76270902622,
                1532619.1641881559
              ],
              [
                315478.56251371372,
                1532667.3761632536
              ],
              [
                315497.40528715029,
                1532740.9012486991
              ],
              [
                315471.89625394903,
                1532845.5417516287
              ],
              [
                315318.86036527529,
                1532992.5760533866
              ],
              [
                315317.85938871372,
                1533041.6284825858
              ],
              [
                315335.01515043247,
                1533147.0108678415
              ],
              [
                315358.90675199497,
                1533216.8131139334
              ],
              [
                315345.97462308872,
                1533267.2760655954
              ],
              [
                315363.91407621466,
                1533337.2760655973
              ]
            ],
            [
              [
                314958.47218168154,
                1533297.4668004587
              ],
              [
                314982.95094144717,
                1533333.0402257517
              ],
              [
                315033.5368789481,
                1533315.3101232108
              ],
              [
                315048.47218168154,
                1533237.0853307303
              ],
              [
                315137.85694730747,
                1533097.8693273105
              ],
              [
                315149.18507230654,
                1532979.6466710623
              ],
              [
                315205.64747465122,
                1532897.5937535819
              ],
              [
                315219.0202773856,
                1532855.3531529978
              ],
              [
                315265.90870511997,
                1532787.21411491
              ],
              [
                315240.91847074311,
                1532715.9143712576
              ],
              [
                315258.85304105654,
                1532647.4668004606
              ],
              [
                315268.47218168154,
                1532599.8529698905
              ],
              [
                315135.91480863653,
                1532587.4668004625
              ],
              [
                315061.0026992606,
                1532613.7232091501
              ],
              [
                314978.85304105747,
                1532647.4668004606
              ],
              [
                314915.54859769717,
                1532667.085330734
              ],
              [
                314806.04664457403,
                1532609.1428258494
              ],
              [
                314671.02467191778,
                1532592.985599285
              ],
              [
                314611.20411527529,
                1532551.8219640311
              ],
              [
                314629.96998441685,
                1532462.1292760428
              ],
              [
                314672.66529691685,
                1532358.184879072
              ],
              [
                314748.85304105747,
                1532247.4664952829
              ],
              [
                314766.02345121279,
                1532211.0840489939
              ],
              [
                314808.56983793061,
                1532141.5967443045
              ],
              [
                314818.59669340122,
                1531995.2594640311
              ],
              [
                314847.7605117606,
                1531912.0514562204
              ],
              [
                314858.47218168154,
                1531867.0856359079
              ],
              [
                314908.85304105654,
                1531757.4664952811
              ],
              [
                314919.56471097935,
                1531712.5006749704
              ],
              [
                314943.60890043061,
                1531643.9002111033
              ],
              [
                315028.85304105654,
                1531547.4664952829
              ],
              [
                315053.7419570731,
                1531508.9240148142
              ],
              [
                315079.62086332124,
                1531400.2826573905
              ],
              [
                315121.37989652529,
                1531290.8441808298
              ],
              [
                315115.55103910342,
                1531143.7781407908
              ],
              [
                315152.51026761997,
                1531059.0863683298
              ],
              [
                315195.97218168341,
                1530921.8085362986
              ],
              [
                315209.66725004092,
                1530895.9284093492
              ],
              [
                315286.03932035528,
                1530898.9557530936
              ],
              [
                315344.22779691778,
                1530868.1653478201
              ],
              [
                315464.8747695731,
                1530837.4664952811
              ],
              [
                315510.96485746372,
                1530869.1821935251
              ],
              [
                315538.47218168247,
                1530927.4664952829
              ],
              [
                315549.46217191685,
                1530948.2355382498
              ],
              [
                315579.99683988653,
                1530947.0252111033
              ],
              [
                315605.31056058779,
                1530919.7046544608
              ],
              [
                315625.16285550967,
                1530795.0861241873
              ],
              [
                315599.72584379278,
                1530722.5128820017
              ],
              [
                315638.1999648856,
                1530649.8023107126
              ],
              [
                315648.47218168247,
                1530613.059756998
              ],
              [
                315627.46388090122,
                1530512.6453282889
              ],
              [
                315562.76173246466,
                1530364.3805577811
              ],
              [
                315578.85304105654,
                1530287.4664952848
              ],
              [
                315589.75147855747,
                1530139.7437169645
              ],
              [
                315587.27833402716,
                1530077.3554112948
              ],
              [
                315565.60963285435,
                1529973.7842443064
              ],
              [
                315588.85304105654,
                1529907.4664952848
              ],
              [
                315602.07447660342,
                1529865.7068517264
              ],
              [
                315556.32984769903,
                1529691.1279943045
              ],
              [
                315559.02271879092,
                1529623.1873204783
              ],
              [
                315598.85304105654,
                1529597.4664952829
              ],
              [
                315643.9177383231,
                1529566.4569737986
              ],
              [
                315701.04542386904,
                1529462.3975255564
              ],
              [
                315698.37818754092,
                1529395.1074864939
              ],
              [
                315562.86671293154,
                1529400.478580242
              ],
              [
                315484.06544340029,
                1529383.9917638376
              ],
              [
                315434.1814101981,
                1529299.1394689158
              ],
              [
                315380.8366836356,
                1529096.6565587614
              ],
              [
                315353.66261136904,
                1529052.2760655936
              ],
              [
                315246.77174222842,
                1529058.3106114902
              ],
              [
                315212.03663480747,
                1529131.9104650095
              ],
              [
                315229.75025785528,
                1529284.8309972361
              ],
              [
                315227.01222074404,
                1529353.9130284879
              ],
              [
                315248.85304105654,
                1529407.0856359079
              ],
              [
                315258.47218168061,
                1529459.8853185251
              ],
              [
                315236.64967191685,
                1529477.0856359061
              ],
              [
                315189.79908597842,
                1529452.2943761442
              ],
              [
                315158.85304105747,
                1529520.0232579783
              ],
              [
                315179.91139066685,
                1529580.1050450895
              ],
              [
                315268.85304105654,
                1529597.0856359079
              ],
              [
                315292.19776761904,
                1529609.4379308298
              ],
              [
                315308.47218168247,
                1529701.4923741873
              ],
              [
                315258.09132230747,
                1529796.7041661795
              ],
              [
                315219.15943754278,
                1529879.1962316111
              ],
              [
                315208.08155668247,
                1530006.319644697
              ],
              [
                315159.88209379092,
                1530116.7700841483
              ],
              [
                315147.63600004185,
                1530206.3739659842
              ],
              [
                315150.24342191592,
                1530272.1607091483
              ],
              [
                315138.47218168341,
                1530317.0856359079
              ],
              [
                315128.85304105654,
                1530367.4664952811
              ],
              [
                315110.11402738467,
                1530457.0331456736
              ],
              [
                315086.84620511904,
                1530478.5913732108
              ],
              [
                315044.52564847842,
                1530476.9141271189
              ],
              [
                314968.80299222935,
                1530457.0722081717
              ],
              [
                314955.33375394717,
                1530457.6062657926
              ],
              [
                314838.63331449404,
                1530523.2123448923
              ],
              [
                314763.10475004092,
                1530575.1843907908
              ],
              [
                314708.85304105654,
                1530667.4664952829
              ],
              [
                314648.47218168247,
                1530737.0856359079
              ],
              [
                314615.42530668247,
                1530782.1399571933
              ],
              [
                314588.20484769903,
                1530879.7949864939
              ],
              [
                314568.47218168247,
                1530917.0856359079
              ],
              [
                314555.4216445731,
                1530958.3045079764
              ],
              [
                314538.85304105841,
                1531050.7581212595
              ],
              [
                314594.82716215029,
                1531102.6203038786
              ],
              [
                314618.47218168154,
                1531128.8422277048
              ],
              [
                314558.47218168247,
                1531207.0856359079
              ],
              [
                314528.85304105747,
                1531247.4664952848
              ],
              [
                314488.47218168154,
                1531297.0856359061
              ],
              [
                314438.85304105561,
                1531377.4664952829
              ],
              [
                314360.08228910528,
                1531501.9495275095
              ],
              [
                314345.74879301153,
                1531636.6394689139
              ],
              [
                314300.3239883231,
                1531722.4829747751
              ],
              [
                314268.85304105747,
                1531867.4664952848
              ],
              [
                314233.9616836356,
                1531967.0148351267
              ],
              [
                314160.1091445731,
                1532136.2494542655
              ],
              [
                314148.85304105654,
                1532210.7581212576
              ],
              [
                314168.85304105747,
                1532287.0856359079
              ],
              [
                314178.47218168154,
                1532337.4664952811
              ],
              [
                314211.24073637091,
                1532417.2418859079
              ],
              [
                314204.65748441685,
                1532583.3374669608
              ],
              [
                314178.47218168154,
                1532647.0853307322
              ],
              [
                314168.85304105747,
                1532723.4885289744
              ],
              [
                314201.59107816592,
                1532771.0636022147
              ],
              [
                314315.59864652436,
                1532798.2202794608
              ],
              [
                314298.47218168154,
                1532847.0853307322
              ],
              [
                314283.33790433966,
                1532894.8889806364
              ],
              [
                314312.42848050967,
                1533022.8064611033
              ],
              [
                314449.25587308779,
                1533099.8288610075
              ],
              [
                314523.23536527529,
                1533096.8967320956
              ],
              [
                314598.47218168154,
                1533057.0853307359
              ],
              [
                314636.3640273856,
                1533039.2029454783
              ],
              [
                314694.20826566685,
                1533059.4772985037
              ],
              [
                314728.47218168154,
                1533147.4668004569
              ],
              [
                314743.50391996466,
                1533175.8737828806
              ],
              [
                314857.72633207124,
                1533188.0298497751
              ],
              [
                314921.11622465122,
                1533239.6192052439
              ],
              [
                314958.47218168154,
                1533297.4668004587
              ]
            ]
          ]
        ]
      },
      "properties" : {
        "OBJECTID" : 2,
        "gridcode" : 2,
        "Shape_Length" : 52461.799809919539,
        "Shape_Area" : 5692372.7854224779
      }
    },
    {
      "type" : "Feature",
      "id" : 3,
      "geometry" : {
        "type" : "MultiPolygon",
        "coordinates" : [
          [
            [
              [
                312253.70960843936,
                1525250.4596593436
              ],
              [
                312179.42066800967,
                1525381.4911534842
              ],
              [
                312123.66261136904,
                1525412.2760655973
              ],
              [
                312128.19996488467,
                1525346.8134191111
              ],
              [
                312139.12525785342,
                1525287.7387120798
              ],
              [
                312153.53687894624,
                1525159.2243077811
              ],
              [
                312163.66261136997,
                1525132.2760655954
              ],
              [
                312188.85304105841,
                1525127.4664952829
              ],
              [
                312244.66602933686,
                1525104.5416905973
              ],
              [
                312325.67310941685,
                1525107.7521398123
              ],
              [
                312382.70924223028,
                1525094.1657140311
              ],
              [
                312457.34913480654,
                1525002.4518468454
              ],
              [
                312478.47218168154,
                1524901.4923741911
              ],
              [
                312461.37989652622,
                1524822.582462078
              ],
              [
                312397.51331937686,
                1524683.6225011405
              ],
              [
                312383.66261136997,
                1524582.2760655936
              ],
              [
                312463.2194961356,
                1524568.7616612986
              ],
              [
                312492.37537992373,
                1524530.9882237986
              ],
              [
                312503.66261136997,
                1524522.2760655917
              ],
              [
                312543.31898344029,
                1524557.7081945017
              ],
              [
                312578.94398344122,
                1524656.9953038748
              ],
              [
                312592.37782133091,
                1524700.4999425486
              ],
              [
                312658.23292386904,
                1524777.9144933298
              ],
              [
                312669.37977445498,
                1524920.3143956736
              ],
              [
                312717.46327054966,
                1524953.9008214548
              ],
              [
                312823.09986722935,
                1524997.8388097342
              ],
              [
                312898.94398344029,
                1525026.9953038767
              ],
              [
                312989.82350004185,
                1525066.9953038786
              ],
              [
                313018.94337308779,
                1525057.5568273142
              ],
              [
                313041.8816055106,
                1524958.9691808317
              ],
              [
                313107.76173246186,
                1524911.1579015311
              ],
              [
                313196.69361722842,
                1524831.6974523142
              ],
              [
                313208.94337308872,
                1524797.5568273142
              ],
              [
                313227.33692777529,
                1524621.0590245798
              ],
              [
                313260.78175199497,
                1524548.187930828
              ],
              [
                313331.88648832217,
                1524502.9657628611
              ],
              [
                313377.77027738467,
                1524375.0885655936
              ],
              [
                313388.38184965122,
                1524306.9953038767
              ],
              [
                313401.3005508231,
                1524246.5289952848
              ],
              [
                313393.70655668154,
                1524119.1242101286
              ],
              [
                313437.20631254185,
                1523956.7072179411
              ],
              [
                313440.9441055106,
                1523894.0009191129
              ],
              [
                313422.38697660342,
                1523774.915225748
              ],
              [
                313368.38184965029,
                1523687.5568273142
              ],
              [
                313322.43824613467,
                1523608.6432530954
              ],
              [
                313244.08619535342,
                1523587.6593663786
              ],
              [
                313141.80714261811,
                1523634.6015050467
              ],
              [
                313084.00684965122,
                1523674.9762609061
              ],
              [
                313022.64210355654,
                1523696.9953038767
              ],
              [
                312979.64344633184,
                1523680.2680089548
              ],
              [
                312962.78187406622,
                1523601.3495519254
              ],
              [
                312995.2019180106,
                1523460.3375890311
              ],
              [
                312998.96046293247,
                1523397.2760655954
              ],
              [
                312995.68226469029,
                1523342.2760655954
              ],
              [
                313001.81263578404,
                1523239.4306066129
              ],
              [
                312981.47511136997,
                1523009.4635655936
              ],
              [
                312970.17445219029,
                1522819.866397623
              ],
              [
                312988.94398344029,
                1522767.5568273142
              ],
              [
                313008.38123929873,
                1522696.9953038748
              ],
              [
                313065.04078519717,
                1522572.0661046635
              ],
              [
                313044.61231840122,
                1522527.5568273142
              ],
              [
                312977.24659574404,
                1522541.3092687223
              ],
              [
                312885.39173734747,
                1522591.2238195036
              ],
              [
                312808.94398343936,
                1522607.5568273161
              ],
              [
                312715.37953031436,
                1522617.3078038748
              ],
              [
                312673.66261136904,
                1522632.2760655954
              ],
              [
                312632.22218168247,
                1522601.3446691073
              ],
              [
                312568.01869047154,
                1522577.9193761405
              ],
              [
                312493.66261136904,
                1522522.2760655936
              ],
              [
                312493.66261136904,
                1522512.2760655917
              ],
              [
                312483.66261136904,
                1522512.2760655917
              ],
              [
                312432.14954984561,
                1522436.8183019217
              ],
              [
                312361.5446914481,
                1522375.9894444998
              ],
              [
                312333.25550687779,
                1522251.4667394217
              ],
              [
                312269.03431547247,
                1522106.7963292692
              ],
              [
                312278.29090726655,
                1522026.9037511442
              ],
              [
                312298.29090726748,
                1521935.2118566129
              ],
              [
                312259.57447660435,
                1521897.7509191111
              ],
              [
                312190.02796781436,
                1521892.1625402048
              ],
              [
                312076.59779203404,
                1521916.9037511423
              ],
              [
                312038.29090726934,
                1521907.6483800504
              ],
              [
                311979.03431547061,
                1521856.9037511405
              ],
              [
                311943.66261136997,
                1521852.2760655936
              ],
              [
                311938.26344144717,
                1521809.1083409861
              ],
              [
                311900.57118070591,
                1521757.5092198923
              ],
              [
                311893.66261136904,
                1521702.2760655936
              ],
              [
                311928.76270902622,
                1521707.1759679392
              ],
              [
                312001.86939847842,
                1521728.3331945017
              ],
              [
                312123.58448636997,
                1521725.8490636442
              ],
              [
                312212.09461820498,
                1521748.5321691092
              ],
              [
                312313.97938382998,
                1521746.4533116911
              ],
              [
                312423.51673734561,
                1521793.8458898105
              ],
              [
                312548.05348050967,
                1521761.9293859079
              ],
              [
                312598.56251371466,
                1521774.7260167655
              ],
              [
                312557.37843168154,
                1521869.9127843436
              ],
              [
                312481.69178617373,
                1521981.5704991892
              ],
              [
                312464.56104886997,
                1522121.7609288786
              ],
              [
                312478.76270902622,
                1522177.1759679392
              ],
              [
                312489.92054593936,
                1522279.8749425486
              ],
              [
                312531.94141996466,
                1522341.8659093454
              ],
              [
                312668.76270902622,
                1522437.1759679411
              ],
              [
                312736.25965726748,
                1522493.8373448942
              ],
              [
                312820.32704008091,
                1522507.1759679373
              ],
              [
                312882.68787992373,
                1522475.0507237967
              ],
              [
                312975.10975492373,
                1522412.4030187204
              ],
              [
                313022.49561918341,
                1522363.0817296579
              ],
              [
                313039.22657621372,
                1522294.4501378592
              ],
              [
                313059.17774808779,
                1522236.1640050504
              ],
              [
                313119.58302152529,
                1522237.396915203
              ],
              [
                313179.75514066592,
                1522278.1842687204
              ],
              [
                313227.68849027529,
                1522351.2946202829
              ],
              [
                313208.56251371279,
                1522557.1759679392
              ],
              [
                313196.28834379185,
                1523045.912540203
              ],
              [
                313198.96900785435,
                1523177.2760655954
              ],
              [
                313198.49415433779,
                1523200.5121495798
              ],
              [
                313158.56251371466,
                1523317.1759679411
              ],
              [
                313148.09864652529,
                1523360.1019933298
              ],
              [
                313108.52833402622,
                1523475.707462078
              ],
              [
                313108.9616836356,
                1523496.9489171561
              ],
              [
                313338.76270902529,
                1523507.1759679392
              ],
              [
                313372.76295316592,
                1523530.2228429373
              ],
              [
                313420.92823636904,
                1523611.3605382517
              ],
              [
                313462.94239652622,
                1523673.3417394236
              ],
              [
                313537.96314847842,
                1523827.9755284842
              ],
              [
                313588.40626371372,
                1523876.4411046598
              ],
              [
                313601.1589492606,
                1523902.7265050504
              ],
              [
                313618.56251371279,
                1524004.4611241892
              ],
              [
                313571.96705472842,
                1524065.8685948905
              ],
              [
                313548.76270902529,
                1524137.376163248
              ],
              [
                313538.56251371279,
                1524167.1759679392
              ],
              [
                313523.86280668247,
                1524227.4762609079
              ],
              [
                313508.56251371279,
                1524287.1759679373
              ],
              [
                313498.76270902716,
                1524347.3761632536
              ],
              [
                313468.40138090122,
                1524465.8454015329
              ],
              [
                313418.56251371279,
                1524577.1759679392
              ],
              [
                313405.24952543154,
                1524645.3717687223
              ],
              [
                313365.21900785435,
                1524723.0780675486
              ],
              [
                313348.76270902622,
                1524807.3761632573
              ],
              [
                313327.11842191592,
                1524903.598087078
              ],
              [
                313284.45850980654,
                1524973.9423253629
              ],
              [
                313228.76270902622,
                1525098.9411046561
              ],
              [
                313268.77857816592,
                1525176.6181066111
              ],
              [
                313267.93873441685,
                1525217.7716710623
              ],
              [
                313238.22926175967,
                1525217.1649816111
              ],
              [
                313218.76270902529,
                1525157.1759679373
              ],
              [
                313191.47755277529,
                1525147.3761632517
              ],
              [
                313061.68263090122,
                1525245.8637120817
              ],
              [
                312987.17091214936,
                1525226.7682530936
              ],
              [
                312907.55360257998,
                1525172.7997472342
              ],
              [
                312768.56251371372,
                1525097.3761632498
              ],
              [
                312698.76270902622,
                1525057.1759679392
              ],
              [
                312626.83216703404,
                1525016.3947179373
              ],
              [
                312578.20057523809,
                1525017.3871495798
              ],
              [
                312530.66822660435,
                1525137.8986241911
              ],
              [
                312447.11353910435,
                1525218.1757237986
              ],
              [
                312385.02430570684,
                1525238.324649578
              ],
              [
                312319.48658598028,
                1525236.9867589548
              ],
              [
                312253.70960843936,
                1525250.4596593436
              ]
            ]
          ],
          [
            [
              [
                314659.29371488467,
                1527161.3336827829
              ],
              [
                314658.43678129278,
                1527203.3649327829
              ],
              [
                314502.1403945731,
                1527247.4494054373
              ],
              [
                314470.64991605654,
                1527246.8060948886
              ],
              [
                314360.70484769717,
                1527150.0873448905
              ],
              [
                314303.99098050967,
                1527136.2616612986
              ],
              [
                314211.87794340216,
                1527083.2111241873
              ],
              [
                314167.97779691685,
                1526965.0653722398
              ],
              [
                314129.18507230654,
                1526889.7601964548
              ],
              [
                314118.76270902529,
                1526849.8261144236
              ],
              [
                314160.32520902716,
                1526753.7641027048
              ],
              [
                314157.23438871372,
                1526602.2760655936
              ],
              [
                314161.1247695731,
                1526411.6132237986
              ],
              [
                314188.62232816592,
                1526358.2355382517
              ],
              [
                314198.56251371279,
                1526297.1759679373
              ],
              [
                314269.03370512091,
                1526136.7584874704
              ],
              [
                314329.90162504092,
                1526117.006290203
              ],
              [
                314367.31617582217,
                1526078.0646398142
              ],
              [
                314378.56251371466,
                1525917.1759679392
              ],
              [
                314389.49513090029,
                1525853.080508953
              ],
              [
                314388.52955472935,
                1525805.7758214548
              ],
              [
                314317.96314847842,
                1525737.9755284861
              ],
              [
                314278.16700590029,
                1525696.5558507517
              ],
              [
                314278.80665433872,
                1525665.2460362986
              ],
              [
                314299.39991605654,
                1525584.8883702811
              ],
              [
                314318.84205472935,
                1525465.4559972379
              ],
              [
                314358.62232816685,
                1525388.2355382498
              ],
              [
                314368.99952543341,
                1525324.4879796561
              ],
              [
                314392.69581449311,
                1525232.0282628592
              ],
              [
                314428.76270902529,
                1525197.3761632517
              ],
              [
                314449.54884183779,
                1525165.6732823886
              ],
              [
                314448.52955472842,
                1525115.7758214548
              ],
              [
                314401.0075820731,
                1525070.1178624704
              ],
              [
                314388.76270902622,
                1525006.3165929392
              ],
              [
                314460.84278715122,
                1524887.4555089511
              ],
              [
                314493.97999418247,
                1524803.441837078
              ],
              [
                314539.80763090029,
                1524735.834415203
              ],
              [
                314574.76246488467,
                1524663.7836339567
              ],
              [
                314593.72975004092,
                1524585.980899578
              ],
              [
                314658.76270902529,
                1524547.3761632517
              ],
              [
                314699.50245511997,
                1524516.4630773161
              ],
              [
                314739.90528714936,
                1524433.1830480173
              ],
              [
                314737.87159574497,
                1524333.5321691092
              ],
              [
                314768.76270902529,
                1524257.3761632517
              ],
              [
                314788.56251371372,
                1524207.1759679392
              ],
              [
                314809.76246488467,
                1524154.9103429373
              ],
              [
                314869.2448867606,
                1524067.1588780936
              ],
              [
                314898.56251371372,
                1523975.4157140292
              ],
              [
                314878.40748441685,
                1523896.7706945036
              ],
              [
                314844.32667386904,
                1523897.4664952811
              ],
              [
                314795.03468168154,
                1523980.502383953
              ],
              [
                314645.08473051153,
                1524166.2604405936
              ],
              [
                314618.76270902716,
                1524247.3761632517
              ],
              [
                314585.76222074591,
                1524343.7872960623
              ],
              [
                314567.76295316685,
                1524378.7287023161
              ],
              [
                314524.54640043247,
                1524420.2509191129
              ],
              [
                314463.86280668341,
                1524522.4762609061
              ],
              [
                314382.28809965216,
                1524570.901553873
              ],
              [
                314348.76270902622,
                1524627.3761632536
              ],
              [
                314318.56251371279,
                1524667.1759679411
              ],
              [
                314248.76270902622,
                1524767.3761632517
              ],
              [
                314193.16334379092,
                1524833.6078527048
              ],
              [
                314178.76270902716,
                1524907.3761632498
              ],
              [
                314168.19630277529,
                1524938.2440831717
              ],
              [
                314051.07716214936,
                1524995.0653722361
              ],
              [
                313978.57350004185,
                1525055.9296300467
              ],
              [
                313930.85255277622,
                1525154.2938878592
              ],
              [
                313907.74708402622,
                1525188.3795812204
              ],
              [
                313847.56275785435,
                1525187.1515538748
              ],
              [
                313803.5661758231,
                1525096.4655187204
              ],
              [
                313819.31324613467,
                1525004.1486241892
              ],
              [
                313817.8288711356,
                1524931.4423253629
              ],
              [
                313798.06202543247,
                1524834.9347570017
              ],
              [
                313733.26222074497,
                1524772.676456226
              ],
              [
                313707.36744535342,
                1524745.7245519217
              ],
              [
                313708.80665433779,
                1524675.2460362967
              ],
              [
                313728.76270902716,
                1524597.3761632498
              ],
              [
                313738.56251371279,
                1524557.1759679373
              ],
              [
                313768.99220121279,
                1524438.4393956754
              ],
              [
                313766.75831449404,
                1524328.9752843454
              ],
              [
                313712.15504300967,
                1524293.1757237967
              ],
              [
                313688.76270902622,
                1524255.4157140311
              ],
              [
                313709.76612699497,
                1524173.4613683317
              ],
              [
                313738.00587308779,
                1524028.8019445017
              ],
              [
                313758.65528715122,
                1523968.4735753592
              ],
              [
                313769.43287504185,
                1523858.2770421579
              ],
              [
                313809.54640043154,
                1523765.5658605155
              ],
              [
                313807.55787504092,
                1523668.1622960623
              ],
              [
                313854.51344144717,
                1523598.891055828
              ],
              [
                314042.88868558872,
                1523387.9682042692
              ],
              [
                314118.76270902529,
                1523377.3761632517
              ],
              [
                314150.04444730841,
                1523356.1713292655
              ],
              [
                314198.56251371279,
                1523255.6110265329
              ],
              [
                314168.56251371186,
                1523197.3761632517
              ],
              [
                314158.76270902622,
                1523155.0226476267
              ],
              [
                314189.34376371279,
                1523065.6769445036
              ],
              [
                314188.3562148856,
                1523017.2760655954
              ],
              [
                314188.85059965029,
                1522993.0890538767
              ],
              [
                314278.63575590122,
                1522818.7982823923
              ],
              [
                314301.08570707217,
                1522566.3483312223
              ],
              [
                314318.76270902529,
                1522497.3761632517
              ],
              [
                314328.56251371279,
                1522387.1759679392
              ],
              [
                314338.76270902529,
                1522357.376163248
              ],
              [
                314366.44337308872,
                1522272.0746495798
              ],
              [
                314437.01588285435,
                1522108.9630773123
              ],
              [
                314479.57081449404,
                1522046.1835362948
              ],
              [
                314562.92286527529,
                1521991.5363195017
              ],
              [
                314602.02320707217,
                1521931.8976476286
              ],
              [
                314618.56251371186,
                1521847.1759679373
              ],
              [
                314638.76270902529,
                1521757.3761632498
              ],
              [
                314650.47169340216,
                1521673.4979894217
              ],
              [
                314726.74122465122,
                1521547.7289464567
              ],
              [
                314740.00172269717,
                1521479.8065831717
              ],
              [
                314768.76270902529,
                1521437.3761632536
              ],
              [
                314806.7155898856,
                1521379.4892003629
              ],
              [
                314843.66261136997,
                1521372.2760655973
              ],
              [
                314858.76270902529,
                1521397.1759679373
              ],
              [
                314868.56251371279,
                1521468.7445714511
              ],
              [
                314840.03956449404,
                1521552.0770909842
              ],
              [
                314825.38868558966,
                1521701.8781163748
              ],
              [
                314840.99293363653,
                1521778.0670812186
              ],
              [
                314838.3562148856,
                1521907.2760655954
              ],
              [
                314838.80055082403,
                1521929.0131261405
              ],
              [
                314879.56349027622,
                1522008.1415441092
              ],
              [
                314877.74220121279,
                1522097.3725011405
              ],
              [
                314908.76270902622,
                1522127.1759679392
              ],
              [
                314929.55006254092,
                1522148.8117101248
              ],
              [
                314928.5417617606,
                1522198.1964757517
              ],
              [
                314881.82911527529,
                1522267.1088292655
              ],
              [
                314868.62232816592,
                1522348.2355382517
              ],
              [
                314848.04737699404,
                1522388.1757237967
              ],
              [
                314788.56251371372,
                1522427.1759679411
              ],
              [
                314778.76270902529,
                1522438.744571453
              ],
              [
                314816.59474027436,
                1522549.2743566111
              ],
              [
                314777.97413480841,
                1522638.5358312204
              ],
              [
                314779.33888090122,
                1522705.3864171579
              ],
              [
                314758.56251371279,
                1522777.1759679392
              ],
              [
                314748.76270902529,
                1522857.3761632498
              ],
              [
                314737.76295316592,
                1522878.7287023161
              ],
              [
                314672.77882230841,
                1522941.1652257517
              ],
              [
                314658.76270902529,
                1522994.3952062204
              ],
              [
                314708.76270902622,
                1523027.1759679392
              ],
              [
                314746.07838285528,
                1523052.4701573923
              ],
              [
                314761.21021878999,
                1523191.7450597361
              ],
              [
                314840.55225980747,
                1523217.4921300467
              ],
              [
                314900.66212308779,
                1523248.4577062204
              ],
              [
                314928.56251371372,
                1523347.3761632517
              ],
              [
                314956.23463285249,
                1523428.2208898123
              ],
              [
                314936.96217191685,
                1523503.4186437223
              ],
              [
                314911.68263090029,
                1523577.2760655936
              ],
              [
                314929.3620742606,
                1523628.9288976286
              ],
              [
                314961.54225004185,
                1523659.8468663748
              ],
              [
                315002.55787504278,
                1523645.8087804373
              ],
              [
                315128.56251371372,
                1523557.1759679411
              ],
              [
                315180.91725004185,
                1523531.7755773142
              ],
              [
                315313.41480863374,
                1523515.5853917729
              ],
              [
                315406.83399808966,
                1523467.4603917655
              ],
              [
                315418.56251371279,
                1523587.3761632517
              ],
              [
                315438.53932035435,
                1523704.4916417673
              ],
              [
                315389.08741605654,
                1523769.662540203
              ],
              [
                315378.76270902622,
                1523917.376163248
              ],
              [
                315366.30299222935,
                1524051.4996984061
              ],
              [
                315328.56251371279,
                1524107.1759679373
              ],
              [
                315318.76270902529,
                1524138.3527257498
              ],
              [
                315345.24464261997,
                1524189.7589757517
              ],
              [
                315358.56251371372,
                1524217.8388097379
              ],
              [
                315286.07838285435,
                1524265.3607823923
              ],
              [
                315268.76270902622,
                1524315.6220128592
              ],
              [
                315346.29566800967,
                1524361.6474034842
              ],
              [
                315358.56251371372,
                1524389.1364171598
              ],
              [
                315298.36231840029,
                1524446.9757726267
              ],
              [
                315278.76270902622,
                1524487.3761632517
              ],
              [
                315232.4919570731,
                1524544.6954991873
              ],
              [
                315143.17921293341,
                1524562.1308019217
              ],
              [
                315118.24635160528,
                1524638.9655187223
              ],
              [
                315098.56251371279,
                1524677.1759679411
              ],
              [
                315078.76270902436,
                1524718.7445714548
              ],
              [
                315103.27931058686,
                1524790.3729894254
              ],
              [
                315058.15479887091,
                1524877.968204271
              ],
              [
                314978.89698636997,
                1524916.4191319998
              ],
              [
                314957.36744535342,
                1524938.8275792673
              ],
              [
                314959.17286527529,
                1525027.2760655954
              ],
              [
                314958.18775785342,
                1525075.5451085642
              ],
              [
                314968.76270902436,
                1525127.1759679411
              ],
              [
                314978.56251371279,
                1525179.1364171579
              ],
              [
                314949.74049222935,
                1525291.6010167692
              ],
              [
                314978.14991605654,
                1525374.6015050467
              ],
              [
                314988.56251371279,
                1525418.3527257517
              ],
              [
                314948.36231840029,
                1525456.975772623
              ],
              [
                314927.96314848028,
                1525478.2086827792
              ],
              [
                314903.61744535435,
                1525553.2318761405
              ],
              [
                314923.63331449404,
                1525650.9564855155
              ],
              [
                314888.56251371279,
                1525697.1759679392
              ],
              [
                314857.13673246372,
                1525750.1142003629
              ],
              [
                314789.63184965122,
                1525814.9725987967
              ],
              [
                314769.58668363467,
                1525856.2909581717
              ],
              [
                314726.73023832217,
                1525912.7692296598
              ],
              [
                314669.31568754092,
                1526014.0387609098
              ],
              [
                314616.89381254185,
                1526175.5853917692
              ],
              [
                314619.53663480747,
                1526305.1142003629
              ],
              [
                314580.55592191592,
                1526418.9996984061
              ],
              [
                314567.63600004185,
                1526471.9953038767
              ],
              [
                314568.87745511904,
                1526532.7838780936
              ],
              [
                314628.76270902716,
                1526577.1759679392
              ],
              [
                314654.54517972749,
                1526604.0106847342
              ],
              [
                314618.56251371186,
                1526687.1759679411
              ],
              [
                314607.0378555106,
                1526722.689883953
              ],
              [
                314608.81641996279,
                1526809.7894933317
              ],
              [
                314649.55250394717,
                1527008.6786534861
              ],
              [
                314648.20728910528,
                1527074.5954015311
              ],
              [
                314659.29371488467,
                1527161.3336827829
              ]
            ],
            [
              [
                314461.46656644624,
                1526943.2990148123
              ],
              [
                314452.93141019717,
                1527001.0565831736
              ],
              [
                314487.36744535342,
                1527085.1947667692
              ],
              [
                314529.76978910342,
                1527116.6327550486
              ],
              [
                314565.97096097935,
                1527100.4877355136
              ],
              [
                314577.16236722842,
                1527024.7577550467
              ],
              [
                314529.30592191592,
                1526936.6327550448
              ],
              [
                314518.01930082124,
                1526927.9193761423
              ],
              [
                314513.66261136997,
                1526922.2760655954
              ],
              [
                314461.46656644624,
                1526943.2990148123
              ]
            ],
            [
              [
                314289.21558988467,
                1526529.086368328
              ],
              [
                314316.56544340029,
                1526586.7230870798
              ],
              [
                314353.62476957124,
                1526572.1710851267
              ],
              [
                314348.10963285342,
                1526527.8290441092
              ],
              [
                314343.66261136811,
                1526522.2760655973
              ],
              [
                314289.21558988467,
                1526529.086368328
              ]
            ],
            [
              [
                314531.07716215029,
                1525372.0868566092
              ],
              [
                314512.68971097935,
                1525422.1564366873
              ],
              [
                314505.2849258231,
                1525514.3183019217
              ],
              [
                314559.08985746279,
                1525656.1054112967
              ],
              [
                314593.82618558872,
                1525658.8959386442
              ],
              [
                314653.60767972935,
                1525632.221133953
              ],
              [
                314687.8142226981,
                1525555.5621984079
              ],
              [
                314718.29029691499,
                1525506.9037511423
              ],
              [
                314778.29029691685,
                1525422.2821691092
              ],
              [
                314758.64552152622,
                1525389.6442296579
              ],
              [
                314604.94312894903,
                1525401.9940831717
              ],
              [
                314577.54688871372,
                1525378.391788248
              ],
              [
                314563.66261137091,
                1525362.2760655954
              ],
              [
                314531.07716215029,
                1525372.0868566092
              ]
            ],
            [
              [
                314000.21046293247,
                1524757.0929601248
              ],
              [
                314038.56251371372,
                1524717.1759679411
              ],
              [
                314098.09376371372,
                1524659.9799230173
              ],
              [
                314140.57667386997,
                1524572.4115636405
              ],
              [
                314207.2478164481,
                1524528.7006261423
              ],
              [
                314268.76270902622,
                1524457.3761632498
              ],
              [
                314298.56251371279,
                1524417.1759679392
              ],
              [
                314377.98267972842,
                1524358.3026769254
              ],
              [
                314403.76881254185,
                1524308.2477452848
              ],
              [
                314418.65650785342,
                1524186.4044835642
              ],
              [
                314448.56251371372,
                1524128.352725748
              ],
              [
                314438.43556058779,
                1524106.4704015329
              ],
              [
                314408.76270902436,
                1524077.9608800504
              ],
              [
                314418.56251371279,
                1524047.1759679411
              ],
              [
                314527.78614652716,
                1523890.0006749723
              ],
              [
                314557.56275785435,
                1523828.6249425523
              ],
              [
                314568.56251371372,
                1523817.1759679373
              ],
              [
                314618.35255277529,
                1523769.3390538748
              ],
              [
                314688.38429105747,
                1523685.9149816129
              ],
              [
                314688.86646879092,
                1523662.2760655973
              ],
              [
                314688.17921293341,
                1523628.5785558317
              ],
              [
                314698.56251371372,
                1523607.1759679411
              ],
              [
                314758.54298246466,
                1523528.1293370835
              ],
              [
                314760.11158597935,
                1523451.3019445017
              ],
              [
                314725.16773832217,
                1523362.7081945036
              ],
              [
                314657.4235976981,
                1523308.0231359061
              ],
              [
                314530.33863675967,
                1523295.5939366855
              ],
              [
                314568.56251371372,
                1523163.5126378592
              ],
              [
                314549.5476211356,
                1523131.8146398123
              ],
              [
                314478.56251371372,
                1523097.3761632498
              ],
              [
                314473.66261136904,
                1523092.2760655954
              ],
              [
                314435.95753324497,
                1523099.6369054373
              ],
              [
                314408.56251371279,
                1523167.1759679373
              ],
              [
                314390.08717191592,
                1523224.1107823905
              ],
              [
                314368.56251371372,
                1523277.1759679392
              ],
              [
                314358.76270902622,
                1523327.3761632498
              ],
              [
                314318.56251371279,
                1523377.1759679411
              ],
              [
                314279.88087308872,
                1523436.176212078
              ],
              [
                314238.76270902622,
                1523467.376163248
              ],
              [
                314164.10572660342,
                1523522.719180828
              ],
              [
                314108.76270902529,
                1523597.3761632517
              ],
              [
                314058.40748441685,
                1523659.7565343454
              ],
              [
                314059.53785550967,
                1523715.1654698905
              ],
              [
                314048.76270902622,
                1523737.3761632536
              ],
              [
                314029.07887113467,
                1523775.5866124667
              ],
              [
                314010.01637113467,
                1523834.3268468454
              ],
              [
                313928.77979886997,
                1523928.5187413767
              ],
              [
                313878.76270902529,
                1524025.6110265311
              ],
              [
                313888.87379300967,
                1524048.0670812186
              ],
              [
                313958.03516996279,
                1524114.5160558298
              ],
              [
                313918.76270902622,
                1524211.3361241873
              ],
              [
                313928.56251371372,
                1524237.3761632498
              ],
              [
                313949.15455472935,
                1524288.1439855155
              ],
              [
                313948.15235746372,
                1524337.2760655954
              ],
              [
                313949.75391996372,
                1524415.741641771
              ],
              [
                313918.56251371372,
                1524467.1759679373
              ],
              [
                313890.40943754185,
                1524525.2057530973
              ],
              [
                313839.91505277622,
                1524591.7523839567
              ],
              [
                313818.76270902622,
                1524695.0226476267
              ],
              [
                313859.7282851981,
                1524766.9916417655
              ],
              [
                313941.01002347935,
                1524768.6505773142
              ],
              [
                314000.21046293247,
                1524757.0929601248
              ]
            ],
            [
              [
                315230.08228910435,
                1523667.3895909842
              ],
              [
                315139.30592191685,
                1523729.4196202829
              ],
              [
                315149.27174222935,
                1523750.5792882498
              ],
              [
                315209.04102933872,
                1523786.6327550504
              ],
              [
                315266.67896879092,
                1523770.0397374704
              ],
              [
                315296.35304105654,
                1523694.5575597361
              ],
              [
                315283.66261136904,
                1523662.2760655973
              ],
              [
                315230.08228910435,
                1523667.3895909842
              ]
            ],
            [
              [
                314514.46217191592,
                1522740.6427648123
              ],
              [
                314489.0349258231,
                1522807.6483800448
              ],
              [
                314444.64283597842,
                1522864.3317296617
              ],
              [
                314400.52540433686,
                1522969.0875890311
              ],
              [
                314393.50514066685,
                1523056.459415203
              ],
              [
                314436.25172269717,
                1523059.8944737986
              ],
              [
                314449.71729886997,
                1523000.6232335642
              ],
              [
                314513.82862699404,
                1522911.3397863042
              ],
              [
                314548.29029691685,
                1522886.9037511386
              ],
              [
                314608.08643949311,
                1522849.4513585661
              ],
              [
                314614.8503555106,
                1522765.2619054392
              ],
              [
                314589.77833402622,
                1522736.1603429392
              ],
              [
                314568.29029691685,
                1522717.6483800486
              ],
              [
                314563.66261137091,
                1522712.2760655973
              ],
              [
                314514.46217191592,
                1522740.6427648123
              ]
            ],
            [
              [
                314534.17286527622,
                1522280.2704503573
              ],
              [
                314519.39747465122,
                1522366.0956456736
              ],
              [
                314576.55079496279,
                1522354.5429112986
              ],
              [
                314585.03834379092,
                1522305.2423741911
              ],
              [
                314563.66261137091,
                1522272.2760655973
              ],
              [
                314534.17286527622,
                1522280.2704503573
              ]
            ]
          ],
          [
            [
              [
                311478.38123929966,
                1527717.5574376658
              ],
              [
                311507.67384183779,
                1527743.7299230155
              ],
              [
                311518.38123930059,
                1527771.2549474314
              ],
              [
                311474.66419828404,
                1527810.3156163748
              ],
              [
                311402.92530668154,
                1527806.0401036814
              ],
              [
                311388.94398343936,
                1527718.399722822
              ],
              [
                311473.66261136904,
                1527712.2760655936
              ],
              [
                311478.38123929966,
                1527717.5574376658
              ]
            ]
          ],
          [
            [
              [
                315265.20313871372,
                1534212.4915196989
              ],
              [
                315228.56251371372,
                1534297.1759679355
              ],
              [
                315199.51710355747,
                1534386.6846349295
              ],
              [
                315160.35206449497,
                1534406.8604161814
              ],
              [
                315098.76270902529,
                1534426.8463780936
              ],
              [
                315108.56251371279,
                1534457.3761632536
              ],
              [
                315146.97559965029,
                1534507.9993321951
              ],
              [
                315097.69337308966,
                1534609.57983757
              ],
              [
                315051.87061918154,
                1534653.6054112986
              ],
              [
                315031.91944730747,
                1534735.4468419626
              ],
              [
                314990.35206449404,
                1534756.8604161832
              ],
              [
                314943.46241605747,
                1534772.0761754606
              ],
              [
                314870.73536527622,
                1534796.9693639334
              ],
              [
                314778.76270902529,
                1534757.1759679373
              ],
              [
                314688.87257230747,
                1534742.5427892264
              ],
              [
                314687.17823636997,
                1534659.5142247733
              ],
              [
                314722.60304105747,
                1534611.7252233103
              ],
              [
                314797.76295316685,
                1534539.5133092478
              ],
              [
                314813.86280668154,
                1534492.4759557322
              ],
              [
                314845.83424222842,
                1534393.9499547556
              ],
              [
                314898.56251371372,
                1534324.4608190153
              ],
              [
                314882.54688871372,
                1534296.2137487009
              ],
              [
                314788.91895902622,
                1534234.828250654
              ],
              [
                314788.04981840029,
                1534192.2760655936
              ],
              [
                314789.52198636997,
                1534120.141055828
              ],
              [
                314778.56251371372,
                1534077.3761632517
              ],
              [
                314768.76270902529,
                1533977.1759679392
              ],
              [
                314748.74806058872,
                1533899.0778234061
              ],
              [
                314737.04640043341,
                1533791.3767125681
              ],
              [
                314708.66993558872,
                1533708.4741857126
              ],
              [
                314694.79176175967,
                1533566.5701940134
              ],
              [
                314671.51295316778,
                1533494.8343541697
              ],
              [
                314554.38404691592,
                1533427.3761632517
              ],
              [
                314488.76270902622,
                1533463.6481359079
              ],
              [
                314501.23585355747,
                1533481.1212804448
              ],
              [
                314576.56300199404,
                1533553.4937169608
              ],
              [
                314588.76270902622,
                1533577.1759679392
              ],
              [
                314598.56251371372,
                1533697.3761632517
              ],
              [
                314618.56251371186,
                1533834.2389562204
              ],
              [
                314608.76270902622,
                1533937.3761632517
              ],
              [
                314595.12501371186,
                1534003.9612462576
              ],
              [
                314617.21485746279,
                1534090.1550939139
              ],
              [
                314576.47266996372,
                1534150.2588536814
              ],
              [
                314540.44117582217,
                1534224.5291783884
              ],
              [
                314479.51466215122,
                1534239.3817784842
              ],
              [
                314467.32350004092,
                1534339.1504552439
              ],
              [
                314448.56251371372,
                1534357.1759679373
              ],
              [
                314419.7624648856,
                1534387.1515538748
              ],
              [
                314399.31446683779,
                1534387.5687291697
              ],
              [
                314357.27223050967,
                1534376.7941930369
              ],
              [
                314290.26539457217,
                1534378.1616857108
              ],
              [
                314243.46241605654,
                1534347.4759557303
              ],
              [
                314184.08497465029,
                1534267.3761632498
              ],
              [
                314123.47462308779,
                1534280.4239537772
              ],
              [
                314089.55128324497,
                1534330.4706456717
              ],
              [
                314128.56251371372,
                1534406.1997106168
              ],
              [
                314110.53272855747,
                1534463.5565831736
              ],
              [
                314025.11158597842,
                1534491.2760045603
              ],
              [
                314008.56251371372,
                1534507.1759679411
              ],
              [
                313998.22804105654,
                1534517.9324986991
              ],
              [
                313956.3591445731,
                1534538.2453038748
              ],
              [
                313898.75904691592,
                1534598.1964757498
              ],
              [
                313748.01685941685,
                1534595.1199987009
              ],
              [
                313670.90870511904,
                1534613.9176061209
              ],
              [
                313629.36207426153,
                1534657.1597936191
              ],
              [
                313599.38282621372,
                1534657.7716710642
              ],
              [
                313572.56275785249,
                1534632.0035436228
              ],
              [
                313549.36573636904,
                1534541.4908483103
              ],
              [
                313529.04225004092,
                1534437.3859288786
              ],
              [
                313476.6130508231,
                1534436.3159825876
              ],
              [
                313417.41993558779,
                1534516.1676671579
              ],
              [
                313338.56251371372,
                1534527.1759679355
              ],
              [
                313280.13111722935,
                1534547.1759679373
              ],
              [
                313219.64161527622,
                1534528.3978917655
              ],
              [
                313148.84327543247,
                1534429.9573400076
              ],
              [
                313133.73829496279,
                1534290.9268834628
              ],
              [
                313089.8991836356,
                1534162.8482701834
              ],
              [
                313086.66798246279,
                1534004.5667150095
              ],
              [
                313108.59058988653,
                1533919.0271642264
              ],
              [
                313128.56251371372,
                1533727.1759679392
              ],
              [
                313148.56251371372,
                1533668.7445714548
              ],
              [
                313134.93946683872,
                1533597.0569493864
              ],
              [
                313098.56251371279,
                1533507.3761632536
              ],
              [
                313079.33277738653,
                1533428.4931066092
              ],
              [
                313048.56251371466,
                1533357.3761632498
              ],
              [
                313038.51856840029,
                1533295.6803014334
              ],
              [
                312999.56287992373,
                1533181.8662145212
              ],
              [
                312988.56251371279,
                1533117.3761632536
              ],
              [
                312973.86280668247,
                1532997.0761754569
              ],
              [
                312957.80262601748,
                1532934.4110753592
              ],
              [
                312959.3767226981,
                1532857.2760655954
              ],
              [
                312958.15235746372,
                1532797.2760655954
              ],
              [
                312961.13575590122,
                1532651.0895421542
              ],
              [
                312939.68739164248,
                1532525.3427770194
              ],
              [
                312958.56251371279,
                1532467.1759679392
              ],
              [
                312978.56251371279,
                1532408.7445714567
              ],
              [
                312968.76270902529,
                1532277.1759679411
              ],
              [
                312957.59571683872,
                1532244.5514562204
              ],
              [
                312959.33338773716,
                1532159.4037511405
              ],
              [
                312942.13001859561,
                1532092.2760655954
              ],
              [
                312958.76637113467,
                1532027.3615148105
              ],
              [
                312957.56825101748,
                1531968.6432530973
              ],
              [
                312979.80763090029,
                1531935.834415203
              ],
              [
                313007.82215726934,
                1531878.0896642283
              ],
              [
                313061.47755277716,
                1531837.3761632498
              ],
              [
                313155.51075590029,
                1531849.2999913748
              ],
              [
                313228.06568754185,
                1531947.1759679392
              ],
              [
                313294.23634183872,
                1531921.3324620817
              ],
              [
                313318.0681289481,
                1531898.4357335605
              ],
              [
                313343.79810941592,
                1531859.1907384489
              ],
              [
                313407.31373441592,
                1531828.3759191111
              ],
              [
                313455.9831680106,
                1531781.6144444998
              ],
              [
                313485.98805082403,
                1531735.850894697
              ],
              [
                313598.49537504185,
                1531603.7763097342
              ],
              [
                313638.76270902529,
                1531577.3761632498
              ],
              [
                313820.30079496372,
                1531413.3008458707
              ],
              [
                313868.76270902529,
                1531377.3761632498
              ],
              [
                313934.54273832217,
                1531327.4622228183
              ],
              [
                313997.74708402529,
                1531326.1725499704
              ],
              [
                314019.80763090122,
                1531358.7177159842
              ],
              [
                314053.02052152622,
                1531427.1759679411
              ],
              [
                314116.72169340122,
                1531399.6027257498
              ],
              [
                314155.27638090029,
                1531348.7915685251
              ],
              [
                314170.76710355654,
                1531253.6322667673
              ],
              [
                314285.39723050967,
                1531094.2462804392
              ],
              [
                314333.58204496466,
                1530986.6107823923
              ],
              [
                314348.76270902622,
                1530927.3761632498
              ],
              [
                314366.08204496372,
                1530785.6348302439
              ],
              [
                314413.26466215029,
                1530640.2381017264
              ],
              [
                314438.76270902529,
                1530577.3761632517
              ],
              [
                314472.28809965122,
                1530487.150943527
              ],
              [
                314538.46485746279,
                1530381.9525792655
              ],
              [
                314539.13746488653,
                1530349.006412277
              ],
              [
                314518.76270902436,
                1530249.5288732145
              ],
              [
                314528.56251371279,
                1530147.1759679373
              ],
              [
                314558.56251371372,
                1530073.2153966483
              ],
              [
                314548.76270902529,
                1530047.1759679355
              ],
              [
                314478.76270902622,
                1529966.0132482126
              ],
              [
                314490.22633207217,
                1529850.3961827811
              ],
              [
                314536.67774808966,
                1529779.5465734079
              ],
              [
                314577.34058988467,
                1529737.2241857145
              ],
              [
                314853.50391996466,
                1529726.4069249686
              ],
              [
                314888.66871488467,
                1529658.147037277
              ],
              [
                314898.56251371372,
                1529577.1759679411
              ],
              [
                314916.86207426153,
                1529469.8902013395
              ],
              [
                314898.76270902529,
                1529377.1759679355
              ],
              [
                314888.56251371279,
                1529337.3761632498
              ],
              [
                314876.24317777529,
                1529261.6962316092
              ],
              [
                314843.52467191778,
                1529198.1836583689
              ],
              [
                314802.32227933872,
                1529055.8112218473
              ],
              [
                314787.70558011904,
                1528906.3660314139
              ],
              [
                314692.08546293154,
                1528859.9762609061
              ],
              [
                314638.79566800967,
                1528808.7763097342
              ],
              [
                314637.07203519717,
                1528724.3128087576
              ],
              [
                314651.0124648856,
                1528667.1259191111
              ],
              [
                314704.56226957217,
                1528525.6287267264
              ],
              [
                314731.01246488467,
                1528417.1259191111
              ],
              [
                314778.40992582217,
                1528354.6619298514
              ],
              [
                314778.95069730654,
                1528328.175113447
              ],
              [
                314768.40626371279,
                1528306.4417150132
              ],
              [
                314710.90870511997,
                1528251.1994054373
              ],
              [
                314738.76270902716,
                1528127.3761632517
              ],
              [
                314748.80665433872,
                1528065.6806066092
              ],
              [
                314778.52833402622,
                1527978.8440587576
              ],
              [
                314780.35694730654,
                1527889.2438390348
              ],
              [
                314760.12501371372,
                1527868.1860997733
              ],
              [
                314695.52174222935,
                1527820.2954747751
              ],
              [
                314668.78712308872,
                1527768.4009435289
              ],
              [
                314668.15235746186,
                1527737.2760655973
              ],
              [
                314670.05909574404,
                1527643.8416173533
              ],
              [
                314609.10450590029,
                1527553.9179112967
              ],
              [
                314607.99854886997,
                1527499.7308995817
              ],
              [
                314623.64796293341,
                1527451.5045812223
              ],
              [
                314702.24659574497,
                1527388.0579259451
              ],
              [
                314743.66261136997,
                1527382.2760655954
              ],
              [
                314748.56251371279,
                1527387.3761632517
              ],
              [
                314832.80933988467,
                1527437.3871495798
              ],
              [
                314892.30641019717,
                1527540.6922032926
              ],
              [
                314908.56251371372,
                1527607.3761632517
              ],
              [
                314938.76270902622,
                1527707.1759679392
              ],
              [
                314968.46241605747,
                1527842.4762609061
              ],
              [
                315008.56251371372,
                1527981.0394933261
              ],
              [
                314998.76270902529,
                1528047.3761632517
              ],
              [
                314978.76270902529,
                1528105.8075597342
              ],
              [
                314991.19801176153,
                1528145.8643224314
              ],
              [
                315048.76270902622,
                1528217.1759679392
              ],
              [
                315109.85157621466,
                1528294.2273595426
              ],
              [
                315247.96314847935,
                1528437.9761388376
              ],
              [
                315353.89942777529,
                1528539.7583653983
              ],
              [
                315412.16236722935,
                1528628.6243321989
              ],
              [
                315458.46241605654,
                1528652.4762609098
              ],
              [
                315541.41529691685,
                1528692.7204015311
              ],
              [
                315610.09571683966,
                1528734.369571453
              ],
              [
                315732.06959379092,
                1528754.2261388358
              ],
              [
                315778.31837308872,
                1528776.6638829783
              ],
              [
                315794.46827543154,
                1528823.8440587595
              ],
              [
                315828.76270902622,
                1528937.1759679355
              ],
              [
                315845.30445707403,
                1529005.0293614995
              ],
              [
                315906.96095121372,
                1529064.2682530954
              ],
              [
                315923.32935941685,
                1529181.5210607126
              ],
              [
                315965.82447660435,
                1529225.7507970389
              ],
              [
                316034.93458402622,
                1529266.7761876658
              ],
              [
                316057.66041410342,
                1529333.1720616873
              ],
              [
                316059.97486722842,
                1529446.602847822
              ],
              [
                315992.96314847842,
                1529510.9876134489
              ],
              [
                315959.04957425967,
                1529643.3154943064
              ],
              [
                315955.91236722935,
                1529797.0349767283
              ],
              [
                315976.87306058872,
                1529878.8220861033
              ],
              [
                315922.61768949404,
                1529990.654361492
              ],
              [
                315829.96266019717,
                1530035.6055333689
              ],
              [
                315788.98853910342,
                1530096.0529210623
              ],
              [
                315771.04298246279,
                1530201.2634923533
              ],
              [
                315793.46241605654,
                1530247.4762609079
              ],
              [
                315813.86280668061,
                1530287.0758702829
              ],
              [
                315828.9372695731,
                1530348.9124181364
              ],
              [
                315965.17384183872,
                1530479.8065831717
              ],
              [
                316025.65479886904,
                1530614.9109532889
              ],
              [
                316030.55592191592,
                1530855.0702550467
              ],
              [
                315988.36231840029,
                1530936.9757726267
              ],
              [
                315966.31275785435,
                1531004.926212078
              ],
              [
                315922.52247465122,
                1531077.1362950858
              ],
              [
                315892.77882230841,
                1531152.5464513376
              ],
              [
                315828.56251371372,
                1531237.1759679373
              ],
              [
                315790.64747465122,
                1531295.0055577792
              ],
              [
                315659.43287504092,
                1531431.5759923514
              ],
              [
                315626.46900785435,
                1531448.5578038767
              ],
              [
                315473.63819730747,
                1531445.4389073923
              ],
              [
                315438.76270902529,
                1531457.3761632517
              ],
              [
                315362.31861722935,
                1531472.299258953
              ],
              [
                315326.78272855654,
                1531562.3963048514
              ],
              [
                315293.46241605747,
                1531627.0758702829
              ],
              [
                315261.73267972935,
                1531692.4774816092
              ],
              [
                315213.46241605841,
                1531772.0758702885
              ],
              [
                315198.76270902529,
                1531817.3761632498
              ],
              [
                315170.76100004092,
                1531899.1846349314
              ],
              [
                315157.32960355654,
                1532009.1058995798
              ],
              [
                315138.76270902622,
                1532047.3761632498
              ],
              [
                315080.20069730747,
                1532133.7689855155
              ],
              [
                315066.71314847842,
                1532244.1480138395
              ],
              [
                315033.36964261904,
                1532341.5631749723
              ],
              [
                315057.76295316592,
                1532366.9513585642
              ],
              [
                315139.12037504092,
                1532368.6121251639
              ],
              [
                315280.43141019624,
                1532347.1222570017
              ],
              [
                315396.31275785435,
                1532287.4262120798
              ],
              [
                315500.53028715122,
                1532285.2991368864
              ],
              [
                315616.2273086356,
                1532322.8436925467
              ],
              [
                315638.0925430106,
                1532365.2875402085
              ],
              [
                315659.59156644717,
                1532460.8588292655
              ],
              [
                315648.76270902529,
                1532527.3761632517
              ],
              [
                315607.30518949497,
                1532595.7404210623
              ],
              [
                315610.69264066685,
                1532761.7743566129
              ],
              [
                315584.80274808872,
                1532827.416141279
              ],
              [
                315547.99244535435,
                1532888.1156041697
              ],
              [
                315519.2058242606,
                1532976.8274571951
              ],
              [
                315459.26197660528,
                1533051.0855748728
              ],
              [
                315479.14478910435,
                1533128.6658361014
              ],
              [
                315477.02808988653,
                1533232.3688390311
              ],
              [
                315508.56251371466,
                1533355.4154088572
              ],
              [
                315496.45435941592,
                1533394.9051549509
              ],
              [
                315477.10499418247,
                1533451.4331700895
              ],
              [
                315437.50538480654,
                1533591.8332555387
              ],
              [
                315411.40919339936,
                1533668.0768468473
              ],
              [
                315397.34181058779,
                1533811.8979528025
              ],
              [
                315322.56275785435,
                1533957.0584752634
              ],
              [
                315288.76270902716,
                1534055.8075597379
              ],
              [
                315301.56788480747,
                1534097.0572545603
              ],
              [
                315338.56251371372,
                1534151.6333654001
              ],
              [
                315325.14088285435,
                1534173.1946446951
              ],
              [
                315265.20313871372,
                1534212.4915196989
              ]
            ],
            [
              [
                314828.67481840122,
                1533508.1830480192
              ],
              [
                314853.86280668154,
                1533557.0761754606
              ],
              [
                314869.14600980841,
                1533588.5791661814
              ],
              [
                314867.60304105654,
                1533664.2178990915
              ],
              [
                314878.9812148856,
                1533820.1663854178
              ],
              [
                314908.76270902622,
                1533907.1759679373
              ],
              [
                314938.56251371466,
                1534007.3761632498
              ],
              [
                314968.76270902436,
                1534077.1759679355
              ],
              [
                314978.61012113467,
                1534167.8137853201
              ],
              [
                314999.59034574497,
                1534187.9715611991
              ],
              [
                315040.97218168247,
                1534187.1268346384
              ],
              [
                315078.46241605747,
                1534092.0761754587
              ],
              [
                315138.76270902622,
                1534017.3761632536
              ],
              [
                315268.88111722935,
                1533807.8284337558
              ],
              [
                315293.46241605747,
                1533732.0761754569
              ],
              [
                315308.76270902529,
                1533687.3761632517
              ],
              [
                315330.27149808779,
                1533611.1170079764
              ],
              [
                315328.18775785435,
                1533509.0064122733
              ],
              [
                315338.76270902529,
                1533457.3761632517
              ],
              [
                315348.56251371372,
                1533397.1759679411
              ],
              [
                315363.91407621466,
                1533337.2760655973
              ],
              [
                315345.97462308872,
                1533267.2760655954
              ],
              [
                315358.90675199497,
                1533216.8131139334
              ],
              [
                315335.01515043247,
                1533147.0108678415
              ],
              [
                315317.85938871372,
                1533041.6284825858
              ],
              [
                315318.86036527529,
                1532992.5760533866
              ],
              [
                315471.89625394903,
                1532845.5417516287
              ],
              [
                315497.40528715029,
                1532740.9012486991
              ],
              [
                315478.56251371372,
                1532667.3761632536
              ],
              [
                315468.76270902622,
                1532619.1641881559
              ],
              [
                315538.76270902529,
                1532457.3761632536
              ],
              [
                315548.56251371279,
                1532418.5742833652
              ],
              [
                315476.99757230654,
                1532377.3761632517
              ],
              [
                315400.35206449497,
                1532416.8604161814
              ],
              [
                315343.44776761997,
                1532435.3259923514
              ],
              [
                315208.10963285528,
                1532454.2194249704
              ],
              [
                315068.76270902716,
                1532497.3761632498
              ],
              [
                314939.28761136904,
                1532533.8947179373
              ],
              [
                314834.46339262091,
                1532491.3761022147
              ],
              [
                314797.96192777436,
                1532466.6330602225
              ],
              [
                314798.85059965122,
                1532423.0884435251
              ],
              [
                314875.52174222842,
                1532274.2566564158
              ],
              [
                314938.76270902622,
                1532227.3761632536
              ],
              [
                314957.26246488467,
                1532208.1207921579
              ],
              [
                314972.84351957217,
                1532096.513736492
              ],
              [
                315027.73731840216,
                1531989.9548986033
              ],
              [
                315038.56251371372,
                1531857.1759679373
              ],
              [
                315064.86256254278,
                1531766.2976720389
              ],
              [
                315090.32642972749,
                1531703.5205724314
              ],
              [
                315153.86280668154,
                1531642.4762609061
              ],
              [
                315169.3620742606,
                1531626.3434484061
              ],
              [
                315197.50294340122,
                1531539.6253087576
              ],
              [
                315228.76270902529,
                1531467.3761632517
              ],
              [
                315245.59986722842,
                1531346.7700841501
              ],
              [
                315285.84766996279,
                1531237.3761632517
              ],
              [
                315363.10963285342,
                1531296.0016515329
              ],
              [
                315488.76270902622,
                1531307.1759679429
              ],
              [
                315531.52760160342,
                1531318.136050947
              ],
              [
                315580.16285551153,
                1531317.1436193064
              ],
              [
                315643.06202543061,
                1531251.6760900095
              ],
              [
                315703.49293363467,
                1531193.615787277
              ],
              [
                315735.34229886904,
                1531095.4657628629
              ],
              [
                315790.24830472935,
                1531004.9268224277
              ],
              [
                315816.52516019717,
                1530950.7636144236
              ],
              [
                315853.87135160342,
                1530818.3545568064
              ],
              [
                315908.76270902529,
                1530737.3761632517
              ],
              [
                315939.47926175967,
                1530690.5261876658
              ],
              [
                315958.56251371186,
                1530642.9389073905
              ],
              [
                315903.23292386904,
                1530515.058658367
              ],
              [
                315752.95582426153,
                1530387.0447423551
              ],
              [
                315726.36280668247,
                1530332.2290685251
              ],
              [
                315694.59400785435,
                1530234.3311193064
              ],
              [
                315715.36305082403,
                1530092.2113683298
              ],
              [
                315766.69361722842,
                1529992.5690343473
              ],
              [
                315778.56251371279,
                1529905.4151036814
              ],
              [
                315752.67140043341,
                1529804.3878819998
              ],
              [
                315768.76270902529,
                1529757.3761632498
              ],
              [
                315779.96998441592,
                1529631.3446691111
              ],
              [
                315818.76270902622,
                1529567.3761632498
              ],
              [
                315858.56251371279,
                1529497.1759679392
              ],
              [
                315883.81275785342,
                1529459.9262120798
              ],
              [
                315917.5847305106,
                1529374.3018224295
              ],
              [
                315895.3630508231,
                1529331.1640050467
              ],
              [
                315811.85963285435,
                1529250.9363439158
              ],
              [
                315713.0827773856,
                1529234.8560216483
              ],
              [
                315673.88966215122,
                1529214.6662023142
              ],
              [
                315658.76270902529,
                1529137.1759679411
              ],
              [
                315646.70338285435,
                1529078.2965734079
              ],
              [
                315649.6941055106,
                1528931.7249181345
              ],
              [
                315638.16212308779,
                1528875.4230382498
              ],
              [
                315594.73194730747,
                1528833.6951329764
              ],
              [
                315526.66676175967,
                1528868.7586095389
              ],
              [
                315426.22486722935,
                1528851.6260411814
              ],
              [
                315378.12672269717,
                1528826.8482091483
              ],
              [
                315358.76270902622,
                1528767.1759679373
              ],
              [
                315333.66261136997,
                1528732.2760655954
              ],
              [
                315276.8474258231,
                1528737.3285558317
              ],
              [
                315214.06300199497,
                1528802.675845867
              ],
              [
                315168.16212308779,
                1528846.7761876658
              ],
              [
                315138.22804105654,
                1528877.9321935251
              ],
              [
                315081.08326566685,
                1528905.6561925486
              ],
              [
                314990.20313871279,
                1528918.3429601267
              ],
              [
                314936.95850980747,
                1528958.7451818045
              ],
              [
                314940.26295316685,
                1529120.7105138376
              ],
              [
                314998.76270902529,
                1529217.1759679373
              ],
              [
                315015.40089261997,
                1529251.4722325876
              ],
              [
                314998.56251371279,
                1529317.1759679392
              ],
              [
                314988.76270902529,
                1529407.3761632517
              ],
              [
                314975.87330472842,
                1529470.3046300504
              ],
              [
                314999.72950590122,
                1529540.0006749686
              ],
              [
                314997.43824613467,
                1529652.2760655973
              ],
              [
                314999.92237699404,
                1529773.9887120817
              ],
              [
                314988.56251371279,
                1529807.1759679411
              ],
              [
                314978.76270902529,
                1529977.3761632498
              ],
              [
                314948.05225980654,
                1530028.0176427439
              ],
              [
                314906.55201566685,
                1530048.1513097379
              ],
              [
                314854.9626601981,
                1530047.0984532889
              ],
              [
                314838.76270902622,
                1529997.1759679392
              ],
              [
                314823.46729886904,
                1529952.4890782889
              ],
              [
                314697.24537504185,
                1529896.7944982108
              ],
              [
                314660.67433011904,
                1529897.5409581717
              ],
              [
                314648.76270902529,
                1529951.877506027
              ],
              [
                314756.60084379092,
                1530080.3381993864
              ],
              [
                314768.56251371279,
                1530173.5108068082
              ],
              [
                314698.56251371372,
                1530187.1759679392
              ],
              [
                314647.4138320731,
                1530207.9236486033
              ],
              [
                314628.76270902716,
                1530269.5667150095
              ],
              [
                314707.41993558872,
                1530300.5908849332
              ],
              [
                314718.56251371466,
                1530355.235660322
              ],
              [
                314660.30445707217,
                1530427.4060704783
              ],
              [
                314622.65308988467,
                1530522.8644445017
              ],
              [
                314558.56251371372,
                1530597.1759679392
              ],
              [
                314538.76270902529,
                1530627.376163248
              ],
              [
                314498.56251371466,
                1530677.1759679392
              ],
              [
                314485.61207425967,
                1530703.8690831754
              ],
              [
                314468.62232816685,
                1530808.2361486033
              ],
              [
                314440.37769925967,
                1530863.0652501658
              ],
              [
                314428.76270902529,
                1531017.3761632517
              ],
              [
                314401.82911527529,
                1531083.7763097361
              ],
              [
                314382.61158597935,
                1531162.6080968492
              ],
              [
                314328.51246488467,
                1531229.6259191129
              ],
              [
                314275.82691801153,
                1531322.5549962595
              ],
              [
                314258.4831680106,
                1531429.0961339567
              ],
              [
                314227.07569730747,
                1531490.0635411814
              ],
              [
                314168.1609023856,
                1531567.7051427439
              ],
              [
                314169.27540433779,
                1531622.2760655954
              ],
              [
                314168.54176176153,
                1531658.1970860995
              ],
              [
                314121.82911527622,
                1531727.109439617
              ],
              [
                314107.80689847842,
                1531770.3229405936
              ],
              [
                314108.94825590122,
                1531826.2860753611
              ],
              [
                314096.05763089936,
                1531901.8616368845
              ],
              [
                314050.56080472935,
                1531968.9813878592
              ],
              [
                314038.76270902622,
                1532017.3761632498
              ],
              [
                314020.21534574497,
                1532071.5650060251
              ],
              [
                313990.66822660435,
                1531996.6541173514
              ],
              [
                313909.03736723028,
                1531918.2245519254
              ],
              [
                313852.42848050967,
                1531887.3761632517
              ],
              [
                313836.64112699404,
                1531968.2404210623
              ],
              [
                313768.56251371279,
                1532047.1759679411
              ],
              [
                313756.87550199404,
                1532107.0453527048
              ],
              [
                313733.21461332124,
                1532137.1759679373
              ],
              [
                313657.3503555106,
                1532045.4694249704
              ],
              [
                313668.94703519624,
                1531966.1139562204
              ],
              [
                313708.76270902622,
                1531907.3761632517
              ],
              [
                313718.56251371466,
                1531827.1759679411
              ],
              [
                313734.5671523856,
                1531749.0357091501
              ],
              [
                313697.19410551153,
                1531717.3761632536
              ],
              [
                313628.16212308779,
                1531741.0040929355
              ],
              [
                313587.13673246279,
                1531810.1142003592
              ],
              [
                313517.96314847842,
                1531876.5759923533
              ],
              [
                313469.42433011997,
                1531976.6229894236
              ],
              [
                313397.26246488467,
                1532058.6536290701
              ],
              [
                313353.21217191592,
                1532125.8411290701
              ],
              [
                313338.76270902529,
                1532223.215396652
              ],
              [
                313371.41163480654,
                1532303.7073400076
              ],
              [
                313399.11793363467,
                1532389.0857579783
              ],
              [
                313466.67896879092,
                1532453.9972570036
              ],
              [
                313488.56251371466,
                1532487.3761632498
              ],
              [
                313499.59034574404,
                1532497.9715612009
              ],
              [
                313543.66261136997,
                1532497.0719029978
              ],
              [
                313569.96876371372,
                1532497.6087071933
              ],
              [
                313609.13136136904,
                1532629.2896154001
              ],
              [
                313606.70338285435,
                1532748.2968785837
              ],
              [
                313620.07008207217,
                1532813.5574987009
              ],
              [
                313608.35865629278,
                1532847.77197624
              ],
              [
                313500.93067777622,
                1532882.6331212576
              ],
              [
                313487.30885160249,
                1532966.3068273123
              ],
              [
                313458.56251371372,
                1533037.1759679373
              ],
              [
                313428.76270902529,
                1533117.3761632536
              ],
              [
                313418.56251371279,
                1533137.1759679392
              ],
              [
                313402.46754301153,
                1533170.3522374686
              ],
              [
                313435.0944961356,
                1533265.6738927457
              ],
              [
                313397.95826566592,
                1533337.76098991
              ],
              [
                313399.8601211356,
                1533430.9430577829
              ],
              [
                313387.83009183779,
                1533501.47192741
              ],
              [
                313388.78468168247,
                1533548.2724645194
              ],
              [
                313448.76270902529,
                1533647.1759679373
              ],
              [
                313459.72340238467,
                1533714.5078160856
              ],
              [
                313498.76270902716,
                1533727.1759679392
              ],
              [
                313539.76490629092,
                1533758.2880284861
              ],
              [
                313537.74952543247,
                1533856.9876744822
              ],
              [
                313565.87818754185,
                1533884.0131261405
              ],
              [
                313613.57716215122,
                1533859.4409825876
              ],
              [
                313640.13111722749,
                1533847.3761632498
              ],
              [
                313703.96778715029,
                1533913.8181188144
              ],
              [
                313758.76270902529,
                1533927.1759679373
              ],
              [
                313803.66261136904,
                1533938.6832311228
              ],
              [
                313853.00343168247,
                1533926.0379674509
              ],
              [
                313972.38941800967,
                1533928.4744908847
              ],
              [
                314050.15064847842,
                1533875.7639195994
              ],
              [
                314094.31934965029,
                1533808.3951451853
              ],
              [
                314139.73927152622,
                1533787.3761632536
              ],
              [
                314173.46241605747,
                1533822.4759557322
              ],
              [
                314221.70948636997,
                1533838.1323888358
              ],
              [
                314269.76246488467,
                1533837.1515538767
              ],
              [
                314316.1784805106,
                1533788.8413121756
              ],
              [
                314295.35572660249,
                1533728.0054357126
              ],
              [
                314224.53175199404,
                1533752.2470738981
              ],
              [
                314188.76270902529,
                1533741.3364293631
              ],
              [
                314218.76270902529,
                1533667.3761632554
              ],
              [
                314228.56251371372,
                1533609.3271520194
              ],
              [
                314118.56251371372,
                1533597.3761632498
              ],
              [
                314098.76270902529,
                1533567.1759679392
              ],
              [
                314048.56251371466,
                1533507.3761632536
              ],
              [
                314038.76270902622,
                1533475.8075597342
              ],
              [
                314088.57716215122,
                1533427.9459264409
              ],
              [
                314111.05030668247,
                1533358.6929967478
              ],
              [
                314262.18067777529,
                1533392.6889684275
              ],
              [
                314336.96705472842,
                1533332.3194005545
              ],
              [
                314431.34205472842,
                1533316.9559361972
              ],
              [
                314528.36231840029,
                1533266.9760778006
              ],
              [
                314571.17603910342,
                1533246.2048986033
              ],
              [
                314630.55714261997,
                1533247.4167516306
              ],
              [
                314708.56251371372,
                1533357.3761632498
              ],
              [
                314815.8952773856,
                1533416.6348912772
              ],
              [
                314828.67481840122,
                1533508.1830480192
              ]
            ],
            [
              [
                314929.95411527529,
                1528278.5675694998
              ],
              [
                314917.49561918247,
                1528345.313785322
              ],
              [
                314875.63892972935,
                1528405.2374913767
              ],
              [
                314843.06202543247,
                1528465.1856114957
              ],
              [
                314817.80567777716,
                1528582.8583409898
              ],
              [
                314788.94337308966,
                1528663.2971837576
              ],
              [
                314815.94288480654,
                1528696.9946935233
              ],
              [
                314860.29225003999,
                1528684.3121984098
              ],
              [
                314888.94337308872,
                1528587.5574376658
              ],
              [
                314900.80128324497,
                1528448.6383702829
              ],
              [
                314964.97730863467,
                1528444.8132970426
              ],
              [
                315059.20216215029,
                1528526.9946935251
              ],
              [
                315088.38184965122,
                1528483.4851720389
              ],
              [
                315075.97096097842,
                1528396.0517003629
              ],
              [
                315051.41041410435,
                1528368.5639073905
              ],
              [
                315003.09986722842,
                1528337.8388097342
              ],
              [
                314988.94337308872,
                1528306.9946935251
              ],
              [
                314963.66261136997,
                1528272.2760655954
              ],
              [
                314929.95411527529,
                1528278.5675694998
              ]
            ]
          ],
          [
            [
              [
                315821.98414457217,
                1535407.6515843943
              ],
              [
                315806.9304336356,
                1535560.738132244
              ],
              [
                315739.65382230654,
                1535590.7579686698
              ],
              [
                315673.02906644624,
                1535572.523868328
              ],
              [
                315642.68726957217,
                1535438.9632299021
              ],
              [
                315725.04078519903,
                1535368.011691818
              ],
              [
                315793.66261137091,
                1535362.2760655954
              ],
              [
                315821.98414457217,
                1535407.6515843943
              ]
            ]
          ]
        ]
      },
      "properties" : {
        "OBJECTID" : 3,
        "gridcode" : 3,
        "Shape_Length" : 83816.305441884731,
        "Shape_Area" : 8878188.564025268
      }
    },
    {
      "type" : "Feature",
      "id" : 4,
      "geometry" : {
        "type" : "MultiPolygon",
        "coordinates" : [
          [
            [
              [
                311507.59388578311,
                1525869.0680577829
              ],
              [
                311219.08802640997,
                1525914.0265538786
              ],
              [
                311063.41297757998,
                1525932.2626378629
              ],
              [
                310735.93067777622,
                1525952.7899816129
              ],
              [
                310568.94398343842,
                1525967.5568273161
              ],
              [
                310307.81666410249,
                1525985.0897862967
              ],
              [
                310028.05714262091,
                1525963.8971593454
              ],
              [
                309973.66261137091,
                1525952.2760655936
              ],
              [
                309978.47218168247,
                1525947.0856359061
              ],
              [
                310328.85304105654,
                1525927.4664952811
              ],
              [
                310508.47218168247,
                1525917.0856359098
              ],
              [
                311038.85304105747,
                1525887.4664952848
              ],
              [
                311388.47218168154,
                1525867.0856359098
              ],
              [
                311513.66261136997,
                1525862.276065601
              ],
              [
                311507.59388578311,
                1525869.0680577829
              ]
            ]
          ],
          [
            [
              [
                311510.27332914341,
                1528072.2333409879
              ],
              [
                311507.76234281529,
                1528103.4766271189
              ],
              [
                311460.26966703497,
                1528126.904361492
              ],
              [
                311385.06092679873,
                1528095.2307775114
              ],
              [
                311351.93653715122,
                1528020.9967687186
              ],
              [
                311326.17481840122,
                1527984.6637609079
              ],
              [
                311283.82618558779,
                1527988.0664708707
              ],
              [
                311248.66139066685,
                1528044.209048992
              ],
              [
                311213.12061918247,
                1528056.904361492
              ],
              [
                311149.03431547247,
                1528016.9043614957
              ],
              [
                311071.9255508231,
                1527972.4469640311
              ],
              [
                311059.03431547061,
                1527919.9591710661
              ],
              [
                311129.77833402622,
                1527888.3917882498
              ],
              [
                311152.83619535528,
                1527861.6284825895
              ],
              [
                311171.35365140811,
                1527760.111758953
              ],
              [
                311251.00941312872,
                1527691.484439617
              ],
              [
                311247.88319242466,
                1527652.5794103201
              ],
              [
                311181.91700590122,
                1527632.7179601286
              ],
              [
                311159.03431546967,
                1527600.7251622733
              ],
              [
                311181.43177640904,
                1527518.8886144217
              ],
              [
                311244.96510160435,
                1527429.2835118826
              ],
              [
                311313.66261137091,
                1527422.2760655973
              ],
              [
                311318.29090726748,
                1527427.647769697
              ],
              [
                311354.94190824404,
                1527444.0021398161
              ],
              [
                311391.43787992373,
                1527469.8792150076
              ],
              [
                311431.45924222935,
                1527559.5697667655
              ],
              [
                311489.03431547247,
                1527576.9043614957
              ],
              [
                311536.51844633091,
                1527594.3414952829
              ],
              [
                311602.40467679966,
                1527631.1017491873
              ],
              [
                311719.33460843936,
                1527652.4310948923
              ],
              [
                311775.15003812872,
                1527717.2168614939
              ],
              [
                311788.94947660435,
                1527822.6813390311
              ],
              [
                311829.03431546967,
                1527886.904361492
              ],
              [
                311838.29090726748,
                1527915.6690099314
              ],
              [
                311804.63001859654,
                1527995.5957677439
              ],
              [
                311757.51942289434,
                1528036.1841466501
              ],
              [
                311583.84754789341,
                1527959.0888097361
              ],
              [
                311506.26515043341,
                1527947.6477696951
              ],
              [
                311486.61854398716,
                1527970.4523351248
              ],
              [
                311510.27332914341,
                1528072.2333409879
              ]
            ],
            [
              [
                311388.94398343936,
                1527718.399722822
              ],
              [
                311402.92530668154,
                1527806.0401036814
              ],
              [
                311474.66419828404,
                1527810.3156163748
              ],
              [
                311518.38123930059,
                1527771.2549474314
              ],
              [
                311507.67384183779,
                1527743.7299230155
              ],
              [
                311478.38123929966,
                1527717.5574376658
              ],
              [
                311473.66261136904,
                1527712.2760655936
              ],
              [
                311388.94398343936,
                1527718.399722822
              ]
            ]
          ],
          [
            [
              [
                303033.66261136997,
                1528612.2760655936
              ],
              [
                303023.66261136997,
                1528612.2760655936
              ],
              [
                303023.66261136997,
                1528602.2760655936
              ],
              [
                303033.66261136997,
                1528602.2760655936
              ],
              [
                303033.66261136997,
                1528612.2760655936
              ]
            ]
          ],
          [
            [
              [
                312117.7800430106,
                1528467.4634435233
              ],
              [
                312123.29395902716,
                1528559.982974777
              ],
              [
                312020.29469144624,
                1528706.9946935233
              ],
              [
                311970.50648344029,
                1528692.2711827811
              ],
              [
                311948.38123929966,
                1528617.5574376658
              ],
              [
                311937.67201078404,
                1528560.1801183298
              ],
              [
                311851.47511136997,
                1528520.618350748
              ],
              [
                311810.59498441685,
                1528462.0941808261
              ],
              [
                311852.6433242606,
                1528439.2450597342
              ],
              [
                311914.86683500279,
                1528422.579410322
              ],
              [
                312024.59034574497,
                1528429.1193273105
              ],
              [
                312058.38123929966,
                1528416.9946935233
              ],
              [
                312083.66261136997,
                1528412.2760655936
              ],
              [
                312117.7800430106,
                1528467.4634435233
              ]
            ]
          ],
          [
            [
              [
                313587.08424222935,
                1528676.5955236051
              ],
              [
                313598.29029691778,
                1528793.272769697
              ],
              [
                313503.7175430106,
                1528785.6732823905
              ],
              [
                313478.97877347935,
                1528703.5059239957
              ],
              [
                313469.0349258231,
                1528618.8684728201
              ],
              [
                313533.66261136997,
                1528612.2760655936
              ],
              [
                313587.08424222935,
                1528676.5955236051
              ]
            ]
          ],
          [
            [
              [
                303106.20636594668,
                1528859.7321202829
              ],
              [
                303121.11885679234,
                1528874.8200109061
              ],
              [
                303126.20636594761,
                1528899.7321202792
              ],
              [
                303155.4475082187,
                1528929.1791417655
              ],
              [
                303111.32958066929,
                1528934.8200109061
              ],
              [
                303076.22791898623,
                1528899.9628331736
              ],
              [
                303071.11885679141,
                1528845.2912023142
              ],
              [
                303103.66261136904,
                1528842.2760655936
              ],
              [
                303106.20636594668,
                1528859.7321202829
              ]
            ]
          ],
          [
            [
              [
                303033.66261136997,
                1528612.2760655936
              ],
              [
                303065.68915021699,
                1528624.0369298514
              ],
              [
                303132.99870145787,
                1528605.6159093473
              ],
              [
                303161.581007367,
                1528607.9120519254
              ],
              [
                303178.29075467959,
                1528650.489566572
              ],
              [
                303112.91695249453,
                1528742.6904943045
              ],
              [
                303073.22199476138,
                1528793.3765294626
              ],
              [
                303016.54345167056,
                1528810.4407384489
              ],
              [
                302963.62740171421,
                1528851.8823888376
              ],
              [
                302949.03448713291,
                1528947.647769697
              ],
              [
                302935.8684409894,
                1529008.0097081754
              ],
              [
                302882.31423032656,
                1529083.5407140329
              ],
              [
                302869.03448713291,
                1529127.6477696951
              ],
              [
                302863.66261136904,
                1529142.2760655954
              ],
              [
                302849.70977914706,
                1529128.8703038767
              ],
              [
                302794.2742408542,
                1529029.7046544626
              ],
              [
                302813.49836957827,
                1528973.5401036795
              ],
              [
                302778.76261127461,
                1528853.5126378611
              ],
              [
                302830.11566770542,
                1528759.2706945017
              ],
              [
                302906.39239919651,
                1528709.2609288767
              ],
              [
                302939.16260374151,
                1528677.7759435233
              ],
              [
                302973.85868680943,
                1528641.6638829783
              ],
              [
                303017.58614194766,
                1528687.1759679411
              ],
              [
                303051.344820383,
                1528676.5643956736
              ],
              [
                303033.66261136997,
                1528612.2760655936
              ]
            ]
          ],
          [
            [
              [
                311997.68604887091,
                1529140.5725743864
              ],
              [
                311912.37660062872,
                1529213.1439855173
              ],
              [
                311898.94398344122,
                1529194.3622472342
              ],
              [
                311925.54859769717,
                1529145.4028966501
              ],
              [
                311908.38123929873,
                1529097.5574376658
              ],
              [
                311898.94398344122,
                1528983.2971837595
              ],
              [
                311930.18910062686,
                1528896.2177159898
              ],
              [
                312024.98829496279,
                1528789.4946935251
              ],
              [
                312063.66261136997,
                1528782.2760655936
              ],
              [
                312068.38123930059,
                1528787.5574376658
              ],
              [
                312143.71143949497,
                1528842.2272374686
              ],
              [
                312207.27162015811,
                1528929.8071935233
              ],
              [
                312222.62501371279,
                1528995.7965734079
              ],
              [
                312218.11329496279,
                1529071.4948155936
              ],
              [
                312174.60377347842,
                1529110.3699376676
              ],
              [
                312131.5495742606,
                1529130.1300695036
              ],
              [
                312053.94459379092,
                1529125.5048253611
              ],
              [
                311997.68604887091,
                1529140.5725743864
              ]
            ]
          ],
          [
            [
              [
                311829.38099515811,
                1530395.2252843436
              ],
              [
                311820.21290433872,
                1530369.3604161795
              ],
              [
                311833.66261136997,
                1530362.2760655936
              ],
              [
                311829.38099515811,
                1530395.2252843436
              ]
            ]
          ],
          [
            [
              [
                312268.38123929966,
                1529557.5574376676
              ],
              [
                312335.79823148623,
                1529570.1404454801
              ],
              [
                312435.50465238467,
                1529599.6668126658
              ],
              [
                312531.47511136997,
                1529666.7035558317
              ],
              [
                312570.94410550967,
                1529721.0889318082
              ],
              [
                312595.50587308872,
                1529800.6299474295
              ],
              [
                312576.88160550967,
                1529905.4358556364
              ],
              [
                312548.66627347842,
                1529984.0711095426
              ],
              [
                312462.09705961216,
                1530174.9500157908
              ],
              [
                312410.78968656342,
                1530269.3677403964
              ],
              [
                312339.17713773809,
                1530361.7761876676
              ],
              [
                312249.60438383091,
                1530431.640689617
              ],
              [
                312161.07166898623,
                1530456.994693527
              ],
              [
                312086.44154203404,
                1530425.9540441111
              ],
              [
                312043.22010648716,
                1530357.9950597379
              ],
              [
                312001.47816312686,
                1530222.8174474314
              ],
              [
                312010.82996976934,
                1530065.9094884451
              ],
              [
                312044.22535551153,
                1529972.8388097342
              ],
              [
                312063.25001371372,
                1529911.2274816111
              ],
              [
                312044.33949125186,
                1529804.8114659879
              ],
              [
                312049.26502836216,
                1529722.1741368826
              ],
              [
                312099.63123930059,
                1529629.4873693045
              ],
              [
                312175.79884183872,
                1529561.4325597361
              ],
              [
                312263.66261136904,
                1529552.2760655954
              ],
              [
                312268.38123929966,
                1529557.5574376676
              ]
            ]
          ],
          [
            [
              [
                311783.66261136904,
                1530632.2760655936
              ],
              [
                311783.66261136904,
                1530672.2760655954
              ],
              [
                311753.66261136997,
                1530672.2760655954
              ],
              [
                311753.66261136997,
                1530632.2760655936
              ],
              [
                311783.66261136904,
                1530632.2760655936
              ]
            ]
          ],
          [
            [
              [
                315643.66261136997,
                1535732.2760655936
              ],
              [
                315618.56251371466,
                1535737.176120529
              ],
              [
                315548.76270902529,
                1535757.3760106619
              ],
              [
                315464.41212308872,
                1535769.1515233573
              ],
              [
                315447.70191800874,
                1535820.6441381034
              ],
              [
                315461.33839261904,
                1535927.3262670096
              ],
              [
                315448.29640043154,
                1535978.2166173514
              ],
              [
                315426.47999418247,
                1535999.1767003592
              ],
              [
                315387.58595121372,
                1536017.1761205252
              ],
              [
                315350.27149808779,
                1535978.3385350797
              ],
              [
                315338.76270902529,
                1535837.1761205308
              ],
              [
                315310.69019925967,
                1535740.1747777518
              ],
              [
                315329.16309964936,
                1535686.2074925993
              ],
              [
                315357.03663480747,
                1535659.4260289744
              ],
              [
                315431.55445707403,
                1535644.8789098356
              ],
              [
                315455.62916410249,
                1535619.8209264334
              ],
              [
                315468.56251371372,
                1535527.1761205252
              ],
              [
                315497.83985746186,
                1535483.9845922068
              ],
              [
                315510.70240629092,
                1535391.8450048044
              ],
              [
                315549.99317777622,
                1535315.5760839041
              ],
              [
                315656.88282621372,
                1535245.4961278532
              ],
              [
                315688.56251371372,
                1535197.1761205271
              ],
              [
                315728.82984769624,
                1535144.1094091032
              ],
              [
                315775.09205472842,
                1535066.1760594901
              ],
              [
                315788.74806058872,
                1534996.2288549002
              ],
              [
                315813.36475980654,
                1534948.4418370817
              ],
              [
                315868.76270902529,
                1534907.3761632536
              ],
              [
                315953.4880508231,
                1534836.2522008494
              ],
              [
                316012.41261136904,
                1534837.4545934256
              ],
              [
                316038.56251371372,
                1534884.9906041678
              ],
              [
                315998.56251371279,
                1535017.176120529
              ],
              [
                315988.76270902529,
                1535087.3760106619
              ],
              [
                315971.05152738467,
                1535156.4821507987
              ],
              [
                315957.78126371466,
                1535373.4192540739
              ],
              [
                315907.77882230654,
                1535488.986881027
              ],
              [
                315909.48292387091,
                1535572.449863201
              ],
              [
                315903.66261137091,
                1535612.2760655954
              ],
              [
                315893.66261136997,
                1535612.2760655954
              ],
              [
                315893.66261136997,
                1535622.2760655954
              ],
              [
                315799.03492582217,
                1535667.647922283
              ],
              [
                315714.46217191592,
                1535699.7417333201
              ],
              [
                315703.66261136904,
                1535712.2760655936
              ],
              [
                315683.66261137091,
                1535712.2760655936
              ],
              [
                315683.66261137091,
                1535722.2760655936
              ],
              [
                315643.66261136997,
                1535722.2760655936
              ],
              [
                315643.66261136997,
                1535732.2760655936
              ]
            ],
            [
              [
                315725.04078519903,
                1535368.011691818
              ],
              [
                315642.68726957217,
                1535438.9632299021
              ],
              [
                315673.02906644624,
                1535572.523868328
              ],
              [
                315739.65382230654,
                1535590.7579686698
              ],
              [
                315806.9304336356,
                1535560.738132244
              ],
              [
                315821.98414457217,
                1535407.6515843943
              ],
              [
                315793.66261137091,
                1535362.2760655954
              ],
              [
                315725.04078519903,
                1535368.011691818
              ]
            ]
          ],
          [
            [
              [
                315416.98536527529,
                1536120.1955297068
              ],
              [
                315407.15260160528,
                1536146.283328779
              ],
              [
                315378.13282621466,
                1536155.9073522147
              ],
              [
                315370.03101957217,
                1536085.7498815116
              ],
              [
                315393.66261136904,
                1536072.2760655954
              ],
              [
                315416.98536527529,
                1536120.1955297068
              ]
            ]
          ],
          [
            [
              [
                315425.59254300967,
                1536262.477710491
              ],
              [
                315463.21827543247,
                1536324.5236089323
              ],
              [
                315498.56251371466,
                1536397.3760869596
              ],
              [
                315537.23805082124,
                1536472.4510839041
              ],
              [
                315578.76270902622,
                1536527.1760442331
              ],
              [
                315593.46241605654,
                1536557.476032028
              ],
              [
                315608.76270902622,
                1536587.1760442313
              ],
              [
                315613.66261136904,
                1536642.2760655973
              ],
              [
                315572.09889066592,
                1536656.5024449881
              ],
              [
                315513.20484769717,
                1536535.107562786
              ],
              [
                315444.53175199404,
                1536512.8228642996
              ],
              [
                315325.56080473028,
                1536404.2543675955
              ],
              [
                315328.78712308872,
                1536246.1510350779
              ],
              [
                315349.29371488467,
                1536206.3455846384
              ],
              [
                315389.15699613653,
                1536187.3760106657
              ],
              [
                315425.59254300967,
                1536262.477710491
              ]
            ]
          ],
          [
            [
              [
                312142.18617094029,
                1536980.9944799002
              ],
              [
                312115.00050199404,
                1537151.6507222746
              ],
              [
                312053.59486234654,
                1537309.6335103568
              ],
              [
                311978.21766508091,
                1537333.4979322031
              ],
              [
                311923.52162015904,
                1537371.135356674
              ],
              [
                311913.66261136904,
                1537402.2760655954
              ],
              [
                311908.56251371372,
                1537397.3760678824
              ],
              [
                311824.4255508231,
                1537154.6652104948
              ],
              [
                311638.55518949404,
                1536606.563937908
              ],
              [
                311598.76270902716,
                1536607.3760869596
              ],
              [
                311108.56251371372,
                1536617.1760442313
              ],
              [
                311068.66261136997,
                1536617.9903295096
              ],
              [
                310979.40601957403,
                1536616.1688115653
              ],
              [
                310913.66261136904,
                1536622.2760655936
              ],
              [
                310919.35352933872,
                1536535.0523259696
              ],
              [
                310956.20594632905,
                1536463.5152318534
              ],
              [
                310968.56251371279,
                1536337.1760442294
              ],
              [
                310979.14417875279,
                1536295.886142496
              ],
              [
                310977.65797269717,
                1536223.0358007047
              ],
              [
                310988.56251371372,
                1536167.1761205252
              ],
              [
                311025.50770414434,
                1536045.0856664255
              ],
              [
                311038.76270902622,
                1535967.3760106657
              ],
              [
                311048.56251371279,
                1535897.176120529
              ],
              [
                311058.76270902529,
                1535847.3760106638
              ],
              [
                311068.63392484654,
                1535746.4499547537
              ],
              [
                311096.54163968936,
                1535692.2760655973
              ],
              [
                311072.49378812872,
                1535645.5957677402
              ],
              [
                311058.76270902529,
                1535477.1761205234
              ],
              [
                311047.14466703404,
                1535420.453250654
              ],
              [
                311078.76270902529,
                1535347.3760106619
              ],
              [
                311088.56251371279,
                1535267.1761205252
              ],
              [
                311126.31275785342,
                1535217.4260594938
              ],
              [
                311138.56251371466,
                1535167.1761205308
              ],
              [
                311168.76270902529,
                1535067.3760106657
              ],
              [
                311178.56251371279,
                1534947.1759679411
              ],
              [
                311208.00282132998,
                1534874.5950963572
              ],
              [
                311209.72950590122,
                1534790.0006749704
              ],
              [
                311188.76270902529,
                1534728.744571453
              ],
              [
                311198.56251371279,
                1534697.1759679392
              ],
              [
                311248.56251371466,
                1534614.7257115897
              ],
              [
                311237.34547269717,
                1534594.6378209665
              ],
              [
                311178.76270902529,
                1534538.3524205741
              ],
              [
                311212.13246000186,
                1534500.2954747751
              ],
              [
                311258.34400785342,
                1534477.8760411795
              ],
              [
                311259.16493070498,
                1534437.6553990915
              ],
              [
                311205.14332425967,
                1534373.3026769217
              ],
              [
                311218.56251371372,
                1534277.1759679411
              ],
              [
                311233.86280668154,
                1534247.475955734
              ],
              [
                311249.10694730747,
                1534184.9426915701
              ],
              [
                311279.74781644717,
                1534125.4630162772
              ],
              [
                311277.40345609747,
                1534010.5634191073
              ],
              [
                311298.56251371279,
                1533948.7445714548
              ],
              [
                311288.76270902529,
                1533927.1759679373
              ],
              [
                311249.12525785342,
                1533874.9384191111
              ],
              [
                311247.95826566592,
                1533817.7609899119
              ],
              [
                311279.95594632998,
                1533755.6479528043
              ],
              [
                311276.66859281622,
                1533594.5667150114
              ],
              [
                311289.90040433779,
                1533542.9358556345
              ],
              [
                311287.61463773623,
                1533430.9143712576
              ],
              [
                311298.56251371279,
                1533397.1759679411
              ],
              [
                311308.76270902529,
                1533367.3761632498
              ],
              [
                311318.6638320731,
                1533245.9354283884
              ],
              [
                311359.14784086123,
                1533106.0452916678
              ],
              [
                311357.80262601841,
                1533040.141055828
              ],
              [
                311368.76270902622,
                1532997.3761632554
              ],
              [
                311379.19911039248,
                1532922.6166417673
              ],
              [
                311428.26588285342,
                1532841.7047765329
              ],
              [
                311428.86646879278,
                1532812.2760655936
              ],
              [
                311427.99183500279,
                1532769.4034459665
              ],
              [
                311439.71180570498,
                1532723.6734654978
              ],
              [
                311437.99183500372,
                1532639.4034459684
              ],
              [
                311448.76270902622,
                1532597.3761632517
              ],
              [
                311465.30201566592,
                1532512.6544835661
              ],
              [
                311501.54408109561,
                1532457.3761632536
              ],
              [
                311549.20887601748,
                1532469.9265172556
              ],
              [
                311635.15308988653,
                1532535.1404454783
              ],
              [
                311668.76270902622,
                1532557.1759679373
              ],
              [
                311757.23133695591,
                1532617.1448400114
              ],
              [
                311873.72669828404,
                1532619.5221593436
              ],
              [
                311937.38026273623,
                1532588.6408116911
              ],
              [
                312018.54359281436,
                1532488.0948522147
              ],
              [
                312019.73805082217,
                1532429.5807530954
              ],
              [
                311978.76270902529,
                1532328.5620763358
              ],
              [
                311993.24696195591,
                1532134.3732335661
              ],
              [
                312022.6628555106,
                1532043.725040203
              ],
              [
                312056.43299711123,
                1532008.5761144254
              ],
              [
                312090.32093656529,
                1531991.1188390329
              ],
              [
                312212.79713285435,
                1531974.0210607145
              ],
              [
                312229.62696683779,
                1531924.8505284842
              ],
              [
                312248.56251371372,
                1531847.1759679373
              ],
              [
                312268.76270902716,
                1531797.3761632498
              ],
              [
                312280.3191055106,
                1531620.2545812204
              ],
              [
                312308.56251371279,
                1531577.1759679392
              ],
              [
                312417.16725004185,
                1531451.2525060251
              ],
              [
                312428.76270902529,
                1531417.3761632517
              ],
              [
                312438.56251371372,
                1531357.1759679392
              ],
              [
                312469.15638578217,
                1531286.4661290701
              ],
              [
                312467.78858793341,
                1531219.4379308261
              ],
              [
                312478.76270902622,
                1531187.3761632517
              ],
              [
                312488.62599027436,
                1531076.464908367
              ],
              [
                312538.51246488467,
                1530979.6259191111
              ],
              [
                312540.09144437779,
                1530902.2760655954
              ],
              [
                312537.66224515811,
                1530783.2569005564
              ],
              [
                312568.76270902622,
                1530737.3761632517
              ],
              [
                312610.21290433872,
                1530667.5507237986
              ],
              [
                312667.7556289481,
                1530666.3764073923
              ],
              [
                312708.76270902622,
                1530717.1759679448
              ],
              [
                312740.38014066592,
                1530765.4004552457
              ],
              [
                312885.35633695498,
                1530781.1517980155
              ],
              [
                312928.42457425967,
                1530864.7553136423
              ],
              [
                312939.09168851748,
                1530941.166446453
              ],
              [
                312978.76270902529,
                1530967.1759679373
              ],
              [
                313040.70240629092,
                1531017.1759679373
              ],
              [
                313079.61231840029,
                1530989.7205236033
              ],
              [
                313118.56251371372,
                1530937.1759679411
              ],
              [
                313149.76002348028,
                1530896.0614659879
              ],
              [
                313148.36720121372,
                1530827.8204991929
              ],
              [
                313178.76270902436,
                1530727.3761632517
              ],
              [
                313192.03785550967,
                1530605.1917150076
              ],
              [
                313294.08863675967,
                1530498.9758946989
              ],
              [
                313357.1941055106,
                1530477.3761632498
              ],
              [
                313428.76270902529,
                1530487.1759679411
              ],
              [
                313506.80225980654,
                1530507.1759679373
              ],
              [
                313566.71192777529,
                1530493.1842687204
              ],
              [
                313687.79225003999,
                1530367.1607091483
              ],
              [
                313778.23536527622,
                1530337.8119542655
              ],
              [
                313808.3122695731,
                1530279.426334152
              ],
              [
                313809.67701566592,
                1530212.5403478201
              ],
              [
                313797.68971097842,
                1530142.2614171579
              ],
              [
                313834.72950590029,
                1529973.5278966483
              ],
              [
                313877.28932035342,
                1529908.6127355155
              ],
              [
                313983.3659805106,
                1529819.5648839548
              ],
              [
                314062.40284574311,
                1529787.5055577811
              ],
              [
                314106.50684965029,
                1529786.6058995817
              ],
              [
                314198.20118558779,
                1529865.6891515348
              ],
              [
                314268.76270902622,
                1529877.1759679373
              ],
              [
                314324.16309964936,
                1529905.7160070036
              ],
              [
                314338.76270902529,
                1529877.3761632517
              ],
              [
                314350.17384183779,
                1529749.0564611014
              ],
              [
                314402.94239652529,
                1529671.2103917673
              ],
              [
                314467.29786527529,
                1529538.5584142245
              ],
              [
                314520.40699613653,
                1529495.6873204783
              ],
              [
                314588.86280668154,
                1529462.4762609079
              ],
              [
                314661.47755277529,
                1529407.3761632517
              ],
              [
                314706.89869535435,
                1529431.4966466501
              ],
              [
                314758.16212308872,
                1529537.1637609098
              ],
              [
                314787.83863676153,
                1529537.7692296598
              ],
              [
                314798.56251371372,
                1529417.1759679411
              ],
              [
                314811.1589492606,
                1529368.0261876676
              ],
              [
                314785.05055082217,
                1529260.9302404001
              ],
              [
                314728.56251371186,
                1529137.3761632498
              ],
              [
                314681.58741605747,
                1528979.4263341483
              ],
              [
                314648.76270902529,
                1528957.1759679373
              ],
              [
                314584.10084379278,
                1528918.7909581736
              ],
              [
                314558.96290433779,
                1528866.9757726248
              ],
              [
                314518.76270902436,
                1528788.9404943064
              ],
              [
                314528.65650785342,
                1528645.8173253611
              ],
              [
                314576.82545316685,
                1528552.3132970408
              ],
              [
                314579.27540433872,
                1528432.2760655954
              ],
              [
                314577.82154691592,
                1528361.0907628611
              ],
              [
                314598.56251371372,
                1528297.1759679411
              ],
              [
                314620.32154691778,
                1528243.5340001658
              ],
              [
                314618.3562148856,
                1528147.2760655954
              ],
              [
                314620.35694730747,
                1528049.2438390329
              ],
              [
                314598.96290433872,
                1528026.9757726267
              ],
              [
                314550.3630508231,
                1527980.2820470426
              ],
              [
                314529.97120511997,
                1527940.6989171598
              ],
              [
                314557.75807035435,
                1527832.2760655954
              ],
              [
                314528.80665433872,
                1527719.3067052439
              ],
              [
                314528.25489652622,
                1527692.2760655973
              ],
              [
                314529.32789457217,
                1527639.6881749704
              ],
              [
                314508.56251371279,
                1527547.3761632498
              ],
              [
                314492.73731840029,
                1527401.721256027
              ],
              [
                314478.76270902622,
                1527387.1759679373
              ],
              [
                314438.56251371279,
                1527357.3761632498
              ],
              [
                314360.89283597842,
                1527298.4406163767
              ],
              [
                314308.56251371279,
                1527267.376163248
              ],
              [
                314226.41651761997,
                1527201.0651280954
              ],
              [
                314150.13111722935,
                1527227.1759679373
              ],
              [
                314090.18604886904,
                1527199.9396398161
              ],
              [
                314077.57740629092,
                1527175.4633214548
              ],
              [
                314079.34376371279,
                1527088.8751866892
              ],
              [
                314059.22657621372,
                1527030.101993328
              ],
              [
                314048.49049223028,
                1526986.0590245798
              ],
              [
                314018.78712308872,
                1526928.4015538767
              ],
              [
                314017.74464261904,
                1526877.2760655917
              ],
              [
                314019.37672269624,
                1526797.2760655954
              ],
              [
                314018.55885160435,
                1526757.1845128592
              ],
              [
                314056.90113675967,
                1526668.5651280936
              ],
              [
                314059.88697660342,
                1526522.2760655973
              ],
              [
                314057.37599027529,
                1526399.2475011423
              ],
              [
                314093.06202543154,
                1526236.6754796579
              ],
              [
                314143.59058988467,
                1526138.5932042673
              ],
              [
                314161.82911527716,
                1526063.7763097342
              ],
              [
                314196.18458402436,
                1525979.0790441111
              ],
              [
                314138.76270902622,
                1525723.8092687223
              ],
              [
                314148.56251371372,
                1525647.1759679373
              ],
              [
                314187.45167386997,
                1525583.0463292655
              ],
              [
                314218.56251371279,
                1525487.1759679392
              ],
              [
                314228.76270902529,
                1525457.3761632536
              ],
              [
                314278.56251371466,
                1525267.1759679392
              ],
              [
                314308.56251371279,
                1525193.2160069998
              ],
              [
                314298.76270902529,
                1525157.1759679373
              ],
              [
                314277.19898832403,
                1525104.0131261442
              ],
              [
                314280.39478910435,
                1524947.3761632517
              ],
              [
                314268.56251371466,
                1524957.1759679373
              ],
              [
                314208.76270902529,
                1525007.3761632536
              ],
              [
                314129.97120511904,
                1525065.7843663767
              ],
              [
                314091.0124648856,
                1525117.1259191111
              ],
              [
                314069.86256254092,
                1525203.8837316111
              ],
              [
                314029.82472074497,
                1525286.4105870798
              ],
              [
                313953.86280668154,
                1525332.4762609061
              ],
              [
                313879.95167386904,
                1525356.4606359098
              ],
              [
                313839.73927152529,
                1525377.1759679373
              ],
              [
                313800.28248441685,
                1525358.9166905936
              ],
              [
                313758.76270902529,
                1525247.1759679392
              ],
              [
                313712.87525785435,
                1525144.6710851286
              ],
              [
                313696.19923246279,
                1524923.1159093473
              ],
              [
                313669.58668363467,
                1524868.2611730155
              ],
              [
                313638.56251371279,
                1524827.3761632498
              ],
              [
                313579.42310941592,
                1524747.5971105173
              ],
              [
                313553.4685195731,
                1524747.0685460661
              ],
              [
                313508.76270902716,
                1524807.3761632573
              ],
              [
                313458.56251371372,
                1524867.1759679392
              ],
              [
                313438.76270902529,
                1524917.3761632517
              ],
              [
                313398.79200590029,
                1525015.9162023142
              ],
              [
                313397.97535550967,
                1525055.9296300467
              ],
              [
                313428.22682035342,
                1525130.5097081736
              ],
              [
                313398.56251371279,
                1525217.1759679373
              ],
              [
                313370.13600004185,
                1525304.7760655936
              ],
              [
                313344.61720121279,
                1525343.6981847342
              ],
              [
                313245.17628324497,
                1525427.1759679373
              ],
              [
                313193.51734769903,
                1525413.3490636423
              ],
              [
                313149.34742582217,
                1525367.3761632517
              ],
              [
                313107.46021879278,
                1525377.4408605192
              ],
              [
                313030.32765043154,
                1525417.1759679373
              ],
              [
                312974.03248441685,
                1525399.8078038748
              ],
              [
                312896.65150297154,
                1525335.795352703
              ],
              [
                312838.02174222842,
                1525274.7724034861
              ],
              [
                312767.37843168154,
                1525246.9086339567
              ],
              [
                312650.04749906529,
                1525167.3761632517
              ],
              [
                312612.23255765811,
                1525202.2247960623
              ],
              [
                312566.57337797247,
                1525263.8190343454
              ],
              [
                312408.10291898623,
                1525330.2240636405
              ],
              [
                312299.22596586123,
                1525356.7658116873
              ],
              [
                312251.56178129185,
                1525419.5819737967
              ],
              [
                312198.56251371279,
                1525567.1759679411
              ],
              [
                312185.20435941685,
                1525621.9708898142
              ],
              [
                312153.66261136904,
                1525652.2760655936
              ],
              [
                312158.97694242466,
                1525577.0868566111
              ],
              [
                312129.67213285435,
                1525495.4157140329
              ],
              [
                312123.66261136904,
                1525412.2760655973
              ],
              [
                312179.42066800967,
                1525381.4911534842
              ],
              [
                312253.70960843936,
                1525250.4596593436
              ],
              [
                312319.48658598028,
                1525236.9867589548
              ],
              [
                312385.02430570684,
                1525238.324649578
              ],
              [
                312447.11353910435,
                1525218.1757237986
              ],
              [
                312530.66822660435,
                1525137.8986241911
              ],
              [
                312578.20057523809,
                1525017.3871495798
              ],
              [
                312626.83216703404,
                1525016.3947179373
              ],
              [
                312698.76270902622,
                1525057.1759679392
              ],
              [
                312768.56251371372,
                1525097.3761632498
              ],
              [
                312907.55360257998,
                1525172.7997472342
              ],
              [
                312987.17091214936,
                1525226.7682530936
              ],
              [
                313061.68263090122,
                1525245.8637120817
              ],
              [
                313191.47755277529,
                1525147.3761632517
              ],
              [
                313218.76270902529,
                1525157.1759679373
              ],
              [
                313238.22926175967,
                1525217.1649816111
              ],
              [
                313267.93873441685,
                1525217.7716710623
              ],
              [
                313268.77857816592,
                1525176.6181066111
              ],
              [
                313228.76270902622,
                1525098.9411046561
              ],
              [
                313284.45850980654,
                1524973.9423253629
              ],
              [
                313327.11842191592,
                1524903.598087078
              ],
              [
                313348.76270902622,
                1524807.3761632573
              ],
              [
                313365.21900785435,
                1524723.0780675486
              ],
              [
                313405.24952543154,
                1524645.3717687223
              ],
              [
                313418.56251371279,
                1524577.1759679392
              ],
              [
                313468.40138090122,
                1524465.8454015329
              ],
              [
                313498.76270902716,
                1524347.3761632536
              ],
              [
                313508.56251371279,
                1524287.1759679373
              ],
              [
                313523.86280668247,
                1524227.4762609079
              ],
              [
                313538.56251371279,
                1524167.1759679392
              ],
              [
                313548.76270902529,
                1524137.376163248
              ],
              [
                313571.96705472842,
                1524065.8685948905
              ],
              [
                313618.56251371279,
                1524004.4611241892
              ],
              [
                313601.1589492606,
                1523902.7265050504
              ],
              [
                313588.40626371372,
                1523876.4411046598
              ],
              [
                313537.96314847842,
                1523827.9755284842
              ],
              [
                313462.94239652622,
                1523673.3417394236
              ],
              [
                313420.92823636904,
                1523611.3605382517
              ],
              [
                313372.76295316592,
                1523530.2228429373
              ],
              [
                313338.76270902529,
                1523507.1759679392
              ],
              [
                313108.9616836356,
                1523496.9489171561
              ],
              [
                313108.52833402622,
                1523475.707462078
              ],
              [
                313148.09864652529,
                1523360.1019933298
              ],
              [
                313158.56251371466,
                1523317.1759679411
              ],
              [
                313198.49415433779,
                1523200.5121495798
              ],
              [
                313198.96900785435,
                1523177.2760655954
              ],
              [
                313196.28834379185,
                1523045.912540203
              ],
              [
                313208.56251371279,
                1522557.1759679392
              ],
              [
                313227.68849027529,
                1522351.2946202829
              ],
              [
                313179.75514066592,
                1522278.1842687204
              ],
              [
                313119.58302152529,
                1522237.396915203
              ],
              [
                313059.17774808779,
                1522236.1640050504
              ],
              [
                313039.22657621372,
                1522294.4501378592
              ],
              [
                313022.49561918341,
                1522363.0817296579
              ],
              [
                312975.10975492373,
                1522412.4030187204
              ],
              [
                312882.68787992373,
                1522475.0507237967
              ],
              [
                312820.32704008091,
                1522507.1759679373
              ],
              [
                312736.25965726748,
                1522493.8373448942
              ],
              [
                312668.76270902622,
                1522437.1759679411
              ],
              [
                312531.94141996466,
                1522341.8659093454
              ],
              [
                312489.92054593936,
                1522279.8749425486
              ],
              [
                312478.76270902622,
                1522177.1759679392
              ],
              [
                312464.56104886997,
                1522121.7609288786
              ],
              [
                312481.69178617373,
                1521981.5704991892
              ],
              [
                312557.37843168154,
                1521869.9127843436
              ],
              [
                312598.56251371466,
                1521774.7260167655
              ],
              [
                312548.05348050967,
                1521761.9293859079
              ],
              [
                312423.51673734561,
                1521793.8458898105
              ],
              [
                312313.97938382998,
                1521746.4533116911
              ],
              [
                312212.09461820498,
                1521748.5321691092
              ],
              [
                312123.58448636997,
                1521725.8490636442
              ],
              [
                312001.86939847842,
                1521728.3331945017
              ],
              [
                311928.76270902622,
                1521707.1759679392
              ],
              [
                311893.66261136904,
                1521702.2760655936
              ],
              [
                311901.62403715029,
                1521658.6310460661
              ],
              [
                311933.66261136904,
                1521602.2760655973
              ],
              [
                311972.32227933779,
                1521616.1481359061
              ],
              [
                312057.57618558779,
                1521635.9833409861
              ],
              [
                312232.27772367373,
                1521625.570743328
              ],
              [
                312288.76759183966,
                1521637.6398351267
              ],
              [
                312483.17433011904,
                1521656.9953038767
              ],
              [
                312582.47669828311,
                1521603.0329015329
              ],
              [
                312659.16187894717,
                1521607.6044347361
              ],
              [
                312815.6316055106,
                1521663.7470128592
              ],
              [
                312838.38123929966,
                1521686.0553624704
              ],
              [
                312770.87818754092,
                1521768.3283116873
              ],
              [
                312754.06422269717,
                1521894.0387609079
              ],
              [
                312697.03663480561,
                1521907.3078038748
              ],
              [
                312677.25636136904,
                1521929.4464757498
              ],
              [
                312656.95789945498,
                1522038.1989171579
              ],
              [
                312670.96912992373,
                1522130.307071453
              ],
              [
                312734.25953519717,
                1522246.7767980155
              ],
              [
                312915.69386136904,
                1522235.9625890329
              ],
              [
                313026.34449613653,
                1522112.1222569998
              ],
              [
                313094.94679105747,
                1522096.1603429411
              ],
              [
                313129.03370511997,
                1522098.1928136423
              ],
              [
                313241.46046293247,
                1522198.0585362948
              ],
              [
                313305.70484769903,
                1522299.0729405936
              ],
              [
                313318.38184965216,
                1522369.2169835623
              ],
              [
                313303.37330472935,
                1522621.0187413767
              ],
              [
                313282.01588285342,
                1522700.7611730192
              ],
              [
                313292.21607816592,
                1522871.8964269217
              ],
              [
                313318.94337308872,
                1522996.9953038767
              ],
              [
                313331.40064847842,
                1523063.7335851286
              ],
              [
                313317.90943754092,
                1523139.6478917692
              ],
              [
                313319.85523832217,
                1523172.2760655973
              ],
              [
                313310.75123441592,
                1523325.0031163767
              ],
              [
                313398.94337308872,
                1523396.9953038767
              ],
              [
                313467.8191055106,
                1523455.5866124704
              ],
              [
                313566.38477933779,
                1523512.9706456736
              ],
              [
                313589.95045316592,
                1523550.0238683298
              ],
              [
                313610.15919340029,
                1523568.0805089548
              ],
              [
                313631.07350004092,
                1523566.8341710623
              ],
              [
                313732.92164457403,
                1523483.2697179373
              ],
              [
                313799.2253555106,
                1523452.8388097379
              ],
              [
                313828.38184965122,
                1523406.9953038767
              ],
              [
                313869.36817777622,
                1523354.105899578
              ],
              [
                313862.57008207403,
                1523240.0568273142
              ],
              [
                313926.45802152529,
                1523182.9743077829
              ],
              [
                313943.91163480747,
                1523144.9469640329
              ],
              [
                313927.0036758231,
                1523049.8041417655
              ],
              [
                314053.35011137091,
                1522907.5665929373
              ],
              [
                314107.75562894717,
                1522810.2228429355
              ],
              [
                314125.27760160528,
                1522623.5162999704
              ],
              [
                314148.94337308779,
                1522557.5568273142
              ],
              [
                314164.65138090122,
                1522506.6889073923
              ],
              [
                314208.3708633231,
                1522393.0548741892
              ],
              [
                314219.07765043154,
                1522290.3143956754
              ],
              [
                314253.47218168061,
                1522241.0748937223
              ],
              [
                314281.06861722842,
                1522122.4628331717
              ],
              [
                314311.70460355747,
                1522095.0897863004
              ],
              [
                314368.38184965029,
                1522016.9953038748
              ],
              [
                314428.94337308872,
                1521947.5568273161
              ],
              [
                314443.09986722842,
                1521901.7133214548
              ],
              [
                314464.54640043154,
                1521841.9440343436
              ],
              [
                314500.95631254185,
                1521794.9603917673
              ],
              [
                314527.93385160342,
                1521736.1823155954
              ],
              [
                314539.36085355654,
                1521638.6347081736
              ],
              [
                314580.95631254092,
                1521584.9603917692
              ],
              [
                314613.9421523856,
                1521513.0914952829
              ],
              [
                314668.94337308872,
                1521437.5568273142
              ],
              [
                314718.38184965029,
                1521346.9953038748
              ],
              [
                314738.94337308779,
                1521317.5568273123
              ],
              [
                314782.37476957217,
                1521242.9596593454
              ],
              [
                314823.70655668341,
                1521227.5568273142
              ],
              [
                314903.98243558872,
                1521249.057071453
              ],
              [
                314933.66261136904,
                1521282.2760655954
              ],
              [
                314933.66261136904,
                1521322.2760655954
              ],
              [
                314953.66261136997,
                1521322.2760655954
              ],
              [
                314967.02198636997,
                1521348.9166905973
              ],
              [
                314973.66261136997,
                1521352.2760655954
              ],
              [
                314949.34376371279,
                1521391.6132237948
              ],
              [
                314983.66261136997,
                1521422.2760655936
              ],
              [
                314967.74708402529,
                1521486.3605382517
              ],
              [
                314963.66261136997,
                1521512.2760655954
              ],
              [
                314953.66261136997,
                1521512.2760655954
              ],
              [
                314953.66261136997,
                1521522.2760655954
              ],
              [
                314943.66261136904,
                1521522.2760655954
              ],
              [
                314943.66261136904,
                1521542.2760655954
              ],
              [
                314918.78712308872,
                1521566.1762120798
              ],
              [
                314916.63258207124,
                1521671.7377355173
              ],
              [
                314938.52833402716,
                1521735.7074620798
              ],
              [
                314939.53663480747,
                1521785.1142003611
              ],
              [
                314918.76270902622,
                1521845.8075597342
              ],
              [
                314930.8952773856,
                1521897.2724034879
              ],
              [
                314984.98463285435,
                1521968.5541417673
              ],
              [
                315008.76270902529,
                1522027.1759679373
              ],
              [
                315018.56251371372,
                1522097.3761632517
              ],
              [
                315038.45142973028,
                1522174.9823644254
              ],
              [
                314998.56251371279,
                1522267.1759679411
              ],
              [
                314982.22950590029,
                1522367.5092198905
              ],
              [
                314920.78785551153,
                1522458.1513097342
              ],
              [
                314914.92603910435,
                1522745.3534581736
              ],
              [
                314929.59400785528,
                1522790.5548741892
              ],
              [
                314974.06300199404,
                1522876.8756749686
              ],
              [
                315013.26222074404,
                1522957.6764562186
              ],
              [
                315058.4831680106,
                1523045.4559972342
              ],
              [
                315069.97608793154,
                1523116.0602452811
              ],
              [
                315116.63014066592,
                1523177.5433995761
              ],
              [
                315130.91236722842,
                1523309.0058019236
              ],
              [
                315167.20142972842,
                1523346.7755773123
              ],
              [
                315215.85499418247,
                1523359.2450597361
              ],
              [
                315323.35011136904,
                1523341.7450597342
              ],
              [
                315402.94361722935,
                1523277.4945714567
              ],
              [
                315427.8386367606,
                1523276.9867589567
              ],
              [
                315453.66261137091,
                1523282.2760655936
              ],
              [
                315494.32911527529,
                1523347.4298741873
              ],
              [
                315508.29029691592,
                1523405.2118566111
              ],
              [
                315488.29029691778,
                1523496.9037511423
              ],
              [
                315483.66261136904,
                1523532.2760655954
              ],
              [
                315476.93409574311,
                1523561.3153722361
              ],
              [
                315483.66261136904,
                1523602.2760655973
              ],
              [
                315475.5290664481,
                1523639.5648839567
              ],
              [
                315483.66261136904,
                1523722.2760655936
              ],
              [
                315473.66261136904,
                1523762.2760655954
              ],
              [
                315463.66261136811,
                1523762.2760655954
              ],
              [
                315463.66261136811,
                1523772.2760655954
              ],
              [
                315432.12818754278,
                1523794.8786046561
              ],
              [
                315417.41139066592,
                1523868.5834386423
              ],
              [
                315427.83741605841,
                1523908.1012609117
              ],
              [
                315433.66261136997,
                1523912.2760655936
              ],
              [
                315437.74708402529,
                1523958.1915929373
              ],
              [
                315443.66261136997,
                1523982.2760655954
              ],
              [
                315443.66261136997,
                1523992.2760655992
              ],
              [
                315453.66261137091,
                1523992.2760655992
              ],
              [
                315453.66261137091,
                1524002.2760655954
              ],
              [
                315463.66261136811,
                1524002.2760655954
              ],
              [
                315463.66261136811,
                1524012.2760655954
              ],
              [
                315473.66261136904,
                1524012.2760655954
              ],
              [
                315491.47511136904,
                1524047.7973058261
              ],
              [
                315513.66261136997,
                1524052.2760655973
              ],
              [
                315518.29029691592,
                1524067.6483800486
              ],
              [
                315541.77784574404,
                1524109.7455480136
              ],
              [
                315533.66261136997,
                1524192.2760655954
              ],
              [
                315533.66261136997,
                1524202.2760655954
              ],
              [
                315493.66261136904,
                1524202.2760655954
              ],
              [
                315493.66261136904,
                1524282.2760655973
              ],
              [
                315483.66261136904,
                1524282.2760655973
              ],
              [
                315483.66261136904,
                1524292.2760655973
              ],
              [
                315473.66261136904,
                1524292.2760655973
              ],
              [
                315473.66261136904,
                1524302.2760655917
              ],
              [
                315463.66261136811,
                1524302.2760655917
              ],
              [
                315463.66261136811,
                1524312.2760655936
              ],
              [
                315453.66261137091,
                1524312.2760655936
              ],
              [
                315453.66261137091,
                1524322.2760655936
              ],
              [
                315449.12525785528,
                1524327.7387120817
              ],
              [
                315429.64649808779,
                1524343.9191320017
              ],
              [
                315418.83106840216,
                1524440.3571202829
              ],
              [
                315378.19996488467,
                1524496.8134191111
              ],
              [
                315373.66261136904,
                1524522.2760655917
              ],
              [
                315346.46046293154,
                1524529.2572667655
              ],
              [
                315307.95826566592,
                1524585.0214269254
              ],
              [
                315303.66261136997,
                1524612.2760655936
              ],
              [
                315299.03492582403,
                1524627.6483800504
              ],
              [
                315279.26808011997,
                1524663.0768468436
              ],
              [
                315293.66261136997,
                1524702.2760655954
              ],
              [
                315279.89674222935,
                1524715.0299718454
              ],
              [
                315188.55274808779,
                1524846.7365148142
              ],
              [
                315178.85304105747,
                1524888.4076573942
              ],
              [
                315258.85304105654,
                1524947.0856359079
              ],
              [
                315278.27564847842,
                1524968.0463292673
              ],
              [
                315283.66261136904,
                1525052.2760655936
              ],
              [
                315279.8503555106,
                1525058.4638097342
              ],
              [
                315237.7458633231,
                1525072.8119542655
              ],
              [
                315233.66261137091,
                1525122.2760655954
              ],
              [
                315189.21558988467,
                1525157.8290441092
              ],
              [
                315150.01026762091,
                1525174.3500402048
              ],
              [
                315143.66261136904,
                1525182.2760655973
              ],
              [
                315133.66261136904,
                1525182.2760655973
              ],
              [
                315123.66261137091,
                1525182.2760655973
              ],
              [
                315123.66261137091,
                1525192.2760655917
              ],
              [
                315070.33497465122,
                1525207.1259191092
              ],
              [
                315030.82813871279,
                1525237.6203038786
              ],
              [
                315019.30592191685,
                1525315.5902745798
              ],
              [
                315048.0193008231,
                1525367.9193761423
              ],
              [
                315053.66261136904,
                1525372.2760655954
              ],
              [
                315053.66261136904,
                1525382.2760655954
              ],
              [
                315053.66261136904,
                1525432.2760655936
              ],
              [
                315047.02198636997,
                1525445.6354405954
              ],
              [
                315043.66261136904,
                1525502.2760655936
              ],
              [
                315031.05885160342,
                1525553.5907628611
              ],
              [
                315047.74708402622,
                1525598.1915929392
              ],
              [
                315053.66261136904,
                1525602.2760655954
              ],
              [
                315053.66261136904,
                1525612.2760655973
              ],
              [
                315063.96656644903,
                1525657.6361730192
              ],
              [
                315027.57862699404,
                1525707.4506261405
              ],
              [
                314946.69850004185,
                1525741.5314366873
              ],
              [
                314909.21558988653,
                1525807.8290441129
              ],
              [
                314861.70216215029,
                1525864.3439366892
              ],
              [
                314829.21558988467,
                1525917.8290441111
              ],
              [
                314768.10963285528,
                1525986.723087078
              ],
              [
                314741.15284574404,
                1526031.1041905954
              ],
              [
                314703.86646879092,
                1526161.5119054373
              ],
              [
                314724.97730863653,
                1526292.4640538767
              ],
              [
                314713.66261136904,
                1526342.2760655936
              ],
              [
                314703.66261136904,
                1526342.2760655936
              ],
              [
                314703.66261136904,
                1526352.2760655973
              ],
              [
                314660.61573636904,
                1526390.7379796561
              ],
              [
                314648.94337308872,
                1526475.6745030954
              ],
              [
                314745.23365629185,
                1526584.0753819998
              ],
              [
                314725.16041410435,
                1526659.0192296598
              ],
              [
                314693.66261136904,
                1526702.2760655954
              ],
              [
                314683.66261136904,
                1526702.2760655954
              ],
              [
                314673.66261137091,
                1526702.2760655954
              ],
              [
                314673.66261137091,
                1526712.2760655954
              ],
              [
                314663.66261136997,
                1526712.2760655954
              ],
              [
                314663.66261136997,
                1526732.2760655973
              ],
              [
                314663.66261136997,
                1526762.2760655917
              ],
              [
                314667.83131254185,
                1526829.5538976267
              ],
              [
                314684.95045316778,
                1526896.2604405954
              ],
              [
                314693.66261136904,
                1526902.2760655954
              ],
              [
                314698.10963285342,
                1526957.8290441092
              ],
              [
                314709.21558988467,
                1527036.7230870798
              ],
              [
                314718.10963285435,
                1527157.8290441129
              ],
              [
                314729.21558988467,
                1527186.7230870798
              ],
              [
                314733.66261136997,
                1527202.2760655973
              ],
              [
                314739.57813871186,
                1527226.3605382498
              ],
              [
                314743.66261136997,
                1527272.2760655936
              ],
              [
                314753.50147855747,
                1527304.1382482108
              ],
              [
                314864.40724027529,
                1527381.8408849277
              ],
              [
                314927.78370511904,
                1527498.4693028983
              ],
              [
                314958.38184965122,
                1527597.5574376639
              ],
              [
                314979.50611722842,
                1527656.4325597361
              ],
              [
                315019.82105863467,
                1527829.7064855155
              ],
              [
                315058.94337308779,
                1527956.994693527
              ],
              [
                315070.75611722935,
                1528132.932193527
              ],
              [
                315126.97682035435,
                1528229.4977452829
              ],
              [
                315184.78809965122,
                1528281.1511876676
              ],
              [
                315253.78346097935,
                1528358.3716466501
              ],
              [
                315361.94874418247,
                1528442.7381017301
              ],
              [
                315451.66920316592,
                1528570.7965734061
              ],
              [
                315513.09986723028,
                1528592.8388097379
              ],
              [
                315543.66261136997,
                1528602.2760655936
              ],
              [
                315543.66261136997,
                1528612.2760655936
              ],
              [
                315563.66261137091,
                1528612.2760655936
              ],
              [
                315563.66261137091,
                1528622.2760655936
              ],
              [
                315573.66261136811,
                1528622.2760655936
              ],
              [
                315583.66261136904,
                1528622.2760655936
              ],
              [
                315583.66261136904,
                1528632.2760655936
              ],
              [
                315593.66261136904,
                1528632.2760655936
              ],
              [
                315603.66261136904,
                1528632.2760655936
              ],
              [
                315613.22559965029,
                1528647.7954747751
              ],
              [
                315669.46827543154,
                1528665.3137853276
              ],
              [
                315683.66261137091,
                1528642.2760655936
              ],
              [
                315734.75025785342,
                1528650.6683995798
              ],
              [
                315758.01930082217,
                1528636.632144697
              ],
              [
                315773.66261136997,
                1528632.2760655936
              ],
              [
                315819.0349258231,
                1528686.9043614957
              ],
              [
                315836.9841445731,
                1528746.5222814139
              ],
              [
                315843.66261136904,
                1528752.2760655973
              ],
              [
                315847.02198636997,
                1528768.9166905936
              ],
              [
                315860.30323636904,
                1528795.6354405954
              ],
              [
                315867.02198636997,
                1528828.9166905954
              ],
              [
                315883.66261136997,
                1528862.2760655936
              ],
              [
                315883.66261136997,
                1528872.2760655954
              ],
              [
                315893.66261136997,
                1528872.2760655954
              ],
              [
                315901.83155668341,
                1528904.1071202811
              ],
              [
                315933.66261136904,
                1528912.2760655954
              ],
              [
                315933.66261136904,
                1528922.2760655954
              ],
              [
                315943.66261136904,
                1528922.2760655954
              ],
              [
                315948.29029691499,
                1528927.647769697
              ],
              [
                316003.66261136997,
                1528962.2760655954
              ],
              [
                316013.66261137091,
                1528962.2760655954
              ],
              [
                316044.95045316592,
                1529010.9888341501
              ],
              [
                316053.66261136904,
                1529062.2760655936
              ],
              [
                316043.66261136904,
                1529062.2760655936
              ],
              [
                316043.66261136904,
                1529072.2760655936
              ],
              [
                316001.98292386904,
                1529100.225894697
              ],
              [
                315993.66261136997,
                1529112.2760655954
              ],
              [
                315979.2155898856,
                1529123.8446691129
              ],
              [
                315991.74000394717,
                1529185.7819249686
              ],
              [
                316043.66261136904,
                1529192.2760655973
              ],
              [
                316067.74708402716,
                1529208.1915929392
              ],
              [
                316083.66261136997,
                1529212.2760655973
              ],
              [
                316121.30787504092,
                1529281.2378575876
              ],
              [
                316133.66261136811,
                1529292.2760655936
              ],
              [
                316133.66261136811,
                1529312.2760655936
              ],
              [
                316133.66261136811,
                1529332.2760655954
              ],
              [
                316127.02198636904,
                1529345.6354405973
              ],
              [
                316123.66261137091,
                1529362.2760655954
              ],
              [
                316128.38673246466,
                1529403.8178136405
              ],
              [
                316149.57813871372,
                1529436.3605382498
              ],
              [
                316157.74708402622,
                1529458.1915929392
              ],
              [
                316163.66261136904,
                1529462.2760655936
              ],
              [
                316163.66261136904,
                1529472.2760655936
              ],
              [
                316152.24781644717,
                1529515.5426671579
              ],
              [
                316097.83741605841,
                1529526.4508702792
              ],
              [
                316093.66261136997,
                1529532.2760655936
              ],
              [
                316052.97413480654,
                1529536.9031407908
              ],
              [
                316066.58009183872,
                1529597.5952794664
              ],
              [
                316018.75416410342,
                1529669.9683263376
              ],
              [
                316013.66261137091,
                1529702.2760655973
              ],
              [
                316013.66261137091,
                1529732.2760655936
              ],
              [
                316013.66261137091,
                1529752.2760655936
              ],
              [
                316023.76270902622,
                1529791.6315343436
              ],
              [
                316053.66261136904,
                1529812.2760655954
              ],
              [
                316061.39088285342,
                1529874.1297032908
              ],
              [
                316048.10963285342,
                1529896.7230870835
              ],
              [
                316043.66261136904,
                1529922.2760655973
              ],
              [
                316037.02198636904,
                1529925.6354405954
              ],
              [
                316020.30323636997,
                1529958.9166905954
              ],
              [
                316013.66261137091,
                1529962.2760655936
              ],
              [
                316008.49049222842,
                1529955.8179357108
              ],
              [
                315992.5456680106,
                1529993.6591222361
              ],
              [
                315934.2302383231,
                1530029.0790441129
              ],
              [
                315910.32154691685,
                1530058.9356114957
              ],
              [
                315893.66261136997,
                1530072.2760655954
              ],
              [
                315883.66261136997,
                1530072.2760655954
              ],
              [
                315883.66261136997,
                1530082.2760655954
              ],
              [
                315851.83155668247,
                1530090.4450109061
              ],
              [
                315843.66261136904,
                1530122.2760655936
              ],
              [
                315833.66261136904,
                1530122.2760655936
              ],
              [
                315833.66261136904,
                1530132.2760655936
              ],
              [
                315819.0349258231,
                1530226.5717198942
              ],
              [
                315835.20069730654,
                1530280.8472325895
              ],
              [
                315859.39747465122,
                1530308.9331700858
              ],
              [
                315918.29029691685,
                1530357.647769697
              ],
              [
                315933.66261136904,
                1530362.2760655936
              ],
              [
                315950.34229887091,
                1530395.537173992
              ],
              [
                315976.94386136904,
                1530408.9948155954
              ],
              [
                315987.02198637091,
                1530428.9166905954
              ],
              [
                315993.66261136997,
                1530432.2760655936
              ],
              [
                315993.66261136997,
                1530442.2760655954
              ],
              [
                315993.66261136997,
                1530452.2760655954
              ],
              [
                316003.66261136997,
                1530452.2760655954
              ],
              [
                316012.79713285435,
                1530487.8693273123
              ],
              [
                316033.66261136904,
                1530502.2760655954
              ],
              [
                316037.02198636904,
                1530518.9166905936
              ],
              [
                316043.66261136904,
                1530532.2760655973
              ],
              [
                316063.66261136904,
                1530602.2760655973
              ],
              [
                316054.61475980654,
                1530609.260318527
              ],
              [
                316073.49049223028,
                1530657.2760655973
              ],
              [
                316052.93751371466,
                1530709.5575597361
              ],
              [
                316073.66261136997,
                1530762.2760655973
              ],
              [
                316093.66261136997,
                1530802.2760655936
              ],
              [
                316110.34229886904,
                1530835.537173992
              ],
              [
                316123.66261137091,
                1530842.2760655936
              ],
              [
                316119.03492582217,
                1530897.6477696951
              ],
              [
                316089.69166410342,
                1530950.2393224314
              ],
              [
                316103.66261136997,
                1530962.2760655954
              ],
              [
                316089.59400785342,
                1530997.2760655954
              ],
              [
                316103.66261136997,
                1531032.2760655936
              ],
              [
                316098.01930082217,
                1531036.6321446951
              ],
              [
                316063.66261136904,
                1531082.2760655936
              ],
              [
                316057.02198636997,
                1531085.6354405973
              ],
              [
                316036.97559965029,
                1531125.5414464567
              ],
              [
                316023.66261136811,
                1531132.2760655954
              ],
              [
                316010.59498441499,
                1531144.3836095408
              ],
              [
                315933.66261136904,
                1531242.2760655936
              ],
              [
                315920.38136136997,
                1531248.9948155936
              ],
              [
                315913.66261136904,
                1531262.2760655936
              ],
              [
                315897.74708402529,
                1531266.3605382498
              ],
              [
                315853.72242582217,
                1531303.0750157889
              ],
              [
                315843.66261136904,
                1531342.2760655954
              ],
              [
                315830.34962308779,
                1531349.0106847361
              ],
              [
                315807.08546293154,
                1531395.3229405936
              ],
              [
                315803.66261136904,
                1531412.2760655954
              ],
              [
                315793.66261137091,
                1531412.2760655954
              ],
              [
                315793.66261137091,
                1531422.2760655954
              ],
              [
                315783.66261137091,
                1531422.2760655954
              ],
              [
                315783.66261137091,
                1531432.2760655973
              ],
              [
                315777.74708402529,
                1531436.3605382536
              ],
              [
                315758.5905898856,
                1531464.1052892283
              ],
              [
                315749.57813871279,
                1531488.1915929411
              ],
              [
                315733.66261136904,
                1531512.2760655936
              ],
              [
                315726.94386137091,
                1531525.5573155936
              ],
              [
                315713.66261136904,
                1531532.2760655936
              ],
              [
                315687.02198636904,
                1531545.6354405917
              ],
              [
                315683.66261137091,
                1531552.2760655936
              ],
              [
                315663.66261136997,
                1531552.2760655936
              ],
              [
                315643.66261136997,
                1531552.2760655936
              ],
              [
                315623.66261136904,
                1531552.2760655936
              ],
              [
                315422.92652738653,
                1531569.7681310251
              ],
              [
                315399.95045316592,
                1531613.1885411795
              ],
              [
                315388.85304105747,
                1531717.4664952811
              ],
              [
                315358.47218168341,
                1531797.0856359079
              ],
              [
                315346.0564101981,
                1531887.9346349332
              ],
              [
                315291.82423246279,
                1531966.7456700858
              ],
              [
                315249.59400785435,
                1532119.1187169626
              ],
              [
                315308.85304105747,
                1532147.0856359042
              ],
              [
                315345.20924223028,
                1532166.3226964567
              ],
              [
                315398.47218168154,
                1532177.4664952811
              ],
              [
                315461.44825590029,
                1532189.4904210661
              ],
              [
                315548.47218168247,
                1532227.4664952829
              ],
              [
                315563.66261137091,
                1532232.2760655954
              ],
              [
                315570.08961332217,
                1532241.584537277
              ],
              [
                315620.79884183872,
                1532260.5591466501
              ],
              [
                315653.66261136997,
                1532282.2760655954
              ],
              [
                315658.57594144717,
                1532356.3159825876
              ],
              [
                315693.66261136904,
                1532362.2760655936
              ],
              [
                315693.66261136904,
                1532422.2760655936
              ],
              [
                315703.66261136904,
                1532422.2760655936
              ],
              [
                315695.26295316592,
                1532456.4761998765
              ],
              [
                315703.66261136904,
                1532462.2760655954
              ],
              [
                315703.66261136904,
                1532502.2760655954
              ],
              [
                315697.92774808779,
                1532506.5418126658
              ],
              [
                315689.39747465029,
                1532558.0103185214
              ],
              [
                315660.31056058872,
                1532623.7622716483
              ],
              [
                315672.4821914481,
                1532694.4620397165
              ],
              [
                315683.66261137091,
                1532722.2760655954
              ],
              [
                315678.29029691685,
                1532726.9040563181
              ],
              [
                315635.64747465029,
                1532822.4710729197
              ],
              [
                315623.66261136904,
                1532862.2760655936
              ],
              [
                315613.66261136904,
                1532862.2760655936
              ],
              [
                315613.66261136904,
                1532872.2760655936
              ],
              [
                315613.66261136904,
                1532882.2760655936
              ],
              [
                315588.33424222842,
                1532899.7641637437
              ],
              [
                315583.66261136904,
                1532952.2760655954
              ],
              [
                315577.02198636904,
                1532965.6354405936
              ],
              [
                315573.66261136811,
                1532992.2760655973
              ],
              [
                315573.66261136811,
                1533022.2760655917
              ],
              [
                315573.66261136811,
                1533032.2760655936
              ],
              [
                315560.85499418247,
                1533037.2760655954
              ],
              [
                315573.66261136811,
                1533042.2760655936
              ],
              [
                315573.66261136811,
                1533052.2760655973
              ],
              [
                315573.66261136811,
                1533062.2760655973
              ],
              [
                315545.65235746279,
                1533099.8029210642
              ],
              [
                315559.30592191592,
                1533146.6324498709
              ],
              [
                315563.66261137091,
                1533172.2760655954
              ],
              [
                315541.45191800967,
                1533189.4202306364
              ],
              [
                315529.30592191592,
                1533250.3198888358
              ],
              [
                315567.7507461356,
                1533348.1137731168
              ],
              [
                315578.0193008231,
                1533404.3549230155
              ],
              [
                315553.66261136997,
                1533442.2760655973
              ],
              [
                315543.66261136997,
                1533442.2760655973
              ],
              [
                315543.66261136997,
                1533452.2760655973
              ],
              [
                315533.66261136997,
                1533452.2760655973
              ],
              [
                315533.66261136997,
                1533472.2760655917
              ],
              [
                315523.66261136997,
                1533472.2760655917
              ],
              [
                315523.66261136997,
                1533522.2760655936
              ],
              [
                315507.02198636997,
                1533555.6354405917
              ],
              [
                315503.66261136904,
                1533582.2760655954
              ],
              [
                315493.66261136904,
                1533582.2760655954
              ],
              [
                315493.66261136904,
                1533612.2760655954
              ],
              [
                315477.02198636904,
                1533645.6354405936
              ],
              [
                315473.66261136904,
                1533712.2760655936
              ],
              [
                315463.66261136811,
                1533712.2760655936
              ],
              [
                315463.66261136811,
                1533752.2760655936
              ],
              [
                315453.66261137091,
                1533852.2760655954
              ],
              [
                315443.66261136997,
                1533852.2760655954
              ],
              [
                315443.66261136997,
                1533862.2760655954
              ],
              [
                315443.66261136997,
                1533872.2760655954
              ],
              [
                315438.47218168247,
                1533877.0853307303
              ],
              [
                315395.91602933966,
                1533942.9865148142
              ],
              [
                315399.49146879092,
                1534033.1946446951
              ],
              [
                315428.21583402716,
                1534142.8156163767
              ],
              [
                315438.47218168247,
                1534211.4923741892
              ],
              [
                315393.89698636904,
                1534295.7312657889
              ],
              [
                315328.73341215029,
                1534356.1090734079
              ],
              [
                315318.85304105841,
                1534393.0768468473
              ],
              [
                315412.64210355747,
                1534461.8689611014
              ],
              [
                315408.34034574404,
                1534570.3980138432
              ],
              [
                315383.64185941592,
                1534640.867679365
              ],
              [
                315416.76441800967,
                1534767.2760655936
              ],
              [
                315397.67994535435,
                1534840.1062657908
              ],
              [
                315357.32838285342,
                1534898.7476232126
              ],
              [
                315314.62818754092,
                1534918.8999059256
              ],
              [
                315268.66261136904,
                1534917.0780065134
              ],
              [
                315244.65992582217,
                1534918.0292394217
              ],
              [
                315162.22584379185,
                1535006.9971349295
              ],
              [
                315088.28175199404,
                1535041.8947484568
              ],
              [
                315053.1853164481,
                1535060.4659154508
              ],
              [
                314949.74537504185,
                1535139.7873571012
              ],
              [
                314821.25294340122,
                1535230.3749730643
              ],
              [
                314768.47218168247,
                1535247.0854833219
              ],
              [
                314735.59010160435,
                1535258.6104466971
              ],
              [
                314694.4255508231,
                1535303.038547283
              ],
              [
                314666.84620511997,
                1535328.5913732089
              ],
              [
                314610.2409805106,
                1535326.347720867
              ],
              [
                314518.85304105747,
                1535247.0854833219
              ],
              [
                314480.37525785342,
                1535228.9259984586
              ],
              [
                314438.85304105561,
                1535197.0854833219
              ],
              [
                314413.7468398856,
                1535185.2367284372
              ],
              [
                314374.37672269717,
                1535199.0358617399
              ],
              [
                314328.22437894624,
                1535261.9573094919
              ],
              [
                314255.53150785342,
                1535304.6930577829
              ],
              [
                314181.01490629185,
                1535317.0854833201
              ],
              [
                314128.85304105654,
                1535277.0854833182
              ],
              [
                314112.28443754092,
                1535267.4666478727
              ],
              [
                314098.85304105841,
                1535301.3556554392
              ],
              [
                314149.22413480654,
                1535438.0939366873
              ],
              [
                314148.4099258231,
                1535458.6533238962
              ],
              [
                314088.66261136997,
                1535456.2851598337
              ],
              [
                314051.11134183966,
                1535457.7735021189
              ],
              [
                314036.84498441592,
                1535562.1585729197
              ],
              [
                313882.07203519717,
                1535556.023929365
              ],
              [
                313844.56349027622,
                1535614.1097142771
              ],
              [
                313773.52467191592,
                1535655.8727147654
              ],
              [
                313756.01856840029,
                1535729.3654515818
              ],
              [
                313680.68653715122,
                1535764.9179723337
              ],
              [
                313614.12769926153,
                1535810.7189061679
              ],
              [
                313598.85304105747,
                1535854.9233129099
              ],
              [
                313648.3659805106,
                1535919.4899633005
              ],
              [
                313627.8630508231,
                1535958.2352330741
              ],
              [
                313577.77760160435,
                1535956.250064617
              ],
              [
                313522.76905668061,
                1536015.6186559275
              ],
              [
                313486.24317777622,
                1536032.8566625211
              ],
              [
                313432.51759183779,
                1536106.1046483573
              ],
              [
                313402.97779691685,
                1536117.0854833182
              ],
              [
                313240.4997695731,
                1536060.1378514841
              ],
              [
                313186.14185941499,
                1536088.9017369803
              ],
              [
                313168.85304105747,
                1536129.8912694529
              ],
              [
                313240.57179105747,
                1536234.1149022672
              ],
              [
                313237.93263090216,
                1536300.6866338346
              ],
              [
                313167.59815824404,
                1536317.0854070242
              ],
              [
                313128.85304105654,
                1536257.0854833201
              ],
              [
                313092.24659574404,
                1536203.888004072
              ],
              [
                313045.55470121466,
                1536124.4638707731
              ],
              [
                312984.44630277529,
                1536097.4666478708
              ],
              [
                312892.32655179966,
                1536129.7542455271
              ],
              [
                312820.92335355654,
                1536167.5372960642
              ],
              [
                312766.36768949404,
                1536209.3729283884
              ],
              [
                312709.75391996372,
                1536297.0439031199
              ],
              [
                312654.05384672154,
                1536395.9930303171
              ],
              [
                312658.99464261997,
                1536520.658328779
              ],
              [
                312694.04408109561,
                1536586.8948247526
              ],
              [
                312711.38355863653,
                1536623.6353948154
              ],
              [
                312707.97718656529,
                1536709.5635869596
              ],
              [
                312626.18763578311,
                1536748.1634404734
              ],
              [
                312540.00782621279,
                1536814.249561077
              ],
              [
                312528.85304105841,
                1536907.4666860178
              ],
              [
                312517.20142972935,
                1536951.9354131296
              ],
              [
                312460.81226957217,
                1537004.1823079661
              ],
              [
                312347.88868558779,
                1537039.9341466501
              ],
              [
                312295.83241117559,
                1537026.2938573416
              ],
              [
                312238.85304105654,
                1536987.0854451731
              ],
              [
                312186.64967191685,
                1536957.4666860197
              ],
              [
                312142.18617094029,
                1536980.9944799002
              ]
            ],
            [
              [
                314687.17823636997,
                1534659.5142247733
              ],
              [
                314688.87257230747,
                1534742.5427892264
              ],
              [
                314778.76270902529,
                1534757.1759679373
              ],
              [
                314870.73536527622,
                1534796.9693639334
              ],
              [
                314943.46241605747,
                1534772.0761754606
              ],
              [
                314990.35206449404,
                1534756.8604161832
              ],
              [
                315031.91944730747,
                1534735.4468419626
              ],
              [
                315051.87061918154,
                1534653.6054112986
              ],
              [
                315097.69337308966,
                1534609.57983757
              ],
              [
                315146.97559965029,
                1534507.9993321951
              ],
              [
                315108.56251371279,
                1534457.3761632536
              ],
              [
                315098.76270902529,
                1534426.8463780936
              ],
              [
                315160.35206449497,
                1534406.8604161814
              ],
              [
                315199.51710355747,
                1534386.6846349295
              ],
              [
                315228.56251371372,
                1534297.1759679355
              ],
              [
                315265.20313871372,
                1534212.4915196989
              ],
              [
                315325.14088285435,
                1534173.1946446951
              ],
              [
                315338.56251371372,
                1534151.6333654001
              ],
              [
                315301.56788480747,
                1534097.0572545603
              ],
              [
                315288.76270902716,
                1534055.8075597379
              ],
              [
                315322.56275785435,
                1533957.0584752634
              ],
              [
                315397.34181058779,
                1533811.8979528025
              ],
              [
                315411.40919339936,
                1533668.0768468473
              ],
              [
                315437.50538480654,
                1533591.8332555387
              ],
              [
                315477.10499418247,
                1533451.4331700895
              ],
              [
                315496.45435941592,
                1533394.9051549509
              ],
              [
                315508.56251371466,
                1533355.4154088572
              ],
              [
                315477.02808988653,
                1533232.3688390311
              ],
              [
                315479.14478910435,
                1533128.6658361014
              ],
              [
                315459.26197660528,
                1533051.0855748728
              ],
              [
                315519.2058242606,
                1532976.8274571951
              ],
              [
                315547.99244535435,
                1532888.1156041697
              ],
              [
                315584.80274808872,
                1532827.416141279
              ],
              [
                315610.69264066685,
                1532761.7743566129
              ],
              [
                315607.30518949497,
                1532595.7404210623
              ],
              [
                315648.76270902529,
                1532527.3761632517
              ],
              [
                315659.59156644717,
                1532460.8588292655
              ],
              [
                315638.0925430106,
                1532365.2875402085
              ],
              [
                315616.2273086356,
                1532322.8436925467
              ],
              [
                315500.53028715122,
                1532285.2991368864
              ],
              [
                315396.31275785435,
                1532287.4262120798
              ],
              [
                315280.43141019624,
                1532347.1222570017
              ],
              [
                315139.12037504092,
                1532368.6121251639
              ],
              [
                315057.76295316592,
                1532366.9513585642
              ],
              [
                315033.36964261904,
                1532341.5631749723
              ],
              [
                315066.71314847842,
                1532244.1480138395
              ],
              [
                315080.20069730747,
                1532133.7689855155
              ],
              [
                315138.76270902622,
                1532047.3761632498
              ],
              [
                315157.32960355654,
                1532009.1058995798
              ],
              [
                315170.76100004092,
                1531899.1846349314
              ],
              [
                315198.76270902529,
                1531817.3761632498
              ],
              [
                315213.46241605841,
                1531772.0758702885
              ],
              [
                315261.73267972935,
                1531692.4774816092
              ],
              [
                315293.46241605747,
                1531627.0758702829
              ],
              [
                315326.78272855654,
                1531562.3963048514
              ],
              [
                315362.31861722935,
                1531472.299258953
              ],
              [
                315438.76270902529,
                1531457.3761632517
              ],
              [
                315473.63819730747,
                1531445.4389073923
              ],
              [
                315626.46900785435,
                1531448.5578038767
              ],
              [
                315659.43287504092,
                1531431.5759923514
              ],
              [
                315790.64747465122,
                1531295.0055577792
              ],
              [
                315828.56251371372,
                1531237.1759679373
              ],
              [
                315892.77882230841,
                1531152.5464513376
              ],
              [
                315922.52247465122,
                1531077.1362950858
              ],
              [
                315966.31275785435,
                1531004.926212078
              ],
              [
                315988.36231840029,
                1530936.9757726267
              ],
              [
                316030.55592191592,
                1530855.0702550467
              ],
              [
                316025.65479886904,
                1530614.9109532889
              ],
              [
                315965.17384183872,
                1530479.8065831717
              ],
              [
                315828.9372695731,
                1530348.9124181364
              ],
              [
                315813.86280668061,
                1530287.0758702829
              ],
              [
                315793.46241605654,
                1530247.4762609079
              ],
              [
                315771.04298246279,
                1530201.2634923533
              ],
              [
                315788.98853910342,
                1530096.0529210623
              ],
              [
                315829.96266019717,
                1530035.6055333689
              ],
              [
                315922.61768949404,
                1529990.654361492
              ],
              [
                315976.87306058872,
                1529878.8220861033
              ],
              [
                315955.91236722935,
                1529797.0349767283
              ],
              [
                315959.04957425967,
                1529643.3154943064
              ],
              [
                315992.96314847842,
                1529510.9876134489
              ],
              [
                316059.97486722842,
                1529446.602847822
              ],
              [
                316057.66041410342,
                1529333.1720616873
              ],
              [
                316034.93458402622,
                1529266.7761876658
              ],
              [
                315965.82447660435,
                1529225.7507970389
              ],
              [
                315923.32935941685,
                1529181.5210607126
              ],
              [
                315906.96095121372,
                1529064.2682530954
              ],
              [
                315845.30445707403,
                1529005.0293614995
              ],
              [
                315828.76270902622,
                1528937.1759679355
              ],
              [
                315794.46827543154,
                1528823.8440587595
              ],
              [
                315778.31837308872,
                1528776.6638829783
              ],
              [
                315732.06959379092,
                1528754.2261388358
              ],
              [
                315610.09571683966,
                1528734.369571453
              ],
              [
                315541.41529691685,
                1528692.7204015311
              ],
              [
                315458.46241605654,
                1528652.4762609098
              ],
              [
                315412.16236722935,
                1528628.6243321989
              ],
              [
                315353.89942777529,
                1528539.7583653983
              ],
              [
                315247.96314847935,
                1528437.9761388376
              ],
              [
                315109.85157621466,
                1528294.2273595426
              ],
              [
                315048.76270902622,
                1528217.1759679392
              ],
              [
                314991.19801176153,
                1528145.8643224314
              ],
              [
                314978.76270902529,
                1528105.8075597342
              ],
              [
                314998.76270902529,
                1528047.3761632517
              ],
              [
                315008.56251371372,
                1527981.0394933261
              ],
              [
                314968.46241605747,
                1527842.4762609061
              ],
              [
                314938.76270902622,
                1527707.1759679392
              ],
              [
                314908.56251371372,
                1527607.3761632517
              ],
              [
                314892.30641019717,
                1527540.6922032926
              ],
              [
                314832.80933988467,
                1527437.3871495798
              ],
              [
                314748.56251371279,
                1527387.3761632517
              ],
              [
                314743.66261136997,
                1527382.2760655954
              ],
              [
                314702.24659574497,
                1527388.0579259451
              ],
              [
                314623.64796293341,
                1527451.5045812223
              ],
              [
                314607.99854886997,
                1527499.7308995817
              ],
              [
                314609.10450590029,
                1527553.9179112967
              ],
              [
                314670.05909574404,
                1527643.8416173533
              ],
              [
                314668.15235746186,
                1527737.2760655973
              ],
              [
                314668.78712308872,
                1527768.4009435289
              ],
              [
                314695.52174222935,
                1527820.2954747751
              ],
              [
                314760.12501371372,
                1527868.1860997733
              ],
              [
                314780.35694730654,
                1527889.2438390348
              ],
              [
                314778.52833402622,
                1527978.8440587576
              ],
              [
                314748.80665433872,
                1528065.6806066092
              ],
              [
                314738.76270902716,
                1528127.3761632517
              ],
              [
                314710.90870511997,
                1528251.1994054373
              ],
              [
                314768.40626371279,
                1528306.4417150132
              ],
              [
                314778.95069730654,
                1528328.175113447
              ],
              [
                314778.40992582217,
                1528354.6619298514
              ],
              [
                314731.01246488467,
                1528417.1259191111
              ],
              [
                314704.56226957217,
                1528525.6287267264
              ],
              [
                314651.0124648856,
                1528667.1259191111
              ],
              [
                314637.07203519717,
                1528724.3128087576
              ],
              [
                314638.79566800967,
                1528808.7763097342
              ],
              [
                314692.08546293154,
                1528859.9762609061
              ],
              [
                314787.70558011904,
                1528906.3660314139
              ],
              [
                314802.32227933872,
                1529055.8112218473
              ],
              [
                314843.52467191778,
                1529198.1836583689
              ],
              [
                314876.24317777529,
                1529261.6962316092
              ],
              [
                314888.56251371279,
                1529337.3761632498
              ],
              [
                314898.76270902529,
                1529377.1759679355
              ],
              [
                314916.86207426153,
                1529469.8902013395
              ],
              [
                314898.56251371372,
                1529577.1759679411
              ],
              [
                314888.66871488467,
                1529658.147037277
              ],
              [
                314853.50391996466,
                1529726.4069249686
              ],
              [
                314577.34058988467,
                1529737.2241857145
              ],
              [
                314536.67774808966,
                1529779.5465734079
              ],
              [
                314490.22633207217,
                1529850.3961827811
              ],
              [
                314478.76270902622,
                1529966.0132482126
              ],
              [
                314548.76270902529,
                1530047.1759679355
              ],
              [
                314558.56251371372,
                1530073.2153966483
              ],
              [
                314528.56251371279,
                1530147.1759679373
              ],
              [
                314518.76270902436,
                1530249.5288732145
              ],
              [
                314539.13746488653,
                1530349.006412277
              ],
              [
                314538.46485746279,
                1530381.9525792655
              ],
              [
                314472.28809965122,
                1530487.150943527
              ],
              [
                314438.76270902529,
                1530577.3761632517
              ],
              [
                314413.26466215029,
                1530640.2381017264
              ],
              [
                314366.08204496372,
                1530785.6348302439
              ],
              [
                314348.76270902622,
                1530927.3761632498
              ],
              [
                314333.58204496466,
                1530986.6107823923
              ],
              [
                314285.39723050967,
                1531094.2462804392
              ],
              [
                314170.76710355654,
                1531253.6322667673
              ],
              [
                314155.27638090029,
                1531348.7915685251
              ],
              [
                314116.72169340122,
                1531399.6027257498
              ],
              [
                314053.02052152622,
                1531427.1759679411
              ],
              [
                314019.80763090122,
                1531358.7177159842
              ],
              [
                313997.74708402529,
                1531326.1725499704
              ],
              [
                313934.54273832217,
                1531327.4622228183
              ],
              [
                313868.76270902529,
                1531377.3761632498
              ],
              [
                313820.30079496372,
                1531413.3008458707
              ],
              [
                313638.76270902529,
                1531577.3761632498
              ],
              [
                313598.49537504185,
                1531603.7763097342
              ],
              [
                313485.98805082403,
                1531735.850894697
              ],
              [
                313455.9831680106,
                1531781.6144444998
              ],
              [
                313407.31373441592,
                1531828.3759191111
              ],
              [
                313343.79810941592,
                1531859.1907384489
              ],
              [
                313318.0681289481,
                1531898.4357335605
              ],
              [
                313294.23634183872,
                1531921.3324620817
              ],
              [
                313228.06568754185,
                1531947.1759679392
              ],
              [
                313155.51075590029,
                1531849.2999913748
              ],
              [
                313061.47755277716,
                1531837.3761632498
              ],
              [
                313007.82215726934,
                1531878.0896642283
              ],
              [
                312979.80763090029,
                1531935.834415203
              ],
              [
                312957.56825101748,
                1531968.6432530973
              ],
              [
                312958.76637113467,
                1532027.3615148105
              ],
              [
                312942.13001859561,
                1532092.2760655954
              ],
              [
                312959.33338773716,
                1532159.4037511405
              ],
              [
                312957.59571683872,
                1532244.5514562204
              ],
              [
                312968.76270902529,
                1532277.1759679411
              ],
              [
                312978.56251371279,
                1532408.7445714567
              ],
              [
                312958.56251371279,
                1532467.1759679392
              ],
              [
                312939.68739164248,
                1532525.3427770194
              ],
              [
                312961.13575590122,
                1532651.0895421542
              ],
              [
                312958.15235746372,
                1532797.2760655954
              ],
              [
                312959.3767226981,
                1532857.2760655954
              ],
              [
                312957.80262601748,
                1532934.4110753592
              ],
              [
                312973.86280668247,
                1532997.0761754569
              ],
              [
                312988.56251371279,
                1533117.3761632536
              ],
              [
                312999.56287992373,
                1533181.8662145212
              ],
              [
                313038.51856840029,
                1533295.6803014334
              ],
              [
                313048.56251371466,
                1533357.3761632498
              ],
              [
                313079.33277738653,
                1533428.4931066092
              ],
              [
                313098.56251371279,
                1533507.3761632536
              ],
              [
                313134.93946683872,
                1533597.0569493864
              ],
              [
                313148.56251371372,
                1533668.7445714548
              ],
              [
                313128.56251371372,
                1533727.1759679392
              ],
              [
                313108.59058988653,
                1533919.0271642264
              ],
              [
                313086.66798246279,
                1534004.5667150095
              ],
              [
                313089.8991836356,
                1534162.8482701834
              ],
              [
                313133.73829496279,
                1534290.9268834628
              ],
              [
                313148.84327543247,
                1534429.9573400076
              ],
              [
                313219.64161527622,
                1534528.3978917655
              ],
              [
                313280.13111722935,
                1534547.1759679373
              ],
              [
                313338.56251371372,
                1534527.1759679355
              ],
              [
                313417.41993558779,
                1534516.1676671579
              ],
              [
                313476.6130508231,
                1534436.3159825876
              ],
              [
                313529.04225004092,
                1534437.3859288786
              ],
              [
                313549.36573636904,
                1534541.4908483103
              ],
              [
                313572.56275785249,
                1534632.0035436228
              ],
              [
                313599.38282621372,
                1534657.7716710642
              ],
              [
                313629.36207426153,
                1534657.1597936191
              ],
              [
                313670.90870511904,
                1534613.9176061209
              ],
              [
                313748.01685941685,
                1534595.1199987009
              ],
              [
                313898.75904691592,
                1534598.1964757498
              ],
              [
                313956.3591445731,
                1534538.2453038748
              ],
              [
                313998.22804105654,
                1534517.9324986991
              ],
              [
                314008.56251371372,
                1534507.1759679411
              ],
              [
                314025.11158597842,
                1534491.2760045603
              ],
              [
                314110.53272855747,
                1534463.5565831736
              ],
              [
                314128.56251371372,
                1534406.1997106168
              ],
              [
                314089.55128324497,
                1534330.4706456717
              ],
              [
                314123.47462308779,
                1534280.4239537772
              ],
              [
                314184.08497465029,
                1534267.3761632498
              ],
              [
                314243.46241605654,
                1534347.4759557303
              ],
              [
                314290.26539457217,
                1534378.1616857108
              ],
              [
                314357.27223050967,
                1534376.7941930369
              ],
              [
                314399.31446683779,
                1534387.5687291697
              ],
              [
                314419.7624648856,
                1534387.1515538748
              ],
              [
                314448.56251371372,
                1534357.1759679373
              ],
              [
                314467.32350004092,
                1534339.1504552439
              ],
              [
                314479.51466215122,
                1534239.3817784842
              ],
              [
                314540.44117582217,
                1534224.5291783884
              ],
              [
                314576.47266996372,
                1534150.2588536814
              ],
              [
                314617.21485746279,
                1534090.1550939139
              ],
              [
                314595.12501371186,
                1534003.9612462576
              ],
              [
                314608.76270902622,
                1533937.3761632517
              ],
              [
                314618.56251371186,
                1533834.2389562204
              ],
              [
                314598.56251371372,
                1533697.3761632517
              ],
              [
                314588.76270902622,
                1533577.1759679392
              ],
              [
                314576.56300199404,
                1533553.4937169608
              ],
              [
                314501.23585355747,
                1533481.1212804448
              ],
              [
                314488.76270902622,
                1533463.6481359079
              ],
              [
                314554.38404691592,
                1533427.3761632517
              ],
              [
                314671.51295316778,
                1533494.8343541697
              ],
              [
                314694.79176175967,
                1533566.5701940134
              ],
              [
                314708.66993558872,
                1533708.4741857126
              ],
              [
                314737.04640043341,
                1533791.3767125681
              ],
              [
                314748.74806058872,
                1533899.0778234061
              ],
              [
                314768.76270902529,
                1533977.1759679392
              ],
              [
                314778.56251371372,
                1534077.3761632517
              ],
              [
                314789.52198636997,
                1534120.141055828
              ],
              [
                314788.04981840029,
                1534192.2760655936
              ],
              [
                314788.91895902622,
                1534234.828250654
              ],
              [
                314882.54688871372,
                1534296.2137487009
              ],
              [
                314898.56251371372,
                1534324.4608190153
              ],
              [
                314845.83424222842,
                1534393.9499547556
              ],
              [
                314813.86280668154,
                1534492.4759557322
              ],
              [
                314797.76295316685,
                1534539.5133092478
              ],
              [
                314722.60304105747,
                1534611.7252233103
              ],
              [
                314687.17823636997,
                1534659.5142247733
              ]
            ],
            [
              [
                314470.64991605654,
                1527246.8060948886
              ],
              [
                314502.1403945731,
                1527247.4494054373
              ],
              [
                314658.43678129278,
                1527203.3649327829
              ],
              [
                314659.29371488467,
                1527161.3336827829
              ],
              [
                314648.20728910528,
                1527074.5954015311
              ],
              [
                314649.55250394717,
                1527008.6786534861
              ],
              [
                314608.81641996279,
                1526809.7894933317
              ],
              [
                314607.0378555106,
                1526722.689883953
              ],
              [
                314618.56251371186,
                1526687.1759679411
              ],
              [
                314654.54517972749,
                1526604.0106847342
              ],
              [
                314628.76270902716,
                1526577.1759679392
              ],
              [
                314568.87745511904,
                1526532.7838780936
              ],
              [
                314567.63600004185,
                1526471.9953038767
              ],
              [
                314580.55592191592,
                1526418.9996984061
              ],
              [
                314619.53663480747,
                1526305.1142003629
              ],
              [
                314616.89381254185,
                1526175.5853917692
              ],
              [
                314669.31568754092,
                1526014.0387609098
              ],
              [
                314726.73023832217,
                1525912.7692296598
              ],
              [
                314769.58668363467,
                1525856.2909581717
              ],
              [
                314789.63184965122,
                1525814.9725987967
              ],
              [
                314857.13673246372,
                1525750.1142003629
              ],
              [
                314888.56251371279,
                1525697.1759679392
              ],
              [
                314923.63331449404,
                1525650.9564855155
              ],
              [
                314903.61744535435,
                1525553.2318761405
              ],
              [
                314927.96314848028,
                1525478.2086827792
              ],
              [
                314948.36231840029,
                1525456.975772623
              ],
              [
                314988.56251371279,
                1525418.3527257517
              ],
              [
                314978.14991605654,
                1525374.6015050467
              ],
              [
                314949.74049222935,
                1525291.6010167692
              ],
              [
                314978.56251371279,
                1525179.1364171579
              ],
              [
                314968.76270902436,
                1525127.1759679411
              ],
              [
                314958.18775785342,
                1525075.5451085642
              ],
              [
                314959.17286527529,
                1525027.2760655954
              ],
              [
                314957.36744535342,
                1524938.8275792673
              ],
              [
                314978.89698636997,
                1524916.4191319998
              ],
              [
                315058.15479887091,
                1524877.968204271
              ],
              [
                315103.27931058686,
                1524790.3729894254
              ],
              [
                315078.76270902436,
                1524718.7445714548
              ],
              [
                315098.56251371279,
                1524677.1759679411
              ],
              [
                315118.24635160528,
                1524638.9655187223
              ],
              [
                315143.17921293341,
                1524562.1308019217
              ],
              [
                315232.4919570731,
                1524544.6954991873
              ],
              [
                315278.76270902622,
                1524487.3761632517
              ],
              [
                315298.36231840029,
                1524446.9757726267
              ],
              [
                315358.56251371372,
                1524389.1364171598
              ],
              [
                315346.29566800967,
                1524361.6474034842
              ],
              [
                315268.76270902622,
                1524315.6220128592
              ],
              [
                315286.07838285435,
                1524265.3607823923
              ],
              [
                315358.56251371372,
                1524217.8388097379
              ],
              [
                315345.24464261997,
                1524189.7589757517
              ],
              [
                315318.76270902529,
                1524138.3527257498
              ],
              [
                315328.56251371279,
                1524107.1759679373
              ],
              [
                315366.30299222935,
                1524051.4996984061
              ],
              [
                315378.76270902622,
                1523917.376163248
              ],
              [
                315389.08741605654,
                1523769.662540203
              ],
              [
                315438.53932035435,
                1523704.4916417673
              ],
              [
                315418.56251371279,
                1523587.3761632517
              ],
              [
                315406.83399808966,
                1523467.4603917655
              ],
              [
                315313.41480863374,
                1523515.5853917729
              ],
              [
                315180.91725004185,
                1523531.7755773142
              ],
              [
                315128.56251371372,
                1523557.1759679411
              ],
              [
                315002.55787504278,
                1523645.8087804373
              ],
              [
                314961.54225004185,
                1523659.8468663748
              ],
              [
                314929.3620742606,
                1523628.9288976286
              ],
              [
                314911.68263090029,
                1523577.2760655936
              ],
              [
                314936.96217191685,
                1523503.4186437223
              ],
              [
                314956.23463285249,
                1523428.2208898123
              ],
              [
                314928.56251371372,
                1523347.3761632517
              ],
              [
                314900.66212308779,
                1523248.4577062204
              ],
              [
                314840.55225980747,
                1523217.4921300467
              ],
              [
                314761.21021878999,
                1523191.7450597361
              ],
              [
                314746.07838285528,
                1523052.4701573923
              ],
              [
                314708.76270902622,
                1523027.1759679392
              ],
              [
                314658.76270902529,
                1522994.3952062204
              ],
              [
                314672.77882230841,
                1522941.1652257517
              ],
              [
                314737.76295316592,
                1522878.7287023161
              ],
              [
                314748.76270902529,
                1522857.3761632498
              ],
              [
                314758.56251371279,
                1522777.1759679392
              ],
              [
                314779.33888090122,
                1522705.3864171579
              ],
              [
                314777.97413480841,
                1522638.5358312204
              ],
              [
                314816.59474027436,
                1522549.2743566111
              ],
              [
                314778.76270902529,
                1522438.744571453
              ],
              [
                314788.56251371372,
                1522427.1759679411
              ],
              [
                314848.04737699404,
                1522388.1757237967
              ],
              [
                314868.62232816592,
                1522348.2355382517
              ],
              [
                314881.82911527529,
                1522267.1088292655
              ],
              [
                314928.5417617606,
                1522198.1964757517
              ],
              [
                314929.55006254092,
                1522148.8117101248
              ],
              [
                314908.76270902622,
                1522127.1759679392
              ],
              [
                314877.74220121279,
                1522097.3725011405
              ],
              [
                314879.56349027622,
                1522008.1415441092
              ],
              [
                314838.80055082403,
                1521929.0131261405
              ],
              [
                314838.3562148856,
                1521907.2760655954
              ],
              [
                314840.99293363653,
                1521778.0670812186
              ],
              [
                314825.38868558966,
                1521701.8781163748
              ],
              [
                314840.03956449404,
                1521552.0770909842
              ],
              [
                314868.56251371279,
                1521468.7445714511
              ],
              [
                314858.76270902529,
                1521397.1759679373
              ],
              [
                314843.66261136997,
                1521372.2760655973
              ],
              [
                314806.7155898856,
                1521379.4892003629
              ],
              [
                314768.76270902529,
                1521437.3761632536
              ],
              [
                314740.00172269717,
                1521479.8065831717
              ],
              [
                314726.74122465122,
                1521547.7289464567
              ],
              [
                314650.47169340216,
                1521673.4979894217
              ],
              [
                314638.76270902529,
                1521757.3761632498
              ],
              [
                314618.56251371186,
                1521847.1759679373
              ],
              [
                314602.02320707217,
                1521931.8976476286
              ],
              [
                314562.92286527529,
                1521991.5363195017
              ],
              [
                314479.57081449404,
                1522046.1835362948
              ],
              [
                314437.01588285435,
                1522108.9630773123
              ],
              [
                314366.44337308872,
                1522272.0746495798
              ],
              [
                314338.76270902529,
                1522357.376163248
              ],
              [
                314328.56251371279,
                1522387.1759679392
              ],
              [
                314318.76270902529,
                1522497.3761632517
              ],
              [
                314301.08570707217,
                1522566.3483312223
              ],
              [
                314278.63575590122,
                1522818.7982823923
              ],
              [
                314188.85059965029,
                1522993.0890538767
              ],
              [
                314188.3562148856,
                1523017.2760655954
              ],
              [
                314189.34376371279,
                1523065.6769445036
              ],
              [
                314158.76270902622,
                1523155.0226476267
              ],
              [
                314168.56251371186,
                1523197.3761632517
              ],
              [
                314198.56251371279,
                1523255.6110265329
              ],
              [
                314150.04444730841,
                1523356.1713292655
              ],
              [
                314118.76270902529,
                1523377.3761632517
              ],
              [
                314042.88868558872,
                1523387.9682042692
              ],
              [
                313854.51344144717,
                1523598.891055828
              ],
              [
                313807.55787504092,
                1523668.1622960623
              ],
              [
                313809.54640043154,
                1523765.5658605155
              ],
              [
                313769.43287504185,
                1523858.2770421579
              ],
              [
                313758.65528715122,
                1523968.4735753592
              ],
              [
                313738.00587308779,
                1524028.8019445017
              ],
              [
                313709.76612699497,
                1524173.4613683317
              ],
              [
                313688.76270902622,
                1524255.4157140311
              ],
              [
                313712.15504300967,
                1524293.1757237967
              ],
              [
                313766.75831449404,
                1524328.9752843454
              ],
              [
                313768.99220121279,
                1524438.4393956754
              ],
              [
                313738.56251371279,
                1524557.1759679373
              ],
              [
                313728.76270902716,
                1524597.3761632498
              ],
              [
                313708.80665433779,
                1524675.2460362967
              ],
              [
                313707.36744535342,
                1524745.7245519217
              ],
              [
                313733.26222074497,
                1524772.676456226
              ],
              [
                313798.06202543247,
                1524834.9347570017
              ],
              [
                313817.8288711356,
                1524931.4423253629
              ],
              [
                313819.31324613467,
                1525004.1486241892
              ],
              [
                313803.5661758231,
                1525096.4655187204
              ],
              [
                313847.56275785435,
                1525187.1515538748
              ],
              [
                313907.74708402622,
                1525188.3795812204
              ],
              [
                313930.85255277622,
                1525154.2938878592
              ],
              [
                313978.57350004185,
                1525055.9296300467
              ],
              [
                314051.07716214936,
                1524995.0653722361
              ],
              [
                314168.19630277529,
                1524938.2440831717
              ],
              [
                314178.76270902716,
                1524907.3761632498
              ],
              [
                314193.16334379092,
                1524833.6078527048
              ],
              [
                314248.76270902622,
                1524767.3761632517
              ],
              [
                314318.56251371279,
                1524667.1759679411
              ],
              [
                314348.76270902622,
                1524627.3761632536
              ],
              [
                314382.28809965216,
                1524570.901553873
              ],
              [
                314463.86280668341,
                1524522.4762609061
              ],
              [
                314524.54640043247,
                1524420.2509191129
              ],
              [
                314567.76295316685,
                1524378.7287023161
              ],
              [
                314585.76222074591,
                1524343.7872960623
              ],
              [
                314618.76270902716,
                1524247.3761632517
              ],
              [
                314645.08473051153,
                1524166.2604405936
              ],
              [
                314795.03468168154,
                1523980.502383953
              ],
              [
                314844.32667386904,
                1523897.4664952811
              ],
              [
                314878.40748441685,
                1523896.7706945036
              ],
              [
                314898.56251371372,
                1523975.4157140292
              ],
              [
                314869.2448867606,
                1524067.1588780936
              ],
              [
                314809.76246488467,
                1524154.9103429373
              ],
              [
                314788.56251371372,
                1524207.1759679392
              ],
              [
                314768.76270902529,
                1524257.3761632517
              ],
              [
                314737.87159574497,
                1524333.5321691092
              ],
              [
                314739.90528714936,
                1524433.1830480173
              ],
              [
                314699.50245511997,
                1524516.4630773161
              ],
              [
                314658.76270902529,
                1524547.3761632517
              ],
              [
                314593.72975004092,
                1524585.980899578
              ],
              [
                314574.76246488467,
                1524663.7836339567
              ],
              [
                314539.80763090029,
                1524735.834415203
              ],
              [
                314493.97999418247,
                1524803.441837078
              ],
              [
                314460.84278715122,
                1524887.4555089511
              ],
              [
                314388.76270902622,
                1525006.3165929392
              ],
              [
                314401.0075820731,
                1525070.1178624704
              ],
              [
                314448.52955472842,
                1525115.7758214548
              ],
              [
                314449.54884183779,
                1525165.6732823886
              ],
              [
                314428.76270902529,
                1525197.3761632517
              ],
              [
                314392.69581449311,
                1525232.0282628592
              ],
              [
                314368.99952543341,
                1525324.4879796561
              ],
              [
                314358.62232816685,
                1525388.2355382498
              ],
              [
                314318.84205472935,
                1525465.4559972379
              ],
              [
                314299.39991605654,
                1525584.8883702811
              ],
              [
                314278.80665433872,
                1525665.2460362986
              ],
              [
                314278.16700590029,
                1525696.5558507517
              ],
              [
                314317.96314847842,
                1525737.9755284861
              ],
              [
                314388.52955472935,
                1525805.7758214548
              ],
              [
                314389.49513090029,
                1525853.080508953
              ],
              [
                314378.56251371466,
                1525917.1759679392
              ],
              [
                314367.31617582217,
                1526078.0646398142
              ],
              [
                314329.90162504092,
                1526117.006290203
              ],
              [
                314269.03370512091,
                1526136.7584874704
              ],
              [
                314198.56251371279,
                1526297.1759679373
              ],
              [
                314188.62232816592,
                1526358.2355382517
              ],
              [
                314161.1247695731,
                1526411.6132237986
              ],
              [
                314157.23438871372,
                1526602.2760655936
              ],
              [
                314160.32520902716,
                1526753.7641027048
              ],
              [
                314118.76270902529,
                1526849.8261144236
              ],
              [
                314129.18507230654,
                1526889.7601964548
              ],
              [
                314167.97779691685,
                1526965.0653722398
              ],
              [
                314211.87794340216,
                1527083.2111241873
              ],
              [
                314303.99098050967,
                1527136.2616612986
              ],
              [
                314360.70484769717,
                1527150.0873448905
              ],
              [
                314470.64991605654,
                1527246.8060948886
              ]
            ]
          ]
        ]
      },
      "properties" : {
        "OBJECTID" : 4,
        "gridcode" : 4,
        "Shape_Length" : 117630.91351581452,
        "Shape_Area" : 18992910.711670764
      }
    },
    {
      "type" : "Feature",
      "id" : 5,
      "geometry" : {
        "type" : "MultiPolygon",
        "coordinates" : [
          [
            [
              [
                315027.93263090216,
                1521291.3666417673
              ],
              [
                314979.41700590029,
                1521333.1647374686
              ],
              [
                314973.66261136997,
                1521352.2760655954
              ],
              [
                314967.02198636997,
                1521348.9166905973
              ],
              [
                314953.66261136997,
                1521322.2760655954
              ],
              [
                314962.14283597842,
                1521294.1095616892
              ],
              [
                314999.03492582217,
                1521277.6483800504
              ],
              [
                315032.11964261904,
                1521239.2450597342
              ],
              [
                315027.93263090216,
                1521291.3666417673
              ]
            ]
          ],
          [
            [
              [
                315085.06397855747,
                1521388.9606359098
              ],
              [
                315076.65577543341,
                1521445.853946453
              ],
              [
                315005.20313871279,
                1521495.5451085642
              ],
              [
                314963.66261136997,
                1521512.2760655954
              ],
              [
                314967.74708402529,
                1521486.3605382517
              ],
              [
                314983.66261136997,
                1521422.2760655936
              ],
              [
                315015.80616605654,
                1521401.6303136405
              ],
              [
                315056.92310941685,
                1521384.8029210642
              ],
              [
                315085.06397855747,
                1521388.9606359098
              ]
            ]
          ],
          [
            [
              [
                314943.66261136904,
                1521542.2760655954
              ],
              [
                314943.66261136904,
                1521522.2760655954
              ],
              [
                314953.66261136997,
                1521522.2760655954
              ],
              [
                314953.66261136997,
                1521542.2760655954
              ],
              [
                314943.66261136904,
                1521542.2760655954
              ]
            ]
          ],
          [
            [
              [
                315453.66261137091,
                1523282.2760655936
              ],
              [
                315427.8386367606,
                1523276.9867589567
              ],
              [
                315402.94361722935,
                1523277.4945714567
              ],
              [
                315323.35011136904,
                1523341.7450597342
              ],
              [
                315215.85499418247,
                1523359.2450597361
              ],
              [
                315167.20142972842,
                1523346.7755773123
              ],
              [
                315130.91236722842,
                1523309.0058019236
              ],
              [
                315116.63014066592,
                1523177.5433995761
              ],
              [
                315069.97608793154,
                1523116.0602452811
              ],
              [
                315058.4831680106,
                1523045.4559972342
              ],
              [
                315013.26222074404,
                1522957.6764562186
              ],
              [
                314974.06300199404,
                1522876.8756749686
              ],
              [
                314929.59400785528,
                1522790.5548741892
              ],
              [
                314914.92603910435,
                1522745.3534581736
              ],
              [
                314920.78785551153,
                1522458.1513097342
              ],
              [
                314982.22950590029,
                1522367.5092198905
              ],
              [
                314998.56251371279,
                1522267.1759679411
              ],
              [
                315038.45142973028,
                1522174.9823644254
              ],
              [
                315018.56251371372,
                1522097.3761632517
              ],
              [
                315008.76270902529,
                1522027.1759679373
              ],
              [
                314984.98463285435,
                1521968.5541417673
              ],
              [
                314930.8952773856,
                1521897.2724034879
              ],
              [
                314918.76270902622,
                1521845.8075597342
              ],
              [
                314939.53663480747,
                1521785.1142003611
              ],
              [
                314938.52833402716,
                1521735.7074620798
              ],
              [
                314916.63258207124,
                1521671.7377355173
              ],
              [
                314918.78712308872,
                1521566.1762120798
              ],
              [
                314943.66261136904,
                1521542.2760655954
              ],
              [
                314928.55885160435,
                1521597.1893956736
              ],
              [
                314928.97877347935,
                1521617.7802159879
              ],
              [
                314974.1814101981,
                1521616.8573644236
              ],
              [
                314955.04810941592,
                1521653.998477703
              ],
              [
                314968.76270902436,
                1521667.1759679392
              ],
              [
                314978.56251371279,
                1521707.3761632498
              ],
              [
                314998.02906644903,
                1521745.1642491892
              ],
              [
                314957.76417387091,
                1521798.2294347342
              ],
              [
                314959.41212308779,
                1521878.9765050486
              ],
              [
                314998.40626371279,
                1521916.4411046561
              ],
              [
                315018.36231840122,
                1521957.5763585642
              ],
              [
                315059.58302152622,
                1521997.1796300486
              ],
              [
                315057.5651992606,
                1522096.0614659861
              ],
              [
                315098.20973050967,
                1522149.6259191092
              ],
              [
                315063.39405668247,
                1522217.2089269217
              ],
              [
                315079.36207426153,
                1522279.5172765329
              ],
              [
                315104.07520902622,
                1522327.4884679392
              ],
              [
                315217.22584378999,
                1522467.660587078
              ],
              [
                315277.00977933779,
                1522525.0995519236
              ],
              [
                315469.76124418247,
                1522628.4332921579
              ],
              [
                315468.54420316778,
                1522688.0756261442
              ],
              [
                315366.69361722935,
                1522737.4884679392
              ],
              [
                315317.56275785435,
                1522788.6249425504
              ],
              [
                315265.86475980747,
                1522895.1862218473
              ],
              [
                315268.79688871372,
                1523038.8446691092
              ],
              [
                315289.65138090122,
                1523099.7724034842
              ],
              [
                315400.15553128999,
                1523178.1635167636
              ],
              [
                315449.58302152529,
                1523177.1552159861
              ],
              [
                315509.44752347935,
                1523136.5766027085
              ],
              [
                315528.66261136997,
                1523096.9696691129
              ],
              [
                315549.77711332217,
                1523097.4005773142
              ],
              [
                315568.56251371372,
                1523138.7445714548
              ],
              [
                315548.56251371279,
                1523197.1759679373
              ],
              [
                315534.3425430106,
                1523255.5048253592
              ],
              [
                315482.60182035528,
                1523228.8507726248
              ],
              [
                315468.76270902622,
                1523257.3761632498
              ],
              [
                315458.56251371372,
                1523267.1759679392
              ],
              [
                315453.66261137091,
                1523282.2760655936
              ]
            ]
          ],
          [
            [
              [
                315453.66261137091,
                1523282.2760655936
              ],
              [
                315508.18043363653,
                1523292.2211339567
              ],
              [
                315518.29029691592,
                1523347.6483800467
              ],
              [
                315539.86744535342,
                1523357.2760655936
              ],
              [
                315536.07227933779,
                1523404.5184972342
              ],
              [
                315568.16456449404,
                1523449.7821691111
              ],
              [
                315519.97975004185,
                1523491.2958409861
              ],
              [
                315509.0349258231,
                1523527.6483800467
              ],
              [
                315483.66261136904,
                1523532.2760655954
              ],
              [
                315488.29029691778,
                1523496.9037511423
              ],
              [
                315508.29029691592,
                1523405.2118566111
              ],
              [
                315494.32911527529,
                1523347.4298741873
              ],
              [
                315453.66261137091,
                1523282.2760655936
              ]
            ]
          ],
          [
            [
              [
                314281.06861722842,
                1522122.4628331717
              ],
              [
                314253.47218168061,
                1522241.0748937223
              ],
              [
                314219.07765043154,
                1522290.3143956754
              ],
              [
                314208.3708633231,
                1522393.0548741892
              ],
              [
                314164.65138090122,
                1522506.6889073923
              ],
              [
                314148.94337308779,
                1522557.5568273142
              ],
              [
                314125.27760160528,
                1522623.5162999704
              ],
              [
                314107.75562894717,
                1522810.2228429355
              ],
              [
                314053.35011137091,
                1522907.5665929373
              ],
              [
                313927.0036758231,
                1523049.8041417655
              ],
              [
                313943.91163480747,
                1523144.9469640329
              ],
              [
                313926.45802152529,
                1523182.9743077829
              ],
              [
                313862.57008207403,
                1523240.0568273142
              ],
              [
                313869.36817777622,
                1523354.105899578
              ],
              [
                313828.38184965122,
                1523406.9953038767
              ],
              [
                313799.2253555106,
                1523452.8388097379
              ],
              [
                313732.92164457403,
                1523483.2697179373
              ],
              [
                313631.07350004092,
                1523566.8341710623
              ],
              [
                313610.15919340029,
                1523568.0805089548
              ],
              [
                313589.95045316592,
                1523550.0238683298
              ],
              [
                313566.38477933779,
                1523512.9706456736
              ],
              [
                313467.8191055106,
                1523455.5866124704
              ],
              [
                313398.94337308872,
                1523396.9953038767
              ],
              [
                313310.75123441592,
                1523325.0031163767
              ],
              [
                313319.85523832217,
                1523172.2760655973
              ],
              [
                313317.90943754092,
                1523139.6478917692
              ],
              [
                313331.40064847842,
                1523063.7335851286
              ],
              [
                313318.94337308872,
                1522996.9953038767
              ],
              [
                313292.21607816592,
                1522871.8964269217
              ],
              [
                313282.01588285342,
                1522700.7611730192
              ],
              [
                313303.37330472935,
                1522621.0187413767
              ],
              [
                313318.38184965216,
                1522369.2169835623
              ],
              [
                313305.70484769903,
                1522299.0729405936
              ],
              [
                313241.46046293247,
                1522198.0585362948
              ],
              [
                313129.03370511997,
                1522098.1928136423
              ],
              [
                313094.94679105747,
                1522096.1603429411
              ],
              [
                313026.34449613653,
                1522112.1222569998
              ],
              [
                312915.69386136904,
                1522235.9625890329
              ],
              [
                312734.25953519717,
                1522246.7767980155
              ],
              [
                312670.96912992373,
                1522130.307071453
              ],
              [
                312656.95789945498,
                1522038.1989171579
              ],
              [
                312677.25636136904,
                1521929.4464757498
              ],
              [
                312697.03663480561,
                1521907.3078038748
              ],
              [
                312754.06422269717,
                1521894.0387609079
              ],
              [
                312770.87818754092,
                1521768.3283116873
              ],
              [
                312838.38123929966,
                1521686.0553624704
              ],
              [
                312815.6316055106,
                1521663.7470128592
              ],
              [
                312659.16187894717,
                1521607.6044347361
              ],
              [
                312582.47669828311,
                1521603.0329015329
              ],
              [
                312483.17433011904,
                1521656.9953038767
              ],
              [
                312288.76759183966,
                1521637.6398351267
              ],
              [
                312232.27772367373,
                1521625.570743328
              ],
              [
                312057.57618558779,
                1521635.9833409861
              ],
              [
                311972.32227933779,
                1521616.1481359061
              ],
              [
                311933.66261136904,
                1521602.2760655973
              ],
              [
                311938.58509672154,
                1521556.9684484061
              ],
              [
                311983.33485257998,
                1521557.8815343473
              ],
              [
                312048.6784805106,
                1521607.4640538748
              ],
              [
                312059.5280898856,
                1521596.1713292655
              ],
              [
                312148.66261136904,
                1521597.9901769217
              ],
              [
                312200.86475980654,
                1521596.9245030954
              ],
              [
                312266.53370511997,
                1521574.4476964567
              ],
              [
                312290.68165433779,
                1521599.5819737948
              ],
              [
                312447.23072660342,
                1521596.3873937167
              ],
              [
                312468.56251371372,
                1521607.3761632517
              ],
              [
                312489.55250394903,
                1521617.1759679373
              ],
              [
                312572.12696683872,
                1521561.2030675467
              ],
              [
                312679.73927152622,
                1521527.3761632498
              ],
              [
                312725.60536039248,
                1521551.0040929373
              ],
              [
                312738.60279691685,
                1521617.5836827811
              ],
              [
                312781.22486722935,
                1521616.7133214548
              ],
              [
                312842.84168851841,
                1521584.9713780992
              ],
              [
                312865.20863187779,
                1521631.0748937186
              ],
              [
                312888.56373441592,
                1521606.7670323905
              ],
              [
                312898.56251371372,
                1521627.3761632517
              ],
              [
                312928.76637113653,
                1521637.1771886405
              ],
              [
                312927.76905668247,
                1521686.0614659861
              ],
              [
                313249.80518949404,
                1521897.1979405973
              ],
              [
                313389.69166410342,
                1521973.1061437223
              ],
              [
                313674.31690824591,
                1522065.4682042655
              ],
              [
                313845.11524808872,
                1522102.9608800486
              ],
              [
                314155.7732070731,
                1522096.6205480173
              ],
              [
                314292.69093168154,
                1522035.3278234079
              ],
              [
                314356.51295316592,
                1521968.9020421579
              ],
              [
                314368.56251371372,
                1521907.1759679392
              ],
              [
                314379.78932035342,
                1521874.3756749667
              ],
              [
                314486.3884414481,
                1521717.1173741929
              ],
              [
                314501.82911527436,
                1521653.7763097361
              ],
              [
                314531.0075820731,
                1521581.8427159861
              ],
              [
                314553.86280668247,
                1521537.4762609079
              ],
              [
                314579.43165433779,
                1521484.7724034861
              ],
              [
                314644.84425199497,
                1521421.9245030954
              ],
              [
                314714.89796293247,
                1521298.3624913786
              ],
              [
                314769.76246488653,
                1521226.0578038748
              ],
              [
                314829.82227933779,
                1521186.6815831736
              ],
              [
                314851.25782621372,
                1521164.3707921561
              ],
              [
                314939.37428129185,
                1521147.3761632554
              ],
              [
                314938.35621488467,
                1521197.2760655992
              ],
              [
                314939.96754300967,
                1521276.2189366873
              ],
              [
                314933.66261136904,
                1521282.2760655954
              ],
              [
                314903.98243558872,
                1521249.057071453
              ],
              [
                314823.70655668341,
                1521227.5568273142
              ],
              [
                314782.37476957217,
                1521242.9596593454
              ],
              [
                314738.94337308779,
                1521317.5568273123
              ],
              [
                314718.38184965029,
                1521346.9953038748
              ],
              [
                314668.94337308872,
                1521437.5568273142
              ],
              [
                314613.9421523856,
                1521513.0914952829
              ],
              [
                314580.95631254092,
                1521584.9603917692
              ],
              [
                314539.36085355654,
                1521638.6347081736
              ],
              [
                314527.93385160342,
                1521736.1823155954
              ],
              [
                314500.95631254185,
                1521794.9603917673
              ],
              [
                314464.54640043154,
                1521841.9440343436
              ],
              [
                314443.09986722842,
                1521901.7133214548
              ],
              [
                314428.94337308872,
                1521947.5568273161
              ],
              [
                314368.38184965029,
                1522016.9953038748
              ],
              [
                314311.70460355747,
                1522095.0897863004
              ],
              [
                314281.06861722842,
                1522122.4628331717
              ]
            ]
          ],
          [
            [
              [
                315500.31056058779,
                1523616.1054112967
              ],
              [
                315490.02857816685,
                1523716.9879796579
              ],
              [
                315483.66261136904,
                1523722.2760655936
              ],
              [
                315475.5290664481,
                1523639.5648839567
              ],
              [
                315483.66261136904,
                1523602.2760655973
              ],
              [
                315500.31056058779,
                1523616.1054112967
              ]
            ]
          ],
          [
            [
              [
                315463.66261136811,
                1523772.2760655954
              ],
              [
                315463.66261136811,
                1523762.2760655954
              ],
              [
                315473.66261136904,
                1523762.2760655954
              ],
              [
                315473.66261136904,
                1523772.2760655954
              ],
              [
                315463.66261136811,
                1523772.2760655954
              ]
            ]
          ],
          [
            [
              [
                315463.66261136811,
                1523772.2760655954
              ],
              [
                315460.30323636997,
                1523818.9166905936
              ],
              [
                315437.02198637091,
                1523865.6354405954
              ],
              [
                315433.66261136997,
                1523912.2760655936
              ],
              [
                315427.83741605841,
                1523908.1012609117
              ],
              [
                315417.41139066592,
                1523868.5834386423
              ],
              [
                315432.12818754278,
                1523794.8786046561
              ],
              [
                315463.66261136811,
                1523772.2760655954
              ]
            ]
          ],
          [
            [
              [
                315453.66261137091,
                1523992.2760655992
              ],
              [
                315443.66261136997,
                1523992.2760655992
              ],
              [
                315443.66261136997,
                1523982.2760655954
              ],
              [
                315453.66261137091,
                1523982.2760655954
              ],
              [
                315453.66261137091,
                1523992.2760655992
              ]
            ]
          ],
          [
            [
              [
                315453.66261137091,
                1523992.2760655992
              ],
              [
                315463.66261136811,
                1523992.2760655992
              ],
              [
                315463.66261136811,
                1524002.2760655954
              ],
              [
                315453.66261137091,
                1524002.2760655954
              ],
              [
                315453.66261137091,
                1523992.2760655992
              ]
            ]
          ],
          [
            [
              [
                315463.66261136811,
                1524002.2760655954
              ],
              [
                315473.66261136904,
                1524002.2760655954
              ],
              [
                315473.66261136904,
                1524012.2760655954
              ],
              [
                315463.66261136811,
                1524012.2760655954
              ],
              [
                315463.66261136811,
                1524002.2760655954
              ]
            ]
          ],
          [
            [
              [
                315561.0759414481,
                1524039.3854405936
              ],
              [
                315579.99195707217,
                1524103.8446691111
              ],
              [
                315566.35059965029,
                1524165.1239659879
              ],
              [
                315533.66261136997,
                1524192.2760655954
              ],
              [
                315541.77784574404,
                1524109.7455480136
              ],
              [
                315518.29029691592,
                1524067.6483800486
              ],
              [
                315513.66261136997,
                1524052.2760655973
              ],
              [
                315523.72364652529,
                1524017.9926183317
              ],
              [
                315561.0759414481,
                1524039.3854405936
              ]
            ]
          ],
          [
            [
              [
                315483.66261136904,
                1524292.2760655973
              ],
              [
                315483.66261136904,
                1524282.2760655973
              ],
              [
                315493.66261136904,
                1524282.2760655973
              ],
              [
                315493.66261136904,
                1524292.2760655973
              ],
              [
                315483.66261136904,
                1524292.2760655973
              ]
            ]
          ],
          [
            [
              [
                315483.66261136904,
                1524292.2760655973
              ],
              [
                315483.66261136904,
                1524302.2760655917
              ],
              [
                315473.66261136904,
                1524302.2760655917
              ],
              [
                315473.66261136904,
                1524292.2760655973
              ],
              [
                315483.66261136904,
                1524292.2760655973
              ]
            ]
          ],
          [
            [
              [
                315473.66261136904,
                1524302.2760655917
              ],
              [
                315473.66261136904,
                1524312.2760655936
              ],
              [
                315463.66261136811,
                1524312.2760655936
              ],
              [
                315463.66261136811,
                1524302.2760655917
              ],
              [
                315473.66261136904,
                1524302.2760655917
              ]
            ]
          ],
          [
            [
              [
                315463.66261136811,
                1524312.2760655936
              ],
              [
                315463.66261136811,
                1524322.2760655936
              ],
              [
                315453.66261137091,
                1524322.2760655936
              ],
              [
                315453.66261137091,
                1524312.2760655936
              ],
              [
                315463.66261136811,
                1524312.2760655936
              ]
            ]
          ],
          [
            [
              [
                315367.74708402622,
                1524536.3605382498
              ],
              [
                315359.57813871372,
                1524578.1915929448
              ],
              [
                315344.14845121372,
                1524601.8866613004
              ],
              [
                315303.66261136997,
                1524612.2760655936
              ],
              [
                315307.95826566592,
                1524585.0214269254
              ],
              [
                315346.46046293154,
                1524529.2572667655
              ],
              [
                315373.66261136904,
                1524522.2760655917
              ],
              [
                315367.74708402622,
                1524536.3605382498
              ]
            ]
          ],
          [
            [
              [
                315277.54566800967,
                1524919.8358800504
              ],
              [
                315300.80372465122,
                1524937.7875402067
              ],
              [
                315296.52149808872,
                1524966.7645909861
              ],
              [
                315314.78321683966,
                1524980.8600499704
              ],
              [
                315306.87672269624,
                1525034.3573644217
              ],
              [
                315283.66261136904,
                1525052.2760655936
              ],
              [
                315278.27564847842,
                1524968.0463292673
              ],
              [
                315258.85304105654,
                1524947.0856359079
              ],
              [
                315178.85304105747,
                1524888.4076573942
              ],
              [
                315188.55274808779,
                1524846.7365148142
              ],
              [
                315279.89674222935,
                1524715.0299718454
              ],
              [
                315293.66261136997,
                1524702.2760655954
              ],
              [
                315302.05494535249,
                1524753.3637120761
              ],
              [
                315281.83399808872,
                1524786.8854405954
              ],
              [
                315258.0193008231,
                1524796.6327550467
              ],
              [
                315230.0944961356,
                1524813.4760167655
              ],
              [
                315219.30592191592,
                1524881.8512609079
              ],
              [
                315258.3708633231,
                1524866.4935948905
              ],
              [
                315284.8503555106,
                1524870.4071691111
              ],
              [
                315277.54566800967,
                1524919.8358800504
              ]
            ]
          ],
          [
            [
              [
                315123.66261137091,
                1525192.2760655917
              ],
              [
                315123.66261137091,
                1525182.2760655973
              ],
              [
                315133.66261136904,
                1525182.2760655973
              ],
              [
                315133.66261136904,
                1525192.2760655917
              ],
              [
                315123.66261137091,
                1525192.2760655917
              ]
            ]
          ],
          [
            [
              [
                315228.40260160342,
                1525139.3097570036
              ],
              [
                315152.00977933779,
                1525226.9953038767
              ],
              [
                315143.66261136904,
                1525182.2760655973
              ],
              [
                315150.01026762091,
                1525174.3500402048
              ],
              [
                315189.21558988467,
                1525157.8290441092
              ],
              [
                315233.66261137091,
                1525122.2760655954
              ],
              [
                315228.40260160342,
                1525139.3097570036
              ]
            ]
          ],
          [
            [
              [
                315123.66261137091,
                1525192.2760655917
              ],
              [
                315119.2155898856,
                1525207.8290441111
              ],
              [
                315082.62867582124,
                1525223.2465245817
              ],
              [
                315039.21558988467,
                1525256.6437413786
              ],
              [
                315053.66261136904,
                1525372.2760655954
              ],
              [
                315048.0193008231,
                1525367.9193761423
              ],
              [
                315019.30592191685,
                1525315.5902745798
              ],
              [
                315030.82813871279,
                1525237.6203038786
              ],
              [
                315070.33497465122,
                1525207.1259191092
              ],
              [
                315123.66261137091,
                1525192.2760655917
              ]
            ]
          ],
          [
            [
              [
                315063.66261136904,
                1525382.2760655954
              ],
              [
                315063.66261136904,
                1525432.2760655936
              ],
              [
                315053.66261136904,
                1525432.2760655936
              ],
              [
                315053.66261136904,
                1525382.2760655954
              ],
              [
                315063.66261136904,
                1525382.2760655954
              ]
            ]
          ],
          [
            [
              [
                315049.21558988467,
                1525506.7230870854
              ],
              [
                315063.38917386997,
                1525524.4232823923
              ],
              [
                315053.66261136904,
                1525602.2760655954
              ],
              [
                315047.74708402622,
                1525598.1915929392
              ],
              [
                315031.05885160342,
                1525553.5907628611
              ],
              [
                315043.66261136904,
                1525502.2760655936
              ],
              [
                315049.21558988467,
                1525506.7230870854
              ]
            ]
          ],
          [
            [
              [
                314713.66261136904,
                1526342.2760655936
              ],
              [
                314724.97730863653,
                1526292.4640538767
              ],
              [
                314703.86646879092,
                1526161.5119054373
              ],
              [
                314741.15284574404,
                1526031.1041905954
              ],
              [
                314768.10963285528,
                1525986.723087078
              ],
              [
                314829.21558988467,
                1525917.8290441111
              ],
              [
                314861.70216215029,
                1525864.3439366892
              ],
              [
                314909.21558988653,
                1525807.8290441129
              ],
              [
                314946.69850004185,
                1525741.5314366873
              ],
              [
                315027.57862699404,
                1525707.4506261405
              ],
              [
                315063.96656644903,
                1525657.6361730192
              ],
              [
                315053.66261136904,
                1525612.2760655973
              ],
              [
                315073.86524808872,
                1525619.867618328
              ],
              [
                315088.23902738467,
                1525586.723087078
              ],
              [
                315104.15943754185,
                1525588.3454015311
              ],
              [
                315097.17335355654,
                1525656.8854405954
              ],
              [
                315109.12525785528,
                1525666.8134191092
              ],
              [
                315118.1999648856,
                1525689.7772862967
              ],
              [
                315088.23902738467,
                1525686.7230870798
              ],
              [
                315074.50977933779,
                1525718.3820226267
              ],
              [
                315058.27198636904,
                1525716.7267491892
              ],
              [
                315039.50977933872,
                1525739.3146398105
              ],
              [
                315028.51734769717,
                1525726.0822179373
              ],
              [
                315019.12525785342,
                1525747.7387120798
              ],
              [
                314987.73731840122,
                1525761.3507726248
              ],
              [
                314959.12525785435,
                1525807.7387120798
              ],
              [
                314909.96143949404,
                1525869.8590734079
              ],
              [
                314898.77857816685,
                1525856.3971593473
              ],
              [
                314866.09181058872,
                1525879.9213292655
              ],
              [
                314848.03028715029,
                1525941.4704015348
              ],
              [
                314798.8689101981,
                1526009.7785070017
              ],
              [
                314750.03346098028,
                1526179.2963292655
              ],
              [
                314739.12525785435,
                1526283.5089757517
              ],
              [
                314799.12525785342,
                1526296.8134191129
              ],
              [
                314808.19996488467,
                1526311.8939855192
              ],
              [
                314785.33131254092,
                1526351.8231847361
              ],
              [
                314746.87428129185,
                1526329.7968175504
              ],
              [
                314713.66261136904,
                1526342.2760655936
              ]
            ]
          ],
          [
            [
              [
                314713.66261136904,
                1526342.2760655936
              ],
              [
                314713.66261136904,
                1526352.2760655973
              ],
              [
                314703.66261136904,
                1526352.2760655973
              ],
              [
                314703.66261136904,
                1526342.2760655936
              ],
              [
                314713.66261136904,
                1526342.2760655936
              ]
            ]
          ],
          [
            [
              [
                314703.66261136904,
                1526352.2760655973
              ],
              [
                314698.94337308779,
                1526367.5568273142
              ],
              [
                314669.49879300967,
                1526449.6210362967
              ],
              [
                314689.54151761904,
                1526467.5287511423
              ],
              [
                314687.66285550967,
                1526499.046085123
              ],
              [
                314718.94337308779,
                1526526.9953038767
              ],
              [
                314728.91529691778,
                1526538.1549718436
              ],
              [
                314753.66261136997,
                1526536.6803624742
              ],
              [
                314768.66261136997,
                1526537.5739171579
              ],
              [
                314792.00611723028,
                1526536.1823155936
              ],
              [
                314787.17213285435,
                1526617.2760655954
              ],
              [
                314789.25831449497,
                1526652.2760655954
              ],
              [
                314788.31226957217,
                1526668.148868328
              ],
              [
                314758.57227933966,
                1526666.3764073942
              ],
              [
                314748.94337308872,
                1526697.5568273161
              ],
              [
                314693.66261136904,
                1526702.2760655954
              ],
              [
                314725.16041410435,
                1526659.0192296598
              ],
              [
                314745.23365629185,
                1526584.0753819998
              ],
              [
                314648.94337308872,
                1526475.6745030954
              ],
              [
                314660.61573636904,
                1526390.7379796561
              ],
              [
                314703.66261136904,
                1526352.2760655973
              ]
            ]
          ],
          [
            [
              [
                314673.66261137091,
                1526712.2760655954
              ],
              [
                314673.66261137091,
                1526702.2760655954
              ],
              [
                314683.66261136904,
                1526702.2760655954
              ],
              [
                314683.66261136904,
                1526712.2760655954
              ],
              [
                314673.66261137091,
                1526712.2760655954
              ]
            ]
          ],
          [
            [
              [
                314673.66261137091,
                1526712.2760655954
              ],
              [
                314673.66261137091,
                1526732.2760655973
              ],
              [
                314663.66261136997,
                1526732.2760655973
              ],
              [
                314663.66261136997,
                1526712.2760655954
              ],
              [
                314673.66261137091,
                1526712.2760655954
              ]
            ]
          ],
          [
            [
              [
                314693.66261136904,
                1526902.2760655954
              ],
              [
                314684.95045316778,
                1526896.2604405954
              ],
              [
                314667.83131254185,
                1526829.5538976267
              ],
              [
                314663.66261136997,
                1526762.2760655917
              ],
              [
                314678.8249648856,
                1526773.1439855192
              ],
              [
                314701.07105863467,
                1526884.2487218436
              ],
              [
                314693.66261136904,
                1526902.2760655954
              ]
            ]
          ],
          [
            [
              [
                314693.66261136904,
                1526902.2760655954
              ],
              [
                314702.99366605747,
                1526910.3156163748
              ],
              [
                314728.57960355841,
                1527022.9376866873
              ],
              [
                314747.74708402529,
                1527190.141055828
              ],
              [
                314733.66261136997,
                1527202.2760655973
              ],
              [
                314729.21558988467,
                1527186.7230870798
              ],
              [
                314718.10963285435,
                1527157.8290441129
              ],
              [
                314709.21558988467,
                1527036.7230870798
              ],
              [
                314698.10963285342,
                1526957.8290441092
              ],
              [
                314693.66261136904,
                1526902.2760655954
              ]
            ]
          ],
          [
            [
              [
                315543.66261136997,
                1528602.2760655936
              ],
              [
                315513.09986723028,
                1528592.8388097379
              ],
              [
                315451.66920316592,
                1528570.7965734061
              ],
              [
                315361.94874418247,
                1528442.7381017301
              ],
              [
                315253.78346097935,
                1528358.3716466501
              ],
              [
                315184.78809965122,
                1528281.1511876676
              ],
              [
                315126.97682035435,
                1528229.4977452829
              ],
              [
                315070.75611722935,
                1528132.932193527
              ],
              [
                315058.94337308779,
                1527956.994693527
              ],
              [
                315019.82105863467,
                1527829.7064855155
              ],
              [
                314979.50611722842,
                1527656.4325597361
              ],
              [
                314958.38184965122,
                1527597.5574376639
              ],
              [
                314927.78370511904,
                1527498.4693028983
              ],
              [
                314864.40724027529,
                1527381.8408849277
              ],
              [
                314753.50147855747,
                1527304.1382482108
              ],
              [
                314743.66261136997,
                1527272.2760655936
              ],
              [
                314778.47218168247,
                1527297.4664952829
              ],
              [
                314828.96778715122,
                1527330.0745275095
              ],
              [
                314930.75977933872,
                1527439.9353673533
              ],
              [
                314951.52149808872,
                1527483.9295079783
              ],
              [
                314968.47218168154,
                1527537.4664952829
              ],
              [
                315007.69581449497,
                1527640.2588536795
              ],
              [
                315047.53956449497,
                1527766.1066320017
              ],
              [
                315058.47218168154,
                1527857.4664952792
              ],
              [
                315068.85304105747,
                1527897.0856359042
              ],
              [
                315078.47218168154,
                1527947.4664952811
              ],
              [
                315088.85304105747,
                1527997.0856359079
              ],
              [
                315101.42384183872,
                1528102.1301915739
              ],
              [
                315164.73316800967,
                1528239.8779943082
              ],
              [
                315355.32276761904,
                1528416.4697911814
              ],
              [
                315393.91651761997,
                1528428.6884191111
              ],
              [
                315451.08326566592,
                1528525.9290196989
              ],
              [
                315531.5593398856,
                1528589.2139318064
              ],
              [
                315543.66261136997,
                1528602.2760655936
              ]
            ]
          ],
          [
            [
              [
                315543.66261136997,
                1528602.2760655936
              ],
              [
                315563.66261137091,
                1528602.2760655936
              ],
              [
                315563.66261137091,
                1528612.2760655936
              ],
              [
                315543.66261136997,
                1528612.2760655936
              ],
              [
                315543.66261136997,
                1528602.2760655936
              ]
            ]
          ],
          [
            [
              [
                315563.66261137091,
                1528612.2760655936
              ],
              [
                315573.66261136811,
                1528612.2760655936
              ],
              [
                315573.66261136811,
                1528622.2760655936
              ],
              [
                315563.66261137091,
                1528622.2760655936
              ],
              [
                315563.66261137091,
                1528612.2760655936
              ]
            ]
          ],
          [
            [
              [
                315593.66261136904,
                1528622.2760655936
              ],
              [
                315593.66261136904,
                1528632.2760655936
              ],
              [
                315583.66261136904,
                1528632.2760655936
              ],
              [
                315583.66261136904,
                1528622.2760655936
              ],
              [
                315593.66261136904,
                1528622.2760655936
              ]
            ]
          ],
          [
            [
              [
                315638.01930082124,
                1528637.919986492
              ],
              [
                315683.66261137091,
                1528642.2760655936
              ],
              [
                315669.46827543154,
                1528665.3137853276
              ],
              [
                315613.22559965029,
                1528647.7954747751
              ],
              [
                315603.66261136904,
                1528632.2760655936
              ],
              [
                315638.01930082124,
                1528637.919986492
              ]
            ]
          ],
          [
            [
              [
                315845.07252347935,
                1528648.8007237986
              ],
              [
                315861.94630277622,
                1528714.5551183298
              ],
              [
                315847.74708402716,
                1528736.3605382498
              ],
              [
                315843.66261136904,
                1528752.2760655973
              ],
              [
                315836.9841445731,
                1528746.5222814139
              ],
              [
                315819.0349258231,
                1528686.9043614957
              ],
              [
                315773.66261136997,
                1528632.2760655936
              ],
              [
                315777.74708402529,
                1528626.3605382517
              ],
              [
                315818.9372695731,
                1528610.9479405954
              ],
              [
                315845.07252347935,
                1528648.8007237986
              ]
            ]
          ],
          [
            [
              [
                315893.66261136997,
                1528872.2760655954
              ],
              [
                315883.66261136997,
                1528872.2760655954
              ],
              [
                315883.66261136997,
                1528862.2760655936
              ],
              [
                315893.66261136997,
                1528862.2760655936
              ],
              [
                315893.66261136997,
                1528872.2760655954
              ]
            ]
          ],
          [
            [
              [
                315893.66261136997,
                1528872.2760655954
              ],
              [
                315917.32472074311,
                1528888.6133458726
              ],
              [
                315933.66261136904,
                1528912.2760655954
              ],
              [
                315901.83155668341,
                1528904.1071202811
              ],
              [
                315893.66261136997,
                1528872.2760655954
              ]
            ]
          ],
          [
            [
              [
                315933.66261136904,
                1528912.2760655954
              ],
              [
                315943.66261136904,
                1528912.2760655954
              ],
              [
                315943.66261136904,
                1528922.2760655954
              ],
              [
                315933.66261136904,
                1528922.2760655954
              ],
              [
                315933.66261136904,
                1528912.2760655954
              ]
            ]
          ],
          [
            [
              [
                315943.66261136904,
                1528922.2760655954
              ],
              [
                315969.03492582403,
                1528917.6477696951
              ],
              [
                315988.5954726981,
                1528894.9433019273
              ],
              [
                316003.66261136997,
                1528962.2760655954
              ],
              [
                315948.29029691499,
                1528927.647769697
              ],
              [
                315943.66261136904,
                1528922.2760655954
              ]
            ]
          ],
          [
            [
              [
                316053.66261136904,
                1529062.2760655936
              ],
              [
                316044.95045316592,
                1529010.9888341501
              ],
              [
                316013.66261137091,
                1528962.2760655954
              ],
              [
                316019.91749418247,
                1528917.4683263376
              ],
              [
                316064.70753324404,
                1528940.5414464567
              ],
              [
                316078.56251371279,
                1528997.3761632517
              ],
              [
                316089.3669570731,
                1529007.7570226286
              ],
              [
                316088.48560941592,
                1529050.9760167655
              ],
              [
                316053.66261136904,
                1529062.2760655936
              ]
            ]
          ],
          [
            [
              [
                316053.66261136904,
                1529062.2760655936
              ],
              [
                316053.66261136904,
                1529072.2760655936
              ],
              [
                316043.66261136904,
                1529072.2760655936
              ],
              [
                316043.66261136904,
                1529062.2760655936
              ],
              [
                316053.66261136904,
                1529062.2760655936
              ]
            ]
          ],
          [
            [
              [
                316001.31153715029,
                1529157.3053624704
              ],
              [
                316039.30592191685,
                1529186.6321446989
              ],
              [
                316043.66261136904,
                1529192.2760655973
              ],
              [
                315991.74000394717,
                1529185.7819249686
              ],
              [
                315979.2155898856,
                1529123.8446691129
              ],
              [
                315993.66261136997,
                1529112.2760655954
              ],
              [
                316001.31153715029,
                1529157.3053624704
              ]
            ]
          ],
          [
            [
              [
                316157.92774808779,
                1529198.4564855173
              ],
              [
                316147.85450590029,
                1529256.9708898142
              ],
              [
                316133.66261136811,
                1529292.2760655936
              ],
              [
                316121.30787504092,
                1529281.2378575876
              ],
              [
                316083.66261136997,
                1529212.2760655973
              ],
              [
                316092.19410550967,
                1529200.8075597361
              ],
              [
                316113.72852933779,
                1529184.7888829764
              ],
              [
                316157.92774808779,
                1529198.4564855173
              ]
            ]
          ],
          [
            [
              [
                316147.61524808872,
                1529322.2760655954
              ],
              [
                316133.66261136811,
                1529332.2760655954
              ],
              [
                316133.66261136811,
                1529312.2760655936
              ],
              [
                316147.61524808872,
                1529322.2760655954
              ]
            ]
          ],
          [
            [
              [
                316139.21558988653,
                1529366.723087078
              ],
              [
                316148.10963285342,
                1529387.8290441129
              ],
              [
                316170.70362699591,
                1529405.9223058298
              ],
              [
                316163.66261136904,
                1529462.2760655936
              ],
              [
                316157.74708402622,
                1529458.1915929392
              ],
              [
                316149.57813871372,
                1529436.3605382498
              ],
              [
                316128.38673246466,
                1529403.8178136405
              ],
              [
                316123.66261137091,
                1529362.2760655954
              ],
              [
                316139.21558988653,
                1529366.723087078
              ]
            ]
          ],
          [
            [
              [
                316172.06959379092,
                1529539.4733312186
              ],
              [
                316194.47682035528,
                1529573.8831212576
              ],
              [
                316180.29102933779,
                1529586.3605382536
              ],
              [
                316149.57813871372,
                1529566.3605382517
              ],
              [
                316127.74708402622,
                1529558.1915929373
              ],
              [
                316113.34034574497,
                1529537.3261144217
              ],
              [
                316093.66261136997,
                1529532.2760655936
              ],
              [
                316097.83741605841,
                1529526.4508702792
              ],
              [
                316152.24781644717,
                1529515.5426671579
              ],
              [
                316163.66261136904,
                1529472.2760655936
              ],
              [
                316191.44093168247,
                1529460.6085851248
              ],
              [
                316172.06959379092,
                1529539.4733312186
              ]
            ]
          ],
          [
            [
              [
                316037.7946914481,
                1529709.9164464567
              ],
              [
                316013.66261137091,
                1529732.2760655936
              ],
              [
                316013.66261137091,
                1529702.2760655973
              ],
              [
                316037.7946914481,
                1529709.9164464567
              ]
            ]
          ],
          [
            [
              [
                316068.0193008231,
                1529801.1951329783
              ],
              [
                316053.66261136904,
                1529812.2760655954
              ],
              [
                316023.76270902622,
                1529791.6315343436
              ],
              [
                316013.66261137091,
                1529752.2760655936
              ],
              [
                316059.01783597935,
                1529744.8255040701
              ],
              [
                316068.0193008231,
                1529801.1951329783
              ]
            ]
          ],
          [
            [
              [
                316040.02125394717,
                1529983.6652257536
              ],
              [
                316017.86915433872,
                1529995.6354405936
              ],
              [
                316013.66261137091,
                1529962.2760655936
              ],
              [
                316020.30323636997,
                1529958.9166905954
              ],
              [
                316037.02198636904,
                1529925.6354405954
              ],
              [
                316043.66261136904,
                1529922.2760655973
              ],
              [
                316040.02125394717,
                1529983.6652257536
              ]
            ]
          ],
          [
            [
              [
                315883.66261136997,
                1530082.2760655954
              ],
              [
                315883.66261136997,
                1530072.2760655954
              ],
              [
                315893.66261136997,
                1530072.2760655954
              ],
              [
                315893.66261136997,
                1530082.2760655954
              ],
              [
                315883.66261136997,
                1530082.2760655954
              ]
            ]
          ],
          [
            [
              [
                315883.66261136997,
                1530082.2760655954
              ],
              [
                315867.32472074497,
                1530105.9387853239
              ],
              [
                315843.66261136904,
                1530122.2760655936
              ],
              [
                315851.83155668247,
                1530090.4450109061
              ],
              [
                315883.66261136997,
                1530082.2760655954
              ]
            ]
          ],
          [
            [
              [
                315843.66261136904,
                1530122.2760655936
              ],
              [
                315843.66261136904,
                1530132.2760655936
              ],
              [
                315833.66261136904,
                1530132.2760655936
              ],
              [
                315833.66261136904,
                1530122.2760655936
              ],
              [
                315843.66261136904,
                1530122.2760655936
              ]
            ]
          ],
          [
            [
              [
                315993.66261136997,
                1530432.2760655936
              ],
              [
                315987.02198637091,
                1530428.9166905954
              ],
              [
                315976.94386136904,
                1530408.9948155954
              ],
              [
                315950.34229887091,
                1530395.537173992
              ],
              [
                315933.66261136904,
                1530362.2760655936
              ],
              [
                315938.10963285342,
                1530356.7230870798
              ],
              [
                315965.46803129185,
                1530347.8290441111
              ],
              [
                315978.16456449497,
                1530377.9596593436
              ],
              [
                316000.80006254185,
                1530375.1441075876
              ],
              [
                315993.66261136997,
                1530432.2760655936
              ]
            ]
          ],
          [
            [
              [
                316003.66261136997,
                1530452.2760655954
              ],
              [
                315993.66261136997,
                1530452.2760655954
              ],
              [
                315993.66261136997,
                1530442.2760655954
              ],
              [
                316003.66261136997,
                1530442.2760655954
              ],
              [
                316003.66261136997,
                1530452.2760655954
              ]
            ]
          ],
          [
            [
              [
                316003.66261136997,
                1530452.2760655954
              ],
              [
                316044.59644925967,
                1530427.4524571989
              ],
              [
                316033.66261136904,
                1530502.2760655954
              ],
              [
                316012.79713285435,
                1530487.8693273123
              ],
              [
                316003.66261136997,
                1530452.2760655954
              ]
            ]
          ],
          [
            [
              [
                316110.11158597935,
                1530597.4085118826
              ],
              [
                316097.19532621279,
                1530616.3605382517
              ],
              [
                316063.66261136904,
                1530602.2760655973
              ],
              [
                316043.66261136904,
                1530532.2760655973
              ],
              [
                316055.49366605654,
                1530540.4450109061
              ],
              [
                316067.99244535342,
                1530558.5474279001
              ],
              [
                316098.3903945731,
                1530551.7328527067
              ],
              [
                316110.11158597935,
                1530597.4085118826
              ]
            ]
          ],
          [
            [
              [
                316126.93653715029,
                1530762.4933507498
              ],
              [
                316137.74708402622,
                1530778.3173253629
              ],
              [
                316093.66261136997,
                1530802.2760655936
              ],
              [
                316073.66261136997,
                1530762.2760655973
              ],
              [
                316098.62110746372,
                1530756.1456944998
              ],
              [
                316126.93653715029,
                1530762.4933507498
              ]
            ]
          ],
          [
            [
              [
                316103.66261136997,
                1530962.2760655954
              ],
              [
                316089.69166410342,
                1530950.2393224314
              ],
              [
                316119.03492582217,
                1530897.6477696951
              ],
              [
                316123.66261137091,
                1530842.2760655936
              ],
              [
                316141.10279691685,
                1530849.1321446951
              ],
              [
                316163.66261136904,
                1530845.7984044626
              ],
              [
                316185.06397855747,
                1530848.9606359079
              ],
              [
                316173.06690824497,
                1530930.1434972361
              ],
              [
                316133.03150785435,
                1530924.2273595426
              ],
              [
                316103.66261136997,
                1530962.2760655954
              ]
            ]
          ],
          [
            [
              [
                316096.1052383231,
                1531076.7645909823
              ],
              [
                316063.66261136904,
                1531082.2760655936
              ],
              [
                316098.01930082217,
                1531036.6321446951
              ],
              [
                316103.66261136997,
                1531032.2760655936
              ],
              [
                316096.1052383231,
                1531076.7645909823
              ]
            ]
          ],
          [
            [
              [
                316019.76002347935,
                1531158.3728673514
              ],
              [
                316007.56519925967,
                1531176.1792638358
              ],
              [
                315999.06422269717,
                1531233.0249669626
              ],
              [
                315978.96534574404,
                1531266.1792638376
              ],
              [
                315949.76002347842,
                1531246.1792638376
              ],
              [
                315933.66261136904,
                1531242.2760655936
              ],
              [
                316010.59498441499,
                1531144.3836095408
              ],
              [
                316023.66261136811,
                1531132.2760655954
              ],
              [
                316019.76002347935,
                1531158.3728673514
              ]
            ]
          ],
          [
            [
              [
                315843.66261136904,
                1531342.2760655954
              ],
              [
                315853.72242582217,
                1531303.0750157889
              ],
              [
                315897.74708402529,
                1531266.3605382498
              ],
              [
                315913.66261136904,
                1531262.2760655936
              ],
              [
                315860.34351957403,
                1531328.9179112986
              ],
              [
                315843.66261136904,
                1531342.2760655954
              ]
            ]
          ],
          [
            [
              [
                315843.66261136904,
                1531342.2760655954
              ],
              [
                315825.42774808872,
                1531406.0529210623
              ],
              [
                315803.66261136904,
                1531412.2760655954
              ],
              [
                315807.08546293154,
                1531395.3229405936
              ],
              [
                315830.34962308779,
                1531349.0106847361
              ],
              [
                315843.66261136904,
                1531342.2760655954
              ]
            ]
          ],
          [
            [
              [
                315803.66261136904,
                1531412.2760655954
              ],
              [
                315803.66261136904,
                1531422.2760655954
              ],
              [
                315793.66261137091,
                1531422.2760655954
              ],
              [
                315793.66261137091,
                1531412.2760655954
              ],
              [
                315803.66261136904,
                1531412.2760655954
              ]
            ]
          ],
          [
            [
              [
                315793.66261137091,
                1531422.2760655954
              ],
              [
                315793.66261137091,
                1531432.2760655973
              ],
              [
                315783.66261137091,
                1531432.2760655973
              ],
              [
                315783.66261137091,
                1531422.2760655954
              ],
              [
                315793.66261137091,
                1531422.2760655954
              ]
            ]
          ],
          [
            [
              [
                315783.66261137091,
                1531432.2760655973
              ],
              [
                315790.1970351981,
                1531470.743472822
              ],
              [
                315822.80323636997,
                1531465.9253575876
              ],
              [
                315806.20411527622,
                1531522.8571202848
              ],
              [
                315773.39893949497,
                1531503.068912277
              ],
              [
                315733.66261136904,
                1531512.2760655936
              ],
              [
                315749.57813871279,
                1531488.1915929411
              ],
              [
                315758.5905898856,
                1531464.1052892283
              ],
              [
                315777.74708402529,
                1531436.3605382536
              ],
              [
                315783.66261137091,
                1531432.2760655973
              ]
            ]
          ],
          [
            [
              [
                315663.66261136997,
                1531552.2760655936
              ],
              [
                315653.66261136997,
                1531566.2280919608
              ],
              [
                315643.66261136997,
                1531552.2760655936
              ],
              [
                315663.66261136997,
                1531552.2760655936
              ]
            ]
          ],
          [
            [
              [
                315733.50025785435,
                1531562.294986492
              ],
              [
                315700.29102933872,
                1531576.3605382517
              ],
              [
                315683.66261137091,
                1531552.2760655936
              ],
              [
                315687.02198636904,
                1531545.6354405917
              ],
              [
                315713.66261136904,
                1531532.2760655936
              ],
              [
                315733.50025785435,
                1531562.294986492
              ]
            ]
          ],
          [
            [
              [
                315563.66261137091,
                1532232.2760655954
              ],
              [
                315548.47218168247,
                1532227.4664952829
              ],
              [
                315461.44825590029,
                1532189.4904210661
              ],
              [
                315398.47218168154,
                1532177.4664952811
              ],
              [
                315345.20924223028,
                1532166.3226964567
              ],
              [
                315308.85304105747,
                1532147.0856359042
              ],
              [
                315249.59400785435,
                1532119.1187169626
              ],
              [
                315291.82423246279,
                1531966.7456700858
              ],
              [
                315346.0564101981,
                1531887.9346349332
              ],
              [
                315358.47218168341,
                1531797.0856359079
              ],
              [
                315388.85304105747,
                1531717.4664952811
              ],
              [
                315399.95045316592,
                1531613.1885411795
              ],
              [
                315422.92652738653,
                1531569.7681310251
              ],
              [
                315623.66261136904,
                1531552.2760655936
              ],
              [
                315619.0349258231,
                1531557.6477696951
              ],
              [
                315562.6530898856,
                1531656.8213536832
              ],
              [
                315516.96827543154,
                1531762.4225499686
              ],
              [
                315462.43702543247,
                1531916.2610509451
              ],
              [
                315447.40772855654,
                1532063.5986974295
              ],
              [
                315462.81056058872,
                1532134.2151525095
              ],
              [
                315499.0349258231,
                1532156.904361492
              ],
              [
                315511.37623441685,
                1532184.5624425504
              ],
              [
                315544.73560941592,
                1532199.4483068082
              ],
              [
                315563.66261137091,
                1532232.2760655954
              ]
            ]
          ],
          [
            [
              [
                315563.66261137091,
                1532232.2760655954
              ],
              [
                315614.75025785342,
                1532240.6683995798
              ],
              [
                315645.72071683779,
                1532221.9867589548
              ],
              [
                315677.84718168341,
                1532263.6084630564
              ],
              [
                315653.66261136997,
                1532282.2760655954
              ],
              [
                315620.79884183872,
                1532260.5591466501
              ],
              [
                315570.08961332217,
                1532241.584537277
              ],
              [
                315563.66261137091,
                1532232.2760655954
              ]
            ]
          ],
          [
            [
              [
                315727.5651992606,
                1532370.5951573942
              ],
              [
                315715.09937894717,
                1532414.9542882498
              ],
              [
                315703.66261136904,
                1532422.2760655936
              ],
              [
                315693.66261136904,
                1532422.2760655936
              ],
              [
                315693.66261136904,
                1532362.2760655936
              ],
              [
                315701.72779691685,
                1532349.6771886442
              ],
              [
                315727.5651992606,
                1532370.5951573942
              ]
            ]
          ],
          [
            [
              [
                315748.29029691592,
                1532449.6732213553
              ],
              [
                315717.48829496372,
                1532476.210696945
              ],
              [
                315735.96241605654,
                1532509.3213536814
              ],
              [
                315703.66261136904,
                1532502.2760655954
              ],
              [
                315703.66261136904,
                1532462.2760655954
              ],
              [
                315732.86060941592,
                1532428.3866002634
              ],
              [
                315748.29029691592,
                1532449.6732213553
              ]
            ]
          ],
          [
            [
              [
                315623.66261136904,
                1532862.2760655936
              ],
              [
                315635.64747465029,
                1532822.4710729197
              ],
              [
                315678.29029691685,
                1532726.9040563181
              ],
              [
                315683.66261137091,
                1532722.2760655954
              ],
              [
                315698.38184965029,
                1532747.5574376676
              ],
              [
                315727.5407851981,
                1532773.6115148142
              ],
              [
                315694.26930082217,
                1532788.882205734
              ],
              [
                315646.01368558779,
                1532855.3742101304
              ],
              [
                315623.66261136904,
                1532862.2760655936
              ]
            ]
          ],
          [
            [
              [
                315623.66261136904,
                1532862.2760655936
              ],
              [
                315623.66261136904,
                1532872.2760655936
              ],
              [
                315613.66261136904,
                1532872.2760655936
              ],
              [
                315613.66261136904,
                1532862.2760655936
              ],
              [
                315623.66261136904,
                1532862.2760655936
              ]
            ]
          ],
          [
            [
              [
                315610.30323636904,
                1532908.9166905973
              ],
              [
                315590.45948636904,
                1532948.83765007
              ],
              [
                315583.66261136904,
                1532952.2760655954
              ],
              [
                315588.33424222842,
                1532899.7641637437
              ],
              [
                315613.66261136904,
                1532882.2760655936
              ],
              [
                315610.30323636904,
                1532908.9166905973
              ]
            ]
          ],
          [
            [
              [
                315599.30592191685,
                1532996.6324498728
              ],
              [
                315618.0193008231,
                1533014.7409703787
              ],
              [
                315573.66261136811,
                1533022.2760655917
              ],
              [
                315573.66261136811,
                1532992.2760655973
              ],
              [
                315599.30592191685,
                1532996.6324498728
              ]
            ]
          ],
          [
            [
              [
                315573.66261136811,
                1533042.2760655936
              ],
              [
                315560.85499418247,
                1533037.2760655954
              ],
              [
                315573.66261136811,
                1533032.2760655936
              ],
              [
                315573.66261136811,
                1533042.2760655936
              ]
            ]
          ],
          [
            [
              [
                315586.47022855654,
                1533057.2760655954
              ],
              [
                315573.66261136811,
                1533062.2760655973
              ],
              [
                315573.66261136811,
                1533052.2760655973
              ],
              [
                315586.47022855654,
                1533057.2760655954
              ]
            ]
          ],
          [
            [
              [
                315553.66261136997,
                1533442.2760655973
              ],
              [
                315578.0193008231,
                1533404.3549230155
              ],
              [
                315567.7507461356,
                1533348.1137731168
              ],
              [
                315529.30592191592,
                1533250.3198888358
              ],
              [
                315541.45191800967,
                1533189.4202306364
              ],
              [
                315563.66261137091,
                1533172.2760655954
              ],
              [
                315552.47364652622,
                1533240.391910322
              ],
              [
                315561.36646879092,
                1533300.5710485037
              ],
              [
                315604.7136367606,
                1533294.1651036832
              ],
              [
                315586.78516996279,
                1533339.7702672575
              ],
              [
                315625.79640043154,
                1533334.0051915739
              ],
              [
                315616.67896879092,
                1533395.6967809275
              ],
              [
                315595.6316055106,
                1533430.5890538748
              ],
              [
                315553.66261136997,
                1533442.2760655973
              ]
            ]
          ],
          [
            [
              [
                315553.66261136997,
                1533442.2760655973
              ],
              [
                315553.66261136997,
                1533452.2760655973
              ],
              [
                315543.66261136997,
                1533452.2760655973
              ],
              [
                315543.66261136997,
                1533442.2760655973
              ],
              [
                315553.66261136997,
                1533442.2760655973
              ]
            ]
          ],
          [
            [
              [
                315543.66261136997,
                1533452.2760655973
              ],
              [
                315543.66261136997,
                1533472.2760655917
              ],
              [
                315533.66261136997,
                1533472.2760655917
              ],
              [
                315533.66261136997,
                1533452.2760655973
              ],
              [
                315543.66261136997,
                1533452.2760655973
              ]
            ]
          ],
          [
            [
              [
                315533.66261136997,
                1533472.2760655917
              ],
              [
                315538.1999648856,
                1533477.738712078
              ],
              [
                315557.73975980654,
                1533493.9694860037
              ],
              [
                315523.66261136997,
                1533522.2760655936
              ],
              [
                315523.66261136997,
                1533472.2760655917
              ],
              [
                315533.66261136997,
                1533472.2760655917
              ]
            ]
          ],
          [
            [
              [
                315503.66261136904,
                1533582.2760655954
              ],
              [
                315503.66261136904,
                1533612.2760655954
              ],
              [
                315493.66261136904,
                1533612.2760655954
              ],
              [
                315493.66261136904,
                1533582.2760655954
              ],
              [
                315503.66261136904,
                1533582.2760655954
              ]
            ]
          ],
          [
            [
              [
                315473.66261136904,
                1533712.2760655936
              ],
              [
                315473.66261136904,
                1533752.2760655936
              ],
              [
                315463.66261136811,
                1533752.2760655936
              ],
              [
                315463.66261136811,
                1533712.2760655936
              ],
              [
                315473.66261136904,
                1533712.2760655936
              ]
            ]
          ],
          [
            [
              [
                315453.66261137091,
                1533852.2760655954
              ],
              [
                315453.66261137091,
                1533862.2760655954
              ],
              [
                315443.66261136997,
                1533862.2760655954
              ],
              [
                315443.66261136997,
                1533852.2760655954
              ],
              [
                315453.66261137091,
                1533852.2760655954
              ]
            ]
          ],
          [
            [
              [
                315703.66261136904,
                1535712.2760655936
              ],
              [
                315714.46217191592,
                1535699.7417333201
              ],
              [
                315799.03492582217,
                1535667.647922283
              ],
              [
                315893.66261136997,
                1535622.2760655954
              ],
              [
                315908.29029691685,
                1535677.647922283
              ],
              [
                315919.27052152436,
                1535697.3270299565
              ],
              [
                315904.88087308779,
                1535716.904208906
              ],
              [
                315870.28126371372,
                1535676.7442967948
              ],
              [
                315854.18263090029,
                1535678.0377843454
              ],
              [
                315818.94093168247,
                1535697.7001073435
              ],
              [
                315798.9860976981,
                1535696.0968663748
              ],
              [
                315788.33912504092,
                1535708.4552648142
              ],
              [
                315763.12183988374,
                1535706.4290502165
              ],
              [
                315703.66261136904,
                1535712.2760655936
              ]
            ]
          ],
          [
            [
              [
                315703.66261136904,
                1535712.2760655936
              ],
              [
                315703.66261136904,
                1535722.2760655936
              ],
              [
                315683.66261137091,
                1535722.2760655936
              ],
              [
                315683.66261137091,
                1535712.2760655936
              ],
              [
                315703.66261136904,
                1535712.2760655936
              ]
            ]
          ],
          [
            [
              [
                315683.66261137091,
                1535722.2760655936
              ],
              [
                315683.66261137091,
                1535732.2760655936
              ],
              [
                315643.66261136997,
                1535732.2760655936
              ],
              [
                315643.66261136997,
                1535722.2760655936
              ],
              [
                315683.66261137091,
                1535722.2760655936
              ]
            ]
          ],
          [
            [
              [
                311465.30201566592,
                1532512.6544835661
              ],
              [
                311448.76270902622,
                1532597.3761632517
              ],
              [
                311437.99183500372,
                1532639.4034459684
              ],
              [
                311439.71180570498,
                1532723.6734654978
              ],
              [
                311427.99183500279,
                1532769.4034459665
              ],
              [
                311428.86646879278,
                1532812.2760655936
              ],
              [
                311428.26588285342,
                1532841.7047765329
              ],
              [
                311379.19911039248,
                1532922.6166417673
              ],
              [
                311368.76270902622,
                1532997.3761632554
              ],
              [
                311357.80262601841,
                1533040.141055828
              ],
              [
                311359.14784086123,
                1533106.0452916678
              ],
              [
                311318.6638320731,
                1533245.9354283884
              ],
              [
                311308.76270902529,
                1533367.3761632498
              ],
              [
                311298.56251371279,
                1533397.1759679411
              ],
              [
                311287.61463773623,
                1533430.9143712576
              ],
              [
                311289.90040433779,
                1533542.9358556345
              ],
              [
                311276.66859281622,
                1533594.5667150114
              ],
              [
                311279.95594632998,
                1533755.6479528043
              ],
              [
                311247.95826566592,
                1533817.7609899119
              ],
              [
                311249.12525785342,
                1533874.9384191111
              ],
              [
                311288.76270902529,
                1533927.1759679373
              ],
              [
                311298.56251371279,
                1533948.7445714548
              ],
              [
                311277.40345609747,
                1534010.5634191073
              ],
              [
                311279.74781644717,
                1534125.4630162772
              ],
              [
                311249.10694730747,
                1534184.9426915701
              ],
              [
                311233.86280668154,
                1534247.475955734
              ],
              [
                311218.56251371372,
                1534277.1759679411
              ],
              [
                311205.14332425967,
                1534373.3026769217
              ],
              [
                311259.16493070498,
                1534437.6553990915
              ],
              [
                311258.34400785342,
                1534477.8760411795
              ],
              [
                311212.13246000186,
                1534500.2954747751
              ],
              [
                311178.76270902529,
                1534538.3524205741
              ],
              [
                311237.34547269717,
                1534594.6378209665
              ],
              [
                311248.56251371466,
                1534614.7257115897
              ],
              [
                311198.56251371279,
                1534697.1759679392
              ],
              [
                311188.76270902529,
                1534728.744571453
              ],
              [
                311209.72950590122,
                1534790.0006749704
              ],
              [
                311208.00282132998,
                1534874.5950963572
              ],
              [
                311178.56251371279,
                1534947.1759679411
              ],
              [
                311168.76270902529,
                1535067.3760106657
              ],
              [
                311138.56251371466,
                1535167.1761205308
              ],
              [
                311126.31275785342,
                1535217.4260594938
              ],
              [
                311088.56251371279,
                1535267.1761205252
              ],
              [
                311078.76270902529,
                1535347.3760106619
              ],
              [
                311047.14466703404,
                1535420.453250654
              ],
              [
                311058.76270902529,
                1535477.1761205234
              ],
              [
                311072.49378812872,
                1535645.5957677402
              ],
              [
                311096.54163968936,
                1535692.2760655973
              ],
              [
                311068.63392484654,
                1535746.4499547537
              ],
              [
                311058.76270902529,
                1535847.3760106638
              ],
              [
                311048.56251371279,
                1535897.176120529
              ],
              [
                311038.76270902622,
                1535967.3760106657
              ],
              [
                311025.50770414434,
                1536045.0856664255
              ],
              [
                310988.56251371372,
                1536167.1761205252
              ],
              [
                310977.65797269717,
                1536223.0358007047
              ],
              [
                310979.14417875279,
                1536295.886142496
              ],
              [
                310968.56251371279,
                1536337.1760442294
              ],
              [
                310956.20594632905,
                1536463.5152318534
              ],
              [
                310919.35352933872,
                1536535.0523259696
              ],
              [
                310913.66261136904,
                1536622.2760655936
              ],
              [
                310900.19825590122,
                1536636.2899663504
              ],
              [
                310785.57850492373,
                1536647.1760442313
              ],
              [
                310756.36280668154,
                1536527.331149824
              ],
              [
                310738.76270902529,
                1536437.1760442313
              ],
              [
                310722.00916898716,
                1536388.2295873221
              ],
              [
                310688.26649320591,
                1536377.2799565867
              ],
              [
                310666.31275785342,
                1536309.6260716971
              ],
              [
                310628.56251371279,
                1536297.3760869578
              ],
              [
                310583.49171293247,
                1536191.2016942594
              ],
              [
                310498.56251371279,
                1536177.3760106619
              ],
              [
                310488.76270902716,
                1536126.5917089079
              ],
              [
                310508.76270902529,
                1536107.3760106638
              ],
              [
                310528.56251371279,
                1535997.1761205252
              ],
              [
                310553.24513090029,
                1535863.0112340525
              ],
              [
                310598.76270902716,
                1535667.3760106638
              ],
              [
                310608.56251371279,
                1535587.1761205271
              ],
              [
                310620.52601468936,
                1535493.5803868845
              ],
              [
                310616.38783109561,
                1535290.8095433787
              ],
              [
                310644.65565336123,
                1535235.9366490915
              ],
              [
                310637.54017484561,
                1534887.2760655954
              ],
              [
                310639.17164457124,
                1534807.3334386423
              ],
              [
                310757.04456937779,
                1534606.1771276053
              ],
              [
                310768.56251371372,
                1534547.1759679373
              ],
              [
                310790.78236234561,
                1534470.3961827829
              ],
              [
                310851.17298734654,
                1534195.2844884489
              ],
              [
                310848.27564847935,
                1534053.3151891306
              ],
              [
                310814.35658109561,
                1533920.9638097361
              ],
              [
                310675.16285550874,
                1533604.1092565116
              ],
              [
                310648.08582914341,
                1533535.460269697
              ],
              [
                310618.76270902529,
                1533418.1943395212
              ],
              [
                310798.52039945591,
                1532934.1760900151
              ],
              [
                311057.37354886904,
                1532300.4315831754
              ],
              [
                311128.56251371372,
                1532037.1759679411
              ],
              [
                311190.31361234561,
                1531842.4866368864
              ],
              [
                311208.56251371372,
                1531723.4546544626
              ],
              [
                311186.83582914341,
                1531532.1741368826
              ],
              [
                311128.56251371372,
                1531207.3761632517
              ],
              [
                311093.91285550874,
                1530979.5258214548
              ],
              [
                311054.72157132998,
                1530766.4960362967
              ],
              [
                310946.6228164481,
                1530597.4188878611
              ],
              [
                310796.11683500279,
                1530312.1619298514
              ],
              [
                310568.76270902622,
                1529867.1759679411
              ],
              [
                310543.26283109561,
                1529817.675845867
              ],
              [
                310108.56251371372,
                1528987.3761632517
              ],
              [
                309998.76270902622,
                1528777.1759679373
              ],
              [
                309720.34046781529,
                1528245.2472570036
              ],
              [
                309218.76270902622,
                1528327.3761632517
              ],
              [
                308667.85755765904,
                1528415.8191564139
              ],
              [
                308460.53455961216,
                1528432.7222325895
              ],
              [
                308176.77296293247,
                1528426.9312169626
              ],
              [
                308076.29749906529,
                1528386.176212078
              ],
              [
                308018.73646390717,
                1528347.1582677439
              ],
              [
                307794.34162748326,
                1528015.8862950876
              ],
              [
                307566.83125150669,
                1527704.4074132498
              ],
              [
                307451.95973050967,
                1527601.4588048551
              ],
              [
                307388.93910062779,
                1527581.008365402
              ],
              [
                307246.01765287295,
                1527567.3761632498
              ],
              [
                307090.43171537388,
                1527593.9142491911
              ],
              [
                307014.93641508091,
                1527639.6961095408
              ],
              [
                307020.86414945498,
                1527930.1557042673
              ],
              [
                306997.36256254092,
                1528021.8585851267
              ],
              [
                306957.76264799107,
                1528098.7287023142
              ],
              [
                306937.31373441592,
                1528118.3759191092
              ],
              [
                306882.14588773623,
                1528145.1404454764
              ],
              [
                306688.76270902716,
                1528127.1759679373
              ],
              [
                306564.84089506045,
                1528117.3761632517
              ],
              [
                306382.03419340029,
                1528138.1403234098
              ],
              [
                306168.74256742373,
                1528177.3798253611
              ],
              [
                306124.35841215122,
                1528176.4740636405
              ],
              [
                306031.20625150669,
                1528144.5899083689
              ],
              [
                305844.66847074404,
                1527941.8585851248
              ],
              [
                305780.67402494512,
                1527891.1218907926
              ],
              [
                305582.21333158482,
                1527724.5209386405
              ],
              [
                305447.33204496372,
                1527680.7514073923
              ],
              [
                305392.33143461123,
                1527699.5770909879
              ],
              [
                305378.76270902529,
                1527798.9404943045
              ],
              [
                305418.57777250186,
                1527876.2287023142
              ],
              [
                305436.09425199591,
                1527965.9564855155
              ],
              [
                305409.04255521763,
                1528044.9896886405
              ],
              [
                305387.2624648856,
                1528144.2096593454
              ],
              [
                305366.33900297154,
                1528225.8527257517
              ],
              [
                305306.59214628115,
                1528265.0244786795
              ],
              [
                305202.88029325567,
                1528287.1759679373
              ],
              [
                304852.18083036318,
                1528247.3413732126
              ],
              [
                304646.40965116397,
                1528237.3761632498
              ],
              [
                304537.75715482607,
                1528259.6301915701
              ],
              [
                304393.70381009951,
                1528324.1174962576
              ],
              [
                304308.2107986249,
                1528397.8522374667
              ],
              [
                304008.05073392857,
                1528802.7661779001
              ],
              [
                303869.13639676943,
                1528936.2323644217
              ],
              [
                303589.84783780947,
                1529046.3904454801
              ],
              [
                303431.1362136649,
                1529060.5042150095
              ],
              [
                303284.31553495396,
                1529090.5762364939
              ],
              [
                303212.51946103945,
                1529108.9758946989
              ],
              [
                303136.56262052432,
                1529134.9744298514
              ],
              [
                303082.41963041294,
                1529171.6754796579
              ],
              [
                303067.14277875889,
                1529312.285220867
              ],
              [
                303026.96261060517,
                1529390.2820470408
              ],
              [
                302958.15584791172,
                1529456.3904454783
              ],
              [
                302903.80921972357,
                1529487.1759679392
              ],
              [
                302853.18642271031,
                1529296.1322667673
              ],
              [
                302863.66261136904,
                1529142.2760655954
              ],
              [
                302869.03448713291,
                1529127.6477696951
              ],
              [
                302882.31423032656,
                1529083.5407140329
              ],
              [
                302935.8684409894,
                1529008.0097081754
              ],
              [
                302949.03448713291,
                1528947.647769697
              ],
              [
                302963.62740171421,
                1528851.8823888376
              ],
              [
                303016.54345167056,
                1528810.4407384489
              ],
              [
                303073.22199476138,
                1528793.3765294626
              ],
              [
                303112.91695249453,
                1528742.6904943045
              ],
              [
                303178.29075467959,
                1528650.489566572
              ],
              [
                303161.581007367,
                1528607.9120519254
              ],
              [
                303132.99870145787,
                1528605.6159093473
              ],
              [
                303065.68915021699,
                1528624.0369298514
              ],
              [
                303033.66261136997,
                1528612.2760655936
              ],
              [
                303033.66261136997,
                1528602.2760655936
              ],
              [
                303023.66261136997,
                1528602.2760655936
              ],
              [
                302946.68160093296,
                1528433.8989904001
              ],
              [
                303164.73847043887,
                1528410.2081945017
              ],
              [
                303237.11460721958,
                1528352.8259923514
              ],
              [
                303248.76259458531,
                1528307.3761632517
              ],
              [
                303258.56262815557,
                1528087.1759679373
              ],
              [
                303273.86261594761,
                1527982.4762609098
              ],
              [
                303294.42928922549,
                1527835.1514318045
              ],
              [
                303331.92627561558,
                1527681.3373448923
              ],
              [
                303415.26959073916,
                1527503.490665203
              ],
              [
                303507.32639921084,
                1527188.8703038767
              ],
              [
                303568.80703580752,
                1527124.8810460623
              ],
              [
                303816.87069547549,
                1526919.6723058317
              ],
              [
                303853.91262662783,
                1526865.0263097361
              ],
              [
                303926.50257718936,
                1526724.115665203
              ],
              [
                304018.14266813267,
                1526519.4074132517
              ],
              [
                304028.97511136904,
                1526309.1705968454
              ],
              [
                304143.2910598563,
                1525956.8903234061
              ],
              [
                304198.56266630068,
                1525887.1759679373
              ],
              [
                304288.78773344029,
                1525787.3480870798
              ],
              [
                304274.99073636904,
                1525692.9328038786
              ],
              [
                304308.83152616583,
                1525627.2418859079
              ],
              [
                304275.21000516787,
                1525594.9396398123
              ],
              [
                304562.14726102818,
                1525359.2218663748
              ],
              [
                304709.8270095624,
                1525240.0104405973
              ],
              [
                304776.31352079473,
                1525218.4357335623
              ],
              [
                304871.58177030552,
                1525177.2162511423
              ],
              [
                305002.28001249209,
                1525132.4811437204
              ],
              [
                305370.06916654576,
                1525018.5736730229
              ],
              [
                305533.18867338169,
                1524971.3678624723
              ],
              [
                305860.2409805106,
                1524887.5495030973
              ],
              [
                305903.5585464295,
                1524886.6657140348
              ],
              [
                306004.18934476748,
                1525022.4164464548
              ],
              [
                306075.96272123326,
                1525097.1185948923
              ],
              [
                306190.84553373232,
                1525198.1818273161
              ],
              [
                306330.83149564732,
                1525232.3078038748
              ],
              [
                306389.36543119326,
                1525270.6842687204
              ],
              [
                306410.03285062779,
                1525460.9088780936
              ],
              [
                306521.68446195591,
                1525640.7172277048
              ],
              [
                306643.26588285435,
                1525751.6681554373
              ],
              [
                306804.16157377139,
                1525851.5753819998
              ],
              [
                306866.52699125279,
                1525933.7665441129
              ],
              [
                306907.31739652529,
                1525995.9821202811
              ],
              [
                307039.44447172154,
                1526143.9252355155
              ],
              [
                307076.00422513951,
                1526197.8595616873
              ],
              [
                307117.74372709263,
                1526326.4850499704
              ],
              [
                307170.58186185732,
                1526362.3017003629
              ],
              [
                307394.60743558779,
                1526393.5761144217
              ],
              [
                307418.63789213169,
                1526416.6644933317
              ],
              [
                307447.86854398623,
                1526536.5704991892
              ],
              [
                307506.02528226841,
                1526575.9918859079
              ],
              [
                307749.75941312779,
                1526681.4472081754
              ],
              [
                307848.42213285435,
                1526633.5809972361
              ],
              [
                308020.62916410435,
                1526509.7296788767
              ],
              [
                308120.96424711216,
                1526480.6928136405
              ],
              [
                308432.49378812686,
                1526577.1759679392
              ],
              [
                308511.86817777529,
                1526563.3515050486
              ],
              [
                308698.56251371279,
                1526467.1759679411
              ],
              [
                309248.76270902622,
                1526187.3761632536
              ],
              [
                309594.27235258184,
                1526009.3866612986
              ],
              [
                309705.0554336356,
                1525959.7931554392
              ],
              [
                309973.66261137091,
                1525952.2760655936
              ],
              [
                310028.05714262091,
                1525963.8971593454
              ],
              [
                310307.81666410249,
                1525985.0897862967
              ],
              [
                310568.94398343842,
                1525967.5568273161
              ],
              [
                310735.93067777622,
                1525952.7899816129
              ],
              [
                311063.41297757998,
                1525932.2626378629
              ],
              [
                311219.08802640997,
                1525914.0265538786
              ],
              [
                311507.59388578311,
                1525869.0680577829
              ],
              [
                311513.66261136997,
                1525862.276065601
              ],
              [
                311566.11561429966,
                1525856.3178136405
              ],
              [
                312198.09803617466,
                1525819.9286534842
              ],
              [
                312199.77955473028,
                1525737.5458409879
              ],
              [
                312153.66261136904,
                1525652.2760655936
              ],
              [
                312185.20435941685,
                1525621.9708898142
              ],
              [
                312198.56251371279,
                1525567.1759679411
              ],
              [
                312251.56178129185,
                1525419.5819737967
              ],
              [
                312299.22596586123,
                1525356.7658116873
              ],
              [
                312408.10291898623,
                1525330.2240636405
              ],
              [
                312566.57337797247,
                1525263.8190343454
              ],
              [
                312612.23255765811,
                1525202.2247960623
              ],
              [
                312650.04749906529,
                1525167.3761632517
              ],
              [
                312767.37843168154,
                1525246.9086339567
              ],
              [
                312838.02174222842,
                1525274.7724034861
              ],
              [
                312896.65150297154,
                1525335.795352703
              ],
              [
                312974.03248441685,
                1525399.8078038748
              ],
              [
                313030.32765043154,
                1525417.1759679373
              ],
              [
                313107.46021879278,
                1525377.4408605192
              ],
              [
                313149.34742582217,
                1525367.3761632517
              ],
              [
                313193.51734769903,
                1525413.3490636423
              ],
              [
                313245.17628324497,
                1525427.1759679373
              ],
              [
                313344.61720121279,
                1525343.6981847342
              ],
              [
                313370.13600004185,
                1525304.7760655936
              ],
              [
                313398.56251371279,
                1525217.1759679373
              ],
              [
                313428.22682035342,
                1525130.5097081736
              ],
              [
                313397.97535550967,
                1525055.9296300467
              ],
              [
                313398.79200590029,
                1525015.9162023142
              ],
              [
                313438.76270902529,
                1524917.3761632517
              ],
              [
                313458.56251371372,
                1524867.1759679392
              ],
              [
                313508.76270902716,
                1524807.3761632573
              ],
              [
                313553.4685195731,
                1524747.0685460661
              ],
              [
                313579.42310941592,
                1524747.5971105173
              ],
              [
                313638.56251371279,
                1524827.3761632498
              ],
              [
                313669.58668363467,
                1524868.2611730155
              ],
              [
                313696.19923246279,
                1524923.1159093473
              ],
              [
                313712.87525785435,
                1525144.6710851286
              ],
              [
                313758.76270902529,
                1525247.1759679392
              ],
              [
                313800.28248441685,
                1525358.9166905936
              ],
              [
                313839.73927152529,
                1525377.1759679373
              ],
              [
                313879.95167386904,
                1525356.4606359098
              ],
              [
                313953.86280668154,
                1525332.4762609061
              ],
              [
                314029.82472074497,
                1525286.4105870798
              ],
              [
                314069.86256254092,
                1525203.8837316111
              ],
              [
                314091.0124648856,
                1525117.1259191111
              ],
              [
                314129.97120511904,
                1525065.7843663767
              ],
              [
                314208.76270902529,
                1525007.3761632536
              ],
              [
                314268.56251371466,
                1524957.1759679373
              ],
              [
                314280.39478910435,
                1524947.3761632517
              ],
              [
                314277.19898832403,
                1525104.0131261442
              ],
              [
                314298.76270902529,
                1525157.1759679373
              ],
              [
                314308.56251371279,
                1525193.2160069998
              ],
              [
                314278.56251371466,
                1525267.1759679392
              ],
              [
                314228.76270902529,
                1525457.3761632536
              ],
              [
                314218.56251371279,
                1525487.1759679392
              ],
              [
                314187.45167386997,
                1525583.0463292655
              ],
              [
                314148.56251371372,
                1525647.1759679373
              ],
              [
                314138.76270902622,
                1525723.8092687223
              ],
              [
                314196.18458402436,
                1525979.0790441111
              ],
              [
                314161.82911527716,
                1526063.7763097342
              ],
              [
                314143.59058988467,
                1526138.5932042673
              ],
              [
                314093.06202543154,
                1526236.6754796579
              ],
              [
                314057.37599027529,
                1526399.2475011423
              ],
              [
                314059.88697660342,
                1526522.2760655973
              ],
              [
                314056.90113675967,
                1526668.5651280936
              ],
              [
                314018.55885160435,
                1526757.1845128592
              ],
              [
                314019.37672269624,
                1526797.2760655954
              ],
              [
                314017.74464261904,
                1526877.2760655917
              ],
              [
                314018.78712308872,
                1526928.4015538767
              ],
              [
                314048.49049223028,
                1526986.0590245798
              ],
              [
                314059.22657621372,
                1527030.101993328
              ],
              [
                314079.34376371279,
                1527088.8751866892
              ],
              [
                314077.57740629092,
                1527175.4633214548
              ],
              [
                314090.18604886904,
                1527199.9396398161
              ],
              [
                314150.13111722935,
                1527227.1759679373
              ],
              [
                314226.41651761997,
                1527201.0651280954
              ],
              [
                314308.56251371279,
                1527267.376163248
              ],
              [
                314360.89283597842,
                1527298.4406163767
              ],
              [
                314438.56251371279,
                1527357.3761632498
              ],
              [
                314478.76270902622,
                1527387.1759679373
              ],
              [
                314492.73731840029,
                1527401.721256027
              ],
              [
                314508.56251371279,
                1527547.3761632498
              ],
              [
                314529.32789457217,
                1527639.6881749704
              ],
              [
                314528.25489652622,
                1527692.2760655973
              ],
              [
                314528.80665433872,
                1527719.3067052439
              ],
              [
                314557.75807035435,
                1527832.2760655954
              ],
              [
                314529.97120511997,
                1527940.6989171598
              ],
              [
                314550.3630508231,
                1527980.2820470426
              ],
              [
                314598.96290433872,
                1528026.9757726267
              ],
              [
                314620.35694730747,
                1528049.2438390329
              ],
              [
                314618.3562148856,
                1528147.2760655954
              ],
              [
                314620.32154691778,
                1528243.5340001658
              ],
              [
                314598.56251371372,
                1528297.1759679411
              ],
              [
                314577.82154691592,
                1528361.0907628611
              ],
              [
                314579.27540433872,
                1528432.2760655954
              ],
              [
                314576.82545316685,
                1528552.3132970408
              ],
              [
                314528.65650785342,
                1528645.8173253611
              ],
              [
                314518.76270902436,
                1528788.9404943064
              ],
              [
                314558.96290433779,
                1528866.9757726248
              ],
              [
                314584.10084379278,
                1528918.7909581736
              ],
              [
                314648.76270902529,
                1528957.1759679373
              ],
              [
                314681.58741605747,
                1528979.4263341483
              ],
              [
                314728.56251371186,
                1529137.3761632498
              ],
              [
                314785.05055082217,
                1529260.9302404001
              ],
              [
                314811.1589492606,
                1529368.0261876676
              ],
              [
                314798.56251371372,
                1529417.1759679411
              ],
              [
                314787.83863676153,
                1529537.7692296598
              ],
              [
                314758.16212308872,
                1529537.1637609098
              ],
              [
                314706.89869535435,
                1529431.4966466501
              ],
              [
                314661.47755277529,
                1529407.3761632517
              ],
              [
                314588.86280668154,
                1529462.4762609079
              ],
              [
                314520.40699613653,
                1529495.6873204783
              ],
              [
                314467.29786527529,
                1529538.5584142245
              ],
              [
                314402.94239652529,
                1529671.2103917673
              ],
              [
                314350.17384183779,
                1529749.0564611014
              ],
              [
                314338.76270902529,
                1529877.3761632517
              ],
              [
                314324.16309964936,
                1529905.7160070036
              ],
              [
                314268.76270902622,
                1529877.1759679373
              ],
              [
                314198.20118558779,
                1529865.6891515348
              ],
              [
                314106.50684965029,
                1529786.6058995817
              ],
              [
                314062.40284574311,
                1529787.5055577811
              ],
              [
                313983.3659805106,
                1529819.5648839548
              ],
              [
                313877.28932035342,
                1529908.6127355155
              ],
              [
                313834.72950590029,
                1529973.5278966483
              ],
              [
                313797.68971097842,
                1530142.2614171579
              ],
              [
                313809.67701566592,
                1530212.5403478201
              ],
              [
                313808.3122695731,
                1530279.426334152
              ],
              [
                313778.23536527622,
                1530337.8119542655
              ],
              [
                313687.79225003999,
                1530367.1607091483
              ],
              [
                313566.71192777529,
                1530493.1842687204
              ],
              [
                313506.80225980654,
                1530507.1759679373
              ],
              [
                313428.76270902529,
                1530487.1759679411
              ],
              [
                313357.1941055106,
                1530477.3761632498
              ],
              [
                313294.08863675967,
                1530498.9758946989
              ],
              [
                313192.03785550967,
                1530605.1917150076
              ],
              [
                313178.76270902436,
                1530727.3761632517
              ],
              [
                313148.36720121372,
                1530827.8204991929
              ],
              [
                313149.76002348028,
                1530896.0614659879
              ],
              [
                313118.56251371372,
                1530937.1759679411
              ],
              [
                313079.61231840029,
                1530989.7205236033
              ],
              [
                313040.70240629092,
                1531017.1759679373
              ],
              [
                312978.76270902529,
                1530967.1759679373
              ],
              [
                312939.09168851748,
                1530941.166446453
              ],
              [
                312928.42457425967,
                1530864.7553136423
              ],
              [
                312885.35633695498,
                1530781.1517980155
              ],
              [
                312740.38014066592,
                1530765.4004552457
              ],
              [
                312708.76270902622,
                1530717.1759679448
              ],
              [
                312667.7556289481,
                1530666.3764073923
              ],
              [
                312610.21290433872,
                1530667.5507237986
              ],
              [
                312568.76270902622,
                1530737.3761632517
              ],
              [
                312537.66224515811,
                1530783.2569005564
              ],
              [
                312540.09144437779,
                1530902.2760655954
              ],
              [
                312538.51246488467,
                1530979.6259191111
              ],
              [
                312488.62599027436,
                1531076.464908367
              ],
              [
                312478.76270902622,
                1531187.3761632517
              ],
              [
                312467.78858793341,
                1531219.4379308261
              ],
              [
                312469.15638578217,
                1531286.4661290701
              ],
              [
                312438.56251371372,
                1531357.1759679392
              ],
              [
                312428.76270902529,
                1531417.3761632517
              ],
              [
                312417.16725004185,
                1531451.2525060251
              ],
              [
                312308.56251371279,
                1531577.1759679392
              ],
              [
                312280.3191055106,
                1531620.2545812204
              ],
              [
                312268.76270902716,
                1531797.3761632498
              ],
              [
                312248.56251371372,
                1531847.1759679373
              ],
              [
                312229.62696683779,
                1531924.8505284842
              ],
              [
                312212.79713285435,
                1531974.0210607145
              ],
              [
                312090.32093656529,
                1531991.1188390329
              ],
              [
                312056.43299711123,
                1532008.5761144254
              ],
              [
                312022.6628555106,
                1532043.725040203
              ],
              [
                311993.24696195591,
                1532134.3732335661
              ],
              [
                311978.76270902529,
                1532328.5620763358
              ],
              [
                312019.73805082217,
                1532429.5807530954
              ],
              [
                312018.54359281436,
                1532488.0948522147
              ],
              [
                311937.38026273623,
                1532588.6408116911
              ],
              [
                311873.72669828404,
                1532619.5221593436
              ],
              [
                311757.23133695591,
                1532617.1448400114
              ],
              [
                311668.76270902622,
                1532557.1759679373
              ],
              [
                311635.15308988653,
                1532535.1404454783
              ],
              [
                311549.20887601748,
                1532469.9265172556
              ],
              [
                311501.54408109561,
                1532457.3761632536
              ],
              [
                311465.30201566592,
                1532512.6544835661
              ]
            ],
            [
              [
                311753.66261136997,
                1530672.2760655954
              ],
              [
                311783.66261136904,
                1530672.2760655954
              ],
              [
                311783.66261136904,
                1530632.2760655936
              ],
              [
                311753.66261136997,
                1530632.2760655936
              ],
              [
                311753.66261136997,
                1530672.2760655954
              ]
            ],
            [
              [
                312086.44154203404,
                1530425.9540441111
              ],
              [
                312161.07166898623,
                1530456.994693527
              ],
              [
                312249.60438383091,
                1530431.640689617
              ],
              [
                312339.17713773809,
                1530361.7761876676
              ],
              [
                312410.78968656342,
                1530269.3677403964
              ],
              [
                312462.09705961216,
                1530174.9500157908
              ],
              [
                312548.66627347842,
                1529984.0711095426
              ],
              [
                312576.88160550967,
                1529905.4358556364
              ],
              [
                312595.50587308872,
                1529800.6299474295
              ],
              [
                312570.94410550967,
                1529721.0889318082
              ],
              [
                312531.47511136997,
                1529666.7035558317
              ],
              [
                312435.50465238467,
                1529599.6668126658
              ],
              [
                312335.79823148623,
                1529570.1404454801
              ],
              [
                312268.38123929966,
                1529557.5574376676
              ],
              [
                312263.66261136904,
                1529552.2760655954
              ],
              [
                312175.79884183872,
                1529561.4325597361
              ],
              [
                312099.63123930059,
                1529629.4873693045
              ],
              [
                312049.26502836216,
                1529722.1741368826
              ],
              [
                312044.33949125186,
                1529804.8114659879
              ],
              [
                312063.25001371372,
                1529911.2274816111
              ],
              [
                312044.22535551153,
                1529972.8388097342
              ],
              [
                312010.82996976934,
                1530065.9094884451
              ],
              [
                312001.47816312686,
                1530222.8174474314
              ],
              [
                312043.22010648716,
                1530357.9950597379
              ],
              [
                312086.44154203404,
                1530425.9540441111
              ]
            ],
            [
              [
                311833.66261136997,
                1530362.2760655936
              ],
              [
                311820.21290433872,
                1530369.3604161795
              ],
              [
                311829.38099515811,
                1530395.2252843436
              ],
              [
                311833.66261136997,
                1530362.2760655936
              ]
            ],
            [
              [
                312024.98829496279,
                1528789.4946935251
              ],
              [
                311930.18910062686,
                1528896.2177159898
              ],
              [
                311898.94398344122,
                1528983.2971837595
              ],
              [
                311908.38123929873,
                1529097.5574376658
              ],
              [
                311925.54859769717,
                1529145.4028966501
              ],
              [
                311898.94398344122,
                1529194.3622472342
              ],
              [
                311912.37660062872,
                1529213.1439855173
              ],
              [
                311997.68604887091,
                1529140.5725743864
              ],
              [
                312053.94459379092,
                1529125.5048253611
              ],
              [
                312131.5495742606,
                1529130.1300695036
              ],
              [
                312174.60377347842,
                1529110.3699376676
              ],
              [
                312218.11329496279,
                1529071.4948155936
              ],
              [
                312222.62501371279,
                1528995.7965734079
              ],
              [
                312207.27162015811,
                1528929.8071935233
              ],
              [
                312143.71143949497,
                1528842.2272374686
              ],
              [
                312068.38123930059,
                1528787.5574376658
              ],
              [
                312063.66261136997,
                1528782.2760655936
              ],
              [
                312024.98829496279,
                1528789.4946935251
              ]
            ],
            [
              [
                313503.7175430106,
                1528785.6732823905
              ],
              [
                313598.29029691778,
                1528793.272769697
              ],
              [
                313587.08424222935,
                1528676.5955236051
              ],
              [
                313533.66261136997,
                1528612.2760655936
              ],
              [
                313469.0349258231,
                1528618.8684728201
              ],
              [
                313478.97877347935,
                1528703.5059239957
              ],
              [
                313503.7175430106,
                1528785.6732823905
              ]
            ],
            [
              [
                312123.29395902716,
                1528559.982974777
              ],
              [
                312117.7800430106,
                1528467.4634435233
              ],
              [
                312083.66261136997,
                1528412.2760655936
              ],
              [
                312058.38123929966,
                1528416.9946935233
              ],
              [
                312024.59034574497,
                1528429.1193273105
              ],
              [
                311914.86683500279,
                1528422.579410322
              ],
              [
                311852.6433242606,
                1528439.2450597342
              ],
              [
                311810.59498441685,
                1528462.0941808261
              ],
              [
                311851.47511136997,
                1528520.618350748
              ],
              [
                311937.67201078404,
                1528560.1801183298
              ],
              [
                311948.38123929966,
                1528617.5574376658
              ],
              [
                311970.50648344029,
                1528692.2711827811
              ],
              [
                312020.29469144624,
                1528706.9946935233
              ],
              [
                312123.29395902716,
                1528559.982974777
              ]
            ],
            [
              [
                311385.06092679873,
                1528095.2307775114
              ],
              [
                311460.26966703497,
                1528126.904361492
              ],
              [
                311507.76234281529,
                1528103.4766271189
              ],
              [
                311510.27332914341,
                1528072.2333409879
              ],
              [
                311486.61854398716,
                1527970.4523351248
              ],
              [
                311506.26515043341,
                1527947.6477696951
              ],
              [
                311583.84754789341,
                1527959.0888097361
              ],
              [
                311757.51942289434,
                1528036.1841466501
              ],
              [
                311804.63001859654,
                1527995.5957677439
              ],
              [
                311838.29090726748,
                1527915.6690099314
              ],
              [
                311829.03431546967,
                1527886.904361492
              ],
              [
                311788.94947660435,
                1527822.6813390311
              ],
              [
                311775.15003812872,
                1527717.2168614939
              ],
              [
                311719.33460843936,
                1527652.4310948923
              ],
              [
                311602.40467679966,
                1527631.1017491873
              ],
              [
                311536.51844633091,
                1527594.3414952829
              ],
              [
                311489.03431547247,
                1527576.9043614957
              ],
              [
                311431.45924222935,
                1527559.5697667655
              ],
              [
                311391.43787992373,
                1527469.8792150076
              ],
              [
                311354.94190824404,
                1527444.0021398161
              ],
              [
                311318.29090726748,
                1527427.647769697
              ],
              [
                311313.66261137091,
                1527422.2760655973
              ],
              [
                311244.96510160435,
                1527429.2835118826
              ],
              [
                311181.43177640904,
                1527518.8886144217
              ],
              [
                311159.03431546967,
                1527600.7251622733
              ],
              [
                311181.91700590122,
                1527632.7179601286
              ],
              [
                311247.88319242466,
                1527652.5794103201
              ],
              [
                311251.00941312872,
                1527691.484439617
              ],
              [
                311171.35365140811,
                1527760.111758953
              ],
              [
                311152.83619535528,
                1527861.6284825895
              ],
              [
                311129.77833402622,
                1527888.3917882498
              ],
              [
                311059.03431547061,
                1527919.9591710661
              ],
              [
                311071.9255508231,
                1527972.4469640311
              ],
              [
                311149.03431547247,
                1528016.9043614957
              ],
              [
                311213.12061918247,
                1528056.904361492
              ],
              [
                311248.66139066685,
                1528044.209048992
              ],
              [
                311283.82618558779,
                1527988.0664708707
              ],
              [
                311326.17481840122,
                1527984.6637609079
              ],
              [
                311351.93653715122,
                1528020.9967687186
              ],
              [
                311385.06092679873,
                1528095.2307775114
              ]
            ],
            [
              [
                303155.4475082187,
                1528929.1791417655
              ],
              [
                303126.20636594761,
                1528899.7321202792
              ],
              [
                303121.11885679234,
                1528874.8200109061
              ],
              [
                303106.20636594668,
                1528859.7321202829
              ],
              [
                303103.66261136904,
                1528842.2760655936
              ],
              [
                303071.11885679141,
                1528845.2912023142
              ],
              [
                303076.22791898623,
                1528899.9628331736
              ],
              [
                303111.32958066929,
                1528934.8200109061
              ],
              [
                303155.4475082187,
                1528929.1791417655
              ]
            ]
          ],
          [
            [
              [
                315633.66261136997,
                1536652.2760655936
              ],
              [
                315640.25684965029,
                1536684.4743230399
              ],
              [
                315627.36256254185,
                1536709.505450977
              ],
              [
                315567.67140043154,
                1536766.8562200144
              ],
              [
                315548.76270902529,
                1536747.1760442331
              ],
              [
                315538.56251371279,
                1536737.3760869578
              ],
              [
                315528.76270902529,
                1536687.1760442331
              ],
              [
                315518.56251371279,
                1536657.3760869559
              ],
              [
                315495.60352933779,
                1536586.6242101286
              ],
              [
                315436.31519925967,
                1536587.8341558035
              ],
              [
                315395.73170316592,
                1536533.0879094657
              ],
              [
                315314.0153945731,
                1536454.5760991629
              ],
              [
                315271.75221097749,
                1536434.0718724802
              ],
              [
                315248.76270902622,
                1536385.8074071482
              ],
              [
                315268.76270902622,
                1536327.3760869578
              ],
              [
                315318.69923246279,
                1536136.6521337088
              ],
              [
                315340.0700820731,
                1536116.1202123258
              ],
              [
                315325.39967191778,
                1536015.7315709684
              ],
              [
                315188.72975004185,
                1535920.5264928397
              ],
              [
                315056.91334379092,
                1535856.5759923533
              ],
              [
                314944.38526761904,
                1535834.6082189139
              ],
              [
                314782.62867582217,
                1535837.9094579294
              ],
              [
                314590.72559965122,
                1535877.2150304392
              ],
              [
                314419.00562894903,
                1535930.3977086619
              ],
              [
                314106.79615629092,
                1536073.1383397635
              ],
              [
                313817.87281644717,
                1536268.9860417936
              ],
              [
                313659.5427383231,
                1536408.2692601755
              ],
              [
                313427.65064847749,
                1536628.4323003385
              ],
              [
                313021.22730863467,
                1537063.0714681223
              ],
              [
                312818.33485258091,
                1537308.334892042
              ],
              [
                312681.20533597935,
                1537487.2354199942
              ],
              [
                312508.56251371279,
                1537497.1760633048
              ],
              [
                311954.63978422154,
                1537532.7837094124
              ],
              [
                311923.95069730747,
                1537454.9760701731
              ],
              [
                311913.66261136904,
                1537402.2760655954
              ],
              [
                311923.52162015904,
                1537371.135356674
              ],
              [
                311978.21766508091,
                1537333.4979322031
              ],
              [
                312053.59486234654,
                1537309.6335103568
              ],
              [
                312115.00050199404,
                1537151.6507222746
              ],
              [
                312142.18617094029,
                1536980.9944799002
              ],
              [
                312186.64967191685,
                1536957.4666860197
              ],
              [
                312238.85304105654,
                1536987.0854451731
              ],
              [
                312295.83241117559,
                1537026.2938573416
              ],
              [
                312347.88868558779,
                1537039.9341466501
              ],
              [
                312460.81226957217,
                1537004.1823079661
              ],
              [
                312517.20142972935,
                1536951.9354131296
              ],
              [
                312528.85304105841,
                1536907.4666860178
              ],
              [
                312540.00782621279,
                1536814.249561077
              ],
              [
                312626.18763578311,
                1536748.1634404734
              ],
              [
                312707.97718656529,
                1536709.5635869596
              ],
              [
                312711.38355863653,
                1536623.6353948154
              ],
              [
                312694.04408109561,
                1536586.8948247526
              ],
              [
                312658.99464261997,
                1536520.658328779
              ],
              [
                312654.05384672154,
                1536395.9930303171
              ],
              [
                312709.75391996372,
                1536297.0439031199
              ],
              [
                312766.36768949404,
                1536209.3729283884
              ],
              [
                312820.92335355654,
                1536167.5372960642
              ],
              [
                312892.32655179966,
                1536129.7542455271
              ],
              [
                312984.44630277529,
                1536097.4666478708
              ],
              [
                313045.55470121466,
                1536124.4638707731
              ],
              [
                313092.24659574404,
                1536203.888004072
              ],
              [
                313128.85304105654,
                1536257.0854833201
              ],
              [
                313167.59815824404,
                1536317.0854070242
              ],
              [
                313237.93263090216,
                1536300.6866338346
              ],
              [
                313240.57179105747,
                1536234.1149022672
              ],
              [
                313168.85304105747,
                1536129.8912694529
              ],
              [
                313186.14185941499,
                1536088.9017369803
              ],
              [
                313240.4997695731,
                1536060.1378514841
              ],
              [
                313402.97779691685,
                1536117.0854833182
              ],
              [
                313432.51759183779,
                1536106.1046483573
              ],
              [
                313486.24317777622,
                1536032.8566625211
              ],
              [
                313522.76905668061,
                1536015.6186559275
              ],
              [
                313577.77760160435,
                1535956.250064617
              ],
              [
                313627.8630508231,
                1535958.2352330741
              ],
              [
                313648.3659805106,
                1535919.4899633005
              ],
              [
                313598.85304105747,
                1535854.9233129099
              ],
              [
                313614.12769926153,
                1535810.7189061679
              ],
              [
                313680.68653715122,
                1535764.9179723337
              ],
              [
                313756.01856840029,
                1535729.3654515818
              ],
              [
                313773.52467191592,
                1535655.8727147654
              ],
              [
                313844.56349027622,
                1535614.1097142771
              ],
              [
                313882.07203519717,
                1535556.023929365
              ],
              [
                314036.84498441592,
                1535562.1585729197
              ],
              [
                314051.11134183966,
                1535457.7735021189
              ],
              [
                314088.66261136997,
                1535456.2851598337
              ],
              [
                314148.4099258231,
                1535458.6533238962
              ],
              [
                314149.22413480654,
                1535438.0939366873
              ],
              [
                314098.85304105841,
                1535301.3556554392
              ],
              [
                314112.28443754092,
                1535267.4666478727
              ],
              [
                314128.85304105654,
                1535277.0854833182
              ],
              [
                314181.01490629185,
                1535317.0854833201
              ],
              [
                314255.53150785342,
                1535304.6930577829
              ],
              [
                314328.22437894624,
                1535261.9573094919
              ],
              [
                314374.37672269717,
                1535199.0358617399
              ],
              [
                314413.7468398856,
                1535185.2367284372
              ],
              [
                314438.85304105561,
                1535197.0854833219
              ],
              [
                314480.37525785342,
                1535228.9259984586
              ],
              [
                314518.85304105747,
                1535247.0854833219
              ],
              [
                314610.2409805106,
                1535326.347720867
              ],
              [
                314666.84620511997,
                1535328.5913732089
              ],
              [
                314694.4255508231,
                1535303.038547283
              ],
              [
                314735.59010160435,
                1535258.6104466971
              ],
              [
                314768.47218168247,
                1535247.0854833219
              ],
              [
                314821.25294340122,
                1535230.3749730643
              ],
              [
                314949.74537504185,
                1535139.7873571012
              ],
              [
                315053.1853164481,
                1535060.4659154508
              ],
              [
                315088.28175199404,
                1535041.8947484568
              ],
              [
                315162.22584379185,
                1535006.9971349295
              ],
              [
                315244.65992582217,
                1534918.0292394217
              ],
              [
                315268.66261136904,
                1534917.0780065134
              ],
              [
                315314.62818754092,
                1534918.8999059256
              ],
              [
                315357.32838285342,
                1534898.7476232126
              ],
              [
                315397.67994535435,
                1534840.1062657908
              ],
              [
                315416.76441800967,
                1534767.2760655936
              ],
              [
                315383.64185941592,
                1534640.867679365
              ],
              [
                315408.34034574404,
                1534570.3980138432
              ],
              [
                315412.64210355747,
                1534461.8689611014
              ],
              [
                315318.85304105841,
                1534393.0768468473
              ],
              [
                315328.73341215029,
                1534356.1090734079
              ],
              [
                315393.89698636904,
                1534295.7312657889
              ],
              [
                315438.47218168247,
                1534211.4923741892
              ],
              [
                315428.21583402716,
                1534142.8156163767
              ],
              [
                315399.49146879092,
                1534033.1946446951
              ],
              [
                315395.91602933966,
                1533942.9865148142
              ],
              [
                315438.47218168247,
                1533877.0853307303
              ],
              [
                315443.66261136997,
                1533872.2760655954
              ],
              [
                315448.47218168247,
                1534057.4668004606
              ],
              [
                315461.39454496466,
                1534144.1263463572
              ],
              [
                315488.85304105654,
                1534157.0853307322
              ],
              [
                315498.47218168154,
                1534170.7578160819
              ],
              [
                315444.78565824497,
                1534220.5008580759
              ],
              [
                315459.53663480654,
                1534248.3777501639
              ],
              [
                315423.11207425967,
                1534317.2144200876
              ],
              [
                315499.88575590029,
                1534518.4122350309
              ],
              [
                315565.57179105747,
                1534664.1901280936
              ],
              [
                315608.58326566499,
                1534745.4724767283
              ],
              [
                315738.77857816592,
                1534903.3804967497
              ],
              [
                315804.78077543247,
                1534868.4558751676
              ],
              [
                315818.47950590029,
                1534897.4814488944
              ],
              [
                315829.64405668154,
                1534897.0389440116
              ],
              [
                315828.04737699404,
                1534856.7447545603
              ],
              [
                315856.38477933872,
                1534830.4880406912
              ],
              [
                315888.6980117606,
                1534847.5861241911
              ],
              [
                315928.47218168061,
                1534817.0853307322
              ],
              [
                315974.04347074591,
                1534802.65723015
              ],
              [
                316063.54420316592,
                1534771.28760124
              ],
              [
                316098.47218168247,
                1534779.2890050486
              ],
              [
                316078.45753324497,
                1534817.111881027
              ],
              [
                316079.62086332403,
                1534846.4649083707
              ],
              [
                316043.81764066685,
                1534893.1546666697
              ],
              [
                316058.85304105747,
                1534907.085330734
              ],
              [
                316076.37745511904,
                1534925.9989049509
              ],
              [
                316058.47218168154,
                1534977.085330734
              ],
              [
                316048.85304105654,
                1535077.4666478671
              ],
              [
                316038.03639066685,
                1535139.5897557829
              ],
              [
                315997.70802152622,
                1535198.1954076365
              ],
              [
                316000.44605863374,
                1535267.2760655954
              ],
              [
                315997.94972074497,
                1535330.2770116422
              ],
              [
                315977.72022855747,
                1535368.505771406
              ],
              [
                315979.65260160435,
                1535417.2409703806
              ],
              [
                315938.47218168154,
                1535477.0854833219
              ],
              [
                315926.75343168247,
                1535514.1001012418
              ],
              [
                315930.31056058779,
                1535603.8394811209
              ],
              [
                315903.66261137091,
                1535612.2760655954
              ],
              [
                315909.48292387091,
                1535572.449863201
              ],
              [
                315907.77882230654,
                1535488.986881027
              ],
              [
                315957.78126371466,
                1535373.4192540739
              ],
              [
                315971.05152738467,
                1535156.4821507987
              ],
              [
                315988.76270902529,
                1535087.3760106619
              ],
              [
                315998.56251371279,
                1535017.176120529
              ],
              [
                316038.56251371372,
                1534884.9906041678
              ],
              [
                316012.41261136904,
                1534837.4545934256
              ],
              [
                315953.4880508231,
                1534836.2522008494
              ],
              [
                315868.76270902529,
                1534907.3761632536
              ],
              [
                315813.36475980654,
                1534948.4418370817
              ],
              [
                315788.74806058872,
                1534996.2288549002
              ],
              [
                315775.09205472842,
                1535066.1760594901
              ],
              [
                315728.82984769624,
                1535144.1094091032
              ],
              [
                315688.56251371372,
                1535197.1761205271
              ],
              [
                315656.88282621372,
                1535245.4961278532
              ],
              [
                315549.99317777622,
                1535315.5760839041
              ],
              [
                315510.70240629092,
                1535391.8450048044
              ],
              [
                315497.83985746186,
                1535483.9845922068
              ],
              [
                315468.56251371372,
                1535527.1761205252
              ],
              [
                315455.62916410249,
                1535619.8209264334
              ],
              [
                315431.55445707403,
                1535644.8789098356
              ],
              [
                315357.03663480747,
                1535659.4260289744
              ],
              [
                315329.16309964936,
                1535686.2074925993
              ],
              [
                315310.69019925967,
                1535740.1747777518
              ],
              [
                315338.76270902529,
                1535837.1761205308
              ],
              [
                315350.27149808779,
                1535978.3385350797
              ],
              [
                315387.58595121372,
                1536017.1761205252
              ],
              [
                315426.47999418247,
                1535999.1767003592
              ],
              [
                315448.29640043154,
                1535978.2166173514
              ],
              [
                315461.33839261904,
                1535927.3262670096
              ],
              [
                315447.70191800874,
                1535820.6441381034
              ],
              [
                315464.41212308872,
                1535769.1515233573
              ],
              [
                315548.76270902529,
                1535757.3760106619
              ],
              [
                315618.56251371466,
                1535737.176120529
              ],
              [
                315643.66261136997,
                1535732.2760655936
              ],
              [
                315651.22730863653,
                1535764.9217870291
              ],
              [
                315647.59571683872,
                1535789.4930150583
              ],
              [
                315533.13404691592,
                1535770.6902196463
              ],
              [
                315481.10645902716,
                1535791.1434056833
              ],
              [
                315493.93360746372,
                1535877.9482152555
              ],
              [
                315471.43360746372,
                1535975.050113447
              ],
              [
                315448.01930082217,
                1536006.632297283
              ],
              [
                315439.30592191592,
                1536094.35400749
              ],
              [
                315470.39600980654,
                1536107.0784642752
              ],
              [
                315458.01930082217,
                1536116.6322972868
              ],
              [
                315449.30592191685,
                1536141.1948278025
              ],
              [
                315469.47682035342,
                1536156.7641332224
              ],
              [
                315465.9587539481,
                1536180.5708959177
              ],
              [
                315438.12916410342,
                1536176.4583470933
              ],
              [
                315429.30592191592,
                1536190.3200414274
              ],
              [
                315460.3337539481,
                1536269.2457463797
              ],
              [
                315478.66261136904,
                1536266.5371587388
              ],
              [
                315494.73927152622,
                1536268.9129521921
              ],
              [
                315472.43458402529,
                1536305.8904912528
              ],
              [
                315506.21021879185,
                1536331.9614293631
              ],
              [
                315519.12891996372,
                1536393.1829717234
              ],
              [
                315542.21241605654,
                1536431.450793989
              ],
              [
                315600.1140273856,
                1536455.1486089323
              ],
              [
                315587.11842191685,
                1536499.720905073
              ],
              [
                315617.37232816592,
                1536495.25000358
              ],
              [
                315623.66261136904,
                1536532.2760655954
              ],
              [
                315611.47022855654,
                1536535.6993749198
              ],
              [
                315620.23975980654,
                1536544.4682958163
              ],
              [
                315623.66261136904,
                1536532.2760655954
              ],
              [
                315642.72511136904,
                1536524.782016525
              ],
              [
                315630.01881254092,
                1536610.7700994089
              ],
              [
                315658.66261136997,
                1536606.5371587332
              ],
              [
                315672.17091214936,
                1536608.5334661063
              ],
              [
                315666.53248441592,
                1536646.6923406199
              ],
              [
                315633.66261136997,
                1536652.2760655936
              ],
              [
                315629.74537504185,
                1536619.2187383231
              ],
              [
                315620.48390043247,
                1536639.0979650076
              ],
              [
                315613.66261136904,
                1536642.2760655973
              ],
              [
                315608.76270902622,
                1536587.1760442313
              ],
              [
                315593.46241605654,
                1536557.476032028
              ],
              [
                315578.76270902622,
                1536527.1760442331
              ],
              [
                315537.23805082124,
                1536472.4510839041
              ],
              [
                315498.56251371466,
                1536397.3760869596
              ],
              [
                315463.21827543247,
                1536324.5236089323
              ],
              [
                315425.59254300967,
                1536262.477710491
              ],
              [
                315389.15699613653,
                1536187.3760106657
              ],
              [
                315349.29371488467,
                1536206.3455846384
              ],
              [
                315328.78712308872,
                1536246.1510350779
              ],
              [
                315325.56080473028,
                1536404.2543675955
              ],
              [
                315444.53175199404,
                1536512.8228642996
              ],
              [
                315513.20484769717,
                1536535.107562786
              ],
              [
                315572.09889066592,
                1536656.5024449881
              ],
              [
                315613.66261136904,
                1536642.2760655973
              ],
              [
                315613.66261136904,
                1536652.2760655936
              ],
              [
                315633.66261136997,
                1536652.2760655936
              ]
            ],
            [
              [
                315370.03101957217,
                1536085.7498815116
              ],
              [
                315378.13282621466,
                1536155.9073522147
              ],
              [
                315407.15260160528,
                1536146.283328779
              ],
              [
                315416.98536527529,
                1536120.1955297068
              ],
              [
                315393.66261136904,
                1536072.2760655954
              ],
              [
                315370.03101957217,
                1536085.7498815116
              ]
            ]
          ]
        ]
      },
      "properties" : {
        "OBJECTID" : 5,
        "gridcode" : 5,
        "Shape_Length" : 119849.47772958547,
        "Shape_Area" : 44766696.40546333
      }
    }
  ]
}