{"name":"JSONFeature","type":"FeatureCollection"
,"features":[
{"type":"Feature","geometry":null,"properties":{"type":"FeatureCollection","crs":{"type":"name","properties":{"name":"EPSG:32649"}},"features":[{"type":"Feature","id":1,"geometry":{"type":"MultiPolygon","coordinates":[[[[315020,1521400],[315020,1521410],[315009.999999999,1521410],[315009.999999999,1521400],[315020,1521400]]],[[[315000.000000002,1521410],[315000.000000002,1521420],[314990.000000004,1521420],[314990.000000004,1521410],[315000.000000002,1521410]]],[[[315074.121093751,1521445.94360352],[315012.041015626,1521493.86230469],[314990.000000004,1521500.00000001],[315004.699707032,1521484.69970703],[315043.699951175,1521447.22900391],[315064.555664063,1521406.74560547],[315030,1521400],[315034.356689454,1521394.35668945],[315083.032226563,1521385.64331055],[315074.121093751,1521445.94360352]]],[[[314980.000000004,1521500.00000001],[314980.000000004,1521510],[314970.000000001,1521510],[314970.000000001,1521500.00000001],[314980.000000004,1521500.00000001]]],[[[314960.000000001,1521520],[314960.000000001,1521530],[314950.000000001,1521530],[314950.000000001,1521520],[314960.000000001,1521520]]],[[[314950.000000001,1521540],[314950.000000001,1521550],[314940.000000003,1521550],[314940.000000003,1521540],[314950.000000001,1521540]]],[[[314983.359375002,1521628.18237305],[314960.000000001,1521640],[314950.000000001,1521620],[314974.197998048,1521607.97119141],[314983.359375002,1521628.18237305]]],[[[312950.000000001,1521700],[312960.000000001,1521700],[312960.000000001,1521710],[312950.000000001,1521710],[312950.000000001,1521700]]],[[[314970.000000001,1521710],[314960.000000001,1521710],[314960.000000001,1521660],[314976.164550782,1521672.47680664],[314970.000000001,1521710]]],[[[312960.000000001,1521710],[312980.000000001,1521710],[312980.000000001,1521720.00000001],[312960.000000001,1521720.00000001],[312960.000000001,1521710]]],[[[312980.000000001,1521720.00000001],[312990.000000002,1521720.00000001],[312990.000000002,1521730.00000001],[312980.000000001,1521730.00000001],[312980.000000001,1521720.00000001]]],[[[312990.000000002,1521730.00000001],[312999.999999999,1521730.00000001],[312999.999999999,1521740],[312990.000000002,1521740],[312990.000000002,1521730.00000001]]],[[[312999.999999999,1521740],[313020,1521740],[313020,1521750],[312999.999999999,1521750],[312999.999999999,1521740]]],[[[313020,1521750],[313030,1521750],[313030,1521760],[313020,1521760],[313020,1521750]]],[[[313030,1521760],[313050.000000001,1521760],[313050.000000001,1521770],[313030,1521770],[313030,1521760]]],[[[313050.000000001,1521770],[313060.000000001,1521770],[313060.000000001,1521780],[313050.000000001,1521780],[313050.000000001,1521770]]],[[[313080.000000004,1521790],[313070.000000001,1521790],[313070.000000001,1521780],[313080.000000004,1521780],[313080.000000004,1521790]]],[[[314970.000000001,1521710],[315001.356201173,1521731.64916992],[314993.452148438,1521766.90307617],[314960.000000001,1521790],[314960.000000001,1521770],[314973.594970703,1521759.50683594],[314975.743408206,1521744.96582032],[314970.000000001,1521710]]],[[[313080.000000004,1521790],[313090.000000004,1521790],[313090.000000004,1521800],[313080.000000004,1521800],[313080.000000004,1521790]]],[[[313109.999999999,1521810],[313100.000000002,1521810],[313100.000000002,1521800],[313109.999999999,1521800],[313109.999999999,1521810]]],[[[313109.999999999,1521810],[313120,1521810],[313120,1521820],[313109.999999999,1521820],[313109.999999999,1521810]]],[[[313120,1521820],[313142.14355469,1521824.47021485],[313150.000000003,1521840],[313127.856445316,1521835.52978516],[313120,1521820]]],[[[313150.000000003,1521840],[313185.593261718,1521849.13452148],[313200.000000004,1521870],[313164.406738281,1521860.86547852],[313150.000000003,1521840]]],[[[313200.000000004,1521870],[313222.143554688,1521874.47021484],[313230,1521890],[313207.856445313,1521885.52978516],[313200.000000004,1521870]]],[[[313230,1521890],[313250,1521890],[313250,1521900],[313230,1521900],[313230,1521890]]],[[[313250,1521900],[313260.000000003,1521900],[313260.000000003,1521910],[313250,1521910],[313250,1521900]]],[[[313260.000000003,1521910],[313280.000000001,1521910],[313280.000000001,1521920],[313260.000000003,1521920],[313260.000000003,1521910]]],[[[313280.000000001,1521920],[313300.000000003,1521920],[313300.000000003,1521930],[313280.000000001,1521930],[313280.000000001,1521920]]],[[[313300.000000003,1521930],[313310.000000004,1521930],[313310.000000004,1521940],[313300.000000003,1521940],[313300.000000003,1521930]]],[[[312570,1521930],[312566.640625002,1521946.640625],[312536.640625001,1521946.72851563],[312570,1521930]]],[[[315009.999999999,1521960],[315020,1521960],[315020,1521970],[315009.999999999,1521970],[315009.999999999,1521960]]],[[[313310.000000004,1521940],[313335.372314456,1521944.62768555],[313404.627685547,1521975.37231445],[313505.156250004,1522013.52050781],[313700.354003908,1522072.12890626],[313755.372314453,1522084.62768555],[313760.000000004,1522090],[313666.682128905,1522082.24365234],[313660.000000002,1522090],[313646.640625001,1522083.359375],[313610.000000001,1522080],[313606.561279299,1522073.203125],[313566.640625002,1522053.359375],[313550.000000002,1522050],[313550.000000002,1522040],[313540.000000001,1522040],[313520.000000001,1522040],[313520.000000001,1522030],[313510.000000001,1522030],[313490.000000003,1522030],[313490.000000003,1522020],[313480.000000003,1522020],[313453.359375,1522016.640625],[313420.000000004,1522000],[313400.000000001,1522000],[313400.000000001,1521990],[313390.000000001,1521990],[313390.000000001,1521980],[313380,1521980],[313370.000000003,1521980],[313370.000000003,1521970],[313360,1521970],[313350,1521970],[313350,1521960],[313340,1521960],[313330.000000002,1521960],[313330.000000002,1521950.00000001],[313320.000000002,1521950.00000001],[313310.000000004,1521950.00000001],[313310.000000004,1521940]]],[[[313810,1522090],[313810,1522100],[313779.999999999,1522100],[313779.999999999,1522090],[313810,1522090]]],[[[313920,1522100],[313920,1522110],[313900,1522110],[313900,1522100],[313920,1522100]]],[[[314070.000000001,1522100],[314070.000000001,1522110],[314050,1522110],[314050,1522100],[314070.000000001,1522100]]],[[[313590.000000003,1522190],[313623.765869141,1522195.45898438],[313644.174804688,1522260.98388672],[313610.000000001,1522270],[313583.359375,1522256.640625],[313580,1522240],[313592.80761719,1522235],[313580,1522230],[313580,1522220],[313580,1522210],[313580,1522190],[313590.000000003,1522190]]],[[[312370.000000003,1522270],[312366.576538086,1522282.19238281],[312357.80761719,1522273.42285156],[312370.000000003,1522270]]],[[[314003.81958008,1522284.26513672],[313937.705078126,1522272.88330078],[313920,1522280],[313928.712158204,1522228.7121582],[313980.000000004,1522220],[313980.000000004,1522230],[313990.000000002,1522230],[314000.000000002,1522230],[314010.267333984,1522255.54077149],[314003.81958008,1522284.26513672]]],[[[312318.106689454,1522222.46337891],[312312.761840824,1522235.4296875],[312327.313232423,1522254.66918945],[312307.703247071,1522295.77758789],[312286.040039066,1522307.65136719],[312270.000000001,1522300],[312277.600097657,1522269.05639648],[312250.000000003,1522250],[312240,1522250],[312240,1522230],[312244.26940918,1522222.21069337],[312279.279174805,1522206.45996094],[312318.106689454,1522222.46337891]]],[[[312413.15551758,1522403.93798828],[312395.552978516,1522386.9897461],[312420.000000001,1522380],[312413.15551758,1522403.93798828]]],[[[313779.999999999,1522570],[313770.000000002,1522570],[313775.000000002,1522557.19238281],[313779.999999999,1522570]]],[[[313890.000000002,1522580],[313790,1522580],[313790,1522570],[313785.552978517,1522554.44702149],[313767.027587892,1522539.61181641],[313752.861328125,1522489.9987793],[313770.000000002,1522430],[313779.999999999,1522430],[313790,1522430],[313800,1522430],[313810,1522430],[313830,1522430],[313830,1522440],[313840.000000001,1522440],[313850.000000001,1522440],[313850.000000001,1522450],[313850.000000001,1522460],[313870.000000004,1522460],[313870.000000004,1522470],[313880.000000002,1522470],[313890.000000002,1522470],[313890.000000002,1522480],[313900,1522480],[313900,1522490],[313910,1522490],[313924.068603517,1522500.46508789],[313910,1522560],[313900,1522560],[313900,1522570],[313890.000000002,1522570],[313890.000000002,1522580]]],[[[313446.187744141,1522636.18774414],[313427.934570313,1522662.18383789],[313370.822753907,1522681.64672852],[313336.187744141,1522654.67285156],[313357.663574219,1522624.08447266],[313450,1522620.00000001],[313446.187744141,1522636.18774414]]],[[[315474.537353516,1522688.51562501],[315368.018798829,1522734.71191406],[315350,1522740],[315392.216796876,1522687.22290039],[315400.000000001,1522660],[315405.190429691,1522664.80957031],[315423.502197266,1522684.57153321],[315430.000000004,1522610],[315462.96386719,1522619.67285156],[315474.537353516,1522688.51562501]]],[[[315340.000000002,1522760],[315340.000000002,1522770],[315330.000000001,1522770],[315330.000000001,1522760],[315340.000000002,1522760]]],[[[314223.155517578,1522783.93798828],[314205.552978517,1522766.9897461],[314229.999999999,1522760],[314223.155517578,1522783.93798828]]],[[[314234.447021484,1522874.43481446],[314190.000000001,1522930],[314156.60888672,1522942.83569336],[314150.000000003,1522890],[314222.655029299,1522861.19262695],[314234.447021484,1522874.43481446]]],[[[314153.764648438,1523108.81225587],[314143.630371095,1523144.87182617],[314120,1523160],[314128.712158203,1523108.7121582],[314140,1523100],[314153.764648438,1523108.81225587]]],[[[315568.955078127,1523132.28027344],[315548.677978515,1523206.36840821],[315532.01049805,1523251.7553711],[315500.000000003,1523240],[315506.718750001,1523226.71875],[315526.640625,1523216.640625],[315530.000000001,1523180],[315521.918945313,1523164.0246582],[315490,1523160],[315524.627685547,1523104.62768555],[315539.573974608,1523085.37231445],[315568.955078127,1523132.28027344]]],[[[313623.17871094,1523476.82128907],[313642.846679688,1523485.98510742],[313591.047363285,1523493.17871094],[313566.821289065,1523473.60961915],[313620.000000001,1523470],[313623.17871094,1523476.82128907]]],[[[312721.303710938,1523359.58374024],[312751.546020509,1523465.35766602],[312731.606445313,1523499.27856445],[312670,1523510.00000001],[312683.453369141,1523475],[312657.039794926,1523406.28295899],[312650.000000002,1523350],[312683.254394531,1523337.21801758],[312721.303710938,1523359.58374024]]],[[[315480,1523540],[315484.562988281,1523591.29394531],[315508.128662111,1523627.48291016],[315490,1523640],[315490,1523630],[315480,1523630],[315480,1523610],[315470,1523610],[315470,1523540],[315480,1523540]]],[[[315480,1523730.00000001],[315480,1523650],[315490,1523650],[315490,1523730.00000001],[315480,1523730.00000001]]],[[[315480,1523730.00000001],[315480,1523760],[315470,1523760],[315470,1523730.00000001],[315480,1523730.00000001]]],[[[315470,1523760],[315470,1523790],[315459.999999999,1523790],[315459.999999999,1523760],[315470,1523760]]],[[[315459.999999999,1523800],[315459.999999999,1523830],[315450.000000002,1523830],[315450.000000002,1523800],[315459.999999999,1523800]]],[[[315450.000000002,1523840],[315450.000000002,1523850],[315440.000000001,1523850],[315440.000000001,1523840],[315450.000000002,1523840]]],[[[315440.000000001,1523880],[315440.000000001,1523890],[315430.000000004,1523890],[315430.000000004,1523880],[315440.000000001,1523880]]],[[[315430.000000004,1523920],[315430.000000004,1523940],[315420.000000001,1523940],[315420.000000001,1523920],[315430.000000004,1523920]]],[[[315440.000000001,1523980],[315430.000000004,1523980],[315430.000000004,1523960.00000001],[315440.000000001,1523960.00000001],[315440.000000001,1523980]]],[[[315440.000000001,1523980],[315473.018798829,1524002.79785156],[315480,1524030],[315446.981201173,1524007.20214844],[315440.000000001,1523980]]],[[[314816.577148437,1524032.19238282],[314807.807617188,1524023.42285156],[314820.000000003,1524020],[314816.577148437,1524032.19238282]]],[[[315480,1524030],[315490,1524030],[315490,1524040],[315480,1524040],[315480,1524030]]],[[[313525.466308596,1524043.54492188],[313516.097412112,1523998.90014648],[313530.000000004,1523990],[313525.466308596,1524043.54492188]]],[[[315561.66015625,1524040.04882813],[315582.154541017,1524113.64624023],[315551.673583986,1524191.18041992],[315520.000000001,1524200],[315528.168945313,1524168.16894531],[315554.084472659,1524106.46728516],[315545.915527344,1524054.08447266],[315510.000000001,1524050],[315531.65161133,1524021.94824219],[315561.66015625,1524040.04882813]]],[[[313994.447021484,1524055.55297852],[314016.658935548,1524073.34106446],[314038.634033204,1524100.7824707],[314033.50341797,1524142.02758789],[314014.447021484,1524174.44702148],[314005.552978517,1524195.55297852],[313955.629882813,1524235.53100586],[313899.315185547,1524251.63208008],[313848.513183595,1524188.19213867],[313879.49584961,1524116.41967774],[313947.133789063,1524062.25585938],[313990.000000002,1524050],[313994.447021484,1524055.55297852]]],[[[313960.000000001,1524410.00000001],[313955.593261721,1524394.17358398],[313944.484863285,1524395.81542969],[313903.33129883,1524341.29272461],[313909.155273437,1524301.88232422],[313984.282226566,1524249.63623047],[314008.46435547,1524280.96679688],[313994.20288086,1524304.60937501],[313997.390136722,1524326.1706543],[313974.356689453,1524364.35668946],[313965.643310547,1524405.64331055],[313960.000000001,1524410.00000001]]],[[[313626.57714844,1524832.19238281],[313617.807617188,1524823.42285157],[313630.000000001,1524820],[313626.57714844,1524832.19238281]]],[[[315495.552978516,1524265.55297852],[315472.788085941,1524318.29101563],[315429.172363282,1524336.66992188],[315415.552978517,1524445.55297852],[315375.85083008,1524507.95898438],[315360.850830079,1524577.28759766],[315298.057861332,1524627.57080078],[315275.552978516,1524670.42358399],[315295.552978518,1524704.44702149],[315304.447021488,1524740.42358398],[315279.232177734,1524783.3190918],[315226.862792969,1524815.12695313],[315220.000000002,1524870],[315206.026611328,1524857.51464844],[315185.28076172,1524822.08618164],[315252.493896484,1524762.03247071],[315265.582275391,1524636.43066406],[315351.877441406,1524512.8894043],[315388.894042972,1524353.79150391],[315485.280761719,1524245.28076172],[315494.719238281,1524224.71923828],[315500.000000003,1524220],[315495.552978516,1524265.55297852]]],[[[314360,1524840],[314351.257324219,1524874.06982422],[314335.915527345,1524856.62841797],[314360,1524840]]],[[[313960.000000001,1524410.00000001],[313965.577392582,1524424.8425293],[313951.19140625,1524502.63183594],[313961.121826173,1524600.05737305],[313932.712402345,1524705.68847656],[313912.437744143,1524752.43774414],[313872.143554688,1524769.91210938],[313837.977294923,1524798.29345704],[313790.462646484,1524884.53735352],[313696.191406254,1524873.26904297],[313674.537353517,1524835.46264649],[313665.064697269,1524792.74169922],[313652.799072267,1524834.53735352],[313625.462646487,1524746.10595703],[313634.537353517,1524694.53735352],[313645.462646486,1524665.46264649],[313661.762695312,1524609.91699219],[313688.12866211,1524578.17626953],[313763.839111328,1524561.38793946],[313765.509033203,1524545],[313764.458007813,1524534.67773438],[313785.108642579,1524498.62060547],[313797.320556642,1524389.7241211],[313839.35546875,1524316.09863281],[313887.469482423,1524345.77514649],[313881.405029297,1524405.27465821],[313960.000000001,1524410.00000001]],[[313910,1524440],[313897.807617188,1524443.42285157],[313906.577148438,1524452.19238281],[313910,1524440]],[[313750.000000004,1524580],[313737.80761719,1524583.42285156],[313746.577148438,1524592.19238281],[313750.000000004,1524580]],[[313740.000000001,1524600],[313727.807617188,1524603.42285157],[313736.57714844,1524612.19238281],[313740.000000001,1524600]],[[313710.000000003,1524710],[313697.80761719,1524713.42285156],[313706.577148438,1524722.19238282],[313710.000000003,1524710]]],[[[314290.000000001,1524880],[314303.952636719,1524890],[314290.000000001,1524900],[314290.000000001,1524880]]],[[[314290.000000001,1524900],[314286.577148438,1524912.19238281],[314277.807617188,1524903.42285157],[314290.000000001,1524900]]],[[[314270.000000003,1524920],[314282.807617188,1524925],[314270.000000003,1524930],[314270.000000003,1524920]]],[[[312210.000000002,1525020],[312210.000000002,1525010],[312220,1525010],[312220,1525020],[312210.000000002,1525020]]],[[[315230.000000002,1525070],[315262.014160156,1524997.88208008],[315243.950195313,1524918.37280273],[315220.000000002,1524880],[315256.539306642,1524871.53320313],[315287.062988282,1524876.04370117],[315280.206298829,1524922.44018555],[315295.643310547,1524934.35668945],[315304.356689453,1524965.64331055],[315319.416503906,1524990.61035156],[315292.371826172,1525059.40429688],[315230.000000002,1525070]]],[[[314300.000000001,1525080.00000001],[314303.422851564,1525067.80761719],[314312.192382813,1525076.57714844],[314300.000000001,1525080.00000001]]],[[[315295.643310547,1525105.64331055],[315276.126708984,1525138.00048829],[315260.604248046,1525193.73901367],[315241.873779299,1525169.47143555],[315255.681152345,1525085.41625977],[315300.000000001,1525080.00000001],[315295.643310547,1525105.64331055]]],[[[313430.000000001,1525250],[313430.000000001,1525260],[313420.000000004,1525260],[313420.000000004,1525250],[313430.000000001,1525250]]],[[[305971.371459964,1524979.59106445],[306046.610717774,1525068.03710938],[306070.562438966,1525089.43725586],[306084.718627932,1525105.28076172],[306192.493286133,1525201.1328125],[306286.895751956,1525218.75366211],[306392.979431153,1525262.87597657],[306404.71862793,1525425.28076172],[306410,1525450],[306390.000000002,1525440],[306382.79663086,1525397.59643555],[306360.000000001,1525380],[306354.491271975,1525360.21728516],[306304.735107423,1525288.66943359],[306229.308166507,1525266.6772461],[306190,1525260],[306190,1525250],[306179.999999999,1525250],[306165.593566895,1525229.13452148],[306130.000000001,1525220],[306130.000000001,1525210],[306120.000000001,1525210],[306115.52978516,1525187.85644531],[306100,1525180],[306093.281250004,1525166.71875],[306080,1525160],[306080,1525150],[306069.999999999,1525150],[306069.999999999,1525140],[306060.000000002,1525140],[306053.281250001,1525126.71875],[306040.000000004,1525120],[306040.000000004,1525110],[306030.000000001,1525110],[306030.000000001,1525100],[306020.000000001,1525100],[306020.000000001,1525090],[306010.000000001,1525090],[305974.447021487,1525045.55297852],[305943.495178223,1524990.80688477],[305930.000000004,1524980],[305925.529785155,1524957.85644531],[305910.000000001,1524950],[305910.000000001,1524940],[305900.000000001,1524940],[305890.949707032,1524903.15307617],[305910.000000001,1524890],[305971.371459964,1524979.59106445]]],[[[313130,1525450],[313100.000000002,1525450],[313100.000000002,1525440],[313103.359375,1525423.359375],[313116.640625001,1525396.640625],[313123.359375003,1525363.359375],[313136.640625,1525356.640625],[313140,1525340],[313156.640625,1525343.359375],[313170.000000001,1525350],[313170.000000001,1525360],[313170.000000001,1525390],[313180.000000001,1525390],[313180.000000001,1525400],[313160.078125,1525410.078125],[313150.000000003,1525430],[313140,1525430],[313140,1525440],[313130,1525440],[313130,1525450]]],[[[306420,1525480],[306410,1525480],[306410,1525470],[306420,1525470],[306420,1525480]]],[[[314954.537353516,1525325.46264649],[314965.462646487,1525344.53735352],[314974.537353517,1525375.46264649],[314985.462646486,1525384.53735352],[314994.537353519,1525441.68823242],[314960.157470704,1525484.53735352],[314912.490234377,1525374.62524414],[314919.368896488,1525307.13745117],[314940.000000003,1525290],[314954.537353516,1525325.46264649]]],[[[315020,1521970],[315045.190429688,1521974.80957032],[315057.835693361,1521988.45703125],[315053.840332034,1522089.25048828],[315094.567871095,1522148.4362793],[315080.000000001,1522190],[315074.447021488,1522185.55297852],[315064.714355472,1522151.51489258],[315003.930664063,1522168.87207031],[314945.367431642,1522203.29711914],[314940.000000003,1522210],[314930,1522210],[314930,1522220],[314930,1522240],[314920,1522240],[314920,1522250],[314915.372314454,1522335.37231445],[314891.099853516,1522401.46606445],[314895.610351565,1522457.60253906],[314915.372314454,1522474.62768555],[314944.627685547,1522512.93579102],[314924.627685549,1522604.62768555],[314914.636230472,1522724.17236329],[314853.261718754,1522798.36914063],[314855.789794925,1522829.82543945],[314890.000000002,1522890],[314890.000000002,1522900],[314899.999999999,1522900],[314899.999999999,1522920],[314899.999999999,1522930],[314910,1522930],[314910,1522960],[314910,1522980],[314920,1522980],[314934.719238281,1523035.28076172],[314958.093261722,1523091.48071289],[314995.280761722,1523144.71923828],[315052.697753909,1523247.44995117],[315024.719238281,1523314.71923828],[315020,1523350],[315020,1523360],[315050.000000003,1523360],[315050.000000003,1523350],[315070.000000001,1523350],[315070.000000001,1523360],[315080.000000001,1523360],[315100.000000004,1523360],[315120.000000002,1523360],[315120.000000002,1523350],[315120.000000002,1523320],[315120.000000002,1523310],[315127.990722656,1523280.52734375],[315168.050537112,1523255.73486328],[315224.537353519,1523265.84106445],[315275.563964845,1523304.23583984],[315320.300292969,1523311.93847656],[315364.265136719,1523294.26513672],[315455.73486328,1523285.73486329],[315459.999999999,1523280],[315475.643310551,1523284.35668946],[315494.356689457,1523295.64331055],[315517.216796878,1523305],[315511.390380859,1523344.42993164],[315540.003662111,1523356.14013672],[315532.965087893,1523403.76831055],[315564.062500001,1523445.71166992],[315514.194335938,1523504.54711914],[315517.026367188,1523523.7097168],[315480,1523530],[315496.640625,1523496.640625],[315500.000000003,1523480],[315510.000000001,1523480],[315510.000000001,1523470],[315526.793212892,1523420.9362793],[315505.699462894,1523355.93261719],[315485.684814453,1523335.10009766],[315474.899902347,1523374.89990234],[315465.100097657,1523425.10009766],[315445.567626953,1523482.16430664],[315444.318847656,1523543.40087891],[315456.845703126,1523580],[315415.455322266,1523700.92651367],[315400.024414066,1523811.46240235],[315339.061279299,1523826.32324219],[315325.097656251,1523855.10375977],[315285.000000001,1523854.28588867],[315205.324707034,1523855.91186523],[315204.698486332,1523825.23193359],[315244.631347658,1523759.38232422],[315118.358154298,1523733.51928711],[315077.03125,1523753.56933594],[315015.150146487,1523802.62939453],[315014.30419922,1523844.07226563],[315042.445068363,1523873.36181641],[315125.100097657,1523884.89990235],[315154.899902345,1523905.10009766],[315207.838134767,1523936.52587891],[315273.531494141,1524004.89990234],[315335.100097659,1523955.10009766],[315349.654541018,1523925.10009766],[315434.876708988,1524003.9453125],[315435.711669922,1524044.89990234],[315394.899902343,1524035.10009766],[315358.341064454,1524010.31860352],[315334.301757813,1524045.7824707],[315336.26953125,1524142.21679688],[315314.899902344,1524194.89990235],[315290.705566406,1524305.12084961],[315238.050537111,1524393.82202149],[315204.526367188,1524405.29663086],[315129.802246095,1524403.77197266],[315099.964599609,1524526.16455078],[315028.49609375,1524635.17333985],[315005.631103518,1524634.70703126],[314939.794921876,1524683.51074219],[314829.207763674,1524824.97436524],[314804.312744142,1524886.34643555],[314806.881103518,1525012.16308594],[314766.893310547,1525078.10302735],[314754.899902344,1525124.89990234],[314745.015869142,1525246.12915039],[314715.134277347,1525333.43139649],[314714.328613284,1525372.87231446],[314731.868896485,1525441.30981445],[314705.10009766,1525455.10009765],[314674.899902345,1525464.89990235],[314600.939941406,1525494.89990235],[314555.504150391,1525444.7241211],[314554.693603516,1525405],[314555.859375001,1525347.86499023],[314536.257324222,1525271.37451172],[314557.349853519,1525184.84985352],[314624.321289065,1525096.58935547],[314644.899902347,1525036.46850586],[314631.075439454,1524977.82836914],[314610.200195315,1524934.79980469],[314576.879882813,1524870.11962891],[314547.290039066,1524795.10009766],[314482.849121095,1524877.52319336],[314426.092529298,1524964.09179688],[314380.642089844,1524994.89990235],[314374.896240238,1524985.09277344],[314375.203857425,1524970],[314374.896240238,1524954.90356446],[314385.902099609,1524944.32861328],[314375.10009766,1524844.89990235],[314360,1524840],[314364.899902347,1524834.89990235],[314385.238037112,1524825.03295898],[314365.100097657,1524805.68481445],[314385.031738283,1524794.82788086],[314394.97924805,1524805.18188477],[314431.076660159,1524780.71289063],[314454.068603516,1524804.64355469],[314504.899902344,1524684.89990234],[314534.449462893,1524627.5378418],[314546.407470704,1524557.43774414],[314534.503173831,1524534.32983399],[314535.516357422,1524484.68383789],[314513.87451172,1524485.12451172],[314516.402587891,1524361.26464844],[314505.100097658,1524314.89990235],[314485.762939457,1524277.36206055],[314484.70703125,1524225.65185547],[314504.899902344,1524146.86035157],[314487.447509766,1524107.75146485],[314458.674316406,1524077.80395508],[314425.092773439,1524095.10375977],[314415.000000001,1524094.89746094],[314384.887695313,1524095.51269531],[314385.102539063,1524085],[314384.125976563,1524037.16186524],[314397.570800784,1523997.87963867],[314385.096435551,1523984.89624023],[314355.410156251,1523985.50170898],[314325.562744143,1523927.56225586],[314324.699707032,1523885.28808594],[314335.100097659,1523865.10009766],[314354.307861328,1523825.5078125],[314393.923339846,1523805.10009766],[314407.785644533,1523817.25463867],[314385.100097657,1523883.53149415],[314414.906005863,1523905.10375977],[314435.312500003,1523904.68750001],[314420.822753906,1523932.8137207],[314523.404541016,1523947.80395508],[314542.580566409,1523910.57983398],[314554.899902345,1523834.89990234],[314574.899902345,1523776.46850586],[314564.246826175,1523763.89282227],[314475.115966799,1523765.71166992],[314474.621582031,1523741.48071289],[314554.499511722,1523715.55908204],[314594.899902345,1523648.93920898],[314562.163085941,1523592.65991211],[314536.452636722,1523565.8996582],[314496.076660158,1523545.10009766],[314454.899902345,1523554.89990234],[314396.568603516,1523574.86572266],[314365,1523575.51025391],[314315.720214844,1523574.50439453],[314264.864501953,1523623.36547852],[314265.905761719,1523674.38232422],[314235.200195314,1523690.20019531],[314204.899902347,1523704.89990235],[314165.167236328,1523731.8334961],[314056.15234375,1523767.20947266],[314039.379882813,1523870.23681641],[314007.229003909,1523903.69995117],[313927.25341797,1523944.89990235],[313855.233154301,1523931.41845703],[313852.886962891,1523816.4428711],[313875.100097656,1523795.10009766],[313926.185302734,1523726.18530274],[314004.838867189,1523667.88085938],[314005.295410157,1523645.51147461],[313976.076660159,1523615.10009766],[313915.776367188,1523626.64672852],[313847.687988282,1523678.31298829],[313815.10009766,1523695.10009766],[313779.999999999,1523700],[313779.999999999,1523690],[313784.470214847,1523667.85644532],[313800,1523660],[313810,1523660],[313810,1523650],[313820.000000003,1523650],[313820.000000003,1523640],[313830,1523640],[313830,1523630],[313840.000000001,1523630],[313840.000000001,1523620],[313864.699707031,1523598.71948242],[313939.454345705,1523508.34716797],[313962.745361331,1523401.56860352],[313935.372314457,1523301.55029297],[313954.559326172,1523245.7434082],[314044.627685546,1523204.62768555],[314095.372314453,1523185.37231446],[314120,1523170],[314127.033691409,1523234.73510742],[314184.046630859,1523235.8984375],[314224.899902345,1523204.89990235],[314286.234130858,1523175.14404297],[314333.547363283,1523125.89965821],[314388.846435546,1523097.41210938],[314406.068115234,1523147.72705078],[314393.100585938,1523227.38525391],[314365.100097657,1523285.10009766],[314345.100097657,1523323.92333985],[314392.762451172,1523374.89990234],[314415.417480472,1523354.81811524],[314444.504394532,1523235.50415039],[314474.899902347,1523214.89990235],[314495.100097657,1523205.10009766],[314534.899902347,1523174.89990234],[314584.899902347,1523158.67431641],[314567.701416016,1523116.9519043],[314455.380859378,1523098.66699219],[314454.527587891,1523056.86279297],[314472.900390625,1523000.24658203],[314513.299560548,1522916.97387695],[314542.174072266,1522886.92016602],[314594.838867188,1522847.88085938],[314597.136230469,1522735.3491211],[314527.941894531,1522733.93798829],[314456.300048827,1522802.77099609],[314444.899902345,1522824.89990235],[314434.827880862,1522866.21704102],[314414.899902344,1522904.89990234],[314395.429687503,1522964.89990234],[314362.753906252,1522949.30175781],[314332.366943363,1522855.66040039],[314295.000000001,1522854.89746094],[314241.72973633,1522855.98510743],[314314.799804689,1522785.7800293],[314325.44921875,1522692.02392578],[314324.517822268,1522646.39038087],[314335.100097659,1522605.10009766],[314344.899902345,1522554.89990235],[314355.129394532,1522514.98535156],[314344.125976566,1522482.83813477],[314345.407714844,1522420],[314344.493408206,1522375.20141602],[314395.759277347,1522337.19848633],[314394.699707031,1522285.30639649],[314422.720947266,1522270.87036133],[314435.103759766,1522294.90722657],[314434.085693359,1522344.78515625],[314534.460449222,1522356.18530273],[314563.614501953,1522271.00708008],[314524.991455079,1522244.82666016],[314464.310302735,1522293.80981446],[314465.295410157,1522245.51147461],[314445.670166016,1522225.08544922],[314403.620605469,1522211.43920898],[314384.899902346,1522175.10009766],[314368.833007814,1522109.19433594],[314349.597167971,1522089.17236328],[314295.584716799,1522160.35522461],[314283.980712891,1522273.88916016],[314324.899902344,1522327.81494141],[314305.100097656,1522355.10009766],[314285.024414066,1522374.38842774],[314275.100097657,1522415.10009766],[314250.205078127,1522439.01855469],[314165.197753908,1522540.28198242],[314164.896240235,1522555.08544922],[314175.244140625,1522595.46264649],[314147.542724613,1522676.39404297],[314174.775390628,1522782.6550293],[314140,1522840.00000001],[314120.135498047,1522845.09765626],[314080.428466801,1522904.06372071],[314024.985351563,1522891.63452148],[314020,1522860],[314032.192382813,1522856.57714844],[314023.422851563,1522847.80761719],[314020,1522860],[313995.02197266,1522875.89111328],[313966.408691406,1522859.07104492],[313980.648193359,1522744.58862305],[313997.135009768,1522657.16430664],[313991.890869144,1522615],[314000.836181641,1522543.07983399],[314037.890625001,1522492.35351562],[314058.642578124,1522419.77172852],[314105.552978519,1522355.55297852],[314134.447021487,1522304.44702149],[314169.624023439,1522256.29028321],[314193.341064453,1522173.34106445],[314220.255126955,1522127.55493164],[314190.000000001,1522080],[314205.190429689,1522075.19042969],[314299.853515625,1522032.53662109],[314352.15209961,1521976.0925293],[314382.056884766,1521868.80981445],[314483.4375,1521721.47949219],[314504.809570315,1521644.80957031],[314531.258544923,1521580.41748047],[314555.190429688,1521535.19042969],[314573.625488282,1521496.13037109],[314655.190429687,1521405.19042969],[314694.809570312,1521334.80957031],[314751.429443359,1521245.33081055],[314853.397216799,1521165.14526367],[314934.649658207,1521145.79101563],[314944.876708984,1521316.32202149],[314964.809570313,1521294.80957032],[314995.190429688,1521275.19042969],[315035.904541018,1521247.17407227],[315034.658203126,1521278.62182617],[314984.809570313,1521324.80957031],[314974.862060547,1521356.23046876],[314949.41650391,1521379.80590821],[314960.000000001,1521410],[314937.856445314,1521405.52978516],[314926.640625,1521383.359375],[314920,1521380],[314905.670166018,1521295.64331055],[314881.027832033,1521358.18237305],[314920,1521380],[314927.043457031,1521423.69018555],[314915.552978517,1521515.55297852],[314887.529296876,1521527.36206055],[314909.149169925,1521627.28759766],[314950.000000001,1521660],[314954.627685547,1521715.37231445],[314960.000000001,1521770],[314946.047363283,1521780],[314960.000000001,1521790],[314965.449218751,1521886.51733398],[315002.530517578,1521920.87524414],[315009.999999999,1521960],[315004.084472657,1521955.91552734],[314995.468750001,1521943.4375],[314922.667236331,1521977.43286133],[314880.535888675,1522010.08544922],[314888.062744142,1522043.66210938],[314937.708740238,1522062.23876954],[315005.202636719,1522047.1081543],[315035.765380859,1522067.01049805],[315044.08447266,1522006.4453125],[315020,1521970]],[[315050.000000003,1522100],[315028.602294922,1522106.27929688],[315059.743652347,1522143.76831055],[315050.000000003,1522100]],[[314430.000000004,1522110],[314405.552978516,1522116.9897461],[314423.15551758,1522133.93798829],[314430.000000004,1522110]],[[315477.807617188,1523323.42285157],[315486.577148437,1523332.19238281],[315490,1523320],[315477.807617188,1523323.42285157]],[[314640.000000003,1523710],[314627.003173827,1523715.56152344],[314635.994873048,1523732.72583008],[314640.000000003,1523710]],[[315180.000000001,1524000],[315180.000000001,1523990],[315170,1523990],[315164.627685546,1523985.37231445],[315109.880371094,1523980.97290039],[315045.118408203,1523957.18994141],[315002.225341797,1523987.60253907],[314968.652343751,1524062.84057617],[315013.865966799,1524126.60766602],[315020,1524200],[315020,1524210],[315020,1524220],[315011.831054689,1524231.83105469],[314985.915527344,1524249.72412109],[314995.467529301,1524303.73657227],[315029.385986332,1524330.02441406],[315125.500488281,1524353.6315918],[315130,1524270],[315140,1524270],[315140,1524260],[315144.781494142,1524218.97094727],[315173.608398438,1524173.56445312],[315159.951171876,1524104.4519043],[315175.825195313,1524065.82519531],[315180.000000001,1524000]],[[314810,1524090],[314815.915527347,1524085.91552735],[314824.084472657,1524064.08447266],[314854.084472656,1524018.01513672],[314842.768554691,1523984.86328125],[314800,1523980],[314752.581787111,1523985.93139649],[314712.595214844,1524040.67016602],[314716.865234378,1524075.00000001],[314708.652343751,1524141.03759766],[314740.000000001,1524150],[314751.817626957,1524173.359375],[314776.640625004,1524166.640625],[314780.000000002,1524160],[314780.000000002,1524150],[314790,1524150],[314790,1524140],[314790,1524130],[314800,1524130],[314800,1524110],[314800,1524100],[314810,1524100],[314810,1524090]],[[314732.783203128,1524777.82104492],[314743.175048828,1524694.27612305],[314730.000000001,1524660],[314697.326660157,1524669.34204102],[314680.152587891,1524729.48608399],[314698.53515625,1524814.44702148],[314732.783203128,1524777.82104492]],[[314440.000000002,1524810],[314427.807617189,1524813.42285156],[314436.577148438,1524822.19238281],[314440.000000002,1524810]],[[314440.000000002,1524840],[314427.807617189,1524843.42285156],[314436.577148438,1524852.19238281],[314440.000000002,1524840]],[[314430.000000004,1524860.00000001],[314417.807617191,1524863.42285156],[314426.577148438,1524872.19238281],[314430.000000004,1524860.00000001]],[[314420.000000004,1524880],[314407.80761719,1524883.42285156],[314416.577148438,1524892.19238281],[314420.000000004,1524880]],[[314410.000000001,1524900],[314397.807617188,1524903.42285157],[314406.57714844,1524912.19238281],[314410.000000001,1524900]],[[314400.000000001,1524920],[314387.807617188,1524923.42285156],[314396.577148438,1524932.19238282],[314400.000000001,1524920]],[[314387.807617188,1523923.42285156],[314396.577148438,1523932.19238281],[314400.000000001,1523920],[314387.807617188,1523923.42285156]],[[314198.107910156,1523610.6237793],[314190.000000001,1523590],[314174.356689455,1523594.35668945],[314150.574951174,1523608.70117188],[314075.643310547,1523629.56665039],[314099.719238283,1523650.25146485],[314198.107910156,1523610.6237793]],[[314755.643310547,1521875.83618164],[314780.563964844,1521903.88793946],[314790,1521870],[314755.643310547,1521875.83618164]]],[[[306420,1525480],[306430,1525480],[306430,1525500],[306420,1525500],[306420,1525480]]],[[[306430,1525500],[306440.000000003,1525500],[306440.000000003,1525520.00000001],[306430,1525520.00000001],[306430,1525510],[306430,1525500]]],[[[306440.000000003,1525520.00000001],[306453.28125,1525526.71875],[306460.000000001,1525540],[306450,1525540],[306440.000000003,1525540],[306440.000000003,1525530.00000001],[306440.000000003,1525520.00000001]]],[[[304773.450012207,1525586.55029297],[304802.695922852,1525595.28564453],[304763.005523684,1525603.44970704],[304736.549987793,1525584.34692383],[304770.000000003,1525580],[304773.450012207,1525586.55029297]]],[[[315230.000000002,1525070],[315225.247802735,1525149.02709961],[315186.6796875,1525181.06445313],[315160.000000003,1525224.31884766],[315135.068359374,1525183.89892578],[315118.682861327,1525203.62304688],[315061.317138675,1525236.37695313],[315036.713867191,1525265.99487305],[315060.018310547,1525413.33984375],[315038.728027345,1525470],[315059.54589844,1525525.40405274],[315052.022705078,1525599.21264649],[315071.527099609,1525624.53735352],[315084.537353517,1525594.53735352],[315094.111328127,1525585.46264649],[315110.587158204,1525696.07910156],[315093.048095703,1525694.29199219],[315065.847167969,1525727.03857422],[315054.854736329,1525713.80615235],[315044.564208986,1525737.53295899],[315030,1525720],[315039.256591797,1525709.2565918],[315064.627685547,1525687.39746094],[315055.372314457,1525644.62768555],[315016.602783207,1525589.94995117],[315005.437011719,1525450.98510742],[315020,1525330],[315024.084472657,1525294.08447266],[315030,1525270],[315043.266601565,1525227.03857422],[315114.71923828,1525164.71923828],[315155.280761719,1525135.28076172],[315230.000000002,1525070]]],[[[315020,1525720],[315015.300292972,1525753.18115234],[315009.999999999,1525730],[315009.999999999,1525720],[315020,1525720]]],[[[305084.590759278,1525855.86914063],[305062.9486084,1525854.58007812],[305045.281219482,1525813.15063477],[305060.000000002,1525800],[305084.590759278,1525855.86914063]]],[[[305370.000000004,1525900],[305380.000000001,1525900],[305375.643615725,1525905.64331055],[305340.000000001,1525920],[305340.000000001,1525910],[305330.000000003,1525910],[305330.000000003,1525900],[305370.000000004,1525900]]],[[[305175.317840579,1525920.55786133],[305170.000000002,1525890],[305200,1525890],[305295.553131106,1525894.44702149],[305324.446868896,1525904.44091797],[305235.02624512,1525915.625],[305225.000000001,1525914.37866211],[305175.317840579,1525920.55786133]]],[[[305745.915527345,1526144.08447266],[305751.578369142,1526204.08447266],[305700.000000004,1526170],[305704.883728027,1526139.01123047],[305740,1526130],[305745.915527345,1526144.08447266]]],[[[305615.994567872,1526232.72583008],[305607.003173831,1526215.56152344],[305619.999999999,1526210],[305615.994567872,1526232.72583008]]],[[[314140,1526120],[314152.15576172,1526109.52636719],[314170.799560547,1526027.46582031],[314279.879150392,1525986.07177734],[314324.627685548,1525914.62768555],[314395.372314454,1525835.37231446],[314429.063720703,1525776.93481446],[314515.889892578,1525715.37231445],[314545.372314453,1525724.62768555],[314563.884277345,1525766.11572266],[314590.743408203,1525789.2565918],[314612.397460938,1525814.38964844],[314642.132568362,1525816.77856445],[314664.627685548,1525797.39746094],[314635.372314452,1525714.62768555],[314615.372314457,1525678.78173828],[314624.627685547,1525654.62768555],[314635.372314452,1525645.37231446],[314660.909423832,1525615.72998047],[314700.164794922,1525612.5756836],[314747.181396484,1525642.02514649],[314773.299560547,1525688.83666992],[314776.080322267,1525723.44360352],[314755.372314453,1525779.83398438],[314764.627685547,1525835.37231446],[314803.057861331,1525846.94213868],[314815.179443358,1525887.20214844],[314893.043212892,1525796.82495117],[314969.256591798,1525749.2565918],[315000.000000002,1525740],[314995.190429688,1525755.19042969],[314984.809570313,1525764.80957032],[314965.190429691,1525795.19042969],[314916.431884766,1525866.04858399],[314894.442138672,1525854.4128418],[314863.284912109,1525888.04077149],[314845.19042969,1525945.19042969],[314795.631103517,1526017.21191407],[314742.786865235,1526214.15039063],[314745.513916017,1526282.97607422],[314799.6081543,1526295.86181641],[314792.987060549,1526354.80957031],[314743.417968749,1526328.58032227],[314700,1526360],[314704.627685549,1526344.62768555],[314721.422119142,1526314.52758789],[314725.904541017,1526258.73657227],[314705.144042972,1526204.02832031],[314678.781738285,1526234.62768555],[314585.479736328,1526221.16577149],[314625.169677735,1526157.79907227],[314689.852294924,1526152.60131836],[314733.503417972,1526168.6303711],[314738.774414063,1526103.02246094],[314694.627685551,1526075.37231446],[314663.524169925,1526053.31787109],[314552.396240235,1526044.38842773],[314466.970214847,1526082.50732422],[314434.680175781,1526140.38085938],[314411.921386722,1526240.55908204],[314371.163330078,1526263.29956055],[314345,1526265.40161133],[314310.000000004,1526262.58911133],[314265.000000003,1526266.20483399],[314229.999999999,1526263.39355469],[314191.534423829,1526266.4831543],[314135.778808595,1526249.69726563],[314131.942138674,1526201.94335938],[314140,1526120]],[[314707.182617188,1525915.2331543],[314698.566894532,1525973.53149414],[314755.643310547,1525994.35668946],[314765.187988282,1526017.67700195],[314789.648437504,1525955.45654297],[314765.64331055,1525924.35668946],[314754.356689453,1525915.64331055],[314750.000000001,1525910],[314707.182617188,1525915.2331543]],[[314720.000000003,1526180],[314707.80761719,1526183.42285156],[314716.577148438,1526192.19238281],[314720.000000003,1526180]]],[[[314700,1526360],[314670.000000002,1526460],[314655.963134766,1526450.30883789],[314671.851806641,1526379.43481446],[314700,1526360]]],[[[314670.000000002,1526460],[314690,1526460],[314690,1526500],[314678.168945313,1526491.83105469],[314670.000000002,1526460]]],[[[314700,1526520],[314690,1526520],[314690,1526510],[314700,1526510],[314700,1526520]]],[[[314700,1526520],[314720.000000003,1526520],[314720.000000003,1526530],[314700,1526530],[314700,1526520]]],[[[306316.576843262,1526702.19238281],[306307.807617188,1526693.42285157],[306320,1526690],[306316.576843262,1526702.19238281]]],[[[313120,1526770],[313120,1526790],[313109.999999999,1526790],[313109.999999999,1526770],[313120,1526770]]],[[[312990.000000002,1526810],[312975.028076172,1526799.66308594],[312960.000000001,1526740],[312966.759643556,1526735.33325195],[312985.915527347,1526705.91552735],[312990.000000002,1526690],[313024.200439454,1526667.39990235],[313030,1526690],[313030,1526720],[313033.359375001,1526736.640625],[313040.000000003,1526750],[313022.753906252,1526754.8022461],[313026.090087892,1526777.37792969],[312996.289672854,1526772.97363281],[312990.000000002,1526810]]],[[[312999.999999999,1526830],[312990.000000002,1526830],[312990.000000002,1526820],[312999.999999999,1526820],[312999.999999999,1526830]]],[[[313109.999999999,1526790],[313080.438232423,1526834.08447266],[313040.963134767,1526825.21484376],[313056.180419923,1526765.91552735],[313085.915527344,1526774.08447266],[313094.084472659,1526785.91552735],[313109.999999999,1526790]]],[[[312999.999999999,1526830],[313010,1526830],[313010,1526840],[312999.999999999,1526840],[312999.999999999,1526830]]],[[[313580,1527200],[313583.422851563,1527187.80761719],[313592.192382813,1527196.57714844],[313580,1527200]]],[[[313580,1527200],[313580,1527210],[313610.000000001,1527210],[313610.000000001,1527230],[313605.643310546,1527235.64331055],[313570,1527250],[313550.000000002,1527250],[313550.000000002,1527260],[313540.000000001,1527260],[313523.359375002,1527263.359375],[313510.000000001,1527270],[313496.640625,1527263.359375],[313480.000000003,1527260],[313480.000000003,1527240],[313470,1527240],[313475.915527347,1527215.91552735],[313480.000000003,1527190],[313530.000000004,1527190],[313540.000000001,1527203.95263672],[313550.000000002,1527190],[313563.359375,1527196.640625],[313580,1527200]]],[[[306353.952026367,1527330],[306340,1527340],[306340,1527320.00000001],[306353.952026367,1527330]]],[[[313930.000000003,1527500],[313910,1527500],[313884.954833985,1527493.57299805],[313880.000000002,1527450],[313880.000000002,1527440],[313926.640625,1527443.359375],[313940,1527470],[313940,1527480],[313930.000000003,1527480],[313930.000000003,1527500]]],[[[311865.915527347,1527585.91552735],[311860.000000004,1527610],[311850.000000004,1527610],[311833.359375004,1527576.640625],[311830.000000001,1527530.00000001],[311843.359375002,1527523.359375],[311870.000000002,1527520],[311865.915527347,1527585.91552735]]],[[[313733.812255859,1527606.18774415],[313786.187744142,1527623.81225586],[313793.812255863,1527636.77368164],[313723.494873051,1527660.73669434],[313658.681640625,1527630.28625488],[313666.778564456,1527604.28955078],[313730.000000001,1527600],[313733.812255859,1527606.18774415]]],[[[305220,1527660],[305205.985870365,1527687.94616699],[305190,1527680],[305197.856140139,1527664.47021484],[305220,1527660]]],[[[314105.241699218,1527681.96411133],[314110.000000002,1527700],[314087.822265628,1527709.11315918],[314024.417724609,1527693.83605957],[314023.569335939,1527665.82519531],[314105.241699218,1527681.96411133]]],[[[306820.000000004,1527700],[306816.576843263,1527712.19238281],[306807.807617191,1527703.42346191],[306820.000000004,1527700]]],[[[306510.000000002,1527740],[306501.831359867,1527771.83105469],[306470.000000001,1527780],[306481.140136722,1527739.99511719],[306520,1527710],[306520,1527730],[306510.000000002,1527730],[306510.000000002,1527740]]],[[[306140.000000001,1527880],[306140.000000001,1527890],[306130.000000001,1527890],[306130.000000001,1527880],[306140.000000001,1527880]]],[[[314090.000000004,1528460],[314070.000000001,1528460],[314080.000000001,1528446.04797363],[314090.000000004,1528460]]],[[[314060.000000001,1528460],[314060.000000001,1528470],[314050,1528470],[314050,1528460],[314060.000000001,1528460]]],[[[314160.000000003,1528550],[314160.000000003,1528590],[314150.000000003,1528590],[314150.000000003,1528550],[314160.000000003,1528550]]],[[[313733.223876954,1528642.86437988],[313706.550292972,1528634.34631348],[313740.000000001,1528630],[313733.223876954,1528642.86437988]]],[[[303000.000000001,1528680],[302973.359375001,1528676.640625],[302960,1528670],[302963.359375,1528653.359375],[302978.256740571,1528636.640625],[303000.000000001,1528680]]],[[[314330.000000002,1528610],[314314.470214845,1528617.85644531],[314306.640625001,1528656.640625],[314300.000000001,1528670],[314286.718750002,1528676.71875],[314280.000000001,1528690],[314261.293945315,1528686.46606446],[314272.994384767,1528666.05407715],[314260,1528660.00000001],[314256.520996094,1528608.73779297],[314236.053466797,1528597.00561524],[314229.999999999,1528610],[314220.000000002,1528610],[314220.000000002,1528670],[314200.000000004,1528670],[314190.000000001,1528670],[314190.000000001,1528660.00000001],[314180.000000001,1528660.00000001],[314170.000000001,1528600],[314176.270751956,1528595.67016602],[314166.358642579,1528551.45568848],[314184.084472656,1528504.08447266],[314223.873291016,1528493.87329102],[314229.999999999,1528470],[314240,1528470],[314240,1528460],[314260,1528460],[314260,1528450],[314275.372314457,1528454.6282959],[314328.033447269,1528527.96691895],[314390.352783203,1528555.77514648],[314405.339355472,1528554.57092285],[314420.000000004,1528580],[314410.000000001,1528580],[314410.000000001,1528610],[314403.261718754,1528623.3203125],[314370,1528640],[314365,1528627.19238282],[314360,1528640],[314330.000000002,1528640],[314330.000000002,1528650.00000001],[314321.600341797,1528644.1998291],[314330.000000002,1528610],[314342.192382814,1528606.57653809],[314333.422851563,1528597.80761719],[314330.000000002,1528610]]],[[[316000.000000001,1528950],[315977.856445313,1528945.52978516],[315970.000000001,1528930],[315983.165283204,1528886.27380371],[316000.000000001,1528950]]],[[[316010.000000002,1529090],[316044.356689456,1529043.97094727],[316035.643310551,1528994.3560791],[316024.356689454,1528975.6439209],[316020,1528960],[316025.45654297,1528916.37207031],[316078.846435547,1528959.07226563],[316074.321289063,1528995.45288086],[316094.475097656,1529011.59118653],[316104.447021486,1529038.00292969],[316026.702880859,1529085.22460938],[316010.000000002,1529090]]],[[[302840,1529090],[302840,1529100.00000001],[302830,1529100.00000001],[302830,1529090],[302840,1529090]]],[[[316010.000000002,1529090],[316010.000000002,1529100.00000001],[316000.000000001,1529100.00000001],[316000.000000001,1529090],[316010.000000002,1529090]]],[[[316000.000000001,1529100.00000001],[316000.000000001,1529110],[315990.000000004,1529110],[315990.000000004,1529100.00000001],[316000.000000001,1529100.00000001]]],[[[316006.640625004,1529153.359375],[316010.000000002,1529170],[315987.950439453,1529157.42797852],[315976.368408204,1529127.7722168],[315990.000000004,1529120],[316006.640625004,1529153.359375]]],[[[316030,1529170],[316030,1529180],[316020,1529180],[316020,1529170],[316030,1529170]]],[[[305220,1527660],[305220,1527650],[305210.000000003,1527650],[305224.900054933,1527604.89990234],[305230.642547611,1527585.10009766],[305274.905853272,1527615.10375977],[305290,1527614.79614258],[305305,1527615.10192871],[305315.099182131,1527614.89562988],[305320.000000003,1527640],[305307.192230226,1527645.00000001],[305320.000000003,1527650],[305320.000000003,1527660],[305330.000000003,1527660],[305415.643615724,1527655.6439209],[305450.000000001,1527650],[305455.000000001,1527662.80761719],[305460.000000001,1527650],[305460.000000001,1527640],[305543.384399415,1527644.90783691],[305575.552978516,1527664.44702149],[305593.34075928,1527686.6595459],[305675.375671387,1527721.227417],[305722.797241211,1527799.30114746],[305780,1527830],[305798.905944824,1527853.60961914],[305850,1527860],[305894.447021485,1527854.44702149],[305940.000000001,1527850],[305940.000000001,1527860],[305950.000000002,1527860],[305983.624572753,1527903.56262207],[306038.330993653,1527925.06896973],[306090,1527930],[306115.915527346,1527925.91552734],[306140.000000001,1527920],[306140.000000001,1527930],[306150.000000004,1527930],[306199.172973634,1527938.07800294],[306225.292053224,1527934.21813965],[306254.356384277,1527945.6439209],[306360.000000001,1527950],[306364.356384277,1527975.6439209],[306383.681640625,1528024.8022461],[306347.957763672,1528072.9864502],[306384.310302734,1528101.04553223],[306400.000000002,1528140],[306341.116027836,1528146.39770508],[306180.087280274,1528176.02233887],[306122.597961428,1528174.84863281],[306029.875488283,1528143.11157227],[305846.911621094,1527944.26452637],[305784.899902344,1527895.10009766],[305655.10009766,1527784.89990235],[305593.163452148,1527733.66333008],[305551.602172852,1527713.49975586],[305489.586486816,1527693.3758545],[305397.136840822,1527695.26245118],[305385.100097659,1527800.93933105],[305423.69934082,1527896.10046387],[305434.899902346,1527966.46850586],[305411.499938965,1528034.83337403],[305385.100097659,1528155.10009766],[305364.663391115,1528225.71716309],[305297.740631104,1528269.59411621],[305179.205932619,1528284.89990234],[304802.214355469,1528241.07727051],[304602.969512942,1528245.14343262],[304515.735321046,1528267.5],[304346.983642579,1528354.43237305],[304242.95379639,1528485.6463623],[303997.618637088,1528816.6015625],[303873.265609743,1528936.07788086],[303589.181518556,1529044.73693848],[303453.067932129,1529056.84143066],[303315.099983215,1529085.10009766],[303264.900016785,1529094.89990235],[303218.856849671,1529106.6998291],[303142.900009155,1529132.69836426],[303086.411323548,1529170.98937988],[303072.822647096,1529296.06079102],[303042.032909393,1529371.96838379],[302939.999999999,1529470],[302944.718742372,1529454.71862793],[302992.115001679,1529393.55895996],[302967.516269684,1529366.02844238],[302895.281248094,1529405.28137207],[302880.000000001,1529410],[302880.000000001,1529380],[302886.640625003,1529366.640625],[302890.000000001,1529330.00000001],[302900.000000001,1529330.00000001],[302900.000000001,1529320.00000001],[302910.000000004,1529320.00000001],[302910.000000004,1529310],[302910.000000004,1529300],[302915.553121569,1529295.55297852],[302928.893747331,1529278.89404297],[302984.424991609,1529234.42504883],[303020.000000004,1529190],[303060,1529130],[303079.921875001,1529119.921875],[303090.000000003,1529100.00000001],[303112.143821715,1529095.52978516],[303120.000000001,1529080],[303130.000000004,1529080],[303130.000000004,1529070],[303185.116806032,1529035.59814453],[303240.000000003,1529030],[303293.295707702,1529041.1505127],[303460.000000001,1529010],[303470.000000004,1529010],[303470.000000004,1529000],[303480.000000001,1529000],[303505.91560364,1528995.91552735],[303530.000000003,1528990],[303636.403961182,1528983.87329102],[303675.100021365,1528965.10009766],[303694.899978638,1528954.89990234],[303810.000000004,1528900],[303820.000000002,1528900],[303820.000000002,1528890],[303830.000000002,1528890],[303830.000000002,1528880.00000001],[303840,1528880.00000001],[303850,1528880.00000001],[303850,1528870],[303879.578094482,1528849.57824707],[303900.000000001,1528820],[303939.506225586,1528789.50622559],[303970,1528750],[304025.208663941,1528680.34423828],[304060,1528620],[304070,1528620],[304070,1528610],[304080,1528610],[304080,1528590],[304090.000000003,1528590],[304090.000000003,1528580],[304125.37185669,1528525.3717041],[304148.231964112,1528474.14123535],[304283.336791993,1528364.58679199],[304331.333007813,1528287.95776367],[304425.928649906,1528227.39318848],[304510,1528190],[304520,1528190],[304520,1528180],[304530,1528180],[304530,1528170],[304556.187438967,1528166.18774414],[304593.812561038,1528153.81225586],[304630,1528150],[304640,1528150],[304640,1528160],[304650.000000003,1528160],[304725.915679934,1528155.91552734],[304750,1528150],[304760.000000003,1528150],[304760.000000003,1528140],[304784.084320069,1528145.91552734],[304910.000000001,1528150],[304921.183166504,1528162.98034669],[304990.000000003,1528170],[305001.321258547,1528183.14086914],[305072.421569824,1528209.25048828],[305181.58416748,1528176.55395508],[305260.000000004,1528170],[305270.000000001,1528170],[305270.000000001,1528160],[305290,1528160],[305300,1528160],[305300,1528150],[305303.359375003,1528133.359375],[305310,1528120],[305310,1528050],[305300,1528050],[305300,1528040],[305300,1528010],[305290,1528010],[305280.572509766,1527957.09716797],[305235.000000001,1527952.45178223],[305116.429443358,1527964.53735352],[305042.828826904,1527937.48229981],[305020.000000001,1527910],[305020.000000001,1527870],[305020.000000001,1527860],[305033.952026367,1527850],[305020.000000001,1527840],[305027.782745361,1527812.77954102],[305077.555541993,1527750.5456543],[305073.518981937,1527718.09326172],[305091.440124512,1527695.71411133],[305115.553131107,1527685.55297852],[305120.000000001,1527680],[305130.000000001,1527680],[305140.000000003,1527680],[305140.000000003,1527690],[305150.000000004,1527690],[305154.555206299,1527763.51318359],[305194.87060547,1527780.44616699],[305244.084320069,1527746.4666748],[305235.536804199,1527670.72692871],[305220,1527660]],[[306303.165893556,1528068.42834473],[306290.000000002,1528060],[306236.228942871,1528064.89868164],[306280.000000002,1528070],[306288.900451664,1528083.90319824],[306303.165893556,1528068.42834473]],[[305293.803405765,1527860.9765625],[305270.000000001,1527810],[305255.915679933,1527819.72412109],[305272.86987305,1527874.08447266],[305293.803405765,1527860.9765625]],[[305345.82489014,1527874.93591309],[305357.512817383,1527904.17480469],[305409.396972656,1527892.86682129],[305399.999999999,1527870],[305345.82489014,1527874.93591309]]],[[[316129.999999999,1529550.00000001],[316120.000000002,1529550.00000001],[316120.000000002,1529540],[316129.999999999,1529540],[316129.999999999,1529550.00000001]]],[[[316129.999999999,1529550.00000001],[316164.627685549,1529543.68347168],[316154.334716798,1529511.37268067],[316095.488281254,1529428.37768555],[316106.693115234,1529288.9251709],[316095.372314453,1529214.6282959],[316090.000000001,1529210],[316105.531005863,1529193.23730469],[316163.868408206,1529195.54992676],[316134.796142578,1529294.85473633],[316135.942382813,1529323.7701416],[316121.123046876,1529351.7755127],[316135.190429688,1529364.80957031],[316166.634521485,1529398.74633789],[316163.984375003,1529465.63476562],[316185.146484375,1529464.79614258],[316194.809570313,1529467.74719238],[316172.989501954,1529530],[316194.725341797,1529592.01416016],[316155.190429688,1529564.80957032],[316134.809570314,1529555.19042969],[316129.999999999,1529550.00000001]]],[[[316054.283447265,1529837.98828125],[316057.071533207,1529884.74731445],[316040,1529900],[316035.915527345,1529844.08447266],[315992.126464844,1529751.78833008],[315977.758789063,1529687.69958496],[316000.843505862,1529597.74475098],[316036.560058596,1529546.015625],[316060.000000003,1529540],[316067.791748047,1529591.22070313],[316031.533203125,1529649.87243652],[316011.392822266,1529693.75427246],[316035.578613283,1529704.85534668],[316005.692138674,1529747.64099121],[316066.781005859,1529743.99963379],[316054.283447265,1529837.98828125]]],[[[311740.000000004,1529920],[311740.000000004,1529940],[311730.000000001,1529940],[311730.000000001,1529920],[311740.000000004,1529920]]],[[[316046.278076172,1529913.72192383],[316053.721923828,1529946.1505127],[316026.177978519,1529993.72192383],[316016.278076172,1529963.72192383],[316010.000000002,1529960],[316025.915527345,1529935.91552734],[316040,1529910],[316046.278076172,1529913.72192383]]],[[[315830.000000003,1530140],[315836.198730469,1530106.01928712],[315868.511962892,1530068.51257325],[315895.372314453,1530045.37170411],[315921.132812501,1530015.47058106],[316000.000000001,1529970],[315993.334960941,1529995.9729004],[315933.865966797,1530029.91699219],[315907.746582032,1530067.74658203],[315860.422363281,1530100.42175293],[315835.915527346,1530135.91552735],[315830.000000003,1530140]]],[[[315830.000000003,1530140],[315830.000000003,1530190],[315820,1530190],[315820,1530140],[315830.000000003,1530140]]],[[[315820,1530190],[315826.37084961,1530264.63317871],[315920,1530370],[315904.447021484,1530365.55297852],[315817.447509766,1530287.14172363],[315805.552978517,1530201.56860352],[315820,1530190]]],[[[316050.000000003,1530720],[316044.095458984,1530714.7241211],[316050.000000003,1530620],[316073.524169924,1530636.86096192],[316063.668212892,1530686.7376709],[316050.000000003,1530720]]],[[[316050.000000003,1530720],[316061.83105469,1530728.16894531],[316070.000000001,1530760],[316054.024658205,1530751.91833496],[316050.000000003,1530720]]],[[[316070.000000001,1530760],[316094.958496095,1530753.86962891],[316135.27709961,1530762.9083252],[316144.084472657,1530779.11743164],[316104.084472659,1530794.08447266],[316100.000000004,1530810],[316094.084472656,1530805.91552735],[316085.915527344,1530784.08447266],[316070.000000001,1530760]]],[[[316110.000000001,1530820],[316110.000000001,1530830],[316100.000000004,1530830],[316100.000000004,1530820],[316110.000000001,1530820]]],[[[316129.999999999,1530850],[316120.000000002,1530850],[316120.000000002,1530840],[316129.999999999,1530840],[316129.999999999,1530850]]],[[[316129.999999999,1530850],[316183.909912109,1530854.91149902],[316169.305419924,1530928.81469727],[316144.558105469,1530923.92456055],[316120.000000002,1530940],[316120.000000002,1530930],[316126.718750003,1530916.71875],[316163.359375001,1530898.1829834],[316155.091552737,1530867.63427735],[316133.359375,1530856.640625],[316129.999999999,1530850]]],[[[316120.000000002,1530940],[316104.084472659,1530964.08447266],[316091.5234375,1530997.65380859],[316106.242675781,1531045.13793946],[316093.840332032,1531074.66674805],[316060.000000003,1531080],[316075.552978518,1531045.55297852],[316088.398437501,1530957.29858399],[316110.000000001,1530940],[316120.000000002,1530940]]],[[[316060.000000003,1531080],[316060.000000003,1531090],[316050.000000003,1531090],[316050.000000003,1531080],[316060.000000003,1531080]]],[[[312945.915527343,1531054.08447266],[312954.084472656,1531115.91552734],[312972.011108401,1531143.44543457],[312940.000000001,1531130],[312940.000000001,1531050],[312945.915527343,1531054.08447266]]],[[[316050.000000003,1531090],[316045.643310548,1531105.6439209],[316022.844238282,1531163.63830567],[316000.000000001,1531170],[316000.000000001,1531160],[316036.505126955,1531101.62597656],[316050.000000003,1531090]]],[[[314966.57714844,1531182.19238281],[314957.807617188,1531173.42346192],[314970.000000001,1531170],[314966.57714844,1531182.19238281]]],[[[315930,1531240],[315930,1531250],[315920,1531250],[315920,1531240],[315930,1531240]]],[[[314915.200195312,1531252.31384278],[314896.45996094,1531242.90344238],[314920,1531230],[314915.200195312,1531252.31384278]]],[[[315920,1531250],[315920,1531260],[315910,1531260],[315910,1531250],[315920,1531250]]],[[[316000.000000001,1531170],[316009.973144531,1531210.60546875],[315981.578369141,1531264.08447266],[315930,1531240],[315933.359375001,1531233.359375],[315960.000000001,1531220],[315980.000000001,1531220],[315980.000000001,1531190],[315990.000000004,1531170],[316000.000000001,1531170]]],[[[315910,1531260],[315910,1531270],[315900.000000002,1531270],[315900.000000002,1531260],[315910,1531260]]],[[[315900.000000002,1531270],[315900.000000002,1531280],[315890.000000002,1531280],[315890.000000002,1531270],[315900.000000002,1531270]]],[[[315890.000000002,1531280],[315890.000000002,1531300],[315880.000000004,1531300],[315880.000000004,1531290],[315880.000000004,1531280],[315890.000000002,1531280]]],[[[315754.447021485,1531225.55297852],[315792.916259767,1531256.35864258],[315782.720947268,1531338.31848145],[315744.447021488,1531354.44702148],[315713.936767579,1531376.73339844],[315689.564208985,1531373.70178223],[315697.747802737,1531307.90527344],[315720.435791019,1531228.45275879],[315750.000000001,1531220],[315754.447021485,1531225.55297852]]],[[[315840,1531370],[315840,1531380],[315830.000000003,1531380],[315830.000000003,1531370],[315840,1531370]]],[[[315820,1531400],[315820,1531390],[315830.000000003,1531390],[315830.000000003,1531400],[315820,1531400]]],[[[315820,1531400],[315820,1531410],[315810,1531410],[315810,1531400],[315820,1531400]]],[[[315790.000000002,1531420],[315790.000000002,1531410],[315800,1531410],[315800,1531420],[315790.000000002,1531420]]],[[[315790.000000002,1531420],[315790.000000002,1531470],[315780.000000002,1531470],[315780.000000002,1531420],[315790.000000002,1531420]]],[[[315790.000000002,1531470],[315825.566406252,1531474.75708008],[315814.719238281,1531494.71862793],[315801.335449222,1531523.87878418],[315780.000000002,1531500],[315790.000000002,1531500],[315790.000000002,1531470]]],[[[315720.000000003,1531530],[315720.000000003,1531520],[315730,1531520],[315730,1531530],[315720.000000003,1531530]]],[[[315670.000000002,1531550],[315670.000000002,1531560.00000001],[315650.000000004,1531560.00000001],[315650.000000004,1531550],[315670.000000002,1531550]]],[[[315720.000000003,1531530],[315723.359375001,1531546.640625],[315741.781005862,1531555.95947266],[315717.116699219,1531573.359375],[315683.515625,1531556.9494629],[315679.999999999,1531550],[315695.915527345,1531545.91552734],[315720.000000003,1531530]]],[[[315600,1531580],[315600,1531570],[315610.000000003,1531570],[315610.000000003,1531580],[315600,1531580]]],[[[313500.000000001,1531590],[313500.000000001,1531600],[313490.000000003,1531600],[313490.000000003,1531590],[313500.000000001,1531590]]],[[[315600,1531580],[315596.640625,1531596.640625],[315576.796875,1531636.5612793],[315569.999999999,1531640],[315577.203369143,1531597.5958252],[315600,1531580]]],[[[315569.999999999,1531640],[315569.999999999,1531650],[315560.000000002,1531650],[315560.000000002,1531640],[315569.999999999,1531640]]],[[[315560.000000002,1531650],[315560.000000002,1531670],[315550.000000001,1531670],[315550.000000001,1531650],[315560.000000002,1531650]]],[[[315550.000000001,1531670],[315545.64331055,1531695.6439209],[315511.739501952,1531780.93811035],[315500.000000003,1531790.00000001],[315508.880615236,1531737.72521973],[315544.356689453,1531674.3560791],[315550.000000001,1531670]]],[[[315490,1531820],[315490,1531800],[315500.000000003,1531800],[315500.000000003,1531820],[315490,1531820]]],[[[313840.000000001,1532120],[313840.000000001,1532130],[313830,1532130],[313830,1532120],[313840.000000001,1532120]]],[[[315490,1531820],[315485.643310551,1531845.6439209],[315466.545410156,1531911.14562988],[315445.643310548,1532036.68640137],[315460.932617188,1532140.15014649],[315500.644531251,1532156.40258789],[315510.000000001,1532190],[315485.915527347,1532174.08447266],[315440.000000001,1532150],[315440.000000001,1532140],[315430.000000004,1532140],[315430.000000004,1532120],[315437.414550781,1531957.83752442],[315463.665771484,1531847.62939454],[315484.809570313,1531824.80957031],[315490,1531820]]],[[[313860.000000004,1532220],[313847.192382813,1532215],[313860.000000004,1532210],[313860.000000004,1532220]]],[[[315510.000000001,1532190],[315550.000000001,1532190],[315550.000000001,1532220],[315514.084472655,1532195.91552734],[315510.000000001,1532190]]],[[[315550.000000001,1532220],[315560.000000002,1532220],[315560.000000002,1532230.00000001],[315550.000000001,1532230.00000001],[315550.000000001,1532220]]],[[[315560.000000002,1532230.00000001],[315580,1532230.00000001],[315580,1532240],[315560.000000002,1532240],[315560.000000002,1532230.00000001]]],[[[311450,1532260],[311450,1532270],[311450,1532280],[311440,1532300],[311427.192382813,1532305],[311440,1532310],[311433.281250001,1532323.28125],[311420.000000002,1532330],[311424.084472656,1532294.08447266],[311430.000000002,1532270],[311430.000000002,1532260],[311450,1532260]]],[[[315650.000000004,1532350],[315640.000000001,1532350],[315640.000000001,1532250],[315620.000000001,1532250],[315620.000000001,1532240],[315624.084472655,1532234.08447266],[315650.27587891,1532225.91552734],[315676.961669922,1532264.56604004],[315654.084472656,1532294.08447266],[315650.000000004,1532350]]],[[[315650.000000004,1532350],[315660.000000004,1532350],[315660.000000004,1532360],[315650.000000004,1532360],[315650.000000004,1532350]]],[[[315200.000000003,1532400],[315200.000000003,1532390],[315220.000000002,1532390],[315220.000000002,1532400],[315200.000000003,1532400]]],[[[315660.000000004,1532360],[315716.640625,1532363.359375],[315727.52197266,1532384.86816406],[315703.515625001,1532433.16253662],[315690,1532440],[315686.640625001,1532383.359375],[315666.71875,1532373.28125],[315660.000000004,1532360]]],[[[315607.2265625,1532379.67895508],[315511.403808593,1532448.48480225],[315473.824462892,1532464.62799072],[315476.088867188,1532436.44683838],[315558.521728517,1532365.42724609],[315600,1532360],[315607.2265625,1532379.67895508]]],[[[313400.000000001,1532790],[313387.807617188,1532786.57684326],[313396.57714844,1532777.80761719],[313400.000000001,1532790]]],[[[313356.577148439,1532842.19238281],[313347.807617188,1532833.42315674],[313360,1532830],[313356.577148439,1532842.19238281]]],[[[314650.000000004,1532910.00000001],[314650.000000004,1532920],[314640.000000003,1532920],[314640.000000003,1532910.00000001],[314650.000000004,1532910.00000001]]],[[[315645.190429688,1532855.19073487],[315620.496826173,1532866.84448242],[315604.322509769,1532917.93334961],[315570.280761721,1532982.26623535],[315614.478759766,1533010.80718995],[315574.200439453,1533029.81628418],[315575.643310548,1533066.2399292],[315550.000000001,1533090],[315566.04248047,1533016.45294189],[315550.935058597,1532975.31524658],[315599.645996095,1532866.15142823],[315630.000000001,1532840],[315640.000000001,1532840],[315640.000000001,1532830],[315650.000000004,1532830],[315650.000000004,1532820],[315660.000000004,1532820],[315660.000000004,1532810],[315660.000000004,1532800],[315670.000000002,1532800],[315670.000000002,1532790],[315679.999999999,1532790],[315679.999999999,1532780],[315675.915527344,1532744.08447266],[315652.041015625,1532691.40594483],[315636.309814453,1532621.23718262],[315665.915527347,1532555.91552735],[315674.084472657,1532514.08447266],[315685.915527345,1532485.91552735],[315690,1532460.00000001],[315705.19042969,1532455.19073486],[315724.809570313,1532444.80926513],[315744.809570315,1532437.01293945],[315721.123046874,1532481.77520752],[315735.205078125,1532494.82299805],[315734.779052735,1532505.58563233],[315696.85791016,1532504.0826416],[315685.190429688,1532565.19073487],[315659.211425781,1532628.43658448],[315677.446289063,1532715.58807373],[315719.844970704,1532770.87860107],[315689.066162111,1532799.3963623],[315645.190429688,1532855.19073487]]],[[[313296.577148438,1533212.19238282],[313287.807617188,1533203.42315674],[313300.000000003,1533200],[313296.577148438,1533212.19238282]]],[[[313631.706542971,1533327.54760742],[313592.237548829,1533324.3762207],[313595.610351563,1533282.39685059],[313615.372314455,1533265.37200928],[313624.627685547,1533242.60284424],[313582.861328126,1533206.61865235],[313588.684082031,1533134.15161133],[313610.000000001,1533100],[313623.359375004,1533093.359375],[313640.000000004,1533090],[313650.000000001,1533090],[313650.000000001,1533080],[313684.54223633,1533090.39978027],[313664.627685548,1533144.62799072],[313655.372314453,1533175.37200928],[313644.627685547,1533194.62799072],[313635.372314453,1533268.58581543],[313690,1533264.19647217],[313717.697753909,1533266.42211914],[313714.312744141,1533308.56048584],[313662.397460938,1533304.38903809],[313644.82055664,1533283.98834229],[313631.706542971,1533327.54760742]]],[[[315590,1533340],[315584.356689454,1533335.64361572],[315547.918701176,1533288.43719483],[315540.000000004,1533260],[315540.000000004,1533220],[315545.552978517,1533175.55297852],[315550.000000001,1533120.00000001],[315563.067626954,1533130.85449219],[315552.375488282,1533235.75012207],[315566.107177737,1533297.43530273],[315600.250244143,1533293.95507813],[315590,1533340]]],[[[315074.566650392,1533432.69714356],[315057.00317383,1533424.05334473],[315080.000000001,1533420],[315074.566650392,1533432.69714356]]],[[[315590,1533340],[315628.824462891,1533330.64514161],[315616.055908204,1533395.26367188],[315601.942138672,1533429.60906983],[315564.174804688,1533444.17510986],[315539.091796876,1533460.09979248],[315549.395751953,1533512.24487305],[315520.000000001,1533520],[315520.000000001,1533510],[315520.000000001,1533490],[315530.000000001,1533490],[315530.000000001,1533480],[315536.140136722,1533443.85406495],[315593.594970705,1533399.50622559],[315599.003906254,1533362.90405274],[315590,1533340]]],[[[313390.000000001,1533520],[313402.696533204,1533525.43365479],[313394.052734376,1533542.99682617],[313390.000000001,1533520]]],[[[315520.000000001,1533520],[315515.52978516,1533542.14385987],[315500.000000003,1533550],[315503.359375001,1533533.359375],[315510.000000001,1533520],[315520.000000001,1533520]]],[[[313350,1533540],[313362.192382813,1533543.42315674],[313353.422851563,1533552.19238281],[313350,1533540]]],[[[313292.807617191,1533615],[313280.000000001,1533620],[313280.000000001,1533610],[313292.807617191,1533615]]],[[[313222.728271488,1533468.10913086],[313194.62768555,1533544.62799072],[313185.372314453,1533605.37200928],[313172.755126952,1533674.95880127],[313138.934326172,1533722.65899658],[313050.000000001,1533690],[313050.000000001,1533680],[313040.000000003,1533680],[313030,1533680],[313030,1533670],[313020,1533670],[313010,1533670],[313010,1533660],[312999.999999999,1533660],[312990.000000002,1533660],[312965.314331058,1533619.29290772],[312980.000000001,1533490],[312985.643920901,1533455.64361572],[312990.000000002,1533400],[312999.999999999,1533400],[312999.999999999,1533390],[312999.999999999,1533380],[313010,1533380],[313010,1533370],[313020,1533370],[313020,1533360],[313020,1533350.00000001],[313032.80761719,1533345],[313020,1533340],[313035.552978516,1533285.55297852],[313040.000000003,1533250],[313050.000000001,1533250],[313050.000000001,1533240],[313050.000000001,1533230],[313060.000000001,1533230],[313060.000000001,1533210],[313070.000000001,1533210],[313070.000000001,1533180],[313070.000000001,1533170],[313082.807617188,1533165],[313070.000000001,1533160],[313074.62768555,1533104.62799072],[313095.372314453,1533015.37200928],[313107.745361332,1532880.70343018],[313133.045654297,1532796.6696167],[313186.754150394,1532766.70410157],[313295.172119141,1532775.41564942],[313320.000000002,1532770],[313330.000000002,1532770],[313330.000000002,1532750],[313330.000000002,1532730],[313343.359375,1532723.359375],[313370.000000003,1532720],[313370.000000003,1532730],[313390.000000001,1532730],[313393.359375004,1532736.640625],[313426.640625001,1532743.359375],[313440.000000002,1532750],[313440.000000002,1532760],[313450,1532760],[313460,1532760],[313460,1532770],[313470,1532770],[313480.000000003,1532770],[313480.000000003,1532780],[313490.000000003,1532780],[313500.000000001,1532780],[313500.000000001,1532790],[313500.000000001,1532800],[313510.000000001,1532800],[313510.000000001,1532810],[313520.000000001,1532810],[313520.000000001,1532830],[313520.000000001,1532850],[313530.000000004,1532850],[313536.307373047,1532898.20281983],[313555.372314456,1532914.62799072],[313566.508789064,1533023.80950928],[313559.999999999,1533090],[313559.999999999,1533110],[313570,1533110],[313565.280761721,1533195.28137207],[313554.493408203,1533307.04986572],[313523.566894531,1533334.68231202],[313349.401855471,1533347.27172852],[313324.255371094,1533292.48474121],[313325.297851566,1533275],[313323.807373048,1533250],[313325.297851566,1533225],[313324.702148438,1533215],[313325.595703128,1533200],[313324.699707032,1533184.95605469],[313336.691894535,1533037.99713135],[313319.692382813,1532877.96051025],[313294.19555664,1532906.49688721],[313295.79589844,1532933.35845948],[313283.432617188,1532979.52087402],[313290.000000001,1533060],[313280.000000001,1533060],[313280.000000001,1533120.00000001],[313275.372314454,1533215.37200928],[313264.627685546,1533254.62799073],[313252.716064455,1533358.53576661],[313222.728271488,1533468.10913086]],[[313136.110839847,1533076.1819458],[313130.640869143,1533144.24804688],[313164.440917969,1533146.96380615],[313165.40161133,1533135],[313164.594726564,1533124.96246338],[313170.000000001,1533070],[313136.110839847,1533076.1819458]],[[313400.000000001,1532790],[313424.627685548,1532799.04418946],[313400.445556644,1532761.38214112],[313374.869384766,1532775.65216064],[313361.479492189,1532760.11016846],[313343.820800782,1532775.32379151],[313346.204833985,1532805],[313342.21801758,1532854.62799072],[313365.372314454,1532845.37200928],[313400.000000001,1532790]],[[313460,1533190],[313447.807617188,1533193.42315674],[313456.577148438,1533202.19238282],[313460,1533190]]],[[[313530.000000004,1533870],[313496.640625,1533886.640625],[313460,1533890],[313453.427734375,1533858.58489991],[313494.809570313,1533880.48217773],[313455.107421879,1533804.65148926],[313421.633300784,1533822.36450195],[313265.457763673,1533761.54907227],[313262.303466797,1533681.95983887],[313270,1533660],[313318.413085938,1533639.97833252],[313290.000000001,1533590],[313302.807617191,1533585],[313290.000000001,1533580.00000001],[313309.838867191,1533528.38653565],[313324.447021484,1533444.44702149],[313337.027587894,1533400.38757325],[313358.093261719,1533383.51898193],[313402.735595704,1533389.07165527],[313422.735595704,1533364.09637451],[313449.978027344,1533367.48504639],[313466.358642581,1533387.94067383],[313500.000000001,1533383.75610352],[313530.310058597,1533387.52624512],[313554.447021484,1533419.38781739],[313524.447021486,1533524.44702149],[313506.658935547,1533606.65924072],[313475.985107425,1533714.08050537],[313544.509277347,1533726.0055542],[313554.447021484,1533806.39953613],[313530.000000004,1533870]],[[313350,1533540],[313343.010253907,1533545.59692383],[313331.890869142,1533635],[313336.809082031,1533674.54711914],[313319.978027344,1533688.0255127],[313295.552978517,1533729.5767212],[313320.404052738,1533737.43743896],[313345,1533734.37805176],[313382.672119141,1533739.06402588],[313402.980957033,1533686.22741699],[313409.772949219,1533631.62597656],[313385.588378908,1533590.48400879],[313414.447021486,1533554.44702148],[313430.021972659,1533541.9744873],[313454.447021484,1533500.42327881],[313432.318115234,1533485.55297852],[313400.089111329,1533507.40112305],[313390.000000001,1533520],[313383.359375001,1533516.640625],[313375.440673829,1533489.20288086],[313350,1533540]]],[[[313426.577148438,1533902.19238281],[313417.807617188,1533893.42315674],[313430.000000001,1533890],[313426.577148438,1533902.19238281]]],[[[313440.000000002,1533920],[313435.181884766,1533932.29431152],[313427.183837894,1533915.02258301],[313440.000000002,1533910],[313440.000000002,1533920]]],[[[315056.577148438,1534022.19238281],[315047.807617188,1534013.42315674],[315060,1534010],[315056.577148438,1534022.19238281]]],[[[315365.915527345,1534035.91552734],[315327.359619143,1534044.08447266],[315342.907714845,1533974.72351074],[315370,1533960],[315365.915527345,1534035.91552734]]],[[[313770.000000002,1534250.00000001],[313770.000000002,1534260],[313760.000000004,1534260],[313760.000000004,1534250.00000001],[313770.000000002,1534250.00000001]]],[[[314010,1534260],[314020,1534260],[314020,1534270],[314010,1534270],[314010,1534260]]],[[[314020,1534270],[314040.000000003,1534270],[314040.000000003,1534280],[314020,1534280],[314020,1534270]]],[[[313783.95263672,1534280],[313770.000000002,1534290],[313770.000000002,1534270],[313783.95263672,1534280]]],[[[314080.000000001,1534310],[314070.000000001,1534310],[314075.000000001,1534297.19238281],[314080.000000001,1534310]]],[[[314820.000000003,1534310],[314828.812255861,1534296.23535157],[314872.678222659,1534308.56292725],[314880.000000001,1534320],[314820.000000003,1534310]]],[[[314820.000000003,1534310],[314816.577148437,1534322.19238282],[314807.807617188,1534313.42315674],[314820.000000003,1534310]]],[[[314880.000000001,1534320],[314902.991943363,1534324.1973877],[314890.000000002,1534330],[314880.000000001,1534330],[314880.000000001,1534320]]],[[[314796.577148438,1534332.19238282],[314787.807617188,1534323.42315674],[314800,1534320],[314796.577148438,1534332.19238282]]],[[[313018.46435547,1534324.46075439],[313001.604614261,1534334.08447266],[312985.915527347,1534296.1807251],[313010,1534290],[313018.46435547,1534324.46075439]]],[[[314096.577148438,1534372.19238281],[314087.807617188,1534363.42315674],[314100.000000001,1534360],[314096.577148438,1534372.19238281]]],[[[314260,1534360],[314272.192382815,1534363.42315674],[314263.422851563,1534372.19238281],[314260,1534360]]],[[[314229.999999999,1534370],[314224.329833988,1534378.21228028],[314188.736572266,1534370.2331543],[314095.559082031,1534283.75366211],[314085.000000004,1534286.12091065],[314074.958496097,1534283.86962891],[314050,1534290],[314064.809570315,1534247.74749756],[314030.938720703,1534237.4017334],[314010,1534260],[314000.000000002,1534260],[314000.000000002,1534240.00000001],[313990.000000002,1534240.00000001],[313990.000000002,1534230],[313980.000000004,1534230],[313980.000000004,1534220],[313970.000000003,1534220],[313934.447021485,1534175.55297852],[313930.000000003,1534160],[313930.000000003,1534150],[313920,1534150],[313920,1534140],[313910,1534140],[313910,1534130],[313880.000000002,1534130],[313880.000000002,1534140],[313855.915527344,1534145.91552735],[313779.999999999,1534150],[313786.5234375,1534131.38885498],[313755.190429689,1534114.80926514],[313714.428710939,1534095.57189941],[313632.906494142,1534039.47509766],[313570.676269533,1534006.54602051],[313508.040771488,1533986.71569824],[313455.913085938,1533938.41705322],[313500.000000001,1533930],[313510.000000001,1533930],[313522.807617191,1533925],[313510.000000001,1533920],[313512.543945316,1533902.54364014],[313527.456054688,1533887.45635987],[313530.000000004,1533870],[313562.767333985,1533875.97717285],[313575.054931641,1533916.78894043],[313590.000000003,1533850],[313602.807617188,1533845],[313590.000000003,1533840],[313602.576904301,1533739.44885254],[313639.377441406,1533723.94195557],[313672.408447266,1533645.55297852],[313725.552978518,1533654.44702149],[313776.588134766,1533684.44702149],[313798.743896485,1533674.05700684],[313818.89404297,1533648.89373779],[313835.552978518,1533635.55297852],[313840.000000001,1533630],[313881.253662113,1533571.11846924],[313914.575195313,1533555.28137207],[314044.719238282,1533595.28137207],[314085.28076172,1533604.71862793],[314197.760009765,1533634.84375],[314256.223144534,1533655.82122803],[314361.165771488,1533649.56634522],[314434.719238283,1533665.28137207],[314503.243408205,1533675.95947266],[314516.127929688,1533731.34033203],[314536.406250004,1533787.85400391],[314555.595703128,1533805],[314542.436523438,1533816.75842285],[314555.28076172,1533864.71862793],[314560.000000002,1533950],[314560.000000002,1533960],[314570,1533960],[314583.052978517,1533987.36358643],[314553.540039063,1534003.54064942],[314540.000000004,1534030],[314540.000000004,1534100],[314540.000000004,1534110],[314530.000000003,1534110],[314530.000000003,1534170],[314530.000000003,1534200],[314520.000000001,1534200],[314520.000000001,1534220],[314510.000000001,1534220],[314510.000000001,1534240.00000001],[314510.000000001,1534250.00000001],[314500,1534250.00000001],[314500,1534260],[314490.000000003,1534260],[314490.000000003,1534280],[314490.000000003,1534290],[314480,1534290],[314480,1534300],[314480,1534310],[314470,1534310],[314470,1534330],[314470,1534340],[314460,1534340],[314460,1534350],[314460,1534360],[314440.000000002,1534370],[314435.190429688,1534364.80926514],[314325.7421875,1534338.73901367],[314324.603271484,1534310],[314325.396728517,1534290],[314324.008789063,1534255],[314325.555419922,1534215.9954834],[314306.278076173,1534195.19073487],[314225.991210938,1534207.75421143],[314255.462646487,1534235.06195068],[314234.809570314,1534244.80926514],[314209.088134767,1534258.42010498],[314194.809570313,1534245.19073486],[314165.173339845,1534199.296875],[314100.000000001,1534170],[314090.000000004,1534170],[314086.577148438,1534157.80761719],[314077.807617191,1534166.57684326],[314090.000000004,1534170],[314090.000000004,1534180],[314100.000000001,1534180],[314104.627685548,1534185.37200928],[314142.231445314,1534217.76885987],[314174.627685547,1534255.37200928],[314190.743408204,1534269.25628662],[314255.206298829,1534344.07806397],[314260,1534360],[314244.018554688,1534352.05596924],[314236.640625002,1534366.640625],[314229.999999999,1534370],[314229.999999999,1534360],[314220.000000002,1534360],[314228.148193361,1534326.82647705],[314214.958496095,1534323.86962891],[314190.000000001,1534330],[314186.57714844,1534317.80761719],[314177.807617188,1534326.57684326],[314190.000000001,1534330],[314193.359375002,1534346.640625],[314220.000000002,1534360],[314220.000000002,1534370],[314229.999999999,1534370]],[[314057.807617188,1534153.42315674],[314066.57714844,1534162.19238281],[314070.000000001,1534150],[314057.807617188,1534153.42315674]],[[314040.000000003,1534140],[314043.422851563,1534152.19238281],[314052.192382815,1534143.42315674],[314040.000000003,1534140],[314036.577148438,1534127.80761719],[314027.80761719,1534136.57684326],[314040.000000003,1534140]],[[314020,1534120],[314007.807617188,1534123.42315674],[314016.577148438,1534132.19238281],[314020,1534120]],[[313980.000000004,1534110],[313985.561523438,1534122.99682617],[314002.725830081,1534114.00543213],[313980.000000004,1534110],[313972.915039063,1534096.54998779],[313947.050781254,1534105.71838379],[313980.000000004,1534110]],[[313660.000000002,1533960],[313665.561523441,1533972.99682617],[313682.725830079,1533964.00543213],[313660.000000002,1533960],[313660.000000002,1533950],[313650.000000001,1533950],[313646.577148438,1533937.80761719],[313637.807617191,1533946.57684326],[313650.000000001,1533950],[313650.000000001,1533960],[313660.000000002,1533960]]],[[[314076.57714844,1534392.19238281],[314067.807617188,1534383.42315674],[314080.000000001,1534380],[314076.57714844,1534392.19238281]]],[[[314361.70654297,1534383.54980469],[314345.629882816,1534393.359375],[314336.640625004,1534366.75842285],[314350,1534360],[314361.70654297,1534383.54980469]]],[[[313840.000000001,1534400],[313830,1534400],[313830,1534390],[313840.000000001,1534390],[313840.000000001,1534400]]],[[[314440.000000002,1534370],[314435.718994142,1534402.94952393],[314426.55029297,1534377.08435059],[314440.000000002,1534370]]],[[[313840.000000001,1534400],[313850.000000001,1534400],[313850.000000001,1534410],[313840.000000001,1534410],[313840.000000001,1534400]]],[[[314066.57714844,1534412.19238281],[314057.807617188,1534403.42315674],[314070.000000001,1534400],[314066.57714844,1534412.19238281]]],[[[314040.000000003,1534410],[314040.000000003,1534420],[314030,1534420],[314030,1534410],[314040.000000003,1534410]]],[[[314285.99487305,1534422.72521973],[314277.00317383,1534405.56182861],[314290.000000001,1534400],[314285.99487305,1534422.72521973]]],[[[315500.000000003,1533550],[315495.372314456,1533605.37200928],[315472.418212892,1533667.87536621],[315475.97900391,1533712.17712403],[315450.806884765,1533844.75158692],[315435.372314453,1533994.31976319],[315462.593994141,1534144.4644165],[315485.372314454,1534154.62799073],[315494.627685549,1534163.55255128],[315453.845214847,1534215.62774659],[315456.975097656,1534254.57580566],[315424.185791018,1534313.34411621],[315430.000000004,1534340],[315413.834228516,1534348.17779541],[315410.000000001,1534390],[315410.000000001,1534400],[315405.372314455,1534435.37200928],[315385.16357422,1534452.7822876],[315294.627685547,1534464.62799072],[315250,1534490],[315236.690673828,1534404.20562744],[315255.847167972,1534340.57800293],[315300.623779301,1534269.09057617],[315354.952392578,1534226.54296875],[315414.761962892,1534204.5791626],[315443.642578125,1534206.89971924],[315446.828613282,1534167.23937988],[315417.595214847,1534114.84344482],[315405.372314455,1534034.62799072],[315392.644042968,1533964.43084717],[315404.627685547,1533924.62799073],[315418.677978517,1533886.36871338],[315453.03466797,1533760.83557129],[315465.372314453,1533635.37200928],[315470,1533620],[315480,1533620],[315480,1533610],[315494.084472657,1533554.08447266],[315500.000000003,1533550]]],[[[315122.807617188,1534495],[315110.000000002,1534500],[315110.000000002,1534490],[315122.807617188,1534495]]],[[[315500.000000003,1534510],[315500.000000003,1534520],[315490,1534520],[315490,1534510],[315500.000000003,1534510]]],[[[314816.577148437,1534522.19238281],[314807.807617188,1534513.42315674],[314820.000000003,1534510],[314816.577148437,1534522.19238281]]],[[[314790,1534530],[314793.422851565,1534517.80761719],[314802.192382813,1534526.57684326],[314790,1534530]]],[[[314790,1534530],[314786.577148441,1534542.19238282],[314777.807617187,1534533.42315674],[314790,1534530]]],[[[315510.000000001,1534550],[315500.000000003,1534550],[315500.000000003,1534530],[315510.000000001,1534530],[315510.000000001,1534550]]],[[[314746.57714844,1534572.19238281],[314737.807617188,1534563.42315674],[314750.000000001,1534560],[314746.57714844,1534572.19238281]]],[[[314716.577148438,1534592.19238281],[314707.80761719,1534583.42315674],[314720.000000003,1534580],[314716.577148438,1534592.19238281]]],[[[313403.765869141,1534700.89660645],[313393.853759768,1534745.11260987],[313325.915527344,1534751.98547363],[313355.915527345,1534705.91552734],[313364.782714844,1534660.50628662],[313380,1534650],[313403.765869141,1534700.89660645]]],[[[315510.000000001,1534550],[315516.187744142,1534555.7333374],[315601.552734379,1534736.61407471],[315665.190429688,1534814.80926514],[315670.000000002,1534830],[315621.336669926,1534792.68829346],[315586.639404297,1534753.85406494],[315516.805419923,1534586.461792],[315510.000000001,1534550]]],[[[315670.000000002,1534830],[315679.999999999,1534830],[315679.999999999,1534840],[315670.000000002,1534840],[315670.000000002,1534830]]],[[[315679.999999999,1534840],[315690,1534840],[315690,1534850],[315679.999999999,1534850],[315679.999999999,1534840]]],[[[315870.000000003,1534840],[315853.43994141,1534863.98468018],[315830.000000003,1534870],[315822.05444336,1534854.01489258],[315865.937500002,1534831.97021484],[315870.000000003,1534840]]],[[[315810,1534880],[315790.000000002,1534880],[315800,1534866.04797363],[315810,1534880]]],[[[316004.356689456,1534848.79974365],[315991.738281251,1534916.64093018],[315916.072998048,1534972.73956299],[315890.000000002,1534980],[315883.359374999,1534976.640625],[315876.640625001,1534936.84204102],[315906.640625004,1534876.640625],[315910,1534850],[315922.807617188,1534845],[315910,1534840],[315914.627685551,1534824.62799073],[316023.447265626,1534783.33343506],[316087.781982426,1534765.37200928],[316083.795166016,1534815],[316086.595458984,1534849.85595703],[316040,1534890],[316044.356689456,1534864.35638428],[316074.356689455,1534823.89221191],[316062.280273438,1534796.81488037],[316041.037597658,1534793.67553711],[315983.719482422,1534814.58862305],[316004.356689456,1534848.79974365]],[[315927.80761719,1534833.42315674],[315936.577148437,1534842.19238281],[315940.000000003,1534830],[315927.80761719,1534833.42315674]],[[315956.577148438,1534832.19238281],[315960.000000001,1534820],[315947.807617188,1534823.42315674],[315956.577148438,1534832.19238281]]],[[[316073.753662111,1534909.15100098],[316063.254394534,1534970.14068604],[316050.000000003,1534980],[316046.640625,1534913.359375],[316040,1534900],[316073.753662111,1534909.15100098]]],[[[315870.000000003,1535030],[315870.000000003,1535010],[315880.000000004,1535010],[315893.243408206,1535017.2593689],[315870.000000003,1535030]]],[[[313806.577148439,1535032.19223022],[313797.807617188,1535023.42330933],[313810,1535020],[313806.577148439,1535032.19223022]]],[[[313870.000000004,1535040],[313876.776123051,1535027.13546753],[313903.449707031,1535035.65338135],[313870.000000004,1535040]]],[[[314133.359375003,1535006.640625],[314140,1535010],[314140,1535040],[314110.000000002,1535040],[314097.160644531,1535014.17114258],[314125.699462891,1534991.49993897],[314133.359375003,1535006.640625]]],[[[313784.566650391,1535042.69714356],[313767.003173831,1535034.05334473],[313790,1535030],[313784.566650391,1535042.69714356]]],[[[313870.000000004,1535040],[313866.640625001,1535056.64062501],[313836.640625003,1535056.72866821],[313870.000000004,1535040]]],[[[312962.807617191,1535075],[312950.000000001,1535080],[312950.000000001,1535070],[312962.807617191,1535075]]],[[[316050.000000003,1535100],[316050.000000003,1535110],[316040,1535110],[316040,1535100],[316050.000000003,1535100]]],[[[313321.016845704,1535000.18432617],[313393.664550783,1535029.91714478],[313404.356689453,1535053.8923645],[313366.447753907,1535105.02304077],[313351.348876954,1535116.67709351],[313323.02734375,1535112.49176026],[313275.372314454,1535043.9666748],[313245.643310551,1534967.53509521],[313290.000000001,1534960],[313321.016845704,1535000.18432617]]],[[[313013.721923827,1535174.57611084],[312990.000000002,1535180],[312970.000000004,1535140.00000001],[312996.975097656,1535127.65823365],[313013.721923827,1535174.57611084]]],[[[313996.640625004,1535183.359375],[314000.000000002,1535200],[313986.640625001,1535206.640625],[313936.640625,1535207.1168518],[313953.101806643,1535173.41140747],[313970.000000003,1535170],[313996.640625004,1535183.359375]]],[[[313754.447021486,1535088.43109131],[313730.985107423,1535107.21939087],[313695.552978516,1535165.55313111],[313643.364257816,1535176.8447876],[313645.621337892,1535195],[313643.896484376,1535208.87191773],[313618.894042971,1535228.89373779],[313605,1535246.24389648],[313588.135986328,1535225.18447876],[313596.320800781,1535159.3826294],[313647.188720704,1535128.4854126],[313674.447021484,1535094.4468689],[313685.552978517,1535085.55313111],[313690,1535080],[313700,1535080],[313700,1535070],[313710.000000003,1535070],[313745.552978517,1535074.4468689],[313754.447021486,1535088.43109131]]],[[[313946.903076173,1535253.45245361],[313920.915527347,1535259.27825928],[313934.22607422,1535223.70559693],[313945.041503909,1535226.13021851],[313970.000000003,1535220],[313946.903076173,1535253.45245361]]],[[[311645.994262696,1535262.72537231],[311637.003173828,1535245.56182862],[311650.000000002,1535240],[311645.994262696,1535262.72537231]]],[[[313485.001220703,1535180.17227173],[313550.51147461,1535205.92590332],[313568.093261721,1535269.06524658],[313562.817382813,1535304.76699829],[313520.000000001,1535310],[313492.142333984,1535301.61254883],[313430.000000001,1535250],[313430.000000001,1535240],[313430.000000001,1535220],[313420.000000004,1535220],[313420.000000004,1535200],[313424.356689453,1535184.35623169],[313438.651123048,1535173.32290649],[313485.001220703,1535180.17227173]]],[[[315995.825195313,1535214.17495728],[316010.491943359,1535252.20489502],[315995.964355472,1535325.72494507],[315990.000000004,1535330],[315990.000000004,1535210],[315995.825195313,1535214.17495728]]],[[[312675.19165039,1535316.4263916],[312650.996704102,1535338.0444336],[312610.000000001,1535320],[312600,1535320],[312535.689086915,1535285.48660278],[312530.000000004,1535240],[312540.000000002,1535240],[312540.000000002,1535220],[312549.999999999,1535220],[312549.999999999,1535210],[312560,1535210],[312560,1535200],[312570,1535200],[312570,1535190],[312580,1535190],[312600,1535190],[312600,1535180],[312618.643188476,1535174.38690186],[312650.000000002,1535120],[312655.643920901,1535105.64376831],[312664.356079102,1534984.35638428],[312670,1534950],[312670,1534940],[312676.640625002,1534936.640625],[312698.19580078,1534893.73138428],[312750.000000004,1534890],[312760.000000002,1534890],[312773.359375,1534916.640625],[312780,1534920.00000001],[312780,1535010],[312770.000000002,1535010],[312770.000000002,1535020],[312770.000000002,1535030],[312760.000000002,1535030],[312760.000000002,1535040],[312760.000000002,1535050],[312750.000000004,1535050],[312750.000000004,1535060],[312750.000000004,1535070],[312740.000000003,1535070],[312740.000000003,1535080],[312740.000000003,1535090],[312730.000000001,1535090],[312730.000000001,1535100],[312730.000000001,1535110],[312720.000000001,1535110],[312720.000000001,1535130],[312684.71862793,1535194.71878052],[312675.19165039,1535316.4263916]]],[[[311577.216796876,1535206.06643677],[311556.886596679,1535329.82849121],[311528.800048831,1535344.35623169],[311510.000000001,1535320],[311510.000000001,1535310],[311514.744262697,1535260.2911377],[311549.888916016,1535202.02804565],[311577.216796876,1535206.06643677]]],[[[313994.627685548,1535344.62814331],[313958.781738284,1535364.62814331],[313969.523925785,1535327.87963867],[314047.155761721,1535272.83599854],[314080.000000001,1535280],[314080.000000001,1535290],[314090.000000004,1535290],[314090.000000004,1535300],[314080.000000001,1535300],[314080.000000001,1535310],[314070.000000001,1535310],[314070.000000001,1535320],[314050,1535320],[314050,1535330],[314040.000000003,1535330],[314020,1535330],[314020,1535340],[314010,1535340],[313994.627685548,1535344.62814331]]],[[[313240,1535340],[313236.082763672,1535373.05725098],[313230,1535360.00000001],[313230,1535340],[313240,1535340]]],[[[312065.71838379,1535382.94952392],[312056.55029297,1535357.08435059],[312070.000000003,1535350],[312065.71838379,1535382.94952392]]],[[[313035.915527347,1535375.91567993],[312988.544311524,1535393.64074707],[312938.590698242,1535382.44232178],[312914.535522462,1535347.60162354],[312905.915527345,1535315.37185669],[312940.000000001,1535310],[312951.730957031,1535325.19775391],[313054.582519535,1535342.66983032],[313074.356689453,1535294.35623169],[313092.077636722,1535275.64376831],[313106.387939453,1535310.60775757],[313102.753906251,1535335.19760132],[313135.643310551,1535344.35623169],[313140,1535350],[313124.084472657,1535354.08432007],[313088.317871097,1535369.1065979],[313057.114257813,1535362.11135864],[313035.915527347,1535375.91567993]]],[[[311636.08093262,1535395.46844483],[311588.981933594,1535414.35623169],[311575.643920901,1535389.2338562],[311630.000000004,1535380],[311636.08093262,1535395.46844483]]],[[[315970.000000001,1535430],[315970.000000001,1535400],[315980.000000001,1535400],[315980.000000001,1535430],[315970.000000001,1535430]]],[[[315870.000000003,1535030],[315844.809570313,1535124.80941773],[315834.713134767,1535167.19436646],[315814.729003905,1535204.96124268],[315825.953369142,1535236.98486329],[315854.32739258,1535263.27529907],[315812.312011721,1535318.0657959],[315825.190429688,1535354.80941773],[315834.809570313,1535386.37969971],[315775.810546875,1535384.04129029],[315710.437011722,1535434.17297363],[315652.10449219,1535413.72756958],[315598.055419921,1535415.86975098],[315569.999999999,1535410],[315560.000000002,1535410],[315560.000000002,1535400],[315572.807617188,1535395],[315560.000000002,1535390],[315586.522216801,1535326.42654419],[315739.58984375,1535312.0614624],[315765.28076172,1535275.28121948],[315777.434082033,1535120.02349854],[315844.719238282,1535044.71878052],[315870.000000003,1535030]]],[[[315970.000000001,1535430],[315970.000000001,1535440],[315960.000000001,1535440],[315960.000000001,1535430],[315970.000000001,1535430]]],[[[314620.000000001,1535470],[314604.537353516,1535465.4624939],[314575.347900391,1535444.45495606],[314545.926513676,1535447.45376587],[314568.591308595,1535387.13623047],[314552.452392579,1535373.73077393],[314534.59228516,1535375.55114746],[314515.462646485,1535344.53750611],[314510.000000001,1535340],[314510.000000001,1535330],[314513.658447268,1535311.87713623],[314530.000000003,1535320],[314536.427001954,1535329.30862427],[314575.915527345,1535344.08432007],[314600.227050783,1535379.29534912],[314584.084472659,1535404.08432007],[314575.915527345,1535430.39916993],[314615.684814453,1535421.48391724],[314620.000000001,1535470]]],[[[315960.000000001,1535440],[315953.984375001,1535463.440094],[315930,1535480],[315936.015625,1535456.55990601],[315960.000000001,1535440]]],[[[311641.962280275,1535535.96954346],[311610.000000001,1535540],[311620.000000001,1535520],[311630.000000004,1535520],[311630.000000004,1535510],[311640.000000001,1535510],[311640.000000001,1535500],[311660,1535500],[311641.962280275,1535535.96954346]]],[[[315930,1535480],[315930,1535540],[315920,1535540],[315920,1535480],[315930,1535480]]],[[[315920,1535610],[315920,1535550],[315926.187744142,1535553.81256104],[315936.680908204,1535584.60403442],[315930.853271487,1535603.31253052],[315920,1535610]]],[[[315920,1535610],[315920,1535620],[315910,1535620],[315910,1535610],[315920,1535610]]],[[[311066.640625001,1535593.359375],[311073.359375002,1535618.18283081],[311050.000000001,1535630],[311060.000000001,1535590.00000001],[311066.640625001,1535593.359375]]],[[[315820,1535690],[315820,1535700],[315800,1535700],[315800,1535690],[315820,1535690]]],[[[315790.000000002,1535700],[315785.000000002,1535712.80776978],[315780.000000002,1535700],[315790.000000002,1535700]]],[[[315896.278076172,1535643.72192383],[315903.721923829,1535676.27807617],[315923.559570313,1535703.8381958],[315894.062500001,1535713.72192383],[315876.278076174,1535683.72192383],[315860.000000001,1535680],[315863.359375001,1535673.35937501],[315885.529785156,1535662.14385986],[315890.000000002,1535640],[315896.278076172,1535643.72192383]]],[[[315720.000000003,1535710],[315720.000000003,1535720],[315700,1535720],[315700,1535710],[315720.000000003,1535710]]],[[[315679.999999999,1535720],[315679.999999999,1535730],[315670.000000002,1535730],[315670.000000002,1535720],[315679.999999999,1535720]]],[[[315590,1535770],[315590,1535780],[315569.999999999,1535780],[315569.999999999,1535770],[315590,1535770]]],[[[315657.302246095,1535769.72991944],[315651.988525392,1535793.43536377],[315620.000000001,1535780],[315644.084472656,1535744.08432007],[315650.000000004,1535740],[315657.302246095,1535769.72991944]]],[[[311186.576538087,1535802.19223023],[311177.807617191,1535793.42330933],[311190.000000004,1535790],[311186.576538087,1535802.19223023]]],[[[314830.000000003,1535830],[314830.000000003,1535840],[314790,1535840],[314790,1535830],[314830.000000003,1535830]]],[[[315000.000000002,1535840],[314890.000000002,1535840],[314890.000000002,1535830],[314940.000000003,1535830],[315000.000000002,1535830],[315000.000000002,1535840]]],[[[314650.000000004,1535860],[314650.000000004,1535870],[314630.000000001,1535870],[314630.000000001,1535860],[314650.000000004,1535860]]],[[[314610,1535870],[314610,1535880],[314590,1535880],[314590,1535870],[314610,1535870]]],[[[314530.000000003,1535890],[314530.000000003,1535900],[314510.000000001,1535900],[314510.000000001,1535890],[314530.000000003,1535890]]],[[[314500,1535900],[314500,1535910],[314480,1535910],[314480,1535900],[314500,1535900]]],[[[314470,1535910],[314470,1535920],[314460,1535920],[314460,1535910],[314470,1535910]]],[[[311376.576538089,1535932.19223022],[311367.807617188,1535923.42330933],[311380.000000001,1535920],[311376.576538089,1535932.19223022]]],[[[315428.51074219,1535881.85455322],[315382.318115235,1535939.61257935],[315340.000000002,1535930],[315345.638427738,1535884.92477417],[315395.552978516,1535825.55313111],[315414.447021488,1535794.4468689],[315440.000000001,1535790],[315428.51074219,1535881.85455322]]],[[[314390.000000001,1535940],[314390.000000001,1535950],[314380.000000003,1535950],[314380.000000003,1535940],[314390.000000001,1535940]]],[[[314339.999999999,1535960],[314339.999999999,1535970],[314330.000000002,1535970],[314330.000000002,1535960],[314339.999999999,1535960]]],[[[314320.000000004,1535970],[314320.000000004,1535980],[314310.000000004,1535980],[314310.000000004,1535970],[314320.000000004,1535970]]],[[[314300.000000001,1535980],[314300.000000001,1535990],[314290.000000001,1535990],[314290.000000001,1535980],[314300.000000001,1535980]]],[[[314280.000000001,1535990],[314280.000000001,1536000],[314270.000000003,1536000],[314270.000000003,1535990],[314280.000000001,1535990]]],[[[315450.000000002,1536000],[315450.000000002,1535980],[315459.999999999,1535980],[315459.999999999,1535960],[315476.833496095,1535882.82287598],[315469.547119144,1535792.13302612],[315484.627685549,1535774.62814331],[315520.000000001,1535770],[315515.825195313,1535775.82504272],[315478.562011722,1535802.53234863],[315497.390136722,1535880.67184448],[315484.174804688,1535924.17495728],[315472.156982425,1535984.11895752],[315450.000000002,1536000]]],[[[314260,1536000],[314260,1536010],[314240,1536010],[314240,1536000],[314260,1536000]]],[[[315450.000000002,1536000],[315450.000000002,1536010],[315440.000000001,1536010],[315440.000000001,1536000],[315450.000000002,1536000]]],[[[314229.999999999,1536010],[314229.999999999,1536020],[314220.000000002,1536020],[314220.000000002,1536010],[314229.999999999,1536010]]],[[[314190.000000001,1536030.00000001],[314190.000000001,1536020],[314210.000000001,1536020],[314210.000000001,1536030.00000001],[314190.000000001,1536030.00000001]]],[[[314190.000000001,1536030.00000001],[314190.000000001,1536040.00000001],[314180.000000001,1536040.00000001],[314180.000000001,1536030.00000001],[314190.000000001,1536030.00000001]]],[[[314170.000000001,1536040.00000001],[314170.000000001,1536050],[314160.000000003,1536050],[314160.000000003,1536040.00000001],[314170.000000001,1536040.00000001]]],[[[311016.576538086,1536052.19223023],[311007.807617188,1536043.42330933],[311020.000000003,1536040.00000001],[311016.576538086,1536052.19223023]]],[[[314150.000000003,1536050],[314150.000000003,1536060],[314140,1536060],[314140,1536050],[314150.000000003,1536050]]],[[[314110.000000002,1536070],[314110.000000002,1536060],[314130,1536060],[314130,1536070],[314110.000000002,1536070]]],[[[314110.000000002,1536070],[314110.000000002,1536080],[314100.000000001,1536080],[314100.000000001,1536070],[314110.000000002,1536070]]],[[[315000.000000002,1535840],[315056.867675785,1535843.85864258],[315146.187744142,1535873.81256104],[315213.812255859,1535906.18743896],[315230.000000002,1535910],[315273.383789066,1535964.17709351],[315303.641357423,1535967.94067383],[315310.000000001,1535960],[315320.000000004,1535960],[315335.335693361,1535999.01062012],[315340.000000002,1536080],[315334.356689456,1536075.64376831],[315323.791503906,1536013.45123291],[315186.038818359,1535920.00122071],[315090.987548828,1535868.38394165],[315004.356689456,1535845.64376831],[315000.000000002,1535840]]],[[[311720.000000001,1529840],[311710.000000001,1529840],[311710.000000001,1529890],[311720.000000001,1529890],[311720.000000001,1529900],[311720.000000001,1529950],[311720.000000001,1530020],[311720.000000001,1530110],[311730.000000001,1530110],[311730.000000001,1530240],[311720.000000001,1530240],[311720.000000001,1530260],[311720.000000001,1530270],[311710.000000001,1530270],[311710.000000001,1530310],[311705.371704103,1530375.3717041],[311700.000000003,1530430],[311687.192382813,1530435],[311700.000000003,1530440.00000001],[311700.000000003,1530460],[311690.000000003,1530460],[311680.682983398,1530446.50573731],[311664.084472657,1530514.08447266],[311660,1530520],[311654.084472657,1530544.08447266],[311650.000000002,1530600],[311650.000000002,1530640],[311626.929931641,1530676.96166992],[311585.371704102,1530815.3717041],[311574.628295902,1530834.6282959],[311570,1530880],[311565.915527345,1530905.91552734],[311554.084472657,1530954.08447266],[311550,1530980],[311545.552978517,1530995.55297852],[311530.021972659,1531021.97448731],[311465.831298829,1531073.37768555],[311460,1531120.00000001],[311454.084472659,1531124.08447266],[311445.915527345,1531165.91552735],[311413.720703127,1531184.29199219],[311421.725463871,1531220],[311406.032714845,1531290],[311420.543823244,1531354.72900391],[311401.83105469,1531381.83105469],[311383.728637696,1531394.32983398],[311386.871948244,1531408.35083008],[311355.915527347,1531429.7241211],[311384.084472656,1531455.91552735],[311421.024780274,1531477.00073242],[311434.084472657,1531495.91552734],[311440,1531500],[311440,1531510],[311434.356079102,1531514.3560791],[311425.643920901,1531585.6439209],[311406.375732424,1531634.65637207],[311384.025268554,1531664.8022461],[311395.643920898,1531694.3560791],[311412.157592775,1531791.56616211],[311399.921875,1531874.36401367],[311410.000000004,1531900],[311400.000000003,1531900],[311400.000000003,1531920],[311396.640625001,1531936.640625],[311390.000000001,1531950],[311380.000000001,1531950],[311380.000000001,1531960],[311380.000000001,1531970],[311370,1531970],[311370,1531980],[311360.000000003,1531980],[311360.000000003,1532000],[311347.192382813,1532005],[311360.000000003,1532010.00000001],[311360.000000003,1532120],[311350,1532120],[311350,1532130],[311350,1532150],[311340,1532150],[311340,1532160],[311340,1532170],[311330,1532170],[311310.000000002,1532170],[311310.000000002,1532180],[311280.000000001,1532180],[311280.000000001,1532240],[311290.000000004,1532240],[311290.000000004,1532250],[311300.000000004,1532250],[311300.000000004,1532260],[311310.000000002,1532260],[311310.000000002,1532270],[311314.560546878,1532332.43591309],[311340,1532350],[311340,1532360],[311334.084472657,1532384.08447266],[311330,1532420],[311314.084472657,1532444.08447266],[311300.000000004,1532470],[311290.000000004,1532470],[311290.000000004,1532480],[311266.126708984,1532516.12670899],[311260.000000001,1532540],[311247.192382813,1532545],[311260.000000001,1532550],[311255.915527346,1532575.91552735],[311238.168945313,1532618.16864014],[311230,1532650],[311220,1532650],[311220,1532660],[311224.084472657,1532785.91552735],[311230,1532810],[311220,1532810],[311220,1532840],[311220,1532860],[311209.999999999,1532860],[311209.999999999,1532950],[311209.999999999,1532960],[311200.000000002,1532960],[311200.000000002,1532970],[311183.756103517,1533028.61053467],[311185.659179688,1533076.6317749],[311180.000000004,1533180],[311170.000000001,1533180],[311170.000000001,1533200],[311164.084472656,1533224.08447266],[311160.000000001,1533250],[311160.000000001,1533280],[311156.640625003,1533316.640625],[311150.000000001,1533330],[311150.000000001,1533340],[311140.000000003,1533340],[311130,1533340],[311130,1533410],[311140.000000003,1533410],[311121.852416992,1533454.26879883],[311103.829345704,1533432.57110596],[311069.912719729,1533436.02813721],[311013.469238282,1533503.97796631],[311036.203613281,1533535.5670166],[311099.999999999,1533570.00000001],[311099.999999999,1533580.00000001],[311090.000000002,1533580.00000001],[311090.000000002,1533590],[311090.000000002,1533600],[311080.000000001,1533600],[311080.000000001,1533610],[311070.000000004,1533610],[311070.000000004,1533620],[311030.000000003,1533620],[311010,1533620],[311010,1533630],[310990,1533630],[310990,1533640],[310966.7565918,1533652.74078369],[310980.000000002,1533660],[310980.000000002,1533670],[310970.000000001,1533670],[310970.000000001,1533680],[310960.000000004,1533680],[310960.000000004,1533730],[310950.000000001,1533730],[310950.000000001,1533760],[310940.000000001,1533760],[310940.000000001,1533780],[310934.899902344,1533784.89990235],[310907.825317383,1533813.07952881],[310845.303955078,1533859.42626953],[310875.474853516,1534006.73034668],[310874.49584961,1534054.71160889],[310880,1534060],[310880,1534090],[310870.000000002,1534270],[310870.000000002,1534290],[310860.000000002,1534290],[310860.000000002,1534300],[310860.000000002,1534320],[310850.000000004,1534320],[310850.000000004,1534350],[310840.000000003,1534350],[310840.000000003,1534370],[310830.000000001,1534370],[310830.000000001,1534390],[310820.000000001,1534390],[310820.000000001,1534410],[310820.000000001,1534440],[310810,1534440],[310810,1534450],[310810,1534490],[310800.000000003,1534490],[310800.000000003,1534520],[310800.000000003,1534540],[310790,1534540],[310790,1534560],[310780.637817382,1534634.93225098],[310791.229248049,1534720.07904053],[310805.552978516,1534744.44702148],[310810,1534790],[310797.454833984,1534800.80810547],[310790,1534890],[310780,1534890],[310780,1534950],[310780,1534960],[310774.447021484,1534964.44702148],[310765.552978517,1535005.5531311],[310750.000000002,1535060],[310750.000000002,1535070],[310740.000000004,1535070],[310740.000000004,1535100],[310740.000000004,1535130],[310730.000000004,1535130],[310730.000000004,1535140.00000001],[310730.000000004,1535150],[310720.000000001,1535150],[310720.000000001,1535180],[310712.880859378,1535186.13357544],[310659.315185547,1535306.17721558],[310675.4296875,1535425.05371094],[310664.628295899,1535484.62814331],[310660,1535540],[310652.259521484,1535545.97457886],[310635.543823243,1535606.00280762],[310624.627685547,1535682.79083252],[310604.356079102,1535734.35623169],[310595.6439209,1535785.64376831],[310590.000000001,1535810.00000001],[310584.084472658,1535814.08432007],[310573.62792969,1535854.82940674],[310580.000000003,1535870],[310580.000000003,1535910],[310570,1535910],[310570,1535950],[310560,1535950],[310560,1535960],[310560,1535980],[310550,1535980],[310550,1535990],[310550,1536000],[310539.999999999,1536000],[310539.999999999,1536060],[310539.999999999,1536070],[310530.000000002,1536090],[310520.000000001,1536090],[310520.000000001,1536080],[310526.276245118,1535996.61178589],[310564.899902347,1535814.90005493],[310598.334350587,1535666.26556396],[310624.814453125,1535459.10003662],[310625.285644532,1535435.98999024],[310605.100097656,1535317.64511109],[310616.44897461,1535291.30493164],[310635.100097659,1535255.09994507],[310644.923095703,1534793.80187989],[310752.23815918,1534616.83898926],[310769.799804688,1534544.80010987],[310809.699707031,1534389.1116333],[310854.899902347,1534168.42926026],[310842.16003418,1534020.83953857],[310811.957397462,1533913.75701904],[310735.200195313,1533739.80010986],[310659.987182617,1533571.78710938],[310625.100097656,1533451.23657227],[310634.899902344,1533374.89990235],[310765.100097657,1533025.10009766],[310798.677978517,1532934.73236084],[311061.193847657,1532290.1373291],[311124.899902347,1532044.89990234],[311204.899902345,1531794.41589356],[311193.519287109,1531574.32678223],[311155.100097658,1531354.89990235],[311124.899902347,1531185.10009766],[311086.984863282,1530935.78063965],[311053.977661133,1530766.70166016],[310942.459106449,1530589.42749024],[310845.100097656,1530404.89990235],[310722.904663088,1530173.43688965],[310644.087524418,1530010.97595215],[310505.100097656,1529744.89990235],[310164.899902344,1529095.10009766],[309980.046997072,1528741.21887207],[309719.464111332,1528244.14916992],[309004.21081543,1528361.82739258],[308609.713745117,1528424.59777832],[308209.347534183,1528432.76855469],[308101.895751955,1528397.89978028],[308035.813598633,1528365.84045411],[308004.899902346,1528325.10009766],[307804.676818849,1528029.5123291],[307563.836059573,1527700.05615235],[307435.780029298,1527589.61242676],[307268.037109379,1527565.10009766],[307146.580505372,1527581.37451172],[307045.899963381,1527614.04541016],[307013.306274414,1527657.00073242],[307019.345703126,1527952.93579102],[306967.261657716,1528093.10791016],[306912.386169435,1528134.74731446],[306796.55029297,1528137.11120605],[306602.188720704,1528119.05578613],[306420,1528130],[306426.284484864,1528066.09069824],[306392.459716799,1528011.89819336],[306411.833496095,1527968.48022461],[306440.000000003,1527960],[306450,1527960],[306450,1527970],[306460.000000001,1527970],[306470.000000001,1527970],[306470.000000001,1527980.00000001],[306480.000000003,1527980.00000001],[306490.000000004,1527980.00000001],[306490.000000004,1527990.00000001],[306500.000000001,1527990.00000001],[306510.000000002,1527990.00000001],[306510.000000002,1528000],[306520,1528000],[306538.165893557,1528014.54711914],[306530.941467286,1528072.62939453],[306570.562133789,1528077.55737305],[306590.202941896,1528061.82983399],[306581.07635498,1527988.45581055],[306625.672912599,1527935.4107666],[306622.254333496,1527907.92663574],[306679.431762695,1527873.19702149],[306690.000000001,1527860],[306746.53869629,1527850.39550781],[306770,1527820],[306780.000000003,1527820],[306780.000000003,1527810],[306793.28125,1527803.28125001],[306800.000000001,1527790],[306810.000000001,1527790],[306810.000000001,1527780],[306825.915527344,1527784.08447266],[306849.999999999,1527800],[306860,1527800],[306860,1527810],[306870,1527810],[306890.000000003,1527810],[306890.000000003,1527800],[306903.952026367,1527790],[306890.000000003,1527780],[306890.000000003,1527770],[306870,1527770],[306863.261413577,1527756.6796875],[306830.000000004,1527740],[306830.000000004,1527700],[306820.000000004,1527700],[306799.607238769,1527673.58032227],[306780.607910156,1527676.38793945],[306736.513061527,1527658.34106445],[306730.000000002,1527620],[306730.000000002,1527600],[306730.000000002,1527590],[306735.915527345,1527585.91552735],[306744.084472657,1527564.08447266],[306760,1527540.00000001],[306780.000000003,1527540.00000001],[306780.000000003,1527510],[306770,1527510],[306770,1527500],[306760,1527500],[306760,1527490],[306720.000000001,1527490],[306700.000000001,1527490],[306700.000000001,1527480],[306690.000000001,1527480],[306690.000000001,1527470],[306680.000000001,1527470],[306639.481201172,1527445.19042969],[306594.809265138,1527454.80957031],[306565.190734864,1527465.19042969],[306462.900695805,1527476.07666016],[306436.27838135,1527504.80957031],[306417.392272951,1527488.97033692],[306402.283630371,1527460.41748047],[306429.979553223,1527315.3503418],[306524.809265139,1527335.19042969],[306618.651123048,1527348.01574707],[306684.842834474,1527375.20446777],[306777.091064453,1527371.54785156],[306805.190734866,1527384.80957031],[306834.80926514,1527405.19042969],[306880.381164552,1527419.61853028],[306924.809265138,1527435.19042969],[306940.000000004,1527440],[306940.000000004,1527450],[306950.000000002,1527450],[306970,1527450],[306970,1527460],[306980,1527460],[307010.381164555,1527469.61853027],[307059.013061523,1527486.66381836],[307166.585083011,1527512.28759766],[307245.190734864,1527524.80957031],[307394.395446777,1527552.55065918],[307490.516967773,1527572.66113281],[307629.957885744,1527636.74926758],[307670.617370605,1527658.26416016],[307734.80926514,1527775.19042969],[307805.190734864,1527884.80957031],[307844.80926514,1527955.19042969],[307955.190429688,1528074.80957032],[307990,1528130],[307990,1528140],[308000,1528140],[308049.837036133,1528153.87817383],[308081.080932618,1528194.3560791],[308115.643920902,1528185.6439209],[308146.398925781,1528145.79833985],[308197.515869144,1528124.87731934],[308180.000000002,1528120],[308180.000000002,1528110],[308170.000000004,1528110],[308178.140869142,1528012.60375977],[308217.83935547,1527880.74768066],[308245.371704103,1527815.37170411],[308271.214599613,1527729.53796387],[308349.622802734,1527694.55078125],[308391.764526367,1527627.26867676],[308439.787597656,1527623.41003419],[308494.628295898,1527635.3717041],[308540,1527640],[308540,1527650],[308550,1527650],[308560.000000003,1527650],[308560.000000003,1527640],[308594.174804688,1527630.98388672],[308582.908935551,1527581.32019043],[308540,1527570],[308468.478393556,1527564.93652344],[308363.827514649,1527542.10998535],[308308.956909181,1527465.69396973],[308232.736816406,1527493.68408203],[308138.552246097,1527473.14086915],[308070.119018557,1527434.95910645],[308029.4921875,1527387.80395508],[308013.989868164,1527252.57202149],[308016.607055664,1527220],[308014.598388674,1527195.00000001],[308016.739501955,1527168.35205079],[308003.68347168,1527132.79907227],[307961.689453125,1527114.0612793],[307945.000000004,1527115.40161133],[307932.489624024,1527114.39697266],[307875.372009278,1527135.37231446],[307824.670715332,1527144.62768555],[307795.372009279,1527088.44970703],[307845.37200928,1527045.37231445],[307862.880859377,1527006.1340332],[307875.372009278,1526995.37231446],[307880,1526970],[307890.92529297,1526979.07470703],[307910.218505859,1527002.30102539],[308008.843994142,1527044.35424805],[308075.462646484,1527015.46264648],[308079.999999999,1527010],[308090,1527010],[308090,1527020],[308110,1527020],[308120.000000003,1527020],[308120.000000003,1527030],[308120.000000003,1527040],[308130.000000001,1527040],[308130.000000001,1527050],[308130.000000001,1527060],[308150.000000001,1527060],[308176.640625001,1527056.640625],[308190.000000002,1527050],[308200,1527050],[308206.015625,1527058.7121582],[308250.000000001,1527070],[308260.000000001,1527070],[308260.000000001,1527060],[308280.000000004,1527060],[308280.000000004,1527050],[308290.000000002,1527050],[308290.000000002,1527040],[308300.000000002,1527020],[308300.000000002,1527010],[308313.242797855,1526999.77783203],[308320,1526960],[308313.978271485,1526876.68945313],[308235.28137207,1526864.71923828],[308230.000000003,1526860.00000001],[308210,1526850],[308200.562744142,1526839.43725586],[308184.71862793,1526825.28076172],[308171.176757816,1526795.77514649],[308110.612182617,1526828.68652344],[308050.000000004,1526840],[308046.576538087,1526827.80761719],[308037.807617191,1526836.57714844],[308050.000000004,1526840],[308050.000000004,1526850],[308060.000000004,1526850],[308060.000000004,1526860.00000001],[308054.084472656,1526864.08447266],[308026.759643557,1526903.66088868],[308020.000000001,1526930],[307986.565551759,1526944.04296875],[307943.635253906,1526916.08764648],[307946.320800783,1526904.10888672],[307880,1526900],[307880,1526890],[307880,1526880],[307870,1526880],[307865.677795411,1526813.39233398],[307845.414733887,1526825.93261719],[307826.267700198,1526822.63549805],[307820.027160645,1526858.88549805],[307849.15863037,1526905.95703126],[307814.821777345,1526964.26513672],[307784.789733888,1526922.58178711],[307780.000000003,1526860.00000001],[307780.000000003,1526850],[307770,1526850],[307763.895874023,1526765.55175781],[307711.164855958,1526706.53564453],[307674.718627931,1526695.28076172],[307587.913513187,1526641.61743164],[307468.659667969,1526613.87207031],[307415.281372074,1526594.71923829],[307320,1526590],[307310,1526590],[307310,1526600],[307290.000000002,1526600],[307280.000000001,1526600],[307280.000000001,1526610],[307264.718627932,1526614.71923828],[307211.541442874,1526651.86401367],[307087.646789551,1526719.49707031],[306990.293273926,1526799.3737793],[306934.718627929,1526834.71923828],[306895.28137207,1526865.28076172],[306870,1526870.00000001],[306860,1526870.00000001],[306860,1526880],[306820.064697267,1526884.88037109],[306772.000122071,1526913.87329102],[306724.40185547,1526927.12768555],[306705.000000003,1526924.26147461],[306648.975830078,1526932.54028321],[306591.132812499,1526955.27954102],[306520,1526960],[306520,1526950],[306510.000000002,1526950],[306490.704040527,1526885.91064453],[306441.695251465,1526800.90698242],[306372.621154789,1526746.81030274],[306334.627990725,1526735.37231446],[306325.372009281,1526684.62768555],[306309.899291994,1526671.29760742],[306342.11883545,1526625.85571289],[306345.372009279,1526585.37231445],[306350.000000001,1526580],[306395.643615723,1526575.64331055],[306434.582519532,1526560.33569336],[306524.788513185,1526609.32250977],[306537.535095215,1526684.35668945],[306593.599853518,1526674.20288086],[306631.450500489,1526625.16601563],[306650,1526620],[306665.915527345,1526624.08447266],[306720.000000001,1526660],[306720.000000001,1526670],[306730.000000002,1526670],[306730.000000002,1526680],[306750,1526680],[306750,1526690],[306770,1526690],[306780.000000003,1526690],[306780.000000003,1526700],[306900,1526700],[306914.356384277,1526694.35668945],[306977.380371097,1526685.39672852],[307054.717407229,1526653.74511719],[307094.35638428,1526624.35668946],[307125.643615725,1526605.64331055],[307160.000000004,1526580],[307170.000000001,1526580],[307170.000000001,1526570],[307180.000000002,1526570],[307180.000000002,1526560],[307200,1526560],[307200,1526550],[307210,1526550],[307210,1526540],[307264.447021486,1526524.44702149],[307290.000000002,1526520],[307299.999999999,1526520],[307299.999999999,1526510],[307310,1526510],[307328.062438968,1526504.69970703],[307384.17999268,1526470.08544922],[307360.000000001,1526450],[307352.143859867,1526434.47021485],[307330,1526430],[307330,1526420.00000001],[307290.000000002,1526420.00000001],[307270.000000004,1526420.00000001],[307270.000000004,1526410],[307240.000000001,1526410],[307230.000000003,1526410],[307230.000000003,1526400],[307190,1526400],[307127.593078613,1526393.63403321],[307090,1526350],[307090,1526340],[307080,1526340],[307080,1526330],[307080,1526320],[307070.000000002,1526320],[307070.000000002,1526300],[307060.000000002,1526300],[307060.000000002,1526280],[307050.000000004,1526280],[307050.000000004,1526240],[307040.000000003,1526240],[307040.000000003,1526230],[307030.000000001,1526230],[307030.000000001,1526220],[307030.000000001,1526200.00000001],[307020.000000001,1526200.00000001],[307020.000000001,1526180],[307010,1526180],[307010,1526160],[307000.000000003,1526160],[307000.000000003,1526150],[306990,1526150],[306985.529785157,1526127.85644532],[306970,1526120],[306970,1526110],[306960.000000002,1526110],[306955.552978519,1526104.44702149],[306944.447021483,1526095.55297852],[306932.725524902,1526080.91552734],[306816.386413577,1526005.55297852],[306738.485412599,1526022.07275391],[306715.552978517,1526035.55297852],[306684.447021487,1526044.44702149],[306636.227416992,1526062.98095703],[306580.379638672,1526069.92797852],[306514.447021484,1526045.55297852],[306437.798156739,1526010.94482422],[306363.882751466,1526001.75170899],[306300,1526020],[306290.000000002,1526020],[306290.000000002,1526030],[306270.000000004,1526030],[306260.000000004,1526030],[306260.000000004,1526040],[306250.000000001,1526040],[306240.000000001,1526040],[306240.000000001,1526050],[306226.640625,1526056.640625],[306210,1526060],[306190,1526060],[306190,1526070],[306179.999999999,1526070],[306130.000000001,1526070],[306130.000000001,1526080],[306100,1526080],[306040.000000004,1526080],[305970,1526080],[305934.249267579,1526073.47900391],[305865.202941895,1526054.58251954],[305849.459228518,1526055.84716797],[305790.000000001,1526050],[305785.072021485,1526042.86254883],[305727.010498048,1526029.84619141],[305720.000000002,1526040],[305673.359375001,1526016.640625],[305670,1526010],[305666.640625,1526003.359375],[305619.800415041,1525979.82910156],[305606.99371338,1525953.60595703],[305700.000000004,1525950],[305710.000000004,1525950],[305740,1525950],[305790.000000001,1525950],[305790.000000001,1525960],[305870,1525960],[305870,1525950],[305890,1525950],[305970,1525950],[306014.447021487,1525944.44702148],[306060.000000002,1525940],[306080,1525940],[306080,1525930],[306130.000000001,1525930],[306140.000000001,1525930],[306140.000000001,1525920],[306308.122253418,1525911.67358398],[306380.000000004,1525920],[306380.000000004,1525930],[306390.000000002,1525930],[306623.143615725,1525942.76367188],[306763.574829105,1525915.95336914],[306794.80926514,1525887.01293946],[306745.190734863,1525844.80957032],[306592.359924316,1525732.71118164],[306476.733093265,1525605.26733399],[306470.000000001,1525570],[306484.405212406,1525583.84033203],[306523.451232911,1525643.39599609],[306639.603271485,1525749.39208984],[306799.521484375,1525848.69262696],[306855.100097657,1525914.89990235],[306912.547912601,1526002.52197266],[307037.54058838,1526139.4909668],[307075.608215333,1526195.64941406],[307113.900146484,1526313.65112305],[307153.019104003,1526354.36645508],[307196.853332523,1526365.60058594],[307378.605957033,1526390.97290039],[307418.297729496,1526416.99707031],[307448.502807621,1526540.8996582],[307509.352416995,1526577.80029297],[307756.88812256,1526684.89990234],[307847.323303222,1526633.84521485],[308010.006713871,1526516.84326172],[308102.597656254,1526485.15136719],[308133.867797851,1526484.51293946],[308419.9609375,1526574.38720704],[308463.728637699,1526575.28076172],[308526.889648438,1526554.78393555],[308584.899902344,1526524.89990234],[309155.100097656,1526235.10009766],[309497.507934573,1526058.7084961],[309699.312133789,1525962.80273438],[310014.899902346,1525944.89990235],[310824.375000001,1525899.53613281],[311075.100097656,1525885.10009766],[311594.899902343,1525854.89990234],[311935.300292972,1525835.30029297],[312190.000000004,1525820],[312219.833984375,1525854.62768555],[312261.476440431,1525839.53491211],[312227.107543947,1525688.24951172],[312210.744018558,1525669.2565918],[312175.75378418,1525639.11132813],[312165.371704102,1525604.62768555],[312160.000000001,1525600],[312155.552978516,1525574.44702148],[312134.364013674,1525505.28320313],[312122.504272462,1525409.93652344],[312152.426147464,1525170.63232422],[312182.004394532,1525028.00415039],[312210.000000002,1525020],[312214.809570316,1525035.19042969],[312244.539794923,1525078.39599609],[312245.198364259,1525095],[312244.451904297,1525113.83544922],[312293.455810547,1525139.765625],[312414.809570313,1525004.46655274],[312386.220703125,1524975.76416016],[312374.809570313,1524965.19042969],[312345.19042969,1524924.80957031],[312324.428100587,1524905.57128906],[312302.645874025,1524882.06298829],[312280.000000001,1524890],[312284.628295898,1524874.62768555],[312338.934936527,1524808.97460938],[312327.174072266,1524662.60131836],[312349.977416993,1524586.86035157],[312465.389404298,1524569.27368164],[312531.650390628,1524476.99584961],[312570,1524470],[312575.936889649,1524564.71923828],[312604.949951172,1524550.56396485],[312610.000000001,1524470],[312620.000000001,1524470],[312620.000000001,1524460],[312646.92199707,1524451.47583008],[312851.561279297,1524340.94726563],[312865.190429689,1524315.19042969],[312876.208496094,1524246.02539063],[312923.859252932,1524183.88549805],[312819.931030274,1524022.01782227],[312798.357543946,1523909.01977539],[312756.334228519,1523863.66577149],[312714.809570313,1523825.19042969],[312710,1523820],[312725.347900392,1523751.41235352],[312810.426025391,1523758.24829102],[312849.063720703,1523724.9609375],[312865.878295898,1523663.52050782],[312875.401611331,1523545],[312874.000244141,1523527.56103516],[312917.651977538,1523457.86987305],[313011.102294923,1523377.35717773],[313030.450439453,1523252.63671875],[312999.832763675,1523083.76953125],[313018.165283203,1523022.88085938],[313064.627685547,1522963.55224609],[313053.088378907,1522890.09277344],[313025.372314454,1522874.62768555],[312940.103759766,1522848.95629883],[312898.15124512,1522773.76342773],[312925.371704102,1522735.37231446],[312934.6282959,1522714.62768555],[312954.238281252,1522679.47998047],[312956.165161136,1522655.49560547],[312940.791625977,1522654.26025391],[312895.17944336,1522707.20214844],[312880.365600588,1522658.00048828],[312807.200927734,1522688.81347656],[312751.484985352,1522673.56445313],[312710,1522680],[312704.6282959,1522675.37231446],[312645.963134766,1522607.27905274],[312580,1522580],[312573.060302738,1522565.14648438],[312579.328613284,1522548.51684571],[312547.653198245,1522536.57714844],[312540.000000002,1522550],[312495.371704101,1522524.62768555],[312456.133422854,1522507.11914063],[312450,1522500],[312524.628295898,1522493.76220703],[312501.625976566,1522396.51123047],[312460.688476563,1522384.18579102],[312395.371704102,1522300.78369141],[312404.628295898,1522284.62768555],[312424.389038089,1522267.60253907],[312426.978759766,1522235.37231446],[312404.628295898,1522254.62768555],[312395.371704102,1522265.37231446],[312370.000000003,1522270],[312355.281372069,1522234.71923828],[312344.718627932,1522215.28076172],[312335.281372071,1522194.71923828],[312270.735473636,1522184.66064453],[312215.281372074,1522113.10302734],[312240.870361331,1522036.14013672],[312274.237060547,1522034.15161133],[312301.532592773,1522048.98437501],[312325.281372074,1522005.28076172],[312334.718627932,1521984.71923828],[312364.337158206,1521971.12548828],[312365.805053712,1521946.49658204],[312355.281372069,1521934.71923828],[312344.718627932,1521925.28076172],[312334.498901366,1521913.84399414],[312254.718627931,1521895.28076172],[312199.511718754,1521865.28076172],[312183.558349609,1521875.45898438],[312156.359863284,1521934.71923828],[312087.717895508,1521922.17407227],[312098.378906251,1521743.30810547],[312055.000000001,1521745.89355469],[312024.323120118,1521744.06616211],[311972.946777344,1521771.98364258],[311930,1521780],[311907.208251953,1521764.26391602],[311889.163208008,1521716.03759766],[311904.096679688,1521649.42260742],[311925.915527346,1521615.91552735],[311930,1521590],[311984.084472656,1521603.28369141],[311967.16247559,1521584.22607422],[311930,1521580],[311934.6282959,1521564.62768555],[311980.783691406,1521555.37231446],[312051.043090822,1521610.39550781],[312066.618652345,1521592.31811523],[312150,1521599.01733399],[312211.717529298,1521594.05883789],[312265.117797855,1521574.44824219],[312305.90087891,1521603.36425781],[312441.501464845,1521592.46826172],[312464.628295902,1521605.37231446],[312490.541992189,1521614.62768555],[312582.251586914,1521557.38647461],[312682.218017578,1521527.28881836],[312722.67883301,1521549.86328125],[312735.072021487,1521617.80639648],[312791.162719727,1521613.29956055],[312840.000000001,1521586.05102539],[312864.820556641,1521625.67993165],[312885.130615234,1521614.34814453],[312903.381347656,1521635.53222656],[312926.310424807,1521633.68896484],[312922.965087893,1521675.32348633],[312945.371704102,1521694.62768555],[312950.000000001,1521700],[312920.000000003,1521700],[312907.192382813,1521705],[312920.000000003,1521710],[312908.140869142,1521796.77246094],[312885.579223634,1521861.14501953],[313002.555541993,1521912.421875],[313051.193847656,1521972.1862793],[313064.809570313,1522015.19042969],[313092.521972656,1522040.86791992],[313123.601074219,1522099.60205078],[313065.251464847,1522153.66577148],[313063.216552737,1522205],[313065.991210938,1522275],[313063.840332032,1522329.25048828],[313095.579833987,1522375.37475586],[313093.223876955,1522434.80957031],[313105.190429688,1522425.19042969],[313114.809570314,1522414.80957032],[313135.305175784,1522405.13671875],[313122.062988282,1522367.35473633],[313145.233154297,1522345.88500977],[313144.794921876,1522334.81933594],[313185.728759766,1522308.38623047],[313184.802246094,1522285.00000001],[313185.24536133,1522273.81103516],[313157.478027344,1522221.33544922],[313135.19042969,1522157.74780274],[313164.411621093,1522138.4765625],[313207.01904297,1522165.98999024],[313224.809570313,1522185.19042969],[313230,1522190],[313230,1522210],[313240,1522210],[313240,1522220],[313250,1522220],[313250,1522230],[313260.000000003,1522230],[313260.000000003,1522240],[313270,1522240],[313270,1522260],[313280.000000001,1522260],[313280.000000001,1522270],[313290.000000001,1522270],[313307.666015625,1522327.20825196],[313380,1522410],[313373.131103516,1522464.97680664],[313376.333007813,1522490.71655274],[313370.000000003,1522530],[313370.000000003,1522540],[313360,1522540],[313360,1522550],[313350,1522550],[313350,1522560],[313335.166015627,1522597.7355957],[313330.000000002,1522640],[313320.000000002,1522640],[313320.000000002,1522650],[313313.7109375,1522713.95629883],[313316.204833984,1522745],[313313.973388673,1522772.78198242],[313290.000000001,1522780],[313280.000000001,1522780],[313280.000000001,1522790],[313270,1522790],[313270,1522820],[313280.000000001,1522820],[313280.000000001,1522830],[313290.000000001,1522830],[313313.509521485,1522848.8256836],[313324.447021484,1522932.41577149],[313293.341064453,1523013.34106445],[313269.470214844,1523096.82739258],[313322.34375,1523162.93701172],[313334.447021484,1523244.05151367],[313322.934570313,1523336.60888672],[313302.23388672,1523334.03442383],[313285.495605471,1523294.31152344],[313266.588134767,1523275.55297852],[313205.032958984,1523311.73706055],[313195.552978517,1523355.55297852],[313174.447021488,1523404.44702149],[313165.552978518,1523449.39697266],[313190.000000004,1523440],[313200.000000004,1523440],[313200.000000004,1523430],[313203.359375,1523423.359375],[313216.640625004,1523416.640625],[313223.359375,1523363.359375],[313240,1523330],[313260.000000003,1523330],[313276.187744142,1523333.81225586],[313296.125488285,1523393.06030274],[313300.000000003,1523440],[313290.000000001,1523440],[313290.000000001,1523460],[313290.000000001,1523470],[313277.807617188,1523473.42285156],[313286.57714844,1523482.19238281],[313290.000000001,1523470],[313300.000000003,1523470],[313345.343017581,1523477.890625],[313404.447021488,1523555.55297852],[313430.909423832,1523576.74438477],[313484.447021485,1523665.55297852],[313518.100585941,1523711.62475586],[313530.000000004,1523780],[313530.000000004,1523790],[313540.000000001,1523790],[313550.000000002,1523830],[313545.280761722,1523865.28076172],[313516.043701174,1523946.76513672],[313505.280761719,1523934.71923828],[313446.772460941,1523907.86499024],[313425.280761722,1523937.91381836],[313464.124755859,1523972.62084961],[313426.832275392,1524026.00952149],[313488.76953125,1524098.81958008],[313514.942626953,1524084.59716797],[313548.18725586,1524096.52587891],[313544.702148437,1524155.00610352],[313550.000000002,1524240],[313550.000000002,1524250],[313534.537353518,1524344.53735352],[313523.193359377,1524433.19335938],[313484.537353516,1524594.53735352],[313475.462646487,1524735.46264648],[313464.537353516,1524794.53735352],[313451.573486329,1524910.14404297],[313465.55053711,1524893.3190918],[313494.555664063,1524794.47753906],[313551.910400391,1524775.46264648],[313600.407714844,1524843.72558594],[313625.462646487,1524864.53735352],[313636.18652344,1524948.35449219],[313627.290039063,1525035.63720704],[313598.024902347,1525059.94750977],[313585.462646487,1525076.4819336],[313614.107666017,1525073.56201172],[313646.348876953,1525096.76635742],[313644.160156251,1525118.23730469],[313624.537353517,1525134.53735352],[313620.000000001,1525140],[313610.000000001,1525140],[313600.000000003,1525140],[313600.000000003,1525150],[313586.640625,1525156.640625],[313570,1525160],[313557.192382814,1525165],[313570,1525170],[313629.321289063,1525180.0769043],[313680,1525200],[313715.100097657,1525204.89990234],[313725.942382813,1525216.18530274],[313722.960205079,1525070.07202148],[313735.333251953,1524973.27392578],[313748.204345703,1524935.10009766],[313794.899902347,1524962.1850586],[313737.25830078,1525038.14941406],[313784.387207031,1525083.43139649],[313796.267089846,1525107.91748047],[313794.698486328,1525184.76806641],[313825.100097657,1525234.89990235],[313837.940673828,1525313.77685547],[313890.99975586,1525258.55102539],[313925.648193363,1525151.77734375],[313923.521728516,1525047.57446289],[313937.546386721,1525020.3515625],[313985.563964844,1524984.75585938],[314004.899902345,1524944.89990234],[314020.200195312,1524915.20019531],[314034.899902345,1524884.89990234],[314048.614501954,1524858.27758789],[314034.899902345,1524845.10009766],[314022.04956055,1524831.72607422],[313996.550292968,1524701.10717774],[314015.103759767,1524665.09277344],[314014.896240235,1524654.90722656],[314025.134277345,1524635.03295898],[314014.777832034,1524594.62524414],[314035.10009766,1524575.10009766],[314044.899902346,1524564.89990235],[314055.927734375,1524554.30419922],[314095.433349613,1524555.11108399],[314114.899902345,1524615.10009766],[314134.583740234,1524653.31054688],[314151.546630859,1524705.58105469],[314190.26611328,1524704.79003906],[314204.899902347,1524614.89990235],[314218.900146488,1524560.2722168],[314255.30029297,1524525.30029297],[314284.106445313,1524495.31860352],[314303.504638673,1524485.10009766],[314314.899902347,1524555.10009766],[314329.5703125,1524597.96020508],[314388.098144531,1524626.35498047],[314404.899902344,1524646.86035157],[314383.666992188,1524729.71069336],[314314.899902347,1524814.89990235],[314290.000000001,1524880],[314274.024658202,1524888.08105469],[314270.000000003,1524920],[314257.192382813,1524925],[314270.000000003,1524930],[314254.447021484,1524954.44702149],[314241.083984377,1524986.15844727],[314214.759521485,1525019.03198242],[314135.552978515,1525052.40844726],[314145.471191409,1525100.52001953],[314165,1525146.86523438],[314174.73876953,1525123.75488281],[314226.571044922,1525165.26245118],[314191.673583988,1525175.23925781],[314216.622314452,1525234.44702149],[314235.552978517,1525225.55297852],[314244.447021487,1525194.44702149],[314255.656738282,1525165.28320313],[314253.786621095,1525150.24658204],[314274.447021485,1525124.44702148],[314285.678710941,1525115.45288086],[314283.519287109,1525098.09326172],[314294.447021488,1525084.44702149],[314300.000000001,1525080.00000001],[314304.809570313,1525085.19042969],[314325.977783207,1525104.8046875],[314304.809570313,1525144.80957031],[314294.322509766,1525177.93334961],[314274.809570313,1525214.80957031],[314263.731689455,1525388.00048828],[314265.203857425,1525425.13427735],[314240.025634766,1525535.84594727],[314194.230957035,1525595.56396484],[314169.428710939,1525594.58129883],[314154.523925781,1525532.01049805],[314155.285644531,1525512.80883789],[314194.191894533,1525439.28100586],[314172.98706055,1525405.19042969],[314141.641845707,1525439.0197754],[314130,1525500],[314117.192382814,1525505],[314130,1525510],[314125.552978517,1525555.55297852],[314109.13574219,1525613.0456543],[314125.552978517,1525744.44702148],[314134.447021487,1525835.55297852],[314147.607421876,1525929.03808594],[314143.896484374,1525958.87207031],[314124.447021484,1525974.44702148],[314115.552978519,1525998.43139648],[314136.809082034,1526015.45288086],[314130.858154297,1526063.29467773],[314140,1526120],[314134.809570312,1526124.80957031],[314067.613525393,1526228.86840821],[314054.107666017,1526257.48535156],[314057.392578125,1526340.37597657],[314034.809570313,1526404.80957031],[314025.19042969,1526465.19042969],[314002.003173828,1526544.39453125],[314005.245361328,1526626.18896484],[313984.809570313,1526664.80957032],[313980.000000004,1526680],[313980.000000004,1526690],[313983.359374999,1526736.640625],[313996.640625004,1526763.359375],[314003.359375,1526966.640625],[314016.640625002,1526993.359375],[314020,1527020],[314020,1527030],[314030,1527030],[314036.589355469,1527060.21240235],[314034.578857422,1527085.23803711],[314054.367675784,1527139.12597656],[314071.490478519,1527232.99316407],[314164.453125,1527272.14355469],[314215.501708988,1527276.24511719],[314213.824462892,1527255.37231445],[314245.429687499,1527264.64477539],[314244.28466797,1527278.9038086],[314310.000000004,1527320.00000001],[314313.422851562,1527332.19238281],[314322.192382816,1527323.42346192],[314310.000000004,1527320.00000001],[314314.719238283,1527314.71862793],[314363.094482426,1527283.95263672],[314379.468994143,1527144.17114258],[314423.150634766,1527095.28076172],[314445.312500003,1527124.75952149],[314444.564208985,1527137.3034668],[314466.480712892,1527254.71923829],[314505.280761722,1527235.28076172],[314534.719238282,1527214.71923828],[314572.462158204,1527197.39501953],[314589.240722658,1527125.28076172],[314639.7265625,1527138.50097656],[314681.020507813,1527184.71923829],[314694.719238281,1527154.375],[314670.622558594,1526976.5246582],[314625.28076172,1526823.41186524],[314636.270751954,1526720.13671875],[314744.719238285,1526623.23974609],[314735.28076172,1526564.71923828],[314720.000000003,1526540],[314754.876708988,1526534.69482422],[314765.000000004,1526535.29785156],[314785.234375004,1526534.09179688],[314794.719238281,1526662.36694336],[314754.719238285,1526674.71923828],[314745.28076172,1526695.28076172],[314681.881103516,1526707.11425781],[314665.280761722,1526747.91381837],[314685.280761718,1526784.71923828],[314708.963623047,1526943.79150391],[314725.280761722,1527004.71923828],[314734.719238282,1527095.28076172],[314746.771240237,1527140.28198242],[314742.318115236,1527215],[314746.014404298,1527277.02636719],[314805.280761719,1527314.71862793],[314927.556152345,1527427.90771484],[315006.69067383,1527636.89758301],[315044.609375,1527759.69543457],[315054.719238282,1527835.28137207],[315075.28076172,1527924.71862793],[315084.719238285,1527975.28137207],[315095.28076172,1528024.71862793],[315105.881347659,1528115.20202637],[315149.729003906,1528214.8236084],[315218.438720706,1528298.56750489],[315275.280761719,1528334.71862793],[315344.422607424,1528412.10205078],[315395.46875,1528427.86437989],[315458.26904297,1528535.73120117],[315596.101074219,1528632.29919434],[315732.355957033,1528646.49780274],[315814.290771484,1528612.41882324],[315843.718261719,1528645.35400391],[315864.719238285,1528716.84875488],[315839.132080082,1528739.71069336],[315855.28076172,1528784.71862793],[315876.881103517,1528854.66918946],[315955.280761722,1528924.71862793],[315960.000000001,1528930],[315952.58911133,1528936.38427734],[315985.372314453,1528964.6282959],[316004.627685548,1528990.16601563],[315964.627685547,1529024.6282959],[315941.488037109,1529051.48742676],[315914.627685551,1529074.6282959],[315902.486572267,1529088.72070313],[315905.623779297,1529127.76245117],[315945.349121094,1529124.5703125],[315954.627685547,1529148.78173828],[315919.920654301,1529210.98815918],[315874.923095704,1529194.46350098],[315842.041015627,1529212.80944824],[315797.76855469,1529264.19677734],[315778.492431644,1529328.22143555],[315715.347900391,1529382.62329102],[315675.372314456,1529463.31054688],[315748.430175781,1529509.07043457],[315767.301025391,1529551.36230469],[315764.248046879,1529589.35913086],[315684.433593753,1529582.94555664],[315685.610351565,1529597.60314942],[315719.337158206,1529626.66015625],[315750.000000001,1529624.19677735],[315773.443603516,1529626.08032227],[315832.490234375,1529604.3963623],[315845.000000001,1529605.40161133],[315856.392822268,1529604.48608399],[315884.627685548,1529619.57397461],[315843.134765626,1529645.56335449],[315825.372314454,1529685.37170411],[315811.630859375,1529710],[315825.372314454,1529734.6282959],[315834.627685546,1529769.57397461],[315783.000488282,1529785.11779785],[315791.029052738,1529885.04089356],[315849.720458987,1529935.6060791],[315893.32275391,1530005.21911621],[315854.627685547,1530054.6282959],[315826.905517582,1530098.88854981],[315752.927246095,1530121.16210938],[315735.372314454,1530149.64782715],[315775.372314453,1530244.6282959],[315812.022705078,1530366.36047364],[315880.80078125,1530397.05078125],[315914.627685551,1530384.6282959],[315946.606445313,1530375],[315930,1530370],[315941.343994142,1530355.30273438],[315972.07763672,1530345.6439209],[315984.429931642,1530375.82336426],[316003.42041016,1530373.01696777],[315994.26147461,1530435],[315996.25732422,1530448.50830078],[316042.133789064,1530441.72912598],[316031.230468751,1530515.51208496],[316055.643310549,1530534.3560791],[316065,1530557.21679688],[316095.207519532,1530552.75268555],[316111.955566407,1530614.3560791],[316050.000000003,1530600],[316057.856445314,1530578.60778809],[316016.049804689,1530511.62719727],[316005.372314453,1530464.6282959],[315975.754394531,1530439.11071777],[315959.573974613,1530385.3717041],[315945.372314457,1530411.9506836],[315954.627685547,1530455.3717041],[315980.166015626,1530477.37365723],[316014.627685548,1530539.14123535],[315989.329833985,1530573.60290527],[315920.927734379,1530588.52233887],[315834.627685546,1530575.37170411],[315783.365478517,1530561.34216309],[315669.20288086,1530642.28820801],[315637.602539064,1530605.61096192],[315600.147705079,1530602.60131836],[315544.344482422,1530623.09387207],[315468.140869144,1530589.09057617],[315461.942138673,1530511.94274902],[315480.299072269,1530461.95434571],[315465.372314453,1530444.6282959],[315459.999999999,1530440.00000001],[315459.999999999,1530430],[315450.000000002,1530430],[315445.190429688,1530404.80957031],[315434.809570313,1530395.19042969],[315422.238769532,1530303.20861816],[315401.668701175,1530281.00769043],[315361.771240234,1530306.77124023],[315424.809570313,1530347.47802734],[315415.058593751,1530426.25305176],[315377.012939453,1530385.19042969],[315390.502929687,1530454.39941406],[315434.809570313,1530518.7878418],[315422.04223633,1530580.38085938],[315355.742187503,1530620.97595215],[315325.190429687,1530604.80957031],[315286.450195313,1530586.52648926],[315223.809814453,1530535.54748535],[315196.755371095,1530534.47509766],[315155.280761719,1530572.90283203],[315154.47265625,1530593.28918457],[315193.049316407,1530675.02929688],[315245.643310548,1530723.76037598],[315243.504638672,1530777.73071289],[315254.809570312,1530825.19042969],[315265.190429688,1530854.80957031],[315279.813232425,1530900.9967041],[315327.287597659,1530974.51354981],[315361.035156251,1530938.09020997],[315418.486328127,1530924.40551758],[315488.209228519,1530883.41552735],[315525.190429691,1530835.19042969],[315534.809570313,1530774.80957032],[315555.190429688,1530745.19042969],[315564.809570316,1530714.80957031],[315615.190429688,1530685.19042969],[315655.496826176,1530657.45483398],[315653.442382813,1530709.28894043],[315664.814453126,1530745.20568848],[315704.809570313,1530743.61999512],[315693.099365235,1530782.05505371],[315605.933837892,1530845.98876953],[315569.619140626,1530914.61853027],[315551.754150392,1530952.47253418],[315494.2578125,1531054.61120606],[315467.308349612,1531083.69750977],[315384.295654297,1531142.22167969],[315385.991210938,1531185],[315381.131591799,1531307.60986328],[315396.783447267,1531382.42004395],[315384.165039064,1531461.62597656],[315240.531005859,1531442.89794922],[315203.295898439,1531497.00866699],[315206.638183594,1531581.34033204],[315135.190429688,1531627.47802735],[315148.049316406,1531664.52636719],[315173.265380863,1531665.5255127],[315252.359619144,1531651.75354004],[315274.442138673,1531675.58654786],[315297.623291016,1531663.3203125],[315355,1531665.59448243],[315404.537353516,1531663.63098145],[315422.214355469,1531765.14953613],[315399.619140625,1531829.61853028],[315390.000000003,1531900],[315285.904541017,1531927.93212891],[315270.380859376,1532025.38146973],[315254.809570312,1532054.80957031],[315241.099853516,1532155.12573243],[315201.378173828,1532230.19226075],[315174.005126954,1532255.55480957],[315146.131591798,1532254.45007325],[315104.757080078,1532184.07287597],[315053.394775391,1532239.50683594],[315055.252685549,1532286.37695313],[315113.770751953,1532284.05761719],[315143.375244142,1532299.72351074],[315105.859375001,1532370.62194824],[315054.604492188,1532445.10620117],[315078.114013673,1532454.80926514],[315171.362304691,1532405.4675293],[315200.000000003,1532400],[315216.192626953,1532434.67834473],[315211.842041016,1532454.08447266],[315237.489013672,1532439.19799805],[315286.950683594,1532364.34997559],[315270.000000003,1532360],[315304.356689453,1532314.3560791],[315310.000000001,1532310],[315315.28076172,1532314.71862794],[315348.543701173,1532360.55114746],[315344.58496094,1532426.96899414],[315324.719238283,1532444.71862793],[315313.728027344,1532468.66455078],[315315.310058597,1532495.20111084],[315304.102783204,1532526.4364624],[315215.758056643,1532521.17095948],[315174.261474612,1532567.61444092],[315177.086181643,1532615],[315174.685058595,1532655.27496338],[315234.82666016,1532666.50054932],[315291.948242189,1532663.09570313],[315304.719238285,1532633.15093994],[315280.854492188,1532611.82891846],[315300.562744141,1532575.56243897],[315315.546874999,1532542.91320801],[315338.372802736,1532522.5189209],[315392.510986331,1532525.74554443],[315404.719238282,1532565.28137207],[315436.68334961,1532616.98577881],[315530.955810548,1532611.36688233],[315602.945556642,1532667.15637207],[315618.653564456,1532718.02520752],[315574.719238281,1532774.71862793],[315560.341796876,1532836.5133667],[315494.719238281,1532874.71862793],[315465.280761721,1532895.28137207],[315427.318115234,1532919.42565918],[315385.843505863,1532965.84381104],[315355.546875003,1532992.91320801],[315336.32080078,1533034.80407715],[315314.719238285,1533044.71862793],[315279.614257813,1533069.23980713],[315261.906738284,1533089.05853272],[315245.280761718,1533125.28137207],[315215.60791016,1533179.88800049],[315236.968994142,1533239.4216919],[315270.867919921,1533269.71069336],[315251.057128909,1533324.92462158],[315193.984375004,1533398.56994629],[315161.002197266,1533428.03985596],[315093.312988282,1533424.00543213],[315066.292724609,1533365.1348877],[315042.335205079,1533355.28137207],[315045.595703125,1533410],[315044.151611327,1533434.23736572],[315060.562744142,1533464.43756104],[315074.719238282,1533495.28137208],[315102.525634766,1533535.09033203],[315084.719238285,1533584.71862793],[315071.986083984,1533639.4418335],[315075.297851563,1533695],[315068.851318361,1533803.15612793],[315043.50341797,1533825.80474853],[315021.691894532,1533824.50469971],[314981.767578126,1533802.80975342],[314935.280761719,1533835.28137207],[314894.719238281,1533844.71862793],[314871.140136722,1533857.53112793],[314851.960449219,1533878.99810791],[314855.302734378,1533935.07904053],[314842.348632813,1534057.03582764],[314917.454833987,1534084.71862793],[315014.316406252,1534017.05932617],[315062.735595704,1534050.88134765],[315074.719238282,1534163.10333252],[315034.719238284,1534214.71862793],[315025.280761719,1534242.36694336],[315084.156494141,1534260.54718018],[315063.86352539,1534317.10357666],[314971.729736329,1534375.69915772],[314950.635986332,1534374.4418335],[314940.000000003,1534340],[314940.000000003,1534310],[314930,1534310],[314921.098632813,1534278.86810303],[314816.247558595,1534265.82641602],[314763.377685548,1534304.44702148],[314707.689208984,1534294.32495117],[314682.575683597,1534226.39434814],[314659.200439453,1534186.62750244],[314668.109130859,1534115],[314663.756103519,1534080],[314668.859863284,1534038.97277833],[314626.339111331,1533980.76385498],[314620.024414066,1533930],[314627.940673831,1533866.35864258],[314620.000000001,1533860],[314624.627685547,1533824.62799072],[314639.488525391,1533756.49627686],[314630.000000001,1533660],[314624.239501954,1533635.14251709],[314625.834960937,1533624.34906006],[314614.75341797,1533559.11346436],[314582.574462891,1533517.42492676],[314543.068847656,1533486.93115234],[314525.000000001,1533463.52233887],[314515.643310547,1533475.64361572],[314510.000000001,1533480],[314474.890136719,1533474.23248291],[314403.417968752,1533490.79376221],[314365.643310551,1533505.64361572],[314334.356689456,1533514.35638428],[314260,1533550],[314243.359375003,1533546.640625],[314216.640625003,1533533.359375],[314180.000000001,1533530],[314160.000000003,1533530],[314155.000000003,1533517.19238281],[314150.000000003,1533530],[314130,1533530],[314130,1533520],[314120,1533520],[314087.26928711,1533511.60064697],[314065.915527344,1533473.49060059],[314115.915527345,1533415.91552735],[314120,1533380],[314120,1533360],[314120,1533350.00000001],[314110.000000002,1533350.00000001],[314110.000000002,1533340],[314124.17480469,1533329.84008789],[314096.04980469,1533310.75836182],[314080.000000001,1533340],[314060.000000001,1533350.00000001],[314050,1533350.00000001],[314040.000000003,1533350.00000001],[314012.310791016,1533345.41046143],[313993.995361331,1533277.84912109],[313952.796630859,1533247.20306397],[313933.508300782,1533198.66394043],[313939.304199219,1533165],[313932.242431642,1533123.98437501],[313876.004638675,1533082.15087891],[313865.734863285,1533044.26574707],[313835.33447266,1533032.18536377],[313825.734863281,1532974.26574707],[313805.970458988,1532942.33093262],[313830,1532890],[313834.447021485,1532854.44702149],[313852.960205082,1532806.28265381],[313860.000000004,1532750],[313860.000000004,1532670],[313860.000000004,1532660],[313850.000000001,1532660],[313850.000000001,1532650],[313830,1532650],[313820.000000003,1532650],[313820.000000003,1532640],[313810,1532640],[313767.089843752,1532651.94885254],[313755.64331055,1532703.89221192],[313788.266601563,1532747.89398193],[313780.566406251,1532800],[313785.743408203,1532835.03417969],[313779.999999999,1532870],[313770.000000002,1532870],[313770.000000002,1532880],[313750.000000004,1532910.00000001],[313728.317871095,1532919.10644531],[313678.59375,1532907.95959473],[313625.915527344,1532884.08447266],[313610.000000001,1532880],[313546.135253907,1532799.05212403],[313542.913818361,1532745],[313545.689697267,1532698.42590332],[313530.198974611,1532648.25897217],[313484.688720704,1532623.52844238],[313407.657470703,1532628.11981201],[313375.885009766,1532582.63549805],[313298.726806643,1532440.64544678],[313275.280761722,1532364.71862793],[313250,1532310],[313250,1532300],[313240,1532300],[313205.372314453,1532225.44250489],[313231.414794922,1532110.60852051],[313250,1532060],[313263.359375001,1532033.1237793],[313256.640625,1532003.359375],[313250,1532000],[313261.83105469,1531971.83105469],[313270,1531940],[313280.000000001,1531940],[313280.000000001,1531920],[313290.000000001,1531920],[313290.000000001,1531910],[313290.000000001,1531900],[313300.000000003,1531900],[313300.000000003,1531890],[313306.622314454,1531864.19677735],[313374.084472658,1531804.08447266],[313416.743164065,1531775.35888672],[313441.831054689,1531736.83105469],[313454.084472657,1531704.08447266],[313460,1531700],[313472.80761719,1531695],[313460,1531690],[313474.356689456,1531654.3560791],[313480.000000003,1531650],[313492.807617188,1531645],[313480.000000003,1531640],[313480.000000003,1531610],[313490.000000003,1531610],[313495.008544922,1531627.51586914],[313525.552978517,1531575.55297852],[313530.000000004,1531560.00000001],[313535.372314453,1531555.3717041],[313546.859130859,1531542.03857422],[313594.627685549,1531504.6282959],[313651.281738281,1531479.34814454],[313675.372314453,1531445.3717041],[313710.000000003,1531390],[313720.000000001,1531390],[313720.000000001,1531380],[313730.000000001,1531380],[313730.000000001,1531370],[313761.182861331,1531361.08459473],[313816.658935551,1531316.6595459],[313835.454101563,1531272.05688477],[313895.552978517,1531235.55297852],[313944.865722656,1531196.11450195],[314005.552978517,1531185.55297852],[314026.981201173,1531127.59277344],[314055.552978516,1531115.55297851],[314060.000000001,1531110.00000001],[314120,1531110.00000001],[314120,1531120.00000001],[314150.000000003,1531120.00000001],[314150.000000003,1531110.00000001],[314160.000000003,1531110.00000001],[314160.000000003,1531100],[314160.000000003,1531090],[314170.000000001,1531090],[314170.000000001,1531080],[314173.359375004,1531063.359375],[314186.640625,1531036.640625],[314190.000000001,1531020],[314200.000000004,1531020],[314200.000000004,1531000],[314200.000000004,1530980],[314200.000000004,1530950],[314210.434570313,1530888.57849121],[314244.356689454,1530804.3560791],[314270.000000003,1530750],[314280.000000001,1530750],[314280.000000001,1530740],[314290.000000001,1530740],[314290.000000001,1530730],[314290.000000001,1530720],[314300.000000001,1530720],[314300.000000001,1530710],[314300.000000001,1530700],[314310.000000004,1530700],[314310.000000004,1530690],[314310.000000004,1530670.00000001],[314320.000000004,1530670.00000001],[314320.000000004,1530660.00000001],[314324.796142579,1530610.86364746],[314364.996337891,1530542.47741699],[314384.447021485,1530474.44702148],[314415.552978517,1530395.55297852],[314420.000000004,1530380],[314430.000000004,1530380],[314430.000000004,1530370],[314425.28076172,1530324.71862793],[314402.091064456,1530268.96240235],[314392.615966798,1530110],[314396.192626957,1530050],[314389.243164063,1529933.41369629],[314423.474121096,1529773.92883301],[314458.370361329,1529676.67297363],[314501.734619141,1529519.25109864],[314540.5456543,1529475.81359863],[314598.110351563,1529449.39331055],[314615.280761722,1529385.28137207],[314620.000000001,1529320.00000001],[314640.358886719,1529279.81201172],[314667.648925784,1529266.55029297],[314699.235839844,1529291.03515626],[314690,1529310],[314680,1529310],[314680,1529320.00000001],[314665.462646483,1529332.07580566],[314682.336425781,1529394.15222168],[314720.000000003,1529380],[314730.000000001,1529380],[314730.000000001,1529370],[314730.000000001,1529350],[314730.000000001,1529340],[314742.80761719,1529335],[314730.000000001,1529330.00000001],[314730.000000001,1529320.00000001],[314730.000000001,1529310],[314720.000000003,1529310],[314720.000000003,1529300],[314710.000000003,1529300],[314703.337402345,1529276.69555664],[314656.105957032,1529238.87390137],[314644.447021486,1529145.55297852],[314640.000000003,1529130],[314650.000000004,1529130],[314650.000000004,1529120],[314650.000000004,1529050],[314650.000000004,1529030],[314640.000000003,1529030],[314640.000000003,1529020],[314630.000000001,1529020],[314630.000000001,1529010],[314620.000000001,1529010],[314600.078125002,1528999.921875],[314590,1528980],[314590,1528970],[314580,1528970],[314580,1528960],[314580,1528950],[314570,1528950],[314570,1528940],[314570,1528930],[314560.000000002,1528930],[314550.000000002,1528930],[314550.000000002,1528920],[314562.807617188,1528915],[314550.000000002,1528910],[314539.051513672,1528901.54907227],[314505.344238282,1528819.19006348],[314495.643310549,1528784.3560791],[314490.000000003,1528780],[314494.356689457,1528734.3560791],[314500,1528700],[314510.000000001,1528700],[314510.000000001,1528680],[314510.000000001,1528670],[314520.000000001,1528670],[314520.000000001,1528650.00000001],[314520.000000001,1528610],[314534.62768555,1528597.39746094],[314524.769287111,1528455.98937988],[314466.221923829,1528385.20935059],[314464.061279297,1528358.31054688],[314484.151611327,1528313.28613281],[314514.627685547,1528264.6282959],[314544.627685548,1528222.31689454],[314525.812988281,1528166.03271484],[314500.859375,1528152.10998535],[314449.999999999,1528160],[314389.464111329,1528152.43652344],[314335.552978519,1528195.55297852],[314277.395019532,1528230.8782959],[314270.000000003,1528290],[314266.640625,1528306.640625],[314253.359375,1528333.359375],[314250,1528360],[314244.537353516,1528364.53735352],[314210.533447266,1528442.94372559],[314174.427490234,1528472.93579102],[314117.11303711,1528451.40014649],[314097.399902346,1528405.94665528],[314026.788330078,1528432.47924805],[313985.77270508,1528408.98742676],[313960.484619142,1528378.54492188],[313902.462158204,1528400.34729004],[313825.000000003,1528392.45178223],[313812.135009768,1528450.47058105],[313840.000000001,1528440],[313845.103759766,1528454.91149903],[313844.810791016,1528469.29992676],[313755.444335938,1528486.74560547],[313785.704345703,1528545.48522949],[313784.620361331,1528598.61572266],[313737.550048831,1528624.89990235],[313651.278076174,1528572.58239746],[313660.000000002,1528530],[313669.999999999,1528530],[313669.999999999,1528520],[313680,1528520],[313680,1528510],[313700,1528470],[313710.000000003,1528470],[313710.000000003,1528460],[313740.000000001,1528460],[313750.000000004,1528460],[313750.000000004,1528450],[313760.000000004,1528450],[313770.000000002,1528450],[313770.000000002,1528420],[313784.174804688,1528409.84008789],[313756.636962891,1528356.31652832],[313695.825195312,1528344.17480469],[313690,1528340],[313680,1528340],[313680,1528320],[313669.999999999,1528320],[313661.287841801,1528268.71276855],[313650.000000001,1528260],[313650.000000001,1528250],[313650.000000001,1528240],[313650.000000001,1528200],[313640.000000004,1528200],[313635.135498051,1528141.80236816],[313600.000000003,1528080],[313600.000000003,1528030],[313592.496337892,1527970.00671387],[313580,1527960],[313580,1527930],[313590.000000003,1527930],[313590.000000003,1527920],[313593.359375001,1527903.359375],[313600.000000003,1527890],[313613.28125,1527896.71875],[313620.000000001,1527910],[313620.000000001,1527920],[313620.000000001,1527930],[313630.000000001,1527930],[313630.000000001,1527940],[313630.000000001,1527950],[313640.000000004,1527950],[313640.000000004,1527960],[313650.000000001,1527960],[313660.000000002,1527980.00000001],[313660.000000002,1527990.00000001],[313650.000000001,1527990.00000001],[313650.000000001,1528010],[313650.000000001,1528040],[313671.89331055,1528094.3560791],[313761.691894532,1528076.47338867],[313791.474609377,1527994.84558105],[313850.407714845,1527984.83459473],[313890.512695315,1527960.6427002],[313939.827880861,1527967.93029785],[313974.356689453,1527954.3560791],[314081.125488285,1527936.21887207],[314087.29980469,1527894.43725586],[314080.000000001,1527850],[314100.000000001,1527840],[314105.472412112,1527863.23303223],[314143.226318363,1527893.81225586],[314174.481201173,1527883.43322754],[314180.000000001,1527860],[314180.000000001,1527850],[314190.000000001,1527850],[314190.000000001,1527840],[314228.688964845,1527825.46264649],[314328.989257813,1527835.95214844],[314466.995849612,1527874.53735352],[314485.462646487,1527865.46264648],[314490.000000003,1527860],[314514.13208008,1527837.64038086],[314490.000000003,1527830],[314490.000000003,1527800],[314490.000000003,1527790],[314480,1527790],[314480,1527780],[314470,1527780],[314464.537353515,1527775.46264649],[314361.003417968,1527764.04602051],[314255.462646487,1527734.53735352],[314164.537353518,1527715.46264648],[314160.000000003,1527710],[314167.125244141,1527686.33239746],[314234.62768555,1527670.99731446],[314224.63623047,1527545.38574219],[314200.205078126,1527506.37939454],[314087.713623049,1527465.61950684],[313995.372314453,1527424.6282959],[313980.000000004,1527420],[313970.000000003,1527420],[313970.000000003,1527410],[313960.000000001,1527410],[313933.359375001,1527406.640625],[313906.640625002,1527393.359375],[313890.000000002,1527390],[313880.109863281,1527377.65014649],[313807.636718751,1527326.70776367],[313793.010253907,1527275.55297852],[313754.447021486,1527284.44702148],[313725.363769533,1527295.6262207],[313635.452880859,1527306.80908203],[313630.000000001,1527300],[313630.000000001,1527290],[313651.125488283,1527271.12548829],[313697.850341797,1527218.82934571],[313903.571777347,1527203.95874023],[313905.718994142,1527167.94189453],[313835.37109375,1527146.21826172],[313834.702148438,1527135],[313836.708984375,1527101.33544922],[313800,1527090.00000001],[313804.719238284,1527064.71923828],[313822.396240237,1527032.18872071],[313835.280761722,1526935.28076172],[313851.340332031,1526730.12329102],[313866.97143555,1526612.57446289],[313837.373046877,1526516.72363281],[313763.128662112,1526476.37817383],[313677.398681641,1526471.26831055],[313620.000000001,1526480],[313603.359375001,1526476.640625],[313593.281250002,1526456.71875],[313580,1526450],[313546.187744143,1526433.81225586],[313463.812255863,1526406.18774414],[313446.187744141,1526393.81225586],[313430.000000001,1526390],[313419.921875,1526370.078125],[313400.000000001,1526360],[313400.000000001,1526350],[313390.000000001,1526350],[313376.640625,1526343.359375],[313360,1526340],[313360,1526330],[313350,1526330],[313330.000000002,1526320],[313321.489257815,1526306.18774414],[313302.912597656,1526314.20043946],[313313.812255859,1526346.18774414],[313320.000000002,1526350],[313320.000000002,1526370],[313330.000000002,1526370],[313330.000000002,1526380],[313340,1526380],[313340,1526410],[313350,1526410],[313350,1526430],[313326.337890624,1526446.33789063],[313302.752685551,1526480.49560547],[313310.000000004,1526510],[313281.450195313,1526548.25073242],[313290.000000001,1526570],[313276.718750002,1526576.71875],[313270,1526590],[313260.209960939,1526596.75903321],[313253.756103516,1526625.54809571],[313274.084472658,1526705.91552735],[313280.000000001,1526710],[313280.000000001,1526720],[313235.552978517,1526775.55297852],[313202.301025391,1526802.18017578],[313220.000000002,1526830],[313220.000000002,1526840],[313193.507080078,1526844.94506836],[313195.788574219,1526883.22143555],[313168.34716797,1526914.71923828],[313148.736572269,1526809.65454101],[313180.000000001,1526800],[313192.807617188,1526795],[313180.000000001,1526790],[313170.000000001,1526790],[313170.000000001,1526780],[313160.000000001,1526780],[313133.359375,1526776.64062501],[313120,1526770],[313120,1526740],[313115.428466797,1526666.21704102],[313100.90209961,1526662.96020508],[313109.999999999,1526700],[313103.81225586,1526703.81225586],[313086.187744141,1526756.18774414],[313080.000000004,1526760],[313073.990478518,1526688.09692383],[313060.000000001,1526650.00000001],[313072.192382813,1526646.57714844],[313063.422851563,1526637.80761719],[313060.000000001,1526650.00000001],[313046.718750001,1526643.28125],[313040.000000003,1526630],[313050.000000001,1526630],[313062.807617188,1526625],[313050.000000001,1526620],[313050.000000001,1526600],[313040.000000003,1526600],[313040.000000003,1526580],[313030,1526580],[313016.640625002,1526553.359375],[313010,1526550],[313010,1526540],[313010,1526530],[312999.999999999,1526530],[312990.865478516,1526494.40673828],[312970.000000004,1526480],[312950.000000001,1526430],[312950.000000001,1526420.00000001],[312940.000000001,1526420.00000001],[312940.000000001,1526410],[312914.628295902,1526365.37231445],[312902.852172855,1526275.37231446],[312869.589843753,1526286.28051758],[312773.416137696,1526339.93896484],[312716.11694336,1526357.19116211],[312654.628295898,1526384.62768555],[312650.000000002,1526390],[312610.22155762,1526396.7578125],[312600,1526410],[312596.640625,1526416.640625],[312573.359375003,1526423.359375],[312560,1526450],[312549.999999999,1526470],[312525.786132816,1526500.23803711],[312513.634033203,1526457.7355957],[312437.154541019,1526513.60229492],[312361.171875,1526608.48754883],[312332.277832032,1526677.05688477],[312320.000000002,1526720],[312314.356079102,1526724.35668945],[312274.55810547,1526823.16650391],[312270.000000001,1526850],[312256.673583987,1526856.74194336],[312230,1526910],[312192.738647461,1526934.98657227],[312206.894531252,1526944.76074219],[312190.52307129,1526964.08447266],[312127.010498049,1526949.84619141],[312120,1526960],[312110,1526960],[312090.000000002,1526960],[312060.000000001,1526960],[312060.000000001,1526970],[312050.000000001,1526970],[312040,1526970],[312040,1526980],[312030.000000003,1526980],[312020,1526980],[312020,1526990],[311996.015625002,1527006.56005859],[311990.000000002,1527030],[311980.000000002,1527030],[311967.192382815,1527035],[311980.000000002,1527040],[311980.000000002,1527050],[311990.000000002,1527050],[311990.000000002,1527060],[311990.000000002,1527070],[312000,1527070],[312016.689453126,1527090.84106446],[312081.10107422,1527129.96459961],[312094.447021484,1527173.37768555],[312044.447021485,1527194.44702149],[312030.744628906,1527226.96411133],[311990.000000002,1527250],[311980.000000002,1527250],[311980.000000002,1527260],[311966.71875,1527266.71875001],[311960.000000004,1527280],[311950.000000001,1527280],[311950.000000001,1527290],[311879.697265625,1527350.56884766],[311836.730957031,1527419.16748047],[311850.000000004,1527480],[311840.000000001,1527500],[311840.000000001,1527510],[311830.000000001,1527510],[311830.000000001,1527520],[311820.000000001,1527520],[311810.000000003,1527520],[311810.000000003,1527530.00000001],[311810.000000003,1527540.00000001],[311800,1527540.00000001],[311800,1527550],[311790,1527550],[311790,1527560],[311766.756591798,1527565],[311790,1527570],[311804.551391603,1527583.48266602],[311810.000000003,1527680],[311810.000000003,1527700],[311810.000000003,1527710],[311820.000000001,1527710],[311827.260131837,1527736.07299805],[311864.208984375,1527785.90881348],[311870.000000002,1527820],[311870.000000002,1527830],[311879.999999999,1527830],[311879.999999999,1527880],[311866.047973633,1527890],[311879.999999999,1527900],[311875.552978519,1527925.55297852],[311862.719116215,1527982.05383301],[311803.410034181,1528063.24584961],[311744.375610355,1528110.51940918],[311686.692504884,1528103.34472656],[311613.645019532,1528044.9230957],[311530.000000001,1528040],[311530.000000001,1528030],[311520.000000004,1528030],[311500.000000001,1528030],[311500.000000001,1528020],[311490.000000001,1528020],[311460,1528020],[311460,1528010],[311450,1528010],[311440,1528010],[311440,1528000],[311380.000000001,1528000],[311380.000000001,1528010],[311370,1528010],[311370,1528020],[311364.356079103,1528024.3560791],[311342.081298828,1528053.21472168],[311311.588134766,1528057.72094727],[311254.356079103,1528045.6439209],[311212.319946291,1528029.11865235],[311142.338256838,1528049.52331543],[311107.08618164,1528022.31323242],[311089.152221681,1527978.49609376],[311043.22937012,1527924.31396485],[311061.140136719,1527859.99511719],[311142.453613285,1527797.23144532],[311145.739135742,1527775],[311143.104858399,1527757.17529297],[311177.999877931,1527736.12609863],[311238.596801759,1527719.25231934],[311215.643920899,1527681.19995117],[311238.224487305,1527636.74011231],[311303.101196293,1527627.15270996],[311305.739135743,1527645.00000001],[311301.49169922,1527673.74267578],[311332.006225587,1527678.25195313],[311364.356079103,1527624.62219239],[311354.393310547,1527555.70556641],[311325.430908204,1527507.28027344],[311286.803588867,1527501.57226563],[311224.356079105,1527524.3560791],[311166.236572267,1527573.61694336],[311113.502807618,1527594.34753418],[311087.804565433,1527528.97766114],[311084.26086426,1527505],[311089.402465821,1527470.20812988],[311070.000000004,1527440],[311070.000000004,1527430],[311060.000000001,1527430],[311050.000000001,1527430],[311030.000000003,1527430],[311030.000000003,1527440],[311006.560058596,1527446.015625],[310990,1527470],[310982.655639649,1527490],[311004.628295899,1527549.83398438],[310995.371704102,1527585.3717041],[310984.628295899,1527614.6282959],[310975.371704104,1527655.37170411],[310964.628295901,1527694.6282959],[310953.936767577,1527822.54272462],[310865.371704102,1527836.03881836],[310874.628295899,1527875.3717041],[310885.371704102,1527914.6282959],[310899.311523438,1527991.04614258],[310921.130371097,1528039.94445801],[310996.899414064,1528082.21862793],[311090.000000002,1528090],[311106.732788086,1528109.42199707],[311204.628295899,1528145.3717041],[311230,1528150],[311230,1528160],[311240,1528160],[311250.000000003,1528160],[311250.000000003,1528170],[311260.000000001,1528170],[311270.000000001,1528170],[311276.718749999,1528183.28125],[311290.000000004,1528190],[311293.423461915,1528202.19238281],[311302.192382816,1528193.42346192],[311290.000000004,1528190],[311290.000000004,1528170],[311323.970947266,1528162.43713379],[311384.537353517,1528194.69787598],[311370,1528260],[311360.000000003,1528260],[311356.576538086,1528247.80761719],[311347.80761719,1528256.57653809],[311360.000000003,1528260],[311360.000000003,1528280],[311370,1528280],[311370,1528290],[311370,1528300],[311380.000000001,1528300],[311380.000000001,1528310],[311383.359375004,1528336.64062501],[311396.640625001,1528363.359375],[311403.658447267,1528398.12316895],[311420.000000002,1528390],[311420.000000002,1528400],[311420.000000002,1528410],[311430.000000002,1528410],[311430.000000002,1528420],[311440,1528420],[311440,1528430.00000001],[311440,1528440],[311450,1528440],[311450,1528470],[311440,1528470],[311436.576538088,1528457.80761719],[311427.807617188,1528466.57653809],[311440,1528470],[311440,1528500],[311447.856445316,1528515.52978516],[311470.000000003,1528520],[311470.000000003,1528530],[311480,1528530],[311480,1528540],[311490.000000001,1528540],[311490.000000001,1528550],[311500.000000001,1528550],[311500.000000001,1528560],[311510.000000001,1528560],[311510.000000001,1528570],[311520.000000004,1528570],[311530.000000001,1528590],[311530.000000001,1528600],[311540.000000002,1528600],[311548.168945313,1528631.83105469],[311560,1528640],[311566.439208987,1528691.48071289],[311610.698242188,1528754.44702149],[311634.168701173,1528740.39489746],[311640.000000001,1528720],[311653.281250001,1528713.28125],[311660,1528700],[311670,1528700],[311670,1528690],[311680,1528690],[311680,1528680],[311712.852783205,1528675.85754395],[311700.000000003,1528650.00000001],[311710.000000001,1528650.00000001],[311710.000000001,1528640],[311760.000000002,1528640],[311760.000000002,1528630],[311769.999999999,1528610],[311780,1528610],[311780,1528600],[311800,1528600],[311803.359375001,1528606.640625],[311825.52978516,1528617.85644531],[311830.000000001,1528640],[311825.915527343,1528655.91552734],[311746.032714847,1528665],[311830.929565433,1528674.65454102],[311844.349975589,1528726.95007325],[311870.000000002,1528710],[311875.915527344,1528734.08447266],[311879.999999999,1528760],[311871.105957032,1528831.10595703],[311851.502075195,1528882.10876465],[311820.000000001,1528870],[311824.356079102,1528834.3560791],[311830.000000001,1528800],[311840.000000001,1528800],[311840.000000001,1528790],[311836.112060551,1528753.09631348],[311815,1528759.67224121],[311789.350585938,1528751.68273926],[311773.1439209,1528774.7644043],[311803.611450195,1528839.61486817],[311790,1528870],[311780,1528870],[311780,1528880.00000001],[311769.999999999,1528880.00000001],[311769.999999999,1528890],[311760.000000002,1528890],[311760.000000002,1528900],[311750.000000001,1528900],[311750.000000001,1528910],[311736.640625001,1528916.640625],[311720.000000001,1528920],[311700.000000003,1528920],[311700.000000003,1528930],[311690.000000003,1528930],[311690.000000003,1528940],[311690.000000003,1529000],[311690.000000003,1529010],[311700.000000003,1529010],[311700.000000003,1529020],[311700.000000003,1529030],[311710.000000001,1529030],[311720.000000001,1529050],[311720.000000001,1529060],[311730.000000001,1529060],[311730.000000001,1529070],[311740.000000004,1529070],[311740.000000004,1529080],[311740.000000004,1529090],[311760.000000002,1529090],[311764.71862793,1529095.28137207],[311777.808837892,1529292.8729248],[311774.397583009,1529350.10192871],[311729.92980957,1529431.9342041],[311745.281372071,1529474.71862793],[311750.000000001,1529530],[311740.000000004,1529530],[311740.000000004,1529540],[311740.000000004,1529590],[311730.000000001,1529590],[311730.000000001,1529610],[311730.000000001,1529640],[311720.000000001,1529640],[311720.000000001,1529650],[311708.464965824,1529699.78088379],[311720.000000001,1529770.00000001],[311720.000000001,1529790],[311730.000000001,1529790],[311745.915527344,1529794.08447266],[311754.084472659,1529805.91552735],[311765.915527345,1529814.08447266],[311774.084472657,1529842.85888672],[311744.084472659,1529854.08447266],[311720.000000001,1529870],[311720.000000001,1529840],[311732.192382813,1529836.57653809],[311723.423461918,1529827.80761719],[311720.000000001,1529840]],[[308328.626708985,1528201.61437988],[308313.560791017,1528102.74475098],[308274.628295898,1528085.3717041],[308270.000000003,1528080],[308244.6282959,1528084.6282959],[308201.010131839,1528141.01013184],[308135.371704101,1528191.78894043],[308178.035278323,1528244.03869629],[308299.511108398,1528253.79943848],[308328.626708985,1528201.61437988]],[[306840.000000002,1527680],[306827.807617189,1527683.42346191],[306836.576843265,1527692.19238281],[306840.000000002,1527680]],[[308258.568725587,1527305.36010742],[308274.174804687,1527345.82519531],[308315.825195313,1527374.17480469],[308330.15991211,1527394.17480469],[308354.17480469,1527358.77868653],[308340.336914062,1527318.00354004],[308290.681762698,1527304.90356445],[308280.000000004,1527290],[308258.568725587,1527305.36010742]],[[307990,1526820],[307966.459350587,1526825.06347656],[307977.492065431,1526842.81860352],[307990,1526820]],[[308206.278076172,1526770.23925781],[308245.223999027,1526783.72192383],[308250.000000001,1526750],[308235.181884767,1526756.77978516],[308224.402465822,1526753.07739258],[308206.278076172,1526770.23925781]],[[313280.000000001,1525290],[313264.356689457,1525294.35668946],[313225.938720703,1525344.12841797],[313190.000000004,1525330],[313190.000000004,1525310],[313180.000000001,1525310],[313173.707275392,1525286.14868164],[313140,1525300.00000001],[313130,1525300.00000001],[313130,1525310],[313120,1525310],[313120,1525320],[313114.447021484,1525324.44702148],[313098.906250003,1525361.3256836],[313064.696044922,1525404.44702149],[312988.033447267,1525337.92114258],[312936.659545902,1525253.34106445],[312898.408813477,1525222.70996094],[312872.234497072,1525225.96557617],[312849.897460941,1525278.97583008],[312856.848754884,1525334.86450195],[312905.552978515,1525364.44702149],[312964.447021486,1525415.55297852],[313004.403076173,1525439.82177734],[313040.000000003,1525450],[313046.743164063,1525463.32885742],[313120,1525500],[313126.640625002,1525513.359375],[313130,1525560],[313135.989990234,1525595.26245117],[313240,1525600],[313277.584228516,1525585.55297852],[313357.272949219,1525595.98022461],[313440.000000002,1525650],[313451.817626953,1525673.359375],[313486.640625,1525666.64062501],[313490.000000003,1525660],[313500.000000001,1525660],[313500.000000001,1525650],[313510.000000001,1525650],[313520.000000001,1525650],[313520.000000001,1525640],[313530.000000004,1525640],[313540.000000001,1525640],[313540.000000001,1525630],[313640.052490237,1525582.02758789],[313695.372314454,1525565.37231446],[313750.000000004,1525520.00000001],[313760.000000004,1525520.00000001],[313766.180419921,1525544.08447266],[313801.549072267,1525514.40551758],[313816.950683594,1525451.70288086],[313800,1525440],[313795.825195314,1525424.17480469],[313776.392822266,1525376.88720703],[313759.675292969,1525293.49853516],[313735.380859377,1525259.60327148],[313730.000000001,1525280],[313654.447021484,1525275.55297852],[313584.560546878,1525255.59692383],[313544.490966801,1525240.1940918],[313492.341308594,1525202.10083008],[313465.552978515,1525235.55297852],[313430.000000001,1525250],[313425.825195313,1525194.17480469],[313407.178955082,1525180.81054688],[313394.150390626,1525115.82519531],[313374.38598633,1525132.36938477],[313365.825195313,1525205.82519531],[313353.333740234,1525225.50048828],[313375.825195313,1525234.17480469],[313380,1525290],[313364.470214843,1525297.85644532],[313360,1525320],[313350,1525320],[313350,1525330],[313340,1525330],[313340,1525350],[313330.000000002,1525350],[313330.000000002,1525360],[313312.543945314,1525362.54394531],[313297.456054688,1525377.45605469],[313260.000000003,1525380],[313263.359375001,1525333.359375],[313276.640625,1525306.640625],[313280.000000001,1525290],[313290.000000001,1525290],[313290.000000001,1525280],[313302.192382813,1525276.57714844],[313293.422851564,1525267.80761719],[313290.000000001,1525280],[313280.000000001,1525280],[313280.000000001,1525290]],[[312540.000000002,1525450],[312525.462646485,1525462.07519531],[312551.646118165,1525507.90405273],[312598.062744142,1525563.78295899],[312634.23828125,1525567.47070313],[312644.267578125,1525469.07470703],[312574.445190433,1525484.55810547],[312576.481933597,1525504.53735352],[312555.968017578,1525488.95141602],[312540.000000002,1525450]],[[314156.187744144,1525376.99584961],[314178.306884766,1525376.10229492],[314196.187744141,1525336.18774414],[314200.000000004,1525300.00000001],[314179.959716797,1525304.72045898],[314156.187744144,1525376.99584961]],[[313565.718994144,1525132.94921875],[313570,1525100],[313556.550292969,1525107.08496094],[313565.718994144,1525132.94921875]],[[313420.000000004,1525060],[313407.807617191,1525063.42285156],[313416.577148438,1525072.19238281],[313420.000000004,1525060],[313444.174804688,1525069.93408203],[313426.286621096,1525036.171875],[313420.000000004,1525060]],[[313437.807617187,1524923.42285156],[313446.577148441,1524932.19238282],[313450,1524920],[313437.807617187,1524923.42285156]],[[313297.807617191,1523943.42285156],[313306.577148438,1523952.19238281],[313310.000000004,1523940],[313297.807617191,1523943.42285156]],[[313314.719238283,1523814.71923828],[313305.28076172,1523825.28076172],[313286.044921876,1523842.46826172],[313282.464599612,1523902.5366211],[313326.469726564,1523936.63818359],[313390.867919922,1523921.65527344],[313330.000000002,1523810],[313314.719238283,1523814.71923828]],[[313115.401611329,1522665],[313109.077148438,1522743.71948242],[313138.264160158,1522840.6628418],[313175.267333985,1522861.30859375],[313214.627685548,1522827.39746094],[313205.372314453,1522744.62768555],[313189.027099613,1522700.11962891],[313184.62768555,1522645.37231445],[313180.000000001,1522640],[313113.837890626,1522645.52978516],[313115.401611329,1522665]],[[313104.356689456,1522624.35668946],[313120.28930664,1522612.05810547],[313098.526611332,1522575.97900391],[313137.932128905,1522565.00610352],[313161.850585938,1522525.3540039],[313138.549804688,1522495.16601562],[313087.294921876,1522480.89233399],[313070.000000001,1522450],[313063.077392578,1522455.34423828],[313049.010009767,1522550.53344727],[313074.685058597,1522642.73681641],[313095.57006836,1522645.82275391],[313104.356689456,1522624.35668946]],[[313180.000000001,1522560],[313186.989746097,1522584.44702148],[313203.937988282,1522566.84448242],[313180.000000001,1522560],[313176.57714844,1522547.80761719],[313167.807617188,1522556.57714844],[313180.000000001,1522560]],[[313206.850585938,1522486.97021485],[313203.035888672,1522534.44091797],[313224.272460938,1522536.14624024],[313230,1522480],[313206.850585938,1522486.97021485]],[[312570,1521930],[312553.484497074,1521911.51611329],[312524.718627929,1521924.71923828],[312515.28137207,1521935.28076172],[312489.891967775,1521957.96630859],[312475.28137207,1522005.28076172],[312445.281372074,1522048.22998047],[312461.372070313,1522077.3022461],[312514.108886719,1522074.15893555],[312530.562744143,1522104.43725586],[312546.611328126,1522241.43920899],[312618.259277347,1522321.62841797],[312699.687500002,1522357.46826172],[312714.718627932,1522324.71923828],[312732.496337892,1522292.00317383],[312737.706298829,1522204.59228516],[312704.718627931,1522125.28076172],[312693.476562502,1521957.83935547],[312570,1521930]],[[312390.000000001,1522050],[312375.643920899,1522061.08154297],[312399.20715332,1522073.42041016],[312390.000000001,1522050]],[[312374.718627931,1522105.28076172],[312370.000000003,1522100],[312355.281372069,1522113.15063477],[312393.073730469,1522121.68090821],[312374.718627931,1522105.28076172]],[[312284.263916017,1521786.81640626],[312283.568725587,1521844.17480469],[312340.775146485,1521832.87109375],[312354.174804688,1521814.17480469],[312377.822265625,1521797.2265625],[312360,1521770],[312330.575561524,1521777.08984375],[312306.940307617,1521772.41943359],[312284.263916017,1521786.81640626]],[[312376.278076173,1521624.48608398],[312412.210693362,1521633.13842774],[312420.000000001,1521620],[312376.278076173,1521624.48608398]],[[312280.000000001,1521610],[312257.003173832,1521614.05273438],[312274.566650392,1521622.69653321],[312280.000000001,1521610]],[[312710,1521590],[312714.053344729,1521612.99682617],[312722.697143556,1521595.43334961],[312710,1521590],[312701.908569336,1521559.32861329],[312658.817138672,1521550.81420899],[312595.919189452,1521575.07324219],[312695.825195313,1521584.17480469],[312710,1521590]],[[313260.000000003,1523430],[313265.561523438,1523442.99682617],[313282.72583008,1523434.00512696],[313260.000000003,1523430],[313254.438476563,1523417.00317383],[313237.274169926,1523425.99487305],[313260.000000003,1523430]],[[314167.807617188,1525163.42285156],[314176.577148438,1525172.19238282],[314180.000000001,1525160],[314167.807617188,1525163.42285156]],[[314718.021240234,1527285.30517578],[314730.000000001,1527290],[314743.325195313,1527341.92382813],[314788.763427734,1527379.81750488],[314832.928466797,1527363.29162598],[314785.915527345,1527324.08447266],[314760.000000004,1527310.00000001],[314760.000000004,1527300],[314750.000000001,1527300],[314740.000000001,1527300],[314740.000000001,1527290],[314740.000000001,1527280],[314730.000000001,1527280],[314724.978027345,1527267.18383789],[314718.021240234,1527285.30517578]],[[314860.000000001,1527390],[314847.807617188,1527393.42346191],[314856.57714844,1527402.19238282],[314860.000000001,1527390]],[[315056.143798828,1527925.29296875],[315050.000000003,1527920],[315045.915527347,1527874.08447266],[315040,1527850],[315040,1527830],[315030,1527830],[315030,1527790],[315020,1527790],[315020,1527760.00000001],[315009.999999999,1527760.00000001],[315009.999999999,1527720],[315000.000000002,1527720],[314992.913818361,1527678.28735352],[314970.000000001,1527620],[314957.94189453,1527573.01391601],[314925.915527347,1527514.08447266],[314920,1527510],[314907.961425783,1527470.01342774],[314861.545410158,1527405.3717041],[314864.62768555,1527425.3717041],[314879.33105469,1527465.41015625],[314894.627685548,1527615.3717041],[314935.372314456,1527664.6282959],[314949.256591798,1527695.74401855],[314973.140869143,1527738.5522461],[314987.76489258,1527805.59692383],[314981.613769532,1527882.14538575],[314997.713623047,1527935.61950684],[315025.372314454,1527974.6282959],[315036.867675782,1528050.07080078],[315060,1528070],[315072.602539064,1528084.6282959],[315056.143798828,1527925.29296875]],[[314533.189697267,1527703.55163574],[314520.000000001,1527670],[314502.341308597,1527674.91699219],[314515.836181644,1527754.3560791],[314533.189697267,1527703.55163574]],[[314814.042968751,1528183.43444824],[314800,1528150],[314770.355224609,1528166.11083984],[314759.903564454,1528212.73620606],[314790.495605472,1528219.59472656],[314814.042968751,1528183.43444824]],[[315117.807617188,1528213.42346192],[315126.577148441,1528222.19238282],[315130,1528210.00000001],[315117.807617188,1528213.42346192]],[[315140,1528240],[315136.577148439,1528227.80761719],[315127.807617188,1528236.57653809],[315140,1528240],[315144.470214846,1528262.14355469],[315160.000000003,1528270],[315160.000000003,1528280],[315170,1528280],[315173.422851566,1528292.19238282],[315182.192382813,1528283.42346192],[315170,1528280],[315170,1528270],[315160.000000003,1528270],[315155.529785157,1528247.85644531],[315140,1528240]],[[315100.166015629,1528582.62634277],[315124.627685548,1528538.78173828],[315114.927978517,1528419.15405273],[315075.372314455,1528404.6282959],[314949.888916017,1528371.47827148],[314940.000000003,1528360],[314885.372314453,1528391.49597168],[314902.060546877,1528434.54467774],[314925.372314454,1528454.6282959],[314967.341308595,1528508.87817383],[315049.42138672,1528604.14978028],[315072.985839847,1528606.04309082],[315100.166015629,1528582.62634277]],[[315820,1528720],[315795.915527345,1528736.62902832],[315815.421142578,1528782.68249512],[315820,1528720]],[[315729.35180664,1528781.00524903],[315710,1528750],[315674.627685548,1528754.6282959],[315638.547363282,1528774.75891113],[315592.2253418,1528807.60314941],[315567.617187502,1528862.74902344],[315507.890624999,1528932.49633789],[315468.000488285,1529021.8914795],[315429.833984376,1529044.6282959],[315358.56201172,1529018.4552002],[315327.509765625,1529054.49707031],[315305.372314452,1529132.31689453],[315335.372314453,1529174.6282959],[315344.627685548,1529212.58483887],[315290.164794926,1529228.98254395],[315275.372314457,1529270.78369141],[315334.003906253,1529345.65002442],[315344.627685548,1529415.3717041],[315364.384765624,1529450.7824707],[315374.627685549,1529394.6282959],[315383.552246094,1529385.37170411],[315453.850097657,1529440.42602539],[315465.849609375,1529400.57189942],[315464.581298829,1529384.7833252],[315473.552246096,1529355.3717041],[315529.962158204,1529399.54895019],[315577.492675784,1529373.02978516],[315598.347167972,1529326.29394531],[315614.627685547,1529254.6282959],[315648.347167972,1529211.57287598],[315735.372314454,1529185.3717041],[315758.347167972,1529172.55310059],[315794.627685548,1529114.6282959],[315818.40576172,1529081.09313965],[315834.627685546,1528997.90771484],[315774.627685548,1528925.3717041],[315756.225585938,1528884.13208008],[315745.372314455,1528824.6282959],[315729.35180664,1528781.00524903]],[[315527.867431642,1529453.22143555],[315514.570312501,1529464.67773438],[315520.000000001,1529530],[315510.000000001,1529530],[315510.000000001,1529540],[315515.000000001,1529552.80761719],[315520.000000001,1529540],[315530.000000001,1529540],[315566.064453128,1529526.75598145],[315563.824462892,1529554.6282959],[315642.469482425,1529540.50598144],[315660.299072266,1529491.9543457],[315629.090576173,1529455.73059082],[315600,1529453.39294434],[315565.000000002,1529456.20544434],[315527.867431642,1529453.22143555]],[[315480,1529570],[315467.807617188,1529573.42346192],[315476.577148439,1529582.19238281],[315480,1529570]],[[315790.000000002,1529720],[315777.807617189,1529723.42346191],[315786.577148438,1529732.19238281],[315790.000000002,1529720]],[[315770.000000004,1529740],[315757.003173828,1529745.56152344],[315765.994873048,1529762.72521973],[315770.000000004,1529740]],[[315482.465820316,1529846.30615235],[315470,1529840],[315451.475830079,1529805.91552735],[315434.084472659,1529844.08447266],[315425.775146484,1529917.15209961],[315405.915527343,1529945.91552734],[315390.000000003,1529950],[315382.589111329,1529925.38696289],[315370,1529940],[315355.915527345,1529949.7241211],[315365.314941406,1529979.86083985],[315385.915527345,1529994.08447266],[315394.94140625,1530073.44970704],[315426.628417972,1530094.08447266],[315445.915527347,1530015.91552734],[315450.000000002,1529980],[315450.000000002,1529970],[315442.642822269,1529881.48742676],[315454.627685548,1529854.6282959],[315459.999999999,1529850],[315470,1529850],[315474.715576172,1529873.359375],[315482.465820316,1529846.30615235]],[[315260,1529920],[315272.192382813,1529916.57653809],[315263.422851563,1529907.80761719],[315260,1529920],[315247.003173829,1529925.56152344],[315255.994873046,1529942.72521973],[315260,1529920]],[[315457.807617188,1529883.42346191],[315466.577148441,1529892.19238281],[315470,1529880],[315457.807617188,1529883.42346191]],[[315360,1530320],[315347.807617188,1530323.42346191],[315356.577148438,1530332.19238281],[315360,1530320]],[[314914.342041015,1530893.48999024],[315003.471679691,1530816.70043946],[315044.627685549,1530742.93518067],[314960.513916017,1530706.64855957],[314907.265625004,1530702.36999512],[314845.372314455,1530755.3717041],[314809.614257812,1530777.76855469],[314794.627685551,1530804.6282959],[314776.859130859,1530844.44885254],[314755.721435549,1530846.14746094],[314725.372314457,1530824.6282959],[314710.000000003,1530820],[314693.658447267,1530811.87683105],[314690,1530830],[314680,1530830],[314680,1530840],[314680,1530850],[314670.000000002,1530850],[314670.000000002,1530870],[314670.000000002,1530890.00000001],[314657.192382816,1530895],[314670.000000002,1530900],[314670.000000002,1530920],[314670.000000002,1530930],[314679.427490238,1530961.31164551],[314704.627685549,1530975.3717041],[314725.372314457,1530984.6282959],[314742.602539064,1531004.6282959],[314747.143554688,1530989.45129395],[314732.275390627,1530948.96545411],[314778.449707032,1530895.3717041],[314807.338867188,1530905.30456543],[314838.231201173,1530941.16149902],[314914.342041015,1530893.48999024]],[[315069.594726564,1530955.28686524],[315005.372314456,1530995.3717041],[314923.092041018,1531004.80407715],[314896.115722659,1531036.11572266],[314861.302490234,1531066.10839844],[314802.432861328,1531158.05603028],[314806.253662109,1531205.60913086],[314784.627685548,1531284.6282959],[314775.372314453,1531325.3717041],[314764.627685547,1531354.6282959],[314748.211669923,1531444.6282959],[314724.627685547,1531415.3717041],[314699.57397461,1531375.3717041],[314674.5703125,1531384.64965821],[314678.129882813,1531428.95629883],[314655.372314453,1531455.3717041],[314639.926757814,1531468.67797852],[314633.035888674,1531554.44030762],[314653.802490237,1531556.10900879],[314665.372314453,1531535.3717041],[314675.808105472,1531500.70739746],[314737.963867189,1531466.02905274],[314770.513916017,1531503.81042481],[314825.372314456,1531524.6282959],[314874.627685547,1531545.3717041],[314945.372314457,1531554.6282959],[315055.679931643,1531574.6282959],[315084.62768555,1531561.02111816],[315060.107421875,1531517.59399415],[314996.525878907,1531477.76977539],[314979.621582035,1531431.74011231],[314996.436767579,1531266.89331055],[315044.877929688,1531263.00109863],[315095.372314453,1531294.6282959],[315120.90942383,1531324.26940918],[315142.985839847,1531326.04309082],[315164.627685546,1531307.39746094],[315155.372314454,1531284.6282959],[315096.400146484,1531262.24914551],[315048.679199219,1531206.85913086],[315015.372314456,1531194.6282959],[314975.372314453,1531182.58483887],[314989.404296875,1531140.20324707],[315038.273925782,1531071.27929688],[315064.962158206,1531011.46850586],[315110.000000002,1530950],[315069.594726564,1530955.28686524]],[[314760.000000004,1531080],[314736.187744142,1531094.67224122],[314755.397949219,1531123.68347168],[314760.000000004,1531080]],[[314760.000000004,1531140],[314735.28076172,1531162.08618164],[314772.438964847,1531174.6661377],[314760.000000004,1531140]],[[314630.000000001,1531380],[314605.915527346,1531396.62902833],[314621.25732422,1531414.06982422],[314630.000000001,1531380]],[[314610,1531520],[314597.80761719,1531523.42346192],[314606.577148438,1531532.19238281],[314610,1531520]],[[314590,1531550],[314602.192382813,1531546.57653809],[314593.422851563,1531537.80761719],[314590,1531550],[314580,1531550],[314580,1531560.00000001],[314570,1531560.00000001],[314570,1531570],[314560.000000002,1531570],[314560.000000002,1531580],[314547.807617189,1531583.42346192],[314556.577148438,1531592.19238281],[314560.000000002,1531580],[314570,1531580],[314570,1531570],[314580,1531570],[314580,1531560.00000001],[314590,1531560.00000001],[314590,1531550]],[[314480,1531550],[314455.190429688,1531572.98706055],[314471.629638673,1531593.84338379],[314480,1531550]],[[314550.000000002,1531600],[314537.807617188,1531603.42346192],[314546.577148438,1531612.19238281],[314550.000000002,1531600]],[[314540.000000004,1531620],[314527.807617191,1531623.42346192],[314536.577148438,1531632.19238281],[314540.000000004,1531620]],[[314550.000000002,1531650],[314550.000000002,1531660],[314560.000000002,1531660],[314593.739013672,1531650.6048584],[314574.356689454,1531635.6439209],[314564.897460938,1531623.38928223],[314550.000000002,1531650]],[[314080.000000001,1531750],[314080.000000001,1531740],[314092.807617189,1531735],[314080.000000001,1531730],[314069.921875002,1531710.078125],[314050,1531700],[314050,1531690],[314040.000000003,1531690],[314010,1531690],[314000.000000002,1531690],[314000.000000002,1531700],[313990.000000002,1531700],[313990.000000002,1531710],[313980.000000004,1531710],[313980.000000004,1531720],[313956.069335938,1531735.91247559],[313936.411132813,1531765.34790039],[313990.000000002,1531770],[313990.000000002,1531780.00000001],[314050,1531780.00000001],[314050,1531770],[314060.000000001,1531770],[314070.000000001,1531770],[314070.000000001,1531760],[314080.000000001,1531760],[314080.000000001,1531750]],[[313740.000000001,1531760],[313702.095947267,1531766.59606934],[313665.552978519,1531816.62231445],[313685.059814453,1531825.84289551],[313706.386718752,1531813.30688477],[313732.919921875,1531816.60705566],[313740.000000001,1531760]],[[313890.000000002,1531820],[313877.807617189,1531823.42346192],[313886.57714844,1531832.19238281],[313890.000000002,1531820],[313902.192382812,1531816.57653809],[313893.422851563,1531807.80761719],[313890.000000002,1531820]],[[313900,1531840],[313912.192382813,1531836.57653809],[313903.422851565,1531827.80761719],[313900,1531840],[313870.000000004,1531840],[313870.000000004,1531850],[313850.000000001,1531850],[313850.000000001,1531860],[313840.000000001,1531860],[313840.000000001,1531870],[313820.000000003,1531870],[313820.000000003,1531890],[313820.000000003,1531900],[313806.047363282,1531910],[313820.000000003,1531920],[313820.000000003,1532040],[313810,1532040],[313805.653076173,1532006.55029297],[313797.135009767,1532033.22387695],[313810,1532040],[313810,1532090],[313820.000000003,1532090],[313828.264160156,1532171.02172852],[313849.256591798,1532240.74401855],[313860.000000004,1532250],[313890.000000002,1532270],[313899.068603518,1532323.38439942],[313934.356689457,1532328.59924317],[313915.643310551,1532274.3560791],[313910,1532270],[313910,1532240],[313910,1532210],[313919.238281251,1532151.58630371],[313906.336669923,1532025],[313915.516357423,1531934.93041993],[313904.537353515,1531855.46264649],[313900,1531840]],[[314436.577148438,1531832.19238281],[314440.000000002,1531820],[314427.807617189,1531823.42346192],[314436.577148438,1531832.19238281]],[[313340,1531900],[313315.915527347,1531916.62902832],[313331.257324218,1531934.06982422],[313340,1531900]],[[313810,1531970],[313797.807617188,1531973.42346192],[313806.577148439,1531982.19238281],[313810,1531970]],[[314424.265136722,1531864.26574707],[314400.36621094,1531904.84985352],[314347.757568361,1531943.984375],[314344.060058597,1531965.46081543],[314374.265136722,1532005.6036377],[314365.734863281,1532025.73425293],[314337.15576172,1532046.99340821],[314325.734863283,1532075.73425293],[314266.112060548,1532143.53759766],[314256.148681642,1532201.41235352],[314305.665283203,1532216.15112305],[314315.671386722,1532155.78613281],[314364.644775392,1532115.78857422],[314417.399902347,1532136.99401856],[314447.635498048,1532124.97924805],[314483.901367189,1532066.37939453],[314491.630859376,1532021.48559571],[314448.138427734,1531968.23242188],[314444.139404298,1531945],[314450.860595703,1531905.95825196],[314440.000000002,1531860],[314424.265136722,1531864.26574707]],[[315005.825195316,1532184.49462891],[315053.165283203,1532192.03735352],[315040,1532160],[315005.825195316,1532184.49462891]],[[314821.70288086,1531910.06591797],[314785.190429688,1531935.19042969],[314745.190429691,1531954.06799317],[314755.029296879,1531996.12854004],[314800.703125001,1532038.44848633],[314776.49536133,1532064.57458496],[314753.504638676,1532075.42541504],[314735.190429691,1532095.19042969],[314715.190429688,1532113.72192383],[314745.142822265,1532115.20690918],[314775.864257813,1532104.43969727],[314823.183593752,1532106.31530762],[314835.205078125,1532095.17700196],[314834.794921879,1532084.82299805],[314866.367187502,1532055.56945801],[314815.190429688,1532022.52197266],[314844.809570315,1532004.80957031],[314875.380859375,1531990.38146973],[314904.935302734,1531974.74243164],[314981.518554688,1531994.80957031],[315044.809570313,1531966.37756348],[315034.566650391,1531932.76245117],[315004.809570316,1531905.19042969],[315000.000000002,1531900],[314821.70288086,1531910.06591797]],[[315164.165039064,1531995.65063477],[315174.802246093,1532058.26660156],[315211.568603517,1532043.21899414],[315217.346191407,1532004.12414551],[315200.000000003,1531960],[315168.121337892,1531968.87695313],[315164.165039064,1531995.65063477]],[[314304.356689453,1532434.35638428],[314315.64331055,1532405.6439209],[314320.000000004,1532380],[314290.048828125,1532388.34045411],[314270.642089844,1532420.51269531],[314277.216796876,1532465],[314268.44482422,1532524.35638428],[314293.742675782,1532496.83135986],[314304.356689453,1532434.35638428]],[[314300.000000001,1532640],[314277.946777347,1532646.30523682],[314268.135986328,1532725.18432618],[314291.127929688,1532753.89648438],[314325.452880859,1532758.16589356],[314344.447021484,1532734.44702148],[314383.903808594,1532723.16558838],[314324.447021484,1532675.55297851],[314300.000000001,1532640]],[[314474.140625001,1532784.71343994],[314480,1532810],[314474.356689454,1532814.35638428],[314445.643310548,1532855.64361572],[314415.643310547,1532878.79974365],[314427.474365237,1532901.67114258],[314465.349121096,1532907.26837159],[314485.643310549,1532855.64361572],[314490.000000003,1532840],[314504.356689455,1532804.35638428],[314524.145507816,1532771.54876709],[314493.30444336,1532752.94494629],[314474.140625001,1532784.71343994]],[[314660.000000002,1532970],[314670.000000002,1532970],[314670.000000002,1532960],[314680,1532960],[314680,1532950],[314671.831054689,1532918.16864014],[314660.000000002,1532910.00000001],[314660.000000002,1532880],[314663.359375,1532863.359375],[314679.906005859,1532830.07049561],[314660.000000002,1532820],[314655.000000004,1532807.19238282],[314650.000000004,1532820],[314624.084472656,1532824.08447266],[314602.990722659,1532861.03912354],[314609.556884769,1532890.32470703],[314586.051025394,1532926.42089844],[314580,1532950],[314570,1532950],[314570,1532960],[314535.915527344,1532983.53302003],[314556.508789066,1532989.53948975],[314570,1532970],[314590,1532970],[314590,1532960],[314626.126708987,1532936.12670899],[314650.000000004,1532930],[314656.640625001,1532943.359375],[314660.000000002,1532970],[314647.807617188,1532973.42315674],[314656.577148438,1532982.19238282],[314660.000000002,1532970]],[[315079.854736332,1533034.03686523],[315106.09741211,1533096.3494873],[315104.196777346,1533120.00000001],[315106.102294925,1533143.72528076],[315090.000000004,1533180],[315081.287841798,1533231.28753662],[315064.356689455,1533274.35638428],[315060,1533310],[315081.904296878,1533341.72546387],[315094.084472656,1533324.08447266],[315100.000000004,1533320],[315119.583740236,1533304.88403321],[315151.704101563,1533226.40350342],[315160.000000003,1533220],[315165.372314457,1533215.37200928],[315179.256591798,1533199.25628662],[315195.579833984,1533185.19317627],[315180.6237793,1533144.46685791],[315185.938720704,1533078.3102417],[315170.743408203,1533044.25628662],[315145.761718752,1532999.48059082],[315143.035888673,1532965.55969238],[315170,1532963.39294434],[315204.504394534,1532966.16546631],[315206.204833984,1532945],[315203.07861328,1532906.08032227],[315244.627685551,1532792.93518067],[315203.19091797,1532794.68902588],[315185.372314455,1532815.37200928],[315174.627685547,1532824.62799072],[315149.307861328,1532854.01763916],[315098.781738282,1532795.37200928],[315093.240966801,1532807.72003174],[315105.462646486,1532875.1260376],[315089.027099613,1532919.88006592],[315079.854736332,1533034.03686523]],[[314130,1533040],[314117.807617188,1533043.42315674],[314126.577148438,1533052.19238281],[314130,1533040]],[[314156.577148438,1533042.19238281],[314160.000000003,1533030],[314147.80761719,1533033.42315674],[314156.577148438,1533042.19238281]],[[314140,1533060],[314117.003173829,1533064.05334473],[314134.566650391,1533072.69714356],[314140,1533060]],[[314002.807617188,1533155],[313990.000000002,1533150],[313986.083984376,1533138.52111817],[313968.385009767,1533156.85028077],[313990.000000002,1533160],[314002.807617188,1533155]],[[314410.000000001,1532970],[314420.000000004,1532970],[314420.000000004,1532930],[314410.000000001,1532930],[314396.677246097,1532894.54406738],[314383.323974611,1532775.46264648],[314344.451904297,1532814.62371826],[314348.566894531,1532855],[314344.444580082,1532895.45501709],[314355.555419925,1532994.53735352],[314365.549316408,1532985.38360596],[314363.625488285,1532966.51458741],[314384.537353518,1532954.53735352],[314410.000000001,1532950],[314410.000000001,1532970],[314397.807617188,1532973.42315674],[314406.57714844,1532982.19238282],[314410.000000001,1532970]],[[314180.000000001,1533000],[314156.45996094,1533005.06378174],[314167.492675782,1533022.81860352],[314180.000000001,1533000]],[[315166.225585939,1532754.35638428],[315213.126220705,1532740.4663086],[315220.000000002,1532700],[315155.643310548,1532705.03845215],[315166.225585939,1532754.35638428]],[[314481.027832034,1532658.51226807],[314470,1532650],[314470,1532640],[314449.999999999,1532640],[314440.000000002,1532640],[314440.000000002,1532660],[314415.643310547,1532678.79974365],[314474.379882813,1532704.35638428],[314481.027832034,1532658.51226807]],[[315147.003173829,1532684.05334473],[315164.566650393,1532692.69714356],[315170,1532680.00000001],[315147.003173829,1532684.05334473]],[[313090.000000004,1526660],[313085.000000004,1526647.19238281],[313080.000000004,1526660],[313085.000000004,1526672.80761719],[313090.000000004,1526660]],[[311317.432250977,1527780.71350098],[311310.000000002,1527760.00000001],[311275.557861328,1527770.63537598],[311272.930908204,1527814.71862793],[311317.432250977,1527780.71350098]],[[311797.80761719,1528723.42346192],[311806.576538086,1528732.19238282],[311810.000000003,1528720],[311797.80761719,1528723.42346192]]],[[[313790,1536090],[313779.999999999,1536090],[313750.000000004,1536090],[313754.447021486,1536084.4468689],[313835.552978518,1536035.55313111],[313840.000000001,1536030.00000001],[313853.952636719,1536040.00000001],[313834.174804691,1536054.17495728],[313830,1536060],[313820.000000003,1536060],[313810,1536060],[313810,1536070],[313800,1536070],[313800,1536080],[313790,1536080],[313790,1536090]]],[[[314070.000000001,1536090],[314070.000000001,1536080],[314090.000000004,1536080],[314090.000000004,1536090],[314070.000000001,1536090]]],[[[314070.000000001,1536090],[314070.000000001,1536100],[314060.000000001,1536100],[314060.000000001,1536090],[314070.000000001,1536090]]],[[[313730.000000001,1536100],[313730.000000001,1536110],[313720.000000001,1536110],[313720.000000001,1536100],[313730.000000001,1536100]]],[[[314060.000000001,1536100],[314060.000000001,1536110],[314040.000000003,1536110],[314040.000000003,1536100],[314060.000000001,1536100]]],[[[314040.000000003,1536110],[314040.000000003,1536120],[314030,1536120],[314030,1536110],[314040.000000003,1536110]]],[[[315340.000000002,1536080],[315350,1536080],[315350,1536120],[315340.000000002,1536120],[315340.000000002,1536080]]],[[[315473.482666018,1536105.53070069],[315450.000000002,1536120],[315450.000000002,1536100],[315473.482666018,1536105.53070069]]],[[[313720.000000001,1536130],[313707.192382813,1536125],[313720.000000001,1536120],[313720.000000001,1536130]]],[[[314030,1536120],[314030,1536130],[314010,1536130],[314010,1536120],[314030,1536120]]],[[[314010,1536130],[314010,1536140],[314000.000000002,1536140],[314000.000000002,1536130],[314010,1536130]]],[[[314000.000000002,1536140],[314000.000000002,1536150],[313990.000000002,1536150],[313990.000000002,1536140],[314000.000000002,1536140]]],[[[311010,1536160],[311010,1536150],[311020.000000003,1536150],[311020.000000003,1536160],[311010,1536160]]],[[[311211.911621093,1536151.81060791],[311180.000000004,1536160],[311180.000000004,1536150],[311170.000000001,1536150],[311170.000000001,1536140],[311160.000000001,1536140],[311150.000000001,1536126.04797363],[311140.000000003,1536140],[311126.640625,1536146.640625],[311084.715576173,1536153.359375],[311080.000000001,1536130],[311082.543945312,1536112.54379273],[311107.456054689,1536087.45620727],[311110,1536060],[311113.630981445,1536053.63128662],[311153.167724613,1536044.86038208],[311163.423461917,1536017.65350342],[311143.630981446,1536006.36871338],[311140.000000003,1536000],[311140.000000003,1535970],[311130,1535970],[311130,1535950],[311140.000000003,1535950],[311140.000000003,1535920],[311150.000000001,1535920],[311166.341552738,1535911.87713624],[311170.000000001,1535930],[311175.825195313,1535944.17495728],[311187.850341798,1536004.15634155],[311209.999999999,1536010],[311223.359375003,1536036.640625],[311230,1536040.00000001],[311230,1536050],[311230,1536080],[311211.911621093,1536151.81060791]]],[[[313970.000000003,1536160],[313970.000000003,1536150],[313980.000000004,1536150],[313980.000000004,1536160],[313970.000000003,1536160]]],[[[313716.577148438,1536162.19223022],[313707.807617188,1536153.42330933],[313720.000000001,1536150],[313716.577148438,1536162.19223022]]],[[[311020.000000003,1536160],[311030.000000003,1536160],[311030.000000003,1536170],[311020.000000003,1536170],[311020.000000003,1536160]]],[[[313970.000000003,1536160],[313970.000000003,1536170],[313960.000000001,1536170],[313960.000000001,1536160],[313970.000000003,1536160]]],[[[313960.000000001,1536170],[313960.000000001,1536180],[313940,1536180],[313940,1536170],[313960.000000001,1536170]]],[[[315440.000000001,1536180],[315440.000000001,1536130],[315450.000000002,1536130],[315453.17871094,1536146.82189941],[315472.994384766,1536156.05392456],[315461.607666017,1536175.91766357],[315440.000000001,1536180]]],[[[313704.566650393,1536182.69714356],[313687.003173829,1536174.05334473],[313710.000000003,1536170],[313704.566650393,1536182.69714356]]],[[[313940,1536180],[313932.143554691,1536195.52963257],[313910,1536200],[313917.856445316,1536184.47036743],[313940,1536180]]],[[[313910,1536200],[313902.143554688,1536215.52963257],[313880.000000002,1536220],[313887.856445313,1536204.47036744],[313910,1536200]]],[[[315440.000000001,1536180],[315440.000000001,1536230],[315430.000000004,1536230],[315430.000000004,1536210],[315430.000000004,1536190],[315430.000000004,1536180],[315440.000000001,1536180]]],[[[311030.000000003,1536220],[311042.192382813,1536223.42330933],[311033.423461915,1536232.19223023],[311030.000000003,1536220]]],[[[311030.000000003,1536220],[311012.543945315,1536222.54379272],[310997.456054689,1536237.45620728],[310980.000000002,1536240],[310986.084594727,1536167.20031738],[311010,1536160],[311010,1536170],[311020.000000003,1536170],[311020.000000003,1536180],[311030.000000003,1536180],[311030.000000003,1536220]]],[[[313880.000000002,1536220],[313872.143554688,1536235.52963257],[313850.000000001,1536240],[313857.856445313,1536224.47036743],[313880.000000002,1536220]]],[[[313850.000000001,1536240],[313850.000000001,1536250.00000001],[313840.000000001,1536250.00000001],[313840.000000001,1536240],[313850.000000001,1536240]]],[[[313690,1536240],[313685,1536252.80776978],[313680,1536240],[313690,1536240]]],[[[313840.000000001,1536250.00000001],[313840.000000001,1536260.00000001],[313830,1536260.00000001],[313830,1536250.00000001],[313840.000000001,1536250.00000001]]],[[[315450.000000002,1536260.00000001],[315440.000000001,1536260.00000001],[315440.000000001,1536240],[315450.000000002,1536240],[315450.000000002,1536260.00000001]]],[[[313830,1536260.00000001],[313830,1536270],[313820.000000003,1536270],[313820.000000003,1536260.00000001],[313830,1536260.00000001]]],[[[315450.000000002,1536260.00000001],[315459.999999999,1536260.00000001],[315459.999999999,1536270],[315450.000000002,1536270],[315450.000000002,1536260.00000001]]],[[[313037.569580079,1536255.2293396],[313025.629882814,1536273.359375],[313016.640625002,1536246.75827026],[313030,1536240],[313037.569580079,1536255.2293396]]],[[[313800,1536280],[313800,1536270],[313810,1536270],[313810,1536280],[313800,1536280]]],[[[313800,1536280],[313800,1536290],[313790,1536290],[313790,1536280],[313800,1536280]]],[[[313790,1536290],[313790,1536300],[313779.999999999,1536300],[313779.999999999,1536290],[313790,1536290]]],[[[313779.999999999,1536300],[313779.999999999,1536310],[313770.000000002,1536310],[313770.000000002,1536300],[313779.999999999,1536300]]],[[[313770.000000002,1536310],[313770.000000002,1536320],[313760.000000004,1536320],[313760.000000004,1536310],[313770.000000002,1536310]]],[[[315459.999999999,1536270],[315474.708251954,1536264.21798706],[315488.820800782,1536266.30355835],[315480,1536320],[315470,1536320],[315470,1536310],[315459.999999999,1536310],[315459.999999999,1536290],[315459.999999999,1536270]]],[[[315280,1536310],[315280,1536340],[315270.000000003,1536340],[315270.000000003,1536310],[315280,1536310]]],[[[315480,1536320],[315503.330078126,1536326.67030334],[315510.000000001,1536380],[315503.359375001,1536376.640625],[315480,1536330],[315480,1536320]]],[[[315510.000000001,1536380],[315520.000000001,1536380],[315520.000000001,1536400],[315510.000000001,1536400],[315510.000000001,1536380]]],[[[315530.000000001,1536420],[315520.000000001,1536420],[315520.000000001,1536410],[315530.000000001,1536410],[315530.000000001,1536420]]],[[[315530.000000001,1536420],[315540.000000004,1536420],[315540.000000004,1536430],[315530.000000001,1536430],[315530.000000001,1536420]]],[[[315270.000000003,1536340],[315273.359375001,1536406.640625],[315290.000000001,1536440],[315266.645507814,1536434.49943543],[315250.064697267,1536385.84526062],[315263.000488283,1536344.31251526],[315270.000000003,1536340]]],[[[315540.000000004,1536430],[315560.000000002,1536430],[315560.000000002,1536450],[315546.71875,1536443.28125],[315540.000000004,1536430]]],[[[315340.000000002,1536120],[315335.462646483,1536145.4624939],[315318.488769532,1536206.17340088],[315347.731933596,1536203.19259644],[315392.812500003,1536257.46322632],[315414.537353517,1536315.4624939],[315452.060546877,1536380.97663879],[315474.537353516,1536437.26203919],[315455.419921875,1536454.5375061],[315391.458740233,1536401.19911194],[315365.462646484,1536304.53750611],[315352.687988284,1536270.53901672],[315311.392822269,1536236.23672485],[315285.462646485,1536305.4624939],[315280,1536310],[315284.90234375,1536262.96020508],[315322.821044926,1536125.30471802],[315340.000000002,1536120]]],[[[315320.000000004,1536460],[315310.000000001,1536460],[315310.000000001,1536450],[315320.000000004,1536450],[315320.000000004,1536460]]],[[[315602.852783207,1536454.14276123],[315590,1536480.00000001],[315583.359375003,1536476.640625],[315569.999999999,1536450],[315602.852783207,1536454.14276123]]],[[[315320.000000004,1536460],[315347.202148438,1536466.9808197],[315370,1536500],[315342.797851565,1536493.0191803],[315320.000000004,1536460]]],[[[315370,1536500],[315380.000000003,1536500],[315380.000000003,1536510],[315370,1536510],[315370,1536500]]],[[[315380.000000003,1536510],[315400.000000001,1536510],[315400.000000001,1536530],[315386.718750004,1536523.28125001],[315380.000000003,1536510]]],[[[315630.33447266,1536518.85391235],[315610.000000003,1536530],[315610.000000003,1536510],[315600,1536510],[315612.740478516,1536486.75636292],[315630.33447266,1536518.85391235]]],[[[315400.000000001,1536530],[315410.000000001,1536530],[315410.000000001,1536540],[315400.000000001,1536540],[315400.000000001,1536530]]],[[[312464.899902347,1536477.88146973],[312451.768798832,1536527.75070191],[312416.619262696,1536564.33525086],[312360,1536530],[312350,1536510],[312350,1536500],[312340,1536500],[312336.447143555,1536471.8245697],[312320.000000002,1536480.00000001],[312320.000000002,1536470],[312310.000000001,1536470],[312280.000000001,1536450],[312270.000000001,1536450],[312270.000000001,1536440],[312260.000000003,1536440],[312237.424926761,1536422.57499695],[312196.666259767,1536369.76974487],[312156.441040039,1536297.91809082],[312169.134521487,1536212.0223999],[312150,1536170],[312150,1536100],[312150,1536090],[312160.000000001,1536090],[312160.000000001,1536070],[312170.000000001,1536070],[312170.000000001,1536050],[312180.000000001,1536050],[312180.000000001,1536030.00000001],[312180.000000001,1536020],[312185.567626953,1536015.54138184],[312205.552978519,1535945.5531311],[312210.000000002,1535920],[312233.662719728,1535903.66256714],[312250.000000003,1535880],[312304.447021486,1535864.4468689],[312370.000000003,1535860],[312370.000000003,1535870],[312380.000000001,1535870],[312386.126708987,1535893.87344361],[312410.000000004,1535900],[312456.865234375,1535863.02505493],[312590.942382813,1535871.01638794],[312700.999755858,1535887.75787354],[312780.220947266,1535943.0947876],[312840.000000001,1536010],[312840.000000001,1536020],[312850.000000001,1536020],[312868.595581055,1536051.94076538],[312919.727783206,1536097.62664795],[312934.718627931,1536170.75881958],[312859.523315432,1536188.25424194],[312845.08850098,1536387.94883728],[312830.000000001,1536430],[312820.000000003,1536430],[312820.000000003,1536440],[312784.794921878,1536483.96270752],[312717.584838866,1536524.4468689],[312680,1536510],[312671.287231445,1536458.71246338],[312660.000000002,1536450],[312645.300292969,1536434.70001221],[312604.899902344,1536415.10002136],[312595.100097657,1536404.89997864],[312564.899902347,1536395.10002136],[312529.319458007,1536382.92152405],[312434.655151367,1536425.29907227],[312385.100097658,1536424.28771973],[312414.899902347,1536445.10002136],[312464.899902347,1536477.88146973]]],[[[313500.000000001,1536560],[313500.000000001,1536570],[313490.000000003,1536570],[313490.000000003,1536560],[313500.000000001,1536560]]],[[[315630.000000001,1536580],[315620.000000001,1536580],[315620.000000001,1536540],[315650.427246094,1536528.03840638],[315630.000000001,1536580]]],[[[315480,1536580],[315490,1536580],[315490,1536590],[315480,1536590],[315480,1536580]]],[[[315480,1536580],[315454.838867189,1536590.56823731],[315421.032714845,1536582.98965454],[315410.000000001,1536540],[315444.356689456,1536565.64376831],[315475.643310551,1536574.35623169],[315480,1536580]]],[[[315510.000000001,1536600],[315510.000000001,1536610],[315500.000000003,1536610],[315500.000000003,1536600],[315510.000000001,1536600]]],[[[311204.84313965,1536555.63751221],[311250.000000003,1536610],[311215.643920899,1536615.64376831],[311120,1536620],[311130.914306641,1536558.75366211],[311169.617309574,1536535.4624939],[311204.84313965,1536555.63751221]]],[[[312570,1536630],[312574.506225586,1536612.44041443],[312603.866577148,1536569.91668701],[312645.915527347,1536545.91560364],[312650.000000002,1536540],[312683.070678714,1536549.20906067],[312690,1536590],[312673.359375003,1536593.359375],[312660.000000002,1536600],[312644.084472659,1536604.08439636],[312601.831054688,1536621.83128357],[312570,1536630]]],[[[312570,1536630],[312566.576538085,1536642.19223023],[312557.807617188,1536633.42330933],[312570,1536630]]],[[[315520.000000001,1536620],[315520.000000001,1536650],[315510.000000001,1536650],[315510.000000001,1536620],[315520.000000001,1536620]]],[[[315662.412109374,1536657.51045227],[315630.000000001,1536650],[315630.000000001,1536620],[315630.000000001,1536610],[315670.41381836,1536603.36105347],[315662.412109374,1536657.51045227]]],[[[312460,1536670],[312447.807617188,1536666.57669067],[312456.576538086,1536657.80776978],[312460,1536670]]],[[[315530.000000001,1536660],[315530.000000001,1536670],[315520.000000001,1536670],[315520.000000001,1536660],[315530.000000001,1536660]]],[[[312460,1536670],[312490.000000001,1536670],[312490.000000001,1536680],[312460,1536680],[312460,1536670]]],[[[313360,1536700.00000001],[313360,1536690],[313370.000000003,1536690],[313370.000000003,1536700.00000001],[313360,1536700.00000001]]],[[[313360,1536700.00000001],[313360,1536710.00000001],[313350,1536710.00000001],[313350,1536700.00000001],[313360,1536700.00000001]]],[[[315620.000000001,1536710.00000001],[315624.084472655,1536684.08439637],[315630.000000001,1536660],[315636.640625003,1536663.359375],[315643.359375002,1536698.18290711],[315620.000000001,1536710.00000001]]],[[[313350,1536710.00000001],[313350,1536720],[313340,1536720],[313340,1536710.00000001],[313350,1536710.00000001]]],[[[315620.000000001,1536710.00000001],[315620.000000001,1536720],[315610.000000003,1536720],[315610.000000003,1536710.00000001],[315620.000000001,1536710.00000001]]],[[[313340,1536720],[313340,1536730],[313330.000000002,1536730],[313330.000000002,1536720],[313340,1536720]]],[[[315610.000000003,1536720],[315610.000000003,1536730],[315600,1536730],[315600,1536720],[315610.000000003,1536720]]],[[[312820.000000003,1536700.00000001],[312803.320312501,1536733.26133728],[312790,1536740],[312775.915527345,1536706.46682739],[312785.73425293,1536691.58355713],[312820.000000003,1536700.00000001]]],[[[313330.000000002,1536730],[313330.000000002,1536740],[313320.000000002,1536740],[313320.000000002,1536730],[313330.000000002,1536730]]],[[[315560.000000002,1536740],[315530.000000001,1536740],[315530.000000001,1536690],[315535.915527344,1536694.08439637],[315544.084472656,1536715.91560364],[315560.000000002,1536740]]],[[[315600,1536730],[315600,1536740],[315590,1536740],[315590,1536730],[315600,1536730]]],[[[315590,1536740],[315565.521240234,1536774.15290833],[315560.000000002,1536740],[315590,1536740]]],[[[313320.000000002,1536740],[313303.662109376,1536763.66249084],[313280.000000001,1536780],[313288.168945313,1536748.16871643],[313320.000000002,1536740]]],[[[313280.000000001,1536780],[313280.000000001,1536790],[313270,1536790],[313270,1536780],[313280.000000001,1536780]]],[[[313270,1536790],[313270,1536800],[313260.000000003,1536800],[313260.000000003,1536790],[313270,1536790]]],[[[313260.000000003,1536800],[313260.000000003,1536810],[313250,1536810],[313250,1536800],[313260.000000003,1536800]]],[[[313250,1536810],[313250,1536820],[313240,1536820],[313240,1536810],[313250,1536810]]],[[[313180.000000001,1536890],[313187.59277344,1536862.73277283],[313230,1536830],[313222.407226565,1536857.26722717],[313180.000000001,1536890]]],[[[313180.000000001,1536890],[313180.000000001,1536900],[313170.000000001,1536900],[313170.000000001,1536890],[313180.000000001,1536890]]],[[[315615.190429688,1536755.19065857],[315583.305664064,1536807.26448059],[315586.312255859,1536883.10180664],[315566.341552734,1536904.80934143],[315549.239501954,1536797.45071411],[315620.000000001,1536740],[315615.190429688,1536755.19065857]]],[[[313170.000000001,1536900],[313170.000000001,1536910],[313160.000000001,1536910],[313160.000000001,1536900],[313170.000000001,1536900]]],[[[312780,1536930.00000001],[312770.000000002,1536930.00000001],[312770.000000002,1536920.00000001],[312780,1536920.00000001],[312780,1536930.00000001]]],[[[315624.447021485,1536895.55313111],[315654.049072267,1536936.07688904],[315618.194580078,1536954.4468689],[315605.552978516,1536924.4468689],[315592.059326172,1536913.64124298],[315596.657714843,1536876.67396545],[315620.000000001,1536870],[315624.447021485,1536895.55313111]]],[[[312780,1536930.00000001],[312806.640625,1536943.359375],[312822.84362793,1536975.38837433],[312800,1536980],[312790,1536980],[312790,1536970],[312802.991333008,1536964.19727325],[312780,1536960],[312780,1536930.00000001]]],[[[312685.915527347,1536995.91564179],[312641.985473633,1537004.08435822],[312578.900756835,1536963.00460815],[312565,1536966.1208725],[312554.146728517,1536963.68785858],[312549.999999999,1536990],[312543.359375,1536986.640625],[312530.000000004,1536960],[312536.759643556,1536955.33306122],[312555.915527345,1536925.91564179],[312560,1536910],[312595.371704103,1536914.62814331],[312690,1536950],[312690,1536960],[312685.915527347,1536995.91564179]]],[[[312720.000000001,1537010],[312707.807617188,1537006.57669068],[312716.576538089,1536997.80776978],[312720.000000001,1537010]]],[[[312720.000000001,1537010],[312730.000000001,1537010],[312730.000000001,1537020],[312720.000000001,1537020],[312720.000000001,1537010]]],[[[312730.000000001,1537020],[312742.697143558,1537025.43354035],[312734.053344727,1537042.99686432],[312730.000000001,1537020]]],[[[312327.44873047,1537144.98550415],[312319.314575195,1537161.64104462],[312286.640625,1537134.20661926],[312320.000000002,1537130],[312327.44873047,1537144.98550415]]],[[[312529.274902345,1537189.8059845],[312477.142944338,1537214.35623169],[312439.999999999,1537160],[312474.174804688,1537154.47509766],[312465.577392581,1537143.8697815],[312414.174804687,1537154.17499542],[312410.000000004,1537160],[312385.119628909,1537187.8459549],[312355.281372069,1537180.48835754],[312394.224853516,1537108.82343292],[312362.727661133,1537094.36748505],[312395.281372073,1537065.28125763],[312404.718627932,1537047.40890503],[312331.107788086,1537013.62392426],[312302.31994629,1536981.4043808],[312315.281372071,1536945.28125763],[312324.71862793,1536914.71874237],[312329.999999999,1536910],[312340,1536910],[312340,1536900],[312350,1536900],[312350,1536890],[312370.000000003,1536880],[312396.697998049,1536875.79238892],[312470.31616211,1536826.21826172],[312490.000000001,1536790],[312530.000000004,1536780],[312530.000000004,1536800],[312524.718627929,1536804.71878052],[312515.28137207,1536865.28121949],[312410.198974611,1536876.23184204],[312385.28137207,1536922.08599091],[312420.864257815,1536971.83742524],[312430.000000002,1536980],[312422.551269531,1536994.98550415],[312427.442016602,1537005],[312420.001220704,1537020.23529053],[312433.359375,1537046.640625],[312450,1537050],[312457.856445316,1537065.52963257],[312480.000000003,1537070],[312480.000000003,1537080],[312480.000000003,1537090],[312490.000000001,1537090],[312490.000000001,1537100],[312490.000000001,1537110],[312480.000000003,1537110],[312467.192382813,1537115],[312480.000000003,1537120],[312510.000000001,1537120],[312510.000000001,1537110],[312526.640625001,1537106.640625],[312534.009399414,1537092.07435608],[312545.147094729,1537097.51377106],[312566.640625002,1537086.640625],[312570,1537080],[312610.000000001,1537100],[312610.000000001,1537110],[312620.000000001,1537110],[312608.978271484,1537124.27890778],[312566.403808595,1537141.70391083],[312529.274902345,1537189.8059845]],[[312477.807617188,1537133.42330933],[312486.576538089,1537142.19223023],[312490.000000001,1537130],[312477.807617188,1537133.42330933]]],[[[312840.000000001,1537280],[312840.000000001,1537270],[312850.000000001,1537270],[312850.000000001,1537280],[312840.000000001,1537280]]],[[[312840.000000001,1537280],[312840.000000001,1537290],[312830.000000001,1537290],[312830.000000001,1537280],[312840.000000001,1537280]]],[[[312830.000000001,1537290],[312830.000000001,1537300],[312820.000000003,1537300],[312820.000000003,1537290],[312830.000000001,1537290]]],[[[312820.000000003,1537300],[312820.000000003,1537310],[312810.000000003,1537310],[312810.000000003,1537300],[312820.000000003,1537300]]],[[[312810.000000003,1537310],[312810.000000003,1537320],[312800,1537320],[312800,1537310],[312810.000000003,1537310]]],[[[312800,1537320],[312800,1537340],[312790,1537340],[312790,1537320],[312800,1537320]]],[[[312790,1537340],[312790,1537350],[312780,1537350],[312780,1537340],[312790,1537340]]],[[[312780,1537350],[312780,1537360],[312770.000000002,1537360],[312770.000000002,1537350],[312780,1537350]]],[[[312770.000000002,1537360],[312765.529785156,1537382.14382172],[312750.000000004,1537390],[312754.470214845,1537367.85617829],[312770.000000002,1537360]]],[[[312750.000000004,1537390],[312750.000000004,1537400],[312740.000000003,1537400],[312740.000000003,1537390],[312750.000000004,1537390]]],[[[312740.000000003,1537400],[312740.000000003,1537420],[312730.000000001,1537420],[312730.000000001,1537400],[312740.000000003,1537400]]],[[[312730.000000001,1537420],[312730.000000001,1537430],[312720.000000001,1537430],[312720.000000001,1537420],[312730.000000001,1537420]]]]},"properties":{"OBJECTID":1,"gridcode":1,"Shape_Length":263216.713126201,"Shape_Area":32979516.3215982}}]}}
]}
