{
  "type" : "FeatureCollection",
  "crs" : {
    "type" : "name",
    "properties" : {
      "name" : "EPSG:32649"
    }
  },
  "features" : [
    {
      "type" : "Feature",
      "id" : 1,
      "geometry" : {
        "type" : "MultiPolygon",
        "coordinates" : [
          [
            [
              [
                312847.23419652693,
                1521585.7510316726
              ],
              [
                312847.23419652693,
                1521595.7510316726
              ],
              [
                312837.234196526,
                1521595.7510316726
              ],
              [
                312837.234196526,
                1521585.7510316726
              ],
              [
                312847.23419652693,
                1521585.7510316726
              ]
            ]
          ],
          [
            [
              [
                312897.23419652786,
                1521605.7510316726
              ],
              [
                312897.23419652786,
                1521625.7510316726
              ],
              [
                312877.23419652693,
                1521625.7510316726
              ],
              [
                312877.23419652693,
                1521605.7510316726
              ],
              [
                312897.23419652786,
                1521605.7510316726
              ]
            ]
          ],
          [
            [
              [
                312927.23419652786,
                1521645.7510316782
              ],
              [
                312907.23419652786,
                1521645.7510316782
              ],
              [
                312907.23419652786,
                1521635.7510316726
              ],
              [
                312923.57574926317,
                1521627.6284730788
              ],
              [
                312927.23419652786,
                1521645.7510316782
              ]
            ]
          ],
          [
            [
              [
                313447.23419652693,
                1521995.7510316707
              ],
              [
                313427.23419652693,
                1521995.7510316707
              ],
              [
                313427.23419652693,
                1521985.7510316707
              ],
              [
                313447.23419652693,
                1521985.7510316707
              ],
              [
                313447.23419652693,
                1521995.7510316707
              ]
            ]
          ],
          [
            [
              [
                313447.23419652693,
                1521995.7510316707
              ],
              [
                313467.23419652786,
                1521995.7510316707
              ],
              [
                313467.23419652786,
                1522005.7510316707
              ],
              [
                313447.23419652693,
                1522005.7510316707
              ],
              [
                313447.23419652693,
                1521995.7510316707
              ]
            ]
          ],
          [
            [
              [
                313467.23419652786,
                1522005.7510316707
              ],
              [
                313492.4246262135,
                1522010.5606019832
              ],
              [
                313692.62848363724,
                1522069.171441827
              ],
              [
                313814.41193090193,
                1522098.1790101901
              ],
              [
                314027.91901098005,
                1522110.5606019907
              ],
              [
                314172.26837621629,
                1522089.0359437801
              ],
              [
                314306.40655981004,
                1522028.5940492507
              ],
              [
                314356.81549535505,
                1521964.4924867488
              ],
              [
                314378.01910863537,
                1521875.4739320613
              ],
              [
                314481.70929418318,
                1521724.7878969051
              ],
              [
                314506.85333715286,
                1521645.3701722976
              ],
              [
                314525.85602269974,
                1521591.1514222976
              ],
              [
                314557.61505590286,
                1521531.1318910494
              ],
              [
                314572.04376683943,
                1521500.5606019869
              ],
              [
                314583.94928441942,
                1521478.0593812801
              ],
              [
                314648.10333715286,
                1521418.6172426138
              ],
              [
                314711.85333715193,
                1521305.3701722939
              ],
              [
                314765.13702856004,
                1521227.9348695632
              ],
              [
                314822.42462621629,
                1521190.9414613657
              ],
              [
                314870.16266332474,
                1521158.0923402682
              ],
              [
                314942.82013402879,
                1521160.9719789363
              ],
              [
                314941.24298558943,
                1521200.7510316707
              ],
              [
                314942.63092504255,
                1521235.7510316744
              ],
              [
                314939.07989965193,
                1521325.3445375301
              ],
              [
                314970.7388351988,
                1521291.1758363601
              ],
              [
                314993.72955785505,
                1521280.3262269851
              ],
              [
                315018.84674535692,
                1521253.2180726863
              ],
              [
                315033.61359106004,
                1521240.9414613564
              ],
              [
                315031.92291723192,
                1521283.6099183895
              ],
              [
                314982.65900121443,
                1521329.2556703445
              ],
              [
                314972.42462621443,
                1521350.9414613601
              ],
              [
                314948.47198949661,
                1521385.7510316726
              ],
              [
                314975.28595434036,
                1521424.7195375301
              ],
              [
                315011.85333715193,
                1521405.3701722976
              ],
              [
                315063.54279027786,
                1521380.97442035
              ],
              [
                315082.7896164488,
                1521401.7459047176
              ],
              [
                315081.51154027693,
                1521433.9919984695
              ],
              [
                315026.7251633238,
                1521484.7537172176
              ],
              [
                314966.34064183943,
                1521513.2522523738
              ],
              [
                314930.58258519974,
                1521574.0762269851
              ],
              [
                314932.45514379349,
                1521621.3369691707
              ],
              [
                314968.22540746536,
                1521619.9185121395
              ],
              [
                314982.0437668385,
                1521622.0291078445
              ],
              [
                314951.4419601988,
                1521650.383600032
              ],
              [
                314972.84943090193,
                1521670.2200258132
              ],
              [
                314971.65436254349,
                1521700.3762758132
              ],
              [
                314992.42462621443,
                1521730.5606019814
              ],
              [
                315002.04376683943,
                1521752.7639711313
              ],
              [
                314958.94196020067,
                1521792.6992738601
              ],
              [
                314962.51495824754,
                1521882.8481996395
              ],
              [
                315002.09625707474,
                1521919.5205629207
              ],
              [
                315013.4536789488,
                1521955.3945863582
              ],
              [
                315052.42462621629,
                1521980.5606019832
              ],
              [
                315062.04376684036,
                1522100.9414613601
              ],
              [
                315094.12384496443,
                1522147.5625551157
              ],
              [
                315070.96222387068,
                1522213.6465394869
              ],
              [
                315073.20221410505,
                1522270.1699769832
              ],
              [
                315130.20172582567,
                1522363.2607972957
              ],
              [
                315226.7251633238,
                1522477.483209407
              ],
              [
                315270.74371801224,
                1522518.2681215145
              ],
              [
                315402.42462621443,
                1522590.5606019851
              ],
              [
                315481.09894262254,
                1522636.1941469032
              ],
              [
                315461.57257543318,
                1522691.9058168307
              ],
              [
                315360.89996801224,
                1522739.4168031551
              ],
              [
                315318.99322973005,
                1522784.6450746432
              ],
              [
                315272.57477269974,
                1522883.0032289382
              ],
              [
                315262.42462621536,
                1523027.5247133113
              ],
              [
                315293.20221410505,
                1523102.4526918288
              ],
              [
                315389.95392309036,
                1523173.4182679988
              ],
              [
                315480.86456762068,
                1523169.8147523738
              ],
              [
                315535.79864965193,
                1523084.7451722976
              ],
              [
                315572.04376683943,
                1523133.498834407
              ],
              [
                315552.04376683943,
                1523190.5606019851
              ],
              [
                315535.79498754442,
                1523241.8826234676
              ],
              [
                315482.67609105911,
                1523239.778131282
              ],
              [
                315452.42462621536,
                1523277.1963441744
              ],
              [
                315512.42462621443,
                1523300.5606019832
              ],
              [
                315522.04376684036,
                1523340.9414613582
              ],
              [
                315532.42462621443,
                1523360.5606019832
              ],
              [
                315542.0437668385,
                1523420.9414613657
              ],
              [
                315567.58209691849,
                1523444.6047914382
              ],
              [
                315522.04376684036,
                1523500.5606019869
              ],
              [
                315507.60162816755,
                1523531.1624086238
              ],
              [
                315486.2710617613,
                1523530.3164613601
              ],
              [
                315472.42462621536,
                1523563.8650453426
              ],
              [
                315504.24469457474,
                1523623.9981019869
              ],
              [
                315492.04376684036,
                1523670.5606019851
              ],
              [
                315482.42462621536,
                1523730.9414613582
              ],
              [
                315467.46857152693,
                1523788.0203187801
              ],
              [
                315436.85333715379,
                1523875.3701722976
              ],
              [
                315427.23419652693,
                1523945.7510316689
              ],
              [
                315422.13409887161,
                1523940.8511293288
              ],
              [
                315372.33429418318,
                1523860.6509340182
              ],
              [
                315362.13409887068,
                1523850.851129327
              ],
              [
                315302.53448949568,
                1523750.4507387057
              ],
              [
                315272.62238012068,
                1523721.7129457332
              ],
              [
                315187.92023168411,
                1523572.3123109676
              ],
              [
                315087.88849340193,
                1523407.3599183895
              ],
              [
                314974.95880590286,
                1523240.7607972957
              ],
              [
                314813.92120824661,
                1523034.7598207351
              ],
              [
                314630.74127660599,
                1522836.9509828445
              ],
              [
                314430.59479223005,
                1522651.6506898757
              ],
              [
                314218.57208715193,
                1522479.8623597976
              ],
              [
                313947.10358129349,
                1522287.2830140926
              ],
              [
                313908.28766332474,
                1522313.5940492507
              ],
              [
                313761.10870824568,
                1522221.0073793288
              ],
              [
                313709.43390356004,
                1522167.2244203445
              ],
              [
                313483.07404027693,
                1522022.2378480807
              ],
              [
                313467.23419652786,
                1522005.7510316707
              ]
            ]
          ],
          [
            [
              [
                315427.23419652693,
                1523945.7510316689
              ],
              [
                315437.23419652693,
                1523945.7510316689
              ],
              [
                315437.23419652693,
                1523965.7510316707
              ],
              [
                315427.23419652693,
                1523965.7510316707
              ],
              [
                315427.23419652693,
                1523945.7510316689
              ]
            ]
          ],
          [
            [
              [
                315447.23419652693,
                1523985.7510316707
              ],
              [
                315437.23419652693,
                1523985.7510316707
              ],
              [
                315437.23419652693,
                1523975.7510316707
              ],
              [
                315447.23419652693,
                1523975.7510316707
              ],
              [
                315447.23419652693,
                1523985.7510316707
              ]
            ]
          ],
          [
            [
              [
                315447.23419652693,
                1523985.7510316707
              ],
              [
                315467.43927465193,
                1524000.2322328445
              ],
              [
                315499.00299535505,
                1524054.6731508113
              ],
              [
                315536.69830785505,
                1524025.8877504207
              ],
              [
                315565.88531957567,
                1524044.4180238638
              ],
              [
                315581.40900121536,
                1524121.2564027663
              ],
              [
                315558.10944066755,
                1524177.9568422176
              ],
              [
                315547.23419652693,
                1524185.7510316707
              ],
              [
                315456.85333715193,
                1524016.1318910476
              ],
              [
                315447.23419652693,
                1523985.7510316707
              ]
            ]
          ],
          [
            [
              [
                315637.23419652693,
                1536655.7510316726
              ],
              [
                315632.51495824754,
                1536701.0322511606
              ],
              [
                315570.38483129349,
                1536770.4698121957
              ],
              [
                315552.51495824568,
                1536750.4698121902
              ],
              [
                315531.86066136975,
                1536732.0150697604
              ],
              [
                315532.82989965379,
                1536715.7510316707
              ],
              [
                315531.648259026,
                1536695.9232271072
              ],
              [
                315511.95343480725,
                1536641.0322511531
              ],
              [
                315499.66583715193,
                1536588.2219636831
              ],
              [
                315452.23419652693,
                1536591.0490358286
              ],
              [
                315433.99200902693,
                1536589.9617708065
              ],
              [
                315397.80914769974,
                1536533.0689943172
              ],
              [
                315295.91949926224,
                1536442.0323121939
              ],
              [
                315271.95343480911,
                1536431.032251155
              ],
              [
                315257.23419652786,
                1536395.7510316726
              ],
              [
                315257.23419652786,
                1536375.7510316726
              ],
              [
                315262.65900121536,
                1536347.3347413875
              ],
              [
                315319.57550512068,
                1536135.2258241531
              ],
              [
                315337.71515355818,
                1536100.9434450045
              ],
              [
                315322.04376683943,
                1536010.941613948
              ],
              [
                315317.23419652693,
                1536005.7510316744
              ],
              [
                315359.06647191755,
                1535766.8264711238
              ],
              [
                315452.10968480911,
                1535311.8760621902
              ],
              [
                315535.55817113724,
                1534931.7214906551
              ],
              [
                315587.23419652786,
                1534715.7510316707
              ],
              [
                315592.60651097912,
                1534720.3790223915
              ],
              [
                315636.4907883238,
                1534781.4947450534
              ],
              [
                315740.7925461363,
                1534903.2937562801
              ],
              [
                315802.04376683943,
                1534869.1192567721
              ],
              [
                315811.8618820738,
                1534891.1230409481
              ],
              [
                315834.21295629162,
                1534900.3790223952
              ],
              [
                315830.30304418318,
                1534851.7221010048
              ],
              [
                315845.95489965193,
                1534838.2376039363
              ],
              [
                315901.26251683943,
                1534842.6818788406
              ],
              [
                315919.99298558943,
                1534820.9420717116
              ],
              [
                315952.60651098005,
                1534811.1230409499
              ],
              [
                316031.8618820738,
                1534780.3790223934
              ],
              [
                316101.86188207474,
                1534774.5327699538
              ],
              [
                316081.10748754255,
                1534811.7315614559
              ],
              [
                316083.38898168318,
                1534840.1232850906
              ],
              [
                316048.36212621443,
                1534884.8489320613
              ],
              [
                316062.60651098005,
                1534910.3790223952
              ],
              [
                316071.86188207474,
                1534935.9173524715
              ],
              [
                316050.4946945738,
                1534994.103082452
              ],
              [
                316053.6050461363,
                1535032.8189027719
              ],
              [
                316041.34308324568,
                1535134.6977174636
              ],
              [
                315999.64386449568,
                1535193.5086000301
              ],
              [
                316006.59454809129,
                1535280.0123536922
              ],
              [
                315981.86188207474,
                1535370.3791749831
              ],
              [
                315972.60651098005,
                1535431.122888362
              ],
              [
                315925.4507492613,
                1535491.3342225868
              ],
              [
                315934.6450851988,
                1535605.7510316707
              ],
              [
                315901.8618820738,
                1535620.3791749887
              ],
              [
                315892.60651098099,
                1535654.5327699594
              ],
              [
                315916.87408910505,
                1535698.0290162899
              ],
              [
                315899.83673559036,
                1535710.3791749813
              ],
              [
                315875.77789770067,
                1535682.4533021804
              ],
              [
                315858.45245824568,
                1535671.1228883639
              ],
              [
                315822.60651098005,
                1535691.1228883602
              ],
              [
                315801.8618820738,
                1535700.3791749813
              ],
              [
                315782.51251684036,
                1535711.1750734206
              ],
              [
                315758.23273168318,
                1535709.2242372371
              ],
              [
                315650.07111058943,
                1535728.8348329403
              ],
              [
                315653.03741918318,
                1535765.7510316744
              ],
              [
                315650.73761449661,
                1535794.382013116
              ],
              [
                315610.67780004255,
                1535779.670861993
              ],
              [
                315587.23419652786,
                1535781.5545595028
              ],
              [
                315518.04596410692,
                1535775.9951722957
              ],
              [
                315477.39899144974,
                1535804.8149049655
              ],
              [
                315496.81305395067,
                1535875.7510316707
              ],
              [
                315481.8618820738,
                1535930.3791749813
              ],
              [
                315472.60651098192,
                1535971.1228883602
              ],
              [
                315451.86188207287,
                1536000.3791749831
              ],
              [
                315441.38458715193,
                1536035.1794374343
              ],
              [
                315446.7215012135,
                1536101.5957582351
              ],
              [
                315468.91632543411,
                1536099.8123109676
              ],
              [
                315447.81403051224,
                1536137.6350343563
              ],
              [
                315462.60651098099,
                1536150.3791749813
              ],
              [
                315471.8618820738,
                1536166.9926393367
              ],
              [
                315437.9263351988,
                1536182.1356141977
              ],
              [
                315443.61847387068,
                1536252.9823243953
              ],
              [
                315483.4390305113,
                1536270.7510316726
              ],
              [
                315480.30304418318,
                1536309.7798860408
              ],
              [
                315492.60651098005,
                1536320.379174985
              ],
              [
                315507.42706762161,
                1536337.5817048904
              ],
              [
                315525.07843480911,
                1536415.2780092116
              ],
              [
                315547.78595433943,
                1536434.8416841384
              ],
              [
                315594.6450851988,
                1536455.7510316744
              ],
              [
                315590.92316137068,
                1536502.0616090633
              ],
              [
                315619.41315160692,
                1536499.7724855281
              ],
              [
                315627.23419652879,
                1536525.7510316707
              ],
              [
                315617.23419652786,
                1536525.7510316707
              ],
              [
                315617.23419652786,
                1536535.7510316707
              ],
              [
                315605.04181371536,
                1536539.1743409988
              ],
              [
                315613.81134496536,
                1536547.9432618972
              ],
              [
                315617.23419652786,
                1536535.7510316707
              ],
              [
                315627.23419652879,
                1536535.7510316707
              ],
              [
                315627.23419652879,
                1536525.7510316707
              ],
              [
                315645.26886449661,
                1536530.508950986
              ],
              [
                315631.24542699661,
                1536600.7467592116
              ],
              [
                315633.74908910505,
                1536613.4158265945
              ],
              [
                315662.55890355911,
                1536607.7226960994
              ],
              [
                315671.40900121536,
                1536646.7348420955
              ],
              [
                315637.23419652693,
                1536655.7510316726
              ],
              [
                315637.23419652693,
                1536645.7510316726
              ],
              [
                315627.23419652879,
                1536645.7510316726
              ],
              [
                315637.23419652693,
                1536625.6344545241
              ],
              [
                315613.87482152786,
                1536614.2266786452
              ],
              [
                315620.59357152693,
                1536642.3916566707
              ],
              [
                315627.23419652879,
                1536645.7510316726
              ],
              [
                315627.23419652879,
                1536655.7510316726
              ],
              [
                315637.23419652693,
                1536655.7510316726
              ]
            ]
          ]
        ]
      },
      "properties" : {
        "OBJECTID" : 1,
        "gridcode" : 1,
        "Shape_Length" : 16017.336503045879,
        "Shape_Area" : 2326639.9732304779
      }
    },
    {
      "type" : "Feature",
      "id" : 2,
      "geometry" : {
        "type" : "MultiPolygon",
        "coordinates" : [
          [
            [
              [
                315114.21295629349,
                1525210.3237855788
              ],
              [
                315077.234196526,
                1525225.7510316782
              ],
              [
                315072.33429418318,
                1525210.6509340182
              ],
              [
                315012.13409886975,
                1525040.8511293288
              ],
              [
                314947.44659887254,
                1524856.7422426082
              ],
              [
                314890.25787816849,
                1524788.616021907
              ],
              [
                314764.92218480911,
                1524360.2578676082
              ],
              [
                314693.64899144974,
                1524140.6204164438
              ],
              [
                314682.13531957474,
                1524140.8547914363
              ],
              [
                314601.26739965193,
                1523913.1899965145
              ],
              [
                314524.33380590286,
                1523742.9482972994
              ],
              [
                314449.26666723192,
                1523606.9815004226
              ],
              [
                314397.86530004255,
                1523528.5818422213
              ],
              [
                314336.43097387161,
                1523445.7083070632
              ],
              [
                314217.78229223005,
                1523311.5969789363
              ],
              [
                314063.61969457474,
                1523178.6367738619
              ],
              [
                313861.90094457474,
                1523041.9009340145
              ],
              [
                313668.2583664488,
                1522933.6514222976
              ],
              [
                313545.24689183943,
                1522877.4111879226
              ],
              [
                313526.33942113724,
                1522897.0913637038
              ],
              [
                313352.33429418318,
                1522820.6509340145
              ],
              [
                313052.13165746443,
                1522689.8513734695
              ],
              [
                312740.54169164505,
                1522545.0515687801
              ],
              [
                312538.11798558943,
                1522436.5322816707
              ],
              [
                312342.33429418225,
                1522250.6509340163
              ],
              [
                312192.10907445755,
                1522141.8679750338
              ],
              [
                312192.47467504349,
                1522123.9749086276
              ],
              [
                312061.31012426224,
                1522022.4746644832
              ],
              [
                311972.33429418411,
                1521950.6509340145
              ],
              [
                311927.23419652786,
                1521915.7510316744
              ],
              [
                311947.33246313035,
                1521821.6824281551
              ],
              [
                311892.51556859724,
                1521743.2058656625
              ],
              [
                311902.18353734817,
                1521658.4475648738
              ],
              [
                311922.51556859817,
                1521621.0317933895
              ],
              [
                311944.13116918411,
                1521551.0317933969
              ],
              [
                312005.89325414412,
                1521575.8438051101
              ],
              [
                312046.57440648787,
                1521604.2605531588
              ],
              [
                312074.9337814888,
                1521588.850396907
              ],
              [
                312151.5444992613,
                1521605.2175844051
              ],
              [
                312212.51556859724,
                1521591.0317933932
              ],
              [
                312268.54523168318,
                1521576.0256898738
              ],
              [
                312293.39874730725,
                1521603.8430726863
              ],
              [
                312441.23321996443,
                1521589.5742738601
              ],
              [
                312485.07599340379,
                1521620.1992738582
              ],
              [
                312566.89056859817,
                1521563.0508363582
              ],
              [
                312656.12518773787,
                1521531.0317933913
              ],
              [
                312717.91595922224,
                1521543.6025941707
              ],
              [
                312734.15680394974,
                1521573.4902894851
              ],
              [
                312731.35712133255,
                1521620.470269952
              ],
              [
                312802.21954808943,
                1521607.3977601938
              ],
              [
                312837.234196526,
                1521585.7510316726
              ],
              [
                312837.234196526,
                1521595.7510316726
              ],
              [
                312847.23419652693,
                1521595.7510316726
              ],
              [
                312860.59357152693,
                1521622.3916566689
              ],
              [
                312877.23419652693,
                1521625.7510316726
              ],
              [
                312897.23419652786,
                1521625.7510316726
              ],
              [
                312897.23419652786,
                1521635.7510316726
              ],
              [
                312907.23419652786,
                1521635.7510316726
              ],
              [
                312907.23419652786,
                1521645.7510316782
              ],
              [
                312927.23419652786,
                1521645.7510316782
              ],
              [
                312916.0958908638,
                1521676.0818422213
              ],
              [
                313262.44659887161,
                1521904.7109926082
              ],
              [
                313351.73614965286,
                1521954.5291078463
              ],
              [
                313427.23419652693,
                1521985.7510316707
              ],
              [
                313427.23419652693,
                1521995.7510316707
              ],
              [
                313447.23419652693,
                1521995.7510316707
              ],
              [
                313447.23419652693,
                1522005.7510316707
              ],
              [
                313467.23419652786,
                1522005.7510316707
              ],
              [
                313483.07404027693,
                1522022.2378480807
              ],
              [
                313709.43390356004,
                1522167.2244203445
              ],
              [
                313761.10870824568,
                1522221.0073793288
              ],
              [
                313908.28766332474,
                1522313.5940492507
              ],
              [
                313947.10358129349,
                1522287.2830140926
              ],
              [
                314218.57208715193,
                1522479.8623597976
              ],
              [
                314430.59479223005,
                1522651.6506898757
              ],
              [
                314630.74127660599,
                1522836.9509828445
              ],
              [
                314813.92120824661,
                1523034.7598207351
              ],
              [
                314974.95880590286,
                1523240.7607972957
              ],
              [
                315087.88849340193,
                1523407.3599183895
              ],
              [
                315187.92023168411,
                1523572.3123109676
              ],
              [
                315272.62238012068,
                1523721.7129457332
              ],
              [
                315302.53448949568,
                1523750.4507387057
              ],
              [
                315362.13409887068,
                1523850.851129327
              ],
              [
                315372.33429418318,
                1523860.6509340182
              ],
              [
                315422.13409887161,
                1523940.8511293288
              ],
              [
                315427.23419652693,
                1523945.7510316689
              ],
              [
                315427.23419652693,
                1523965.7510316707
              ],
              [
                315437.23419652693,
                1523965.7510316707
              ],
              [
                315437.23419652693,
                1523975.7510316707
              ],
              [
                315437.23419652693,
                1523985.7510316707
              ],
              [
                315447.23419652693,
                1523985.7510316707
              ],
              [
                315456.85333715193,
                1524016.1318910476
              ],
              [
                315547.23419652693,
                1524185.7510316707
              ],
              [
                315542.51495824568,
                1524191.0317933913
              ],
              [
                315530.73761449568,
                1524201.5554750338
              ],
              [
                315502.03644262068,
                1524199.845269952
              ],
              [
                315492.51495824661,
                1524271.0317933932
              ],
              [
                315476.95221410692,
                1524314.4058168251
              ],
              [
                315432.62238012161,
                1524334.7524965145
              ],
              [
                315422.0376633238,
                1524425.1052797176
              ],
              [
                315373.25348363724,
                1524514.8818910476
              ],
              [
                315358.63922582474,
                1524577.6907289382
              ],
              [
                315294.43878636975,
                1524635.0527894832
              ],
              [
                315277.28180394974,
                1524672.4356019851
              ],
              [
                315295.7681320738,
                1524706.4553773757
              ],
              [
                315291.23932348005,
                1524782.4380433913
              ],
              [
                315251.95343480911,
                1524800.470269952
              ],
              [
                315225.42633520067,
                1524814.8843324557
              ],
              [
                315212.51495824568,
                1524872.8201234676
              ],
              [
                315262.23419652786,
                1524869.8574769851
              ],
              [
                315284.29474340286,
                1524871.1721742488
              ],
              [
                315281.34064183943,
                1524920.7510316744
              ],
              [
                315303.12775121536,
                1524930.7510316744
              ],
              [
                315301.38580785599,
                1524959.9880922195
              ],
              [
                315319.12018285505,
                1524992.6248109695
              ],
              [
                315297.32330785412,
                1525053.3718812782
              ],
              [
                315241.95343480911,
                1525070.4702699538
              ],
              [
                315232.51495824568,
                1525111.0317933913
              ],
              [
                315221.2027023863,
                1525153.2705629207
              ],
              [
                315191.39069066849,
                1525179.9075258113
              ],
              [
                315155.89874730818,
                1525219.6292054988
              ],
              [
                315138.93097387068,
                1525182.6602113582
              ],
              [
                315114.21295629349,
                1525210.3237855788
              ]
            ]
          ],
          [
            [
              [
                315317.23419652693,
                1536005.7510316744
              ],
              [
                315272.67364965193,
                1535980.0599611178
              ],
              [
                315202.60651098099,
                1535930.3791749813
              ],
              [
                315105.02228246629,
                1535874.1174257137
              ],
              [
                315006.93390355818,
                1535844.5851076059
              ],
              [
                314897.05963598099,
                1535831.122888362
              ],
              [
                314752.87750707474,
                1535842.7081239596
              ],
              [
                314585.66559301317,
                1535879.1804445107
              ],
              [
                314446.72638402879,
                1535922.9765260592
              ],
              [
                314322.60651098099,
                1535971.1228883602
              ],
              [
                314307.23419652693,
                1535975.7510316726
              ],
              [
                314317.53937230818,
                1535922.9649293758
              ],
              [
                314516.73370824661,
                1535234.6569765024
              ],
              [
                314566.15265355818,
                1535014.9674928542
              ],
              [
                314607.55768285599,
                1534802.8713930007
              ],
              [
                314636.91681371536,
                1534788.6279237606
              ],
              [
                314681.37848363817,
                1534465.0225770809
              ],
              [
                314729.6548508238,
                1534050.0424135067
              ],
              [
                314748.4829758238,
                1533915.1745546237
              ],
              [
                314797.35870824568,
                1533854.6261537485
              ],
              [
                314867.83478246536,
                1533517.8335512094
              ],
              [
                314935.12970433943,
                1533263.868707452
              ],
              [
                315020.37994847912,
                1533001.160577571
              ],
              [
                315123.58673558943,
                1532739.4946229793
              ],
              [
                315173.69904027693,
                1532636.2023866512
              ],
              [
                315202.29034887254,
                1532650.9316957332
              ],
              [
                315341.46393285599,
                1532394.4607484695
              ],
              [
                315458.34015355818,
                1532206.238702571
              ],
              [
                315492.13409887068,
                1532160.6509340145
              ],
              [
                315497.23419652786,
                1532155.7510316782
              ],
              [
                315512.04376684036,
                1532180.9414613619
              ],
              [
                315542.42462621443,
                1532190.5606019851
              ],
              [
                315552.04376683943,
                1532210.9414613582
              ],
              [
                315563.85529027786,
                1532233.2632387057
              ],
              [
                315651.70319066755,
                1532229.7811830454
              ],
              [
                315679.84650121536,
                1532260.1559389047
              ],
              [
                315651.65436254349,
                1532301.1257875375
              ],
              [
                315652.43195043411,
                1532320.7510316744
              ],
              [
                315651.66046605818,
                1532340.2181947641
              ],
              [
                315663.0337570738,
                1532361.710504327
              ],
              [
                315711.70319066849,
                1532359.7811830379
              ],
              [
                315727.99957738724,
                1532377.3696840145
              ],
              [
                315702.04376683943,
                1532440.5602968093
              ],
              [
                315694.24713598099,
                1532470.5602968093
              ],
              [
                315722.04376684036,
                1532440.5602968093
              ],
              [
                315752.04376684129,
                1532436.9634950515
              ],
              [
                315721.88385473005,
                1532480.793145936
              ],
              [
                315740.77545629255,
                1532498.2977235634
              ],
              [
                315702.04376683943,
                1532510.5602968149
              ],
              [
                315691.67877660505,
                1532521.746515071
              ],
              [
                315692.80182348192,
                1532550.0772035457
              ],
              [
                315659.16168676224,
                1532627.165216241
              ],
              [
                315676.68243871443,
                1532710.909723077
              ],
              [
                315722.6199387135,
                1532770.8154237643
              ],
              [
                315692.04376683943,
                1532790.5602968056
              ],
              [
                315657.38068090286,
                1532837.8192079421
              ],
              [
                315616.85333715286,
                1532875.3698671199
              ],
              [
                315601.55670629255,
                1532923.6843812801
              ],
              [
                315582.04376683943,
                1532960.5602968093
              ],
              [
                315572.42462621536,
                1532986.4022767898
              ],
              [
                315610.37262426037,
                1533004.3115175124
              ],
              [
                315571.44196020067,
                1533040.3839052096
              ],
              [
                315588.8198898863,
                1533056.4855897781
              ],
              [
                315551.26495824568,
                1533091.2823427059
              ],
              [
                315554.21539770067,
                1533165.7510316707
              ],
              [
                315551.3638351988,
                1533237.6956117507
              ],
              [
                315564.66095433943,
                1533301.2493837215
              ],
              [
                315593.24982152786,
                1533300.1162660457
              ],
              [
                315591.62140356004,
                1533341.2234437838
              ],
              [
                315629.31427465193,
                1533328.0120790396
              ],
              [
                315611.03546606004,
                1533415.3817689773
              ],
              [
                315572.04376683943,
                1533440.5602968112
              ],
              [
                315532.42462621443,
                1533472.0294130184
              ],
              [
                315558.42316137161,
                1533496.1181581337
              ],
              [
                315523.22418676317,
                1533528.7319887001
              ],
              [
                315501.31866918318,
                1533562.6544130165
              ],
              [
                315502.80792699661,
                1533600.2181947567
              ],
              [
                315486.85333715193,
                1533630.3698671199
              ],
              [
                315470.97565160599,
                1533664.0112245493
              ],
              [
                315472.82867894974,
                1533710.7510316707
              ],
              [
                315471.8277023863,
                1533735.9973085262
              ],
              [
                315452.04376683943,
                1533830.5602968093
              ],
              [
                315435.01373754442,
                1533990.5734193716
              ],
              [
                315461.09039769974,
                1534140.3262269832
              ],
              [
                315497.96295629255,
                1534164.1366517954
              ],
              [
                315451.65070043411,
                1534221.0424745437
              ],
              [
                315453.21686254255,
                1534260.5462587215
              ],
              [
                315423.09113012068,
                1534317.4795472994
              ],
              [
                315496.51642309036,
                1534509.9017274715
              ],
              [
                315582.42462621536,
                1534700.5602968093
              ],
              [
                315587.23419652786,
                1534715.7510316707
              ],
              [
                315535.55817113724,
                1534931.7214906551
              ],
              [
                315452.10968480911,
                1535311.8760621902
              ],
              [
                315359.06647191755,
                1535766.8264711238
              ],
              [
                315317.23419652693,
                1536005.7510316744
              ]
            ]
          ],
          [
            [
              [
                315257.23419652786,
                1536395.7510316726
              ],
              [
                315243.28155981004,
                1536385.7510316726
              ],
              [
                315257.23419652786,
                1536375.7510316726
              ],
              [
                315257.23419652786,
                1536395.7510316726
              ]
            ]
          ]
        ]
      },
      "properties" : {
        "OBJECTID" : 2,
        "gridcode" : 2,
        "Shape_Length" : 21577.799990547253,
        "Shape_Area" : 6035842.3747954993
      }
    },
    {
      "type" : "Feature",
      "id" : 3,
      "geometry" : {
        "type" : "MultiPolygon",
        "coordinates" : [
          [
            [
              [
                314532.09137426224,
                1526905.9426820632
              ],
              [
                314457.53448949661,
                1526659.5571840145
              ],
              [
                314395.74615941755,
                1526434.9087465145
              ],
              [
                314317.77618871536,
                1526109.0505922176
              ],
              [
                314252.49054418318,
                1525768.3352601845
              ],
              [
                314251.92780004349,
                1525740.7510316726
              ],
              [
                314252.5454758238,
                1525710.5239808895
              ],
              [
                314204.7915695738,
                1525383.7441957351
              ],
              [
                314169.82941136975,
                1525055.2334535494
              ],
              [
                314143.97003637068,
                1524738.0630433895
              ],
              [
                314078.2876633238,
                1524830.6509340145
              ],
              [
                314082.13409887161,
                1524390.6509340145
              ],
              [
                314085.8413742613,
                1524209.0127504207
              ],
              [
                314070.3775070738,
                1523924.6633851901
              ],
              [
                314043.13385472912,
                1523812.9116762038
              ],
              [
                313985.24322973192,
                1523693.5855043344
              ],
              [
                313887.79694066942,
                1523607.8628480807
              ],
              [
                313746.09894262068,
                1523544.4302308913
              ],
              [
                313565.96954808943,
                1523498.2656801082
              ],
              [
                313103.67950902693,
                1523402.2354066707
              ],
              [
                312998.90655980911,
                1523387.6089418288
              ],
              [
                312782.13409887068,
                1523330.8511293307
              ],
              [
                312657.23419652693,
                1523295.7510316707
              ],
              [
                312662.04376683943,
                1523280.5606019869
              ],
              [
                312685.2755783638,
                1523214.2776429988
              ],
              [
                312638.37494359817,
                1523153.1167543288
              ],
              [
                312643.64227758255,
                1523020.2200258151
              ],
              [
                312602.42462621443,
                1522982.02910785
              ],
              [
                312617.08343969192,
                1522918.8320863657
              ],
              [
                312711.66595922317,
                1522740.0881898738
              ],
              [
                312713.12653051224,
                1522703.2363832332
              ],
              [
                312684.68170629349,
                1522642.9653871395
              ],
              [
                312638.61908422224,
                1522607.6419008132
              ],
              [
                312564.63959203474,
                1522572.7273500375
              ],
              [
                312500.21027074568,
                1522528.3926332407
              ],
              [
                312385.12238012068,
                1522474.0786683895
              ],
              [
                312351.3534592241,
                1522430.0418031551
              ],
              [
                312259.92523656599,
                1522287.6431215182
              ],
              [
                312224.41925512068,
                1522212.4087465163
              ],
              [
                312180.8999680113,
                1522172.0852601882
              ],
              [
                312085.88959203567,
                1522069.5437562801
              ],
              [
                311990.92071996536,
                1521989.2898500375
              ],
              [
                311914.1568039488,
                1521953.0618226882
              ],
              [
                311927.23419652786,
                1521915.7510316744
              ],
              [
                311972.33429418411,
                1521950.6509340145
              ],
              [
                312061.31012426224,
                1522022.4746644832
              ],
              [
                312192.47467504349,
                1522123.9749086276
              ],
              [
                312192.10907445755,
                1522141.8679750338
              ],
              [
                312342.33429418225,
                1522250.6509340163
              ],
              [
                312538.11798558943,
                1522436.5322816707
              ],
              [
                312740.54169164505,
                1522545.0515687801
              ],
              [
                313052.13165746443,
                1522689.8513734695
              ],
              [
                313352.33429418318,
                1522820.6509340145
              ],
              [
                313526.33942113724,
                1522897.0913637038
              ],
              [
                313545.24689183943,
                1522877.4111879226
              ],
              [
                313668.2583664488,
                1522933.6514222976
              ],
              [
                313861.90094457474,
                1523041.9009340145
              ],
              [
                314063.61969457474,
                1523178.6367738619
              ],
              [
                314217.78229223005,
                1523311.5969789363
              ],
              [
                314336.43097387161,
                1523445.7083070632
              ],
              [
                314397.86530004255,
                1523528.5818422213
              ],
              [
                314449.26666723192,
                1523606.9815004226
              ],
              [
                314524.33380590286,
                1523742.9482972994
              ],
              [
                314601.26739965193,
                1523913.1899965145
              ],
              [
                314682.13531957474,
                1524140.8547914363
              ],
              [
                314693.64899144974,
                1524140.6204164438
              ],
              [
                314764.92218480911,
                1524360.2578676082
              ],
              [
                314890.25787816849,
                1524788.616021907
              ],
              [
                314947.44659887254,
                1524856.7422426082
              ],
              [
                315012.13409886975,
                1525040.8511293288
              ],
              [
                315072.33429418318,
                1525210.6509340182
              ],
              [
                315077.234196526,
                1525225.7510316782
              ],
              [
                315061.93390355911,
                1525240.4507387038
              ],
              [
                315041.3394211363,
                1525261.8862855844
              ],
              [
                315043.2095383238,
                1525353.5256898738
              ],
              [
                315070.11261449568,
                1525405.7510316726
              ],
              [
                315037.85919652786,
                1525468.3608949538
              ],
              [
                315053.68683324661,
                1525514.601129327
              ],
              [
                315052.1304367613,
                1525590.8401429988
              ],
              [
                315062.91901098099,
                1525620.6509340163
              ],
              [
                315092.25861058943,
                1525590.1126039345
              ],
              [
                315106.3345383238,
                1525690.9365785476
              ],
              [
                315092.13654027693,
                1525690.647271907
              ],
              [
                315068.19733129255,
                1525727.1609437801
              ],
              [
                315052.20123754349,
                1525710.5129945613
              ],
              [
                315042.29401098099,
                1525730.9329164363
              ],
              [
                315021.92169652693,
                1525720.4385316707
              ],
              [
                315022.33673558943,
                1525740.7827699538
              ],
              [
                315021.54938207474,
                1525760.6509340145
              ],
              [
                315002.0181320738,
                1525740.3225648776
              ],
              [
                314962.33429418318,
                1525800.8511293251
              ],
              [
                314921.53351293411,
                1525861.042779725
              ],
              [
                314897.23419652693,
                1525860.5471742488
              ],
              [
                314877.79571996443,
                1525860.9439027645
              ],
              [
                314842.33429418318,
                1525950.8511293288
              ],
              [
                314801.42609105911,
                1526011.2002504244
              ],
              [
                314769.333805901,
                1526110.0955140926
              ],
              [
                314741.39679418318,
                1526224.6975648738
              ],
              [
                314742.35016332474,
                1526271.4504945632
              ],
              [
                314762.95441137161,
                1526291.2466371413
              ],
              [
                314798.37555394974,
                1526290.5239808969
              ],
              [
                314791.15753637254,
                1526350.6509340145
              ],
              [
                314747.23419652693,
                1526328.0239808895
              ],
              [
                314720.78155980911,
                1526341.6506898738
              ],
              [
                314700.59479223099,
                1526362.6614320632
              ],
              [
                314672.33429418411,
                1526451.4358461238
              ],
              [
                314692.33795629255,
                1526470.6545961238
              ],
              [
                314691.71417699475,
                1526501.231988702
              ],
              [
                314722.33429418318,
                1526530.6509340163
              ],
              [
                314732.16705785599,
                1526540.8853090145
              ],
              [
                314782.33063207474,
                1526530.6106508132
              ],
              [
                314792.13409887068,
                1526656.096490657
              ],
              [
                314762.13409887161,
                1526670.6509340163
              ],
              [
                314752.33429418411,
                1526690.8511293251
              ],
              [
                314747.23419652693,
                1526695.7510316707
              ],
              [
                314721.10382543504,
                1526627.4343812838
              ],
              [
                314532.09137426224,
                1526905.9426820632
              ]
            ]
          ],
          [
            [
              [
                315842.30621801317,
                1528647.580255311
              ],
              [
                315859.83795629255,
                1528694.4357240535
              ],
              [
                315847.23419652879,
                1528745.7510316726
              ],
              [
                315838.21930395067,
                1528738.5317933895
              ],
              [
                315783.89313207474,
                1528649.091485776
              ],
              [
                315767.23419652693,
                1528635.7510316744
              ],
              [
                315771.31866918411,
                1528629.835504327
              ],
              [
                315817.99591527693,
                1528612.3702943679
              ],
              [
                315842.30621801317,
                1528647.580255311
              ]
            ]
          ],
          [
            [
              [
                314797.35870824568,
                1533854.6261537485
              ],
              [
                314748.4829758238,
                1533915.1745546237
              ],
              [
                314729.6548508238,
                1534050.0424135067
              ],
              [
                314681.37848363817,
                1534465.0225770809
              ],
              [
                314636.91681371536,
                1534788.6279237606
              ],
              [
                314607.55768285599,
                1534802.8713930007
              ],
              [
                314566.15265355818,
                1535014.9674928542
              ],
              [
                314516.73370824661,
                1535234.6569765024
              ],
              [
                314317.53937230818,
                1535922.9649293758
              ],
              [
                314307.23419652693,
                1535975.7510316726
              ],
              [
                314300.73029027693,
                1535982.5201356765
              ],
              [
                314085.9585617613,
                1536086.7166078445
              ],
              [
                313915.70221410505,
                1536202.1253908034
              ],
              [
                313777.88238988724,
                1536301.2446535006
              ],
              [
                313448.08380590286,
                1536606.6511476412
              ],
              [
                313149.84772191849,
                1536925.5932176467
              ],
              [
                313087.23419652693,
                1536985.7510316707
              ],
              [
                313092.33429418411,
                1536950.8510148879
              ],
              [
                313111.00128637161,
                1536779.0415132362
              ],
              [
                313138.13385473192,
                1536612.3653352596
              ],
              [
                313167.73468480818,
                1536460.740808282
              ],
              [
                313208.1948898863,
                1536294.7676790096
              ],
              [
                313269.14459691755,
                1536089.8294008113
              ],
              [
                313340.9732101988,
                1535887.6135194656
              ],
              [
                313437.85919652693,
                1535659.3801820613
              ],
              [
                313597.79205785599,
                1535354.5779359676
              ],
              [
                313722.80548558943,
                1535150.6082094051
              ],
              [
                313901.0757492613,
                1534874.3099916335
              ],
              [
                313931.48834691755,
                1534769.2205751296
              ],
              [
                313896.25641332474,
                1534624.6978700496
              ],
              [
                313795.18829808943,
                1534262.7047670241
              ],
              [
                313725.90607152786,
                1533970.0668275729
              ],
              [
                313702.13409887068,
                1533840.8511293251
              ],
              [
                313677.70050512161,
                1533704.8580873422
              ],
              [
                313655.3189133238,
                1533728.1521547176
              ],
              [
                313614.20074926037,
                1533487.0849550106
              ],
              [
                313583.33405004349,
                1533215.3372133113
              ],
              [
                313566.79718480818,
                1532972.4774110653
              ],
              [
                313768.77228246443,
                1533270.6509340126
              ],
              [
                313772.33429418411,
                1533240.851129327
              ],
              [
                313785.65460668318,
                1532982.3342836257
              ],
              [
                313810.78155980911,
                1532751.0629213192
              ],
              [
                313850.71442113724,
                1532488.4704530593
              ],
              [
                313909.88312230725,
                1532210.1022279616
              ],
              [
                313976.30890355725,
                1531959.4186342098
              ],
              [
                314092.90802465286,
                1531600.1040590182
              ],
              [
                314223.38654027693,
                1531269.2947328445
              ],
              [
                314243.23639379349,
                1531228.3785951473
              ],
              [
                314300.26276098005,
                1531305.3073060848
              ],
              [
                314438.14972387161,
                1531008.5934388973
              ],
              [
                314622.67975316755,
                1530667.1151674148
              ],
              [
                314721.73370824661,
                1530500.2511537429
              ],
              [
                314857.47711645067,
                1530276.4096010085
              ],
              [
                314764.45587621443,
                1530172.2531068679
              ],
              [
                314903.93097387068,
                1529942.2586000338
              ],
              [
                315037.82379613817,
                1529709.7769105807
              ],
              [
                315143.29864965193,
                1529486.4657533523
              ],
              [
                315172.53448949568,
                1529401.0513246413
              ],
              [
                315201.69830785505,
                1529311.178888116
              ],
              [
                315247.51984105818,
                1529287.5735414363
              ],
              [
                315369.71100316849,
                1529365.6954896804
              ],
              [
                315382.6528976988,
                1529193.7661683895
              ],
              [
                315863.4439133238,
                1528870.1034486704
              ],
              [
                315877.23419652693,
                1528855.7510316744
              ],
              [
                315958.19366918318,
                1528926.3009584304
              ],
              [
                315990.65094457567,
                1528891.2704408523
              ],
              [
                316002.04376683943,
                1528950.9414613601
              ],
              [
                316010.13336645067,
                1528970.5606019832
              ],
              [
                316022.20978246443,
                1528919.8635804988
              ],
              [
                316068.57452855818,
                1528944.3978822585
              ],
              [
                316082.04376684036,
                1529000.9414613601
              ],
              [
                316092.42462621443,
                1529010.5606019851
              ],
              [
                316102.0437668385,
                1529038.8308656551
              ],
              [
                316000.48126684129,
                1529101.5249574538
              ],
              [
                316002.51495824568,
                1529152.8481996432
              ],
              [
                316067.83600316755,
                1529213.3700502273
              ],
              [
                316112.439274651,
                1529189.768365657
              ],
              [
                316160.63995824475,
                1529191.6787660476
              ],
              [
                316142.04376683943,
                1529280.5606019851
              ],
              [
                316132.42462621536,
                1529330.9414613582
              ],
              [
                316121.90826879255,
                1529350.816339286
              ],
              [
                316141.80939184036,
                1529369.2550599929
              ],
              [
                316152.04376684036,
                1529390.9414613601
              ],
              [
                316164.35089574661,
                1529402.345269952
              ],
              [
                316161.61530004255,
                1529471.3699281551
              ],
              [
                316184.06769262068,
                1529459.4894349929
              ],
              [
                316180.55450902693,
                1529548.1277406551
              ],
              [
                316196.22955785599,
                1529577.7505433913
              ],
              [
                316180.95612035599,
                1529590.5606019832
              ],
              [
                316162.42462621629,
                1529570.5606019832
              ],
              [
                316151.23932348099,
                1529560.1962221041
              ],
              [
                316132.0571945738,
                1529560.9561097976
              ],
              [
                316103.82843481004,
                1529530.489801202
              ],
              [
                316092.23419652693,
                1529530.9493959285
              ],
              [
                316077.23419652879,
                1529530.3549135067
              ],
              [
                316060.85724340379,
                1529531.003717225
              ],
              [
                316063.55621801224,
                1529599.0945375375
              ],
              [
                316012.64801488817,
                1529682.2366273738
              ],
              [
                316036.78741918411,
                1529704.6023500338
              ],
              [
                316012.02911840286,
                1529740.5813539363
              ],
              [
                316012.45514379255,
                1529751.3369691726
              ],
              [
                316062.88483129349,
                1529749.338067811
              ],
              [
                316060.45074926224,
                1529810.7510316782
              ],
              [
                316062.79449926317,
                1529869.8867738657
              ],
              [
                316052.04376684036,
                1529900.5606019851
              ],
              [
                316041.6616867613,
                1529965.7327211238
              ],
              [
                316026.58356176224,
                1529990.5606019869
              ],
              [
                316012.26349340286,
                1529960.2194154635
              ],
              [
                315988.50128637254,
                1529997.0181215182
              ],
              [
                315952.04376684036,
                1530020.5606019832
              ],
              [
                315835.79498754349,
                1530127.013238702
              ],
              [
                315821.48468480818,
                1530216.8429506179
              ],
              [
                315822.56622777786,
                1530244.1329896804
              ],
              [
                315853.94928441755,
                1530303.4426820613
              ],
              [
                315921.97540746536,
                1530366.4712465182
              ],
              [
                315959.50226293225,
                1530346.6134584285
              ],
              [
                315982.04376684129,
                1530370.9414613601
              ],
              [
                315992.42462621443,
                1530380.5606019851
              ],
              [
                316002.17194066942,
                1530441.7446840163
              ],
              [
                316043.24982152786,
                1530440.1162660457
              ],
              [
                316040.18585668411,
                1530517.4307191726
              ],
              [
                316058.42194066755,
                1530551.892999446
              ],
              [
                316092.41974340193,
                1530550.5453431942
              ],
              [
                316103.0874680113,
                1530584.2373597976
              ],
              [
                316101.99738012254,
                1530611.7324769851
              ],
              [
                316058.20709691849,
                1530609.9966371395
              ],
              [
                316072.48199926224,
                1530650.7235658579
              ],
              [
                316055.98907934129,
                1530713.6672914382
              ],
              [
                316072.69318090379,
                1530761.3272035457
              ],
              [
                316097.23419652693,
                1530760.3549135085
              ],
              [
                316112.23419652693,
                1530760.9493959304
              ],
              [
                316131.2319992613,
                1530760.1962221004
              ],
              [
                316142.04376683943,
                1530763.4982240554
              ],
              [
                316101.6470383238,
                1530800.9280336238
              ],
              [
                316102.51495824568,
                1530822.8481996395
              ],
              [
                316133.2290695738,
                1530851.305841241
              ],
              [
                316171.70319066849,
                1530849.7811830398
              ],
              [
                316184.06158910599,
                1530863.1191957407
              ],
              [
                316169.80743871443,
                1530931.2490785457
              ],
              [
                316142.76642308943,
                1530930.1779115535
              ],
              [
                316119.54254613817,
                1530942.4667299166
              ],
              [
                316099.39850316849,
                1530964.2080629189
              ],
              [
                316102.63092504349,
                1531045.7510316782
              ],
              [
                316101.59454809036,
                1531071.8948305063
              ],
              [
                316062.04376684036,
                1531090.5606019869
              ],
              [
                316041.21857152786,
                1531101.5798890963
              ],
              [
                316022.42462621536,
                1531160.9414613582
              ],
              [
                316002.00104223005,
                1531179.8654115535
              ],
              [
                316003.50616918504,
                1531217.8549135104
              ],
              [
                315985.84503637068,
                1531268.2449281551
              ],
              [
                315942.23419652786,
                1531245.1681459285
              ],
              [
                315910.26520238817,
                1531262.0846498348
              ],
              [
                315849.27765356004,
                1531345.2328431942
              ],
              [
                315822.80548558943,
                1531401.3229310866
              ],
              [
                315792.26227269974,
                1531429.6231019907
              ],
              [
                315782.42462621536,
                1531471.7343080379
              ],
              [
                315822.70660863724,
                1531470.1376283504
              ],
              [
                315805.84503637161,
                1531518.2449281607
              ],
              [
                315767.23419652693,
                1531497.8140199557
              ],
              [
                315714.09943090286,
                1531525.9298646823
              ],
              [
                315732.5601242613,
                1531560.8163392916
              ],
              [
                315719.00055395067,
                1531573.3798158504
              ],
              [
                315680.35431371629,
                1531559.8348939754
              ],
              [
                315652.23419652693,
                1531560.9493959285
              ],
              [
                315637.23419652693,
                1531560.3549135067
              ],
              [
                315621.13678441755,
                1531560.9927308895
              ],
              [
                315566.3687180113,
                1531645.8059633151
              ],
              [
                315498.09601293504,
                1531811.4450013954
              ],
              [
                315469.37530980911,
                1531902.1609437801
              ],
              [
                315449.15558324568,
                1532008.067926202
              ],
              [
                315454.08600316849,
                1532132.4667299129
              ],
              [
                315492.42462621629,
                1532150.5606019851
              ],
              [
                315497.23419652786,
                1532155.7510316782
              ],
              [
                315492.13409887068,
                1532160.6509340145
              ],
              [
                315458.34015355818,
                1532206.238702571
              ],
              [
                315341.46393285599,
                1532394.4607484695
              ],
              [
                315202.29034887254,
                1532650.9316957332
              ],
              [
                315173.69904027693,
                1532636.2023866512
              ],
              [
                315123.58673558943,
                1532739.4946229793
              ],
              [
                315020.37994847912,
                1533001.160577571
              ],
              [
                314935.12970433943,
                1533263.868707452
              ],
              [
                314867.83478246536,
                1533517.8335512094
              ],
              [
                314797.35870824568,
                1533854.6261537485
              ]
            ]
          ]
        ]
      },
      "properties" : {
        "OBJECTID" : 3,
        "gridcode" : 3,
        "Shape_Length" : 35416.459261506119,
        "Shape_Area" : 11655486.215563344
      }
    },
    {
      "type" : "Feature",
      "id" : 4,
      "geometry" : {
        "type" : "Polygon",
        "coordinates" : [
          [
            [
              312657.23419652693,
              1523295.7510316707
            ],
            [
              312782.13409887068,
              1523330.8511293307
            ],
            [
              312998.90655980911,
              1523387.6089418288
            ],
            [
              313103.67950902693,
              1523402.2354066707
            ],
            [
              313565.96954808943,
              1523498.2656801082
            ],
            [
              313746.09894262068,
              1523544.4302308913
            ],
            [
              313887.79694066942,
              1523607.8628480807
            ],
            [
              313985.24322973192,
              1523693.5855043288
            ],
            [
              314043.13385472912,
              1523812.9116762038
            ],
            [
              314070.3775070738,
              1523924.6633851901
            ],
            [
              314085.8413742613,
              1524209.0127504207
            ],
            [
              314082.13409887161,
              1524390.6509340145
            ],
            [
              314078.2876633238,
              1524830.6509340145
            ],
            [
              314143.97003637068,
              1524738.0630433895
            ],
            [
              314169.82941136975,
              1525055.2334535494
            ],
            [
              314204.7915695738,
              1525383.7441957351
            ],
            [
              314252.5454758238,
              1525710.5239808895
            ],
            [
              314251.92780004349,
              1525740.7510316726
            ],
            [
              314252.49054418318,
              1525768.3352601845
            ],
            [
              314317.77618871536,
              1526109.0505922176
            ],
            [
              314395.74615941755,
              1526434.9087465145
            ],
            [
              314457.53448949661,
              1526659.5571840145
            ],
            [
              314532.09137426224,
              1526905.9426820632
            ],
            [
              314721.10382543504,
              1526627.4343812838
            ],
            [
              314747.23419652693,
              1526695.7510316707
            ],
            [
              314673.11066137068,
              1526703.6392152682
            ],
            [
              314670.92316136975,
              1526758.8247621413
            ],
            [
              314684.85138402693,
              1526785.1467836257
            ],
            [
              314702.04376684036,
              1526910.9414613582
            ],
            [
              314722.4246262135,
              1527000.5606019851
            ],
            [
              314732.04376684036,
              1527090.9414613582
            ],
            [
              314744.15924535692,
              1527137.1804750301
            ],
            [
              314739.8794601988,
              1527245.1663148757
            ],
            [
              314759.25812230911,
              1527286.2271058932
            ],
            [
              314839.36920629255,
              1527337.9592836238
            ],
            [
              314936.90704809036,
              1527446.7068422176
            ],
            [
              315031.75079808943,
              1527709.5425355788
            ],
            [
              315050.9536789488,
              1527801.325372491
            ],
            [
              315062.04376684036,
              1527870.9414613601
            ],
            [
              315072.42462621443,
              1527910.5606019851
            ],
            [
              315082.04376684129,
              1527960.9414613582
            ],
            [
              315092.42462621443,
              1528010.5606019832
            ],
            [
              315103.09113012161,
              1528110.782769952
            ],
            [
              315156.7056320738,
              1528224.3881166335
            ],
            [
              315218.95172582287,
              1528291.5682924148
            ],
            [
              315352.04376683943,
              1528410.9414613582
            ],
            [
              315397.94708715193,
              1528432.6052797176
            ],
            [
              315455.78033910599,
              1528535.3445375301
            ],
            [
              315606.62140355725,
              1528639.1415346041
            ],
            [
              315672.23419652693,
              1528641.7416322604
            ],
            [
              315702.39777074568,
              1528640.5465638991
            ],
            [
              315727.23419652786,
              1528653.6880433932
            ],
            [
              315752.04376684129,
              1528640.5606019869
            ],
            [
              315767.23419652693,
              1528635.7510316744
            ],
            [
              315783.89313207474,
              1528649.091485776
            ],
            [
              315838.21930395067,
              1528738.5317933895
            ],
            [
              315847.23419652879,
              1528745.7510316726
            ],
            [
              315851.6812180113,
              1528771.3040101845
            ],
            [
              315871.63727269974,
              1528841.1904847976
            ],
            [
              315877.23419652693,
              1528855.7510316744
            ],
            [
              315863.4439133238,
              1528870.1034486648
            ],
            [
              315382.6528976988,
              1529193.7661683895
            ],
            [
              315369.71100316849,
              1529365.6954896804
            ],
            [
              315247.51984105818,
              1529287.5735414363
            ],
            [
              315201.69830785505,
              1529311.178888116
            ],
            [
              315172.53448949568,
              1529401.0513246413
            ],
            [
              315143.29864965193,
              1529486.4657533523
            ],
            [
              315037.82379613817,
              1529709.7769105807
            ],
            [
              314903.93097387068,
              1529942.2586000338
            ],
            [
              314764.45587621443,
              1530172.2531068679
            ],
            [
              314857.47711645067,
              1530276.4096010085
            ],
            [
              314721.73370824661,
              1530500.2511537429
            ],
            [
              314622.67975316755,
              1530667.1151674148
            ],
            [
              314438.14972387161,
              1531008.5934388973
            ],
            [
              314300.26276098005,
              1531305.3073060848
            ],
            [
              314243.23639379349,
              1531228.3785951473
            ],
            [
              314223.38654027693,
              1531269.2947328445
            ],
            [
              314092.90802465286,
              1531600.1040590182
            ],
            [
              313976.30890355725,
              1531959.4186342098
            ],
            [
              313909.88312230725,
              1532210.1022279616
            ],
            [
              313850.71442113724,
              1532488.4704530593
            ],
            [
              313810.78155980911,
              1532751.0629213192
            ],
            [
              313785.65460668318,
              1532982.3342836257
            ],
            [
              313772.33429418411,
              1533240.851129327
            ],
            [
              313768.77228246443,
              1533270.6509340126
            ],
            [
              313566.79718480818,
              1532972.4774110653
            ],
            [
              313583.33405004349,
              1533215.3372133113
            ],
            [
              313614.20074926037,
              1533487.0849550106
            ],
            [
              313655.3189133238,
              1533728.1521547176
            ],
            [
              313677.70050512161,
              1533704.8580873366
            ],
            [
              313702.13409887068,
              1533840.8511293251
            ],
            [
              313725.90607152786,
              1533970.0668275729
            ],
            [
              313795.18829808943,
              1534262.7047670241
            ],
            [
              313896.25641332474,
              1534624.6978700496
            ],
            [
              313931.48834691755,
              1534769.2205751296
            ],
            [
              313901.0757492613,
              1534874.3099916335
            ],
            [
              313722.80548558943,
              1535150.6082094051
            ],
            [
              313597.79205785599,
              1535354.5779359676
            ],
            [
              313437.85919652693,
              1535659.3801820613
            ],
            [
              313340.9732101988,
              1535887.6135194656
            ],
            [
              313269.14459691755,
              1536089.8294008113
            ],
            [
              313208.1948898863,
              1536294.7676790096
            ],
            [
              313167.73468480818,
              1536460.740808282
            ],
            [
              313138.13385473192,
              1536612.3653352596
            ],
            [
              313111.00128637161,
              1536779.0415132362
            ],
            [
              313092.33429418411,
              1536950.8510148879
            ],
            [
              313087.23419652693,
              1536985.7510316707
            ],
            [
              312960.5246018013,
              1537136.3313997146
            ],
            [
              312790.87433324661,
              1537341.4106500503
            ],
            [
              312683.62640844285,
              1537486.0876977779
            ],
            [
              311952.77374730818,
              1537532.7378499862
            ],
            [
              311772.33429418504,
              1537000.6510484591
            ],
            [
              311723.55988012254,
              1536858.1528413668
            ],
            [
              311717.23419652879,
              1536825.7510316726
            ],
            [
              311725.31708226912,
              1536536.9214570895
            ],
            [
              311748.58429418318,
              1536251.5397584792
            ],
            [
              311778.90717016067,
              1536003.3856141921
            ],
            [
              311809.83429418411,
              1535800.0176942684
            ],
            [
              311915.00092016067,
              1535183.4522950985
            ],
            [
              311941.53900609817,
              1534949.8120057937
            ],
            [
              311947.85919652879,
              1534640.1260316744
            ],
            [
              311927.56805883162,
              1534421.696466241
            ],
            [
              312002.13409887068,
              1534466.9152772781
            ],
            [
              311984.57550512068,
              1534294.4387758132
            ],
            [
              311944.73419652786,
              1534072.6956117526
            ],
            [
              311905.38055883069,
              1533893.4185731765
            ],
            [
              311785.29633031692,
              1533428.5644471999
            ],
            [
              311337.73956762161,
              1533723.8827455398
            ],
            [
              311232.5607346138,
              1533271.8231141921
            ],
            [
              311166.96869359817,
              1532932.3635805026
            ],
            [
              311123.93402562942,
              1532637.8744447604
            ],
            [
              311093.30353246536,
              1532308.1436097976
            ],
            [
              311092.13409887254,
              1532250.8511293307
            ],
            [
              311087.23419652693,
              1532215.7510316689
            ],
            [
              311095.08820043411,
              1532158.283990657
            ],
            [
              311132.04376684036,
              1532020.5606019832
            ],
            [
              311202.04376683943,
              1531800.735162532
            ],
            [
              311191.36505590286,
              1531556.3046205416
            ],
            [
              311134.44855199661,
              1531238.5366762038
            ],
            [
              311127.23419652786,
              1531185.7510316707
            ],
            [
              311132.33429418318,
              1531180.851129327
            ],
            [
              311157.53448949568,
              1531000.3366029616
            ],
            [
              311179.53400121536,
              1530865.193780696
            ],
            [
              311243.93402562942,
              1530535.3079164382
            ],
            [
              311295.00946508348,
              1530325.7955873348
            ],
            [
              312121.83685765974,
              1530873.9120424148
            ],
            [
              312231.52618871443,
              1530423.9620912429
            ],
            [
              312292.13409887161,
              1530190.6509340145
            ],
            [
              312400.95734105911,
              1529775.2432191726
            ],
            [
              312412.33429418411,
              1529730.8511293288
            ],
            [
              312520.82062231004,
              1529306.6885316726
            ],
            [
              312727.234196526,
              1529440.6509340182
            ],
            [
              312732.33429418411,
              1529430.851129327
            ],
            [
              312826.8820236763,
              1529164.6743715145
            ],
            [
              312878.78326879349,
              1529033.0862367488
            ],
            [
              312937.44904027693,
              1528976.7208803035
            ],
            [
              313010.24322973005,
              1528752.3965394832
            ],
            [
              313094.96002660599,
              1528513.4445131198
            ],
            [
              312938.28155980818,
              1528346.7520082369
            ],
            [
              313014.08722387068,
              1528029.9374330398
            ],
            [
              313057.33429418318,
              1527818.7924135067
            ],
            [
              313099.33380590193,
              1527572.5570619442
            ],
            [
              313130.33478246536,
              1527330.027765071
            ],
            [
              313150.93414769974,
              1527108.2742250301
            ],
            [
              313167.88971410599,
              1526859.2617738601
            ],
            [
              313066.72760473005,
              1526702.4710023738
            ],
            [
              313083.30841527693,
              1526328.9028871413
            ],
            [
              312666.61468969099,
              1526949.367975032
            ],
            [
              312750.87433324568,
              1526467.7029359695
            ],
            [
              312778.6587570738,
              1526277.5711000301
            ],
            [
              312727.32574926224,
              1526192.921441827
            ],
            [
              312785.5581711363,
              1525802.1011293307
            ],
            [
              312819.43390355725,
              1525537.0681703426
            ],
            [
              312841.76910863724,
              1525318.5354554988
            ],
            [
              312848.49701391067,
              1524988.8674867526
            ],
            [
              312831.25092015974,
              1524853.9395082332
            ],
            [
              312833.10028539412,
              1524763.301080497
            ],
            [
              312793.32611547317,
              1524662.4587953445
            ],
            [
              312736.50726781599,
              1524585.8108461257
            ],
            [
              312697.37640844099,
              1524545.0820863582
            ],
            [
              312642.33429418411,
              1524500.6509340163
            ],
            [
              312602.13409887161,
              1524470.851129327
            ],
            [
              312597.23419652786,
              1524465.7510316707
            ],
            [
              312631.36627660599,
              1524459.5254457332
            ],
            [
              312672.60590062756,
              1524441.1233461276
            ],
            [
              312721.8624924263,
              1524410.3787172176
            ],
            [
              312851.35956273694,
              1524341.0879457351
            ],
            [
              312875.54657445755,
              1524306.975396907
            ],
            [
              312871.23444066849,
              1524253.3120668288
            ],
            [
              312891.86249242723,
              1524220.3787172195
            ],
            [
              312921.05926976912,
              1524179.2007387001
            ],
            [
              312833.42743383162,
              1524042.3294008113
            ],
            [
              312811.86249242537,
              1523991.1233461276
            ],
            [
              312794.01581273787,
              1523893.2864320632
            ],
            [
              312675.99152074568,
              1523791.6030824538
            ],
            [
              312662.60590063035,
              1523660.3787172176
            ],
            [
              312643.93463598192,
              1523626.9143617507
            ],
            [
              312639.77081762068,
              1523575.0906312801
            ],
            [
              312681.19720922317,
              1523481.770318782
            ],
            [
              312653.39325414505,
              1523380.1785219051
            ],
            [
              312648.5171555113,
              1523319.4888246395
            ],
            [
              312657.23419652693,
              1523295.7510316707
            ]
          ]
        ]
      },
      "properties" : {
        "OBJECTID" : 4,
        "gridcode" : 4,
        "Shape_Length" : 38819.072051024617,
        "Shape_Area" : 28118934.444635425
      }
    },
    {
      "type" : "Feature",
      "id" : 5,
      "geometry" : {
        "type" : "MultiPolygon",
        "coordinates" : [
          [
            [
              [
                311243.93402562942,
                1530535.3079164382
              ],
              [
                311179.53400121536,
                1530865.193780696
              ],
              [
                311157.53448949568,
                1531000.3366029616
              ],
              [
                311132.33429418318,
                1531180.851129327
              ],
              [
                311127.23419652786,
                1531185.7510316707
              ],
              [
                311122.13409887068,
                1531160.8511293251
              ],
              [
                311064.93439184036,
                1530809.4796693679
              ],
              [
                311048.03497777786,
                1530757.4026429988
              ],
              [
                310943.1179855885,
                1530590.622247491
              ],
              [
                310832.33429418411,
                1530380.6509340145
              ],
              [
                310721.13678441755,
                1530170.0192201491
              ],
              [
                310643.8302658638,
                1530010.6735170297
              ],
              [
                310492.33429418411,
                1529720.6509340145
              ],
              [
                310262.13409887161,
                1529280.8511293288
              ],
              [
                310077.28119359724,
                1528926.9699037429
              ],
              [
                309719.50958715286,
                1528244.5095765982
              ],
              [
                309029.78973851912,
                1528357.8414857741
              ],
              [
                308636.05377660505,
                1528420.4910219051
              ],
              [
                308360.96283422224,
                1528431.7239320613
              ],
              [
                308150.83038793411,
                1528419.6243226863
              ],
              [
                308034.11774144974,
                1528363.0013978817
              ],
              [
                308002.13409887068,
                1528320.851129327
              ],
              [
                307799.35944066849,
                1528021.4968812838
              ],
              [
                307564.34631810989,
                1527701.7575013991
              ],
              [
                307442.05963598099,
                1527592.5442445688
              ],
              [
                307288.77411352005,
                1527566.398004327
              ],
              [
                307126.63300023787,
                1527586.2112367488
              ],
              [
                307053.78326879349,
                1527609.8507631179
              ],
              [
                307017.31842504255,
                1527644.8855531551
              ],
              [
                307022.86957250349,
                1527916.8838441707
              ],
              [
                307006.20087133162,
                1528002.2689760048
              ],
              [
                306964.53430638928,
                1528088.1533754226
              ],
              [
                306924.01031957287,
                1528130.3311097976
              ],
              [
                306851.68579564895,
                1528142.6675355788
              ],
              [
                306585.29083715286,
                1528117.9202211294
              ],
              [
                306426.39130101912,
                1528132.0510804988
              ],
              [
                306312.13409887068,
                1528150.6509340145
              ],
              [
                306149.06494603865,
                1528180.6509340145
              ],
              [
                306045.31067357678,
                1528153.1185853835
              ],
              [
                305995.27863012068,
                1528105.0485170223
              ],
              [
                305845.12299047224,
                1527942.8622377291
              ],
              [
                305767.03430639114,
                1527880.9512269851
              ],
              [
                305608.23914037552,
                1527743.9962709304
              ],
              [
                305546.16119848005,
                1527712.0162904598
              ],
              [
                305438.47076879349,
                1527680.851129327
              ],
              [
                305392.3925827574,
                1527697.9971254207
              ],
              [
                305389.98657689895,
                1527815.8871400692
              ],
              [
                305432.13409887068,
                1527913.3010804988
              ],
              [
                305422.33429418318,
                1528000.8511293288
              ],
              [
                305403.63434301317,
                1528073.8174379207
              ],
              [
                305374.03107152693,
                1528208.6770570632
              ],
              [
                305334.47144017927,
                1528249.8507631235
              ],
              [
                305244.48715673201,
                1528280.6509340163
              ],
              [
                305051.29868016951,
                1528270.2688539382
              ],
              [
                304719.95590673201,
                1528230.8511293307
              ],
              [
                304578.07495580427,
                1528248.717950616
              ],
              [
                304451.01349340193,
                1528295.9304750357
              ],
              [
                304347.2531174263,
                1528354.7573793288
              ],
              [
                304285.38422094285,
                1528431.4010560848
              ],
              [
                304172.1342514595,
                1528580.6509340126
              ],
              [
                304013.82187352981,
                1528796.0372865517
              ],
              [
                303896.01654516067,
                1528918.6508119479
              ],
              [
                303830.90088353865,
                1528952.195733821
              ],
              [
                303575.70732580032,
                1529048.7722719051
              ],
              [
                303422.3813675493,
                1529062.4075258113
              ],
              [
                303332.33417974319,
                1529080.8511293288
              ],
              [
                303282.13421331253,
                1529090.6509340145
              ],
              [
                303242.33417974133,
                1529100.8511293288
              ],
              [
                303185.72601781692,
                1529114.651178157
              ],
              [
                303113.58318792097,
                1529149.6511781551
              ],
              [
                303093.13419805374,
                1529169.2983949538
              ],
              [
                303082.13419423811,
                1529190.6509340219
              ],
              [
                303069.68576894607,
                1529317.9299867507
              ],
              [
                303021.76001058333,
                1529398.6642396804
              ],
              [
                302907.80583844986,
                1529490.6509340145
              ],
              [
                302877.82323346846,
                1529397.4502504207
              ],
              [
                302860.08900151961,
                1529310.8657777626
              ],
              [
                302863.16953168809,
                1529159.9197328445
              ],
              [
                302801.52980790846,
                1529040.2658021785
              ],
              [
                302803.45144496672,
                1528946.1056459304
              ],
              [
                302782.33419643156,
                1528843.0038392879
              ],
              [
                302835.58465467207,
                1528754.9453676138
              ],
              [
                302928.87888417952,
                1528693.7789857779
              ],
              [
                302947.43420110457,
                1528675.9512269851
              ],
              [
                302977.03812108748,
                1528645.1388490535
              ],
              [
                303010.93420491926,
                1528680.418390071
              ],
              [
                303058.47731100023,
                1528681.3888490554
              ],
              [
                302947.43313299026,
                1528433.3346498366
              ],
              [
                303150.95634923689,
                1528411.2222230751
              ],
              [
                303190.88520513382,
                1528391.8508851901
              ],
              [
                303241.84849248733,
                1528342.8860414401
              ],
              [
                303252.33417974226,
                1528260.851129327
              ],
              [
                303262.13421331253,
                1528060.6509340163
              ],
              [
                303277.43420110364,
                1527955.9512269832
              ],
              [
                303294.73419652693,
                1527832.0266664438
              ],
              [
                303331.09726415388,
                1527682.8634584304
              ],
              [
                303418.43513952103,
                1527496.4932191726
              ],
              [
                303501.43417821638,
                1527202.2231996413
              ],
              [
                303532.557759149,
                1527154.7524965182
              ],
              [
                303799.47037206404,
                1526933.9504945613
              ],
              [
                303855.43404088728,
                1526864.6231019851
              ],
              [
                304021.78566442337,
                1526517.7297914382
              ],
              [
                304023.4587143492,
                1526435.7510316707
              ],
              [
                304021.32706151716,
                1526331.3015687801
              ],
              [
                304138.90655980911,
                1525968.9651430063
              ],
              [
                304182.1342514595,
                1525910.6509340145
              ],
              [
                304282.73743138928,
                1525800.4092347957
              ],
              [
                304281.92810521927,
                1525760.7510316726
              ],
              [
                304282.33795629255,
                1525740.6655824538
              ],
              [
                304272.10205541458,
                1525700.7253969051
              ],
              [
                304302.63504491653,
                1525630.1553285457
              ],
              [
                304270.22324071638,
                1525599.015191827
              ],
              [
                304571.05728612747,
                1525351.8814027719
              ],
              [
                304707.19208226912,
                1525241.9900453445
              ],
              [
                304772.33414159622,
                1525220.851129327
              ],
              [
                304871.0937546324,
                1525178.1216371413
              ],
              [
                305022.88650975842,
                1525126.164850032
              ],
              [
                305444.95575414412,
                1524995.4470765945
              ],
              [
                305799.53217015974,
                1524901.6653383113
              ],
              [
                305902.30896459334,
                1524880.6155336257
              ],
              [
                305998.6142014116,
                1525016.3711488601
              ],
              [
                306070.2294968199,
                1525090.9097230807
              ],
              [
                306190.02624974959,
                1525197.8994691782
              ],
              [
                306317.81189428177,
                1525229.0505922176
              ],
              [
                306380.88531957474,
                1525259.651178157
              ],
              [
                306392.33429418411,
                1525270.6509340145
              ],
              [
                306407.47955785599,
                1525456.4150941726
              ],
              [
                306517.8970383238,
                1525636.5701234676
              ],
              [
                306642.13409887068,
                1525750.8511293288
              ],
              [
                306799.38873754349,
                1525847.2329652645
              ],
              [
                306857.28210912459,
                1525923.5293519888
              ],
              [
                306912.13409887161,
                1526000.8511293307
              ],
              [
                307043.01605687849,
                1526147.4002016
              ],
              [
                307073.35052953567,
                1526192.1499574557
              ],
              [
                307111.53412328567,
                1526309.8184144851
              ],
              [
                307149.99695287552,
                1526349.8513734676
              ],
              [
                307197.03430639114,
                1526365.9512269832
              ],
              [
                307394.50165258255,
                1526393.5171449557
              ],
              [
                307414.44458471052,
                1526412.678521907
              ],
              [
                307450.16907201707,
                1526539.3374574538
              ],
              [
                307523.73627172317,
                1526583.9504945688
              ],
              [
                307747.23480687849,
                1526680.6509340163
              ],
              [
                307819.28467260115,
                1526652.5198304988
              ],
              [
                307852.33429418411,
                1526630.8511293344
              ],
              [
                308016.32843480818,
                1526512.9067933895
              ],
              [
                308109.98138890881,
                1526480.851129327
              ],
              [
                308152.33429418411,
                1526490.6509340163
              ],
              [
                308410.52338109724,
                1526570.6143129207
              ],
              [
                308488.91266332567,
                1526572.2134340145
              ],
              [
                308583.0343674263,
                1526526.5505922176
              ],
              [
                308672.13409887068,
                1526480.6509340163
              ],
              [
                309222.33429418318,
                1526200.8511293288
              ],
              [
                309567.10541234724,
                1526023.2412660476
              ],
              [
                309698.9663742613,
                1525962.9556215145
              ],
              [
                310092.13409886975,
                1525940.6509340145
              ],
              [
                310622.33429418411,
                1525910.8511293288
              ],
              [
                310802.13409887068,
                1525900.6509340145
              ],
              [
                311319.59381566942,
                1525871.3943422176
              ],
              [
                312201.34918676224,
                1525819.1311586257
              ],
              [
                312202.92938695755,
                1525741.6848695632
              ],
              [
                312162.13409887161,
                1525670.851129327
              ],
              [
                312152.33429418318,
                1525560.6509340163
              ],
              [
                312132.36847387068,
                1525502.3196351882
              ],
              [
                312129.31488500442,
                1525352.707818782
              ],
              [
                312142.33429418318,
                1525250.8511293288
              ],
              [
                312154.08417211287,
                1525154.6926820651
              ],
              [
                312184.15985570755,
                1525031.3211000301
              ],
              [
                312279.41071019974,
                1524974.7781312801
              ],
              [
                312292.13409887161,
                1524870.6509340145
              ],
              [
                312334.0634201616,
                1524815.3933656532
              ],
              [
                312331.4474533638,
                1524687.2024476882
              ],
              [
                312345.70099340286,
                1524585.1028383113
              ],
              [
                312466.07758031785,
                1524570.3933656551
              ],
              [
                312522.59979711287,
                1524484.1824281551
              ],
              [
                312562.13409887068,
                1524470.6509340163
              ],
              [
                312597.23419652786,
                1524465.7510316707
              ],
              [
                312602.13409887161,
                1524470.851129327
              ],
              [
                312642.33429418411,
                1524500.6509340219
              ],
              [
                312697.37640844099,
                1524545.0820863582
              ],
              [
                312736.50726781599,
                1524585.8108461257
              ],
              [
                312793.32611547317,
                1524662.4587953445
              ],
              [
                312833.10028539412,
                1524763.301080497
              ],
              [
                312831.25092015974,
                1524853.9395082332
              ],
              [
                312848.49701391067,
                1524988.8674867526
              ],
              [
                312841.76910863724,
                1525318.5354554988
              ],
              [
                312819.43390355725,
                1525537.0681703426
              ],
              [
                312785.5581711363,
                1525802.1011293307
              ],
              [
                312727.32574926224,
                1526192.921441827
              ],
              [
                312778.6587570738,
                1526277.5711000301
              ],
              [
                312750.87433324568,
                1526467.7029359695
              ],
              [
                312666.61468969099,
                1526949.3679750375
              ],
              [
                313083.30841527693,
                1526328.9028871413
              ],
              [
                313066.72760473005,
                1526702.4710023738
              ],
              [
                313167.88971410599,
                1526859.2617738601
              ],
              [
                313150.93414769974,
                1527108.2742250301
              ],
              [
                313130.33478246536,
                1527330.0277650766
              ],
              [
                313099.33380590193,
                1527572.5570619442
              ],
              [
                313057.33429418318,
                1527818.7924135067
              ],
              [
                313014.08722387068,
                1528029.9374330398
              ],
              [
                312938.28155980818,
                1528346.7520082369
              ],
              [
                313094.96002660599,
                1528513.4445131198
              ],
              [
                313010.24322973005,
                1528752.3965394832
              ],
              [
                312937.44904027693,
                1528976.7208803035
              ],
              [
                312878.78326879349,
                1529033.0862367488
              ],
              [
                312826.8820236763,
                1529164.6743715145
              ],
              [
                312732.33429418411,
                1529430.851129327
              ],
              [
                312727.234196526,
                1529440.6509340182
              ],
              [
                312520.82062231004,
                1529306.6885316726
              ],
              [
                312412.33429418411,
                1529730.8511293288
              ],
              [
                312400.95734105911,
                1529775.2432191726
              ],
              [
                312292.13409887161,
                1530190.6509340145
              ],
              [
                312231.52618871443,
                1530423.9620912429
              ],
              [
                312121.83685765974,
                1530873.9120424148
              ],
              [
                311295.00946508348,
                1530325.7955873348
              ],
              [
                311243.93402562942,
                1530535.3079164382
              ]
            ]
          ],
          [
            [
              [
                311717.23419652879,
                1536825.7510316726
              ],
              [
                311712.13409887161,
                1536820.8510530349
              ],
              [
                311636.87897191942,
                1536605.0036561824
              ],
              [
                311062.24884496536,
                1536620.8533418532
              ],
              [
                310950.26215062849,
                1536618.5679567233
              ],
              [
                310879.75738988724,
                1536636.6370332614
              ],
              [
                310788.55926977005,
                1536650.6510103121
              ],
              [
                310770.5343674263,
                1536595.1040590219
              ],
              [
                310741.97784887161,
                1536448.8256013747
              ],
              [
                310718.52814183943,
                1536380.3164613582
              ],
              [
                310688.6483810991,
                1536380.9262788631
              ],
              [
                310666.2570236763,
                1536311.9240510836
              ],
              [
                310631.42914281692,
                1536300.6222474948
              ],
              [
                310583.20526586287,
                1536201.2222230807
              ],
              [
                310550.3286789488,
                1536179.6675050575
              ],
              [
                310491.9259689888,
                1536180.8593690768
              ],
              [
                310492.58514867537,
                1536148.5488832332
              ],
              [
                310512.33429418411,
                1536090.8509767391
              ],
              [
                310522.13409887161,
                1536030.6510866024
              ],
              [
                310560.46722875442,
                1535827.8143251296
              ],
              [
                310597.15729223005,
                1535670.1199281551
              ],
              [
                310626.38763891067,
                1535448.3872926608
              ],
              [
                310611.41449437849,
                1535345.92482928
              ],
              [
                310612.45514379255,
                1535294.930261407
              ],
              [
                310647.29095922224,
                1535243.5383546688
              ],
              [
                310638.40668187849,
                1534808.208612239
              ],
              [
                310757.68829809036,
                1534604.6478212215
              ],
              [
                310772.13409887068,
                1534530.6509340163
              ],
              [
                310792.33429418318,
                1534460.8511293344
              ],
              [
                310827.01080785599,
                1534309.3456972055
              ],
              [
                310853.79364476912,
                1534172.1517885067
              ],
              [
                310851.62567602005,
                1534065.9249818679
              ],
              [
                310814.39789281692,
                1533920.6652772836
              ],
              [
                310679.50165258348,
                1533614.8831117488
              ],
              [
                310635.01556859817,
                1533502.0959413406
              ],
              [
                310622.33429418411,
                1533408.5955751278
              ],
              [
                310794.47845922224,
                1532945.0772035476
              ],
              [
                311053.54462133255,
                1532308.7533510067
              ],
              [
                311082.13409887161,
                1532220.6509340145
              ],
              [
                311087.23419652693,
                1532215.7510316689
              ],
              [
                311092.13409887254,
                1532250.8511293307
              ],
              [
                311093.30353246536,
                1532308.1436097976
              ],
              [
                311123.93402562942,
                1532637.8744447604
              ],
              [
                311166.96869359817,
                1532932.3635805026
              ],
              [
                311232.5607346138,
                1533271.8231141921
              ],
              [
                311337.73956762161,
                1533723.8827455398
              ],
              [
                311785.29633031692,
                1533428.5644471999
              ],
              [
                311905.38055883069,
                1533893.4185731765
              ],
              [
                311944.73419652786,
                1534072.6956117526
              ],
              [
                311984.57550512068,
                1534294.4387758188
              ],
              [
                312002.13409887068,
                1534466.9152772781
              ],
              [
                311927.56805883162,
                1534421.696466241
              ],
              [
                311947.85919652879,
                1534640.1260316744
              ],
              [
                311941.53900609817,
                1534949.8120057993
              ],
              [
                311915.00092016067,
                1535183.4522950985
              ],
              [
                311809.83429418411,
                1535800.017694274
              ],
              [
                311778.90717016067,
                1536003.3856141921
              ],
              [
                311748.58429418318,
                1536251.5397584792
              ],
              [
                311725.31708226912,
                1536536.9214570895
              ],
              [
                311717.23419652879,
                1536825.7510316726
              ]
            ]
          ]
        ]
      },
      "properties" : {
        "OBJECTID" : 5,
        "gridcode" : 5,
        "Shape_Length" : 49702.684634330595,
        "Shape_Area" : 33022382.963727668
      }
    }
  ]
}