{
  "type" : "FeatureCollection",
  "crs" : {
    "type" : "name",
    "properties" : {
      "name" : "EPSG:32649"
    }
  },
  "features" : [
    {
      "type" : "Feature",
      "id" : 1,
      "geometry" : {
        "type" : "Polygon",
        "coordinates" : [
          [
            [
              315943.66261136904,
              1530352.2760655936
            ],
            [
              315968.94337308779,
              1530356.9946935251
            ],
            [
              315978.39649808779,
              1530377.5897862986
            ],
            [
              315999.61353910528,
              1530376.3251378611
            ],
            [
              315997.17213285435,
              1530417.2760655954
            ],
            [
              315999.29005277529,
              1530452.8034093454
            ],
            [
              316041.17970121372,
              1530430.0397374704
            ],
            [
              316036.1540664481,
              1530514.3683507517
            ],
            [
              316066.42628324497,
              1530557.7075841501
            ],
            [
              316098.57227933966,
              1530555.791080242
            ],
            [
              316109.35230863467,
              1530590.7019689139
            ],
            [
              316108.24146879278,
              1530609.3372228201
            ],
            [
              316054.27784574497,
              1530606.1206700876
            ],
            [
              316072.63233793061,
              1530657.2760655973
            ],
            [
              316055.22755277716,
              1530705.7831456754
            ],
            [
              316069.40601957217,
              1530758.7219884451
            ],
            [
              316099.25465238467,
              1530756.9428136423
            ],
            [
              316138.38184965029,
              1530770.1898839548
            ],
            [
              316098.28907621372,
              1530806.0120275076
            ],
            [
              316099.14478910342,
              1530820.3699376658
            ],
            [
              316130.78419340122,
              1530848.6395909842
            ],
            [
              316163.66261136904,
              1530846.6797521207
            ],
            [
              316181.31764066592,
              1530847.7326085623
            ],
            [
              316176.49586332217,
              1530928.6371495817
            ],
            [
              316135.88184965122,
              1530926.2164952829
            ],
            [
              316095.62306058779,
              1530971.2744786814
            ],
            [
              316099.85523832403,
              1531042.2760655936
            ],
            [
              316097.91676175967,
              1531074.786441572
            ],
            [
              316058.38184965029,
              1531086.994693527
            ],
            [
              316033.04737699591,
              1531126.8292882517
            ],
            [
              316018.94337308966,
              1531157.5574376639
            ],
            [
              316008.38184965216,
              1531176.9946935233
            ],
            [
              315998.94337308872,
              1531227.5574376639
            ],
            [
              315984.94923246372,
              1531266.5601232145
            ],
            [
              315933.42701566685,
              1531238.5632970389
            ],
            [
              315850.95997465122,
              1531339.5880773142
            ],
            [
              315820.33497465122,
              1531406.3141515329
            ],
            [
              315787.09766996279,
              1531436.0120275076
            ],
            [
              315789.04835355654,
              1531468.7433507517
            ],
            [
              315821.82789457217,
              1531466.7896154001
            ],
            [
              315806.97926175967,
              1531522.2296788767
            ],
            [
              315767.86427152622,
              1531500.9735753611
            ],
            [
              315714.31446683872,
              1531530.0733068064
            ],
            [
              315729.11305082217,
              1531557.3071935233
            ],
            [
              315715.74879300967,
              1531576.9946935233
            ],
            [
              315677.89967191685,
              1531556.4276769236
            ],
            [
              315653.66261136997,
              1531557.872379072
            ],
            [
              315620.65968168154,
              1531555.9052159842
            ],
            [
              315565.49854886997,
              1531650.6513097342
            ],
            [
              315518.60035550967,
              1531758.3466222361
            ],
            [
              315462.77271879185,
              1531914.8590734061
            ],
            [
              315447.35890043247,
              1532062.7698400095
            ],
            [
              315462.54444730654,
              1532133.8446691092
            ],
            [
              315498.94337308779,
              1532156.9946935251
            ],
            [
              315511.52760160249,
              1532184.4116857145
            ],
            [
              315540.7487930106,
              1532197.8235509451
            ],
            [
              315566.57642972749,
              1532226.728580242
            ],
            [
              315605.7683242606,
              1532244.716861492
            ],
            [
              315645.49122465029,
              1532223.1311681345
            ],
            [
              315675.08595121372,
              1532256.2537267264
            ],
            [
              315655.1286758231,
              1532292.9810216501
            ],
            [
              315659.0837539481,
              1532359.3372228239
            ],
            [
              315708.30128324404,
              1532356.4038732108
            ],
            [
              315728.38184965122,
              1532374.8670079764
            ],
            [
              315691.95850980654,
              1532462.4365880564
            ],
            [
              315735.22511136997,
              1532432.2147252616
            ],
            [
              315748.38184965122,
              1532449.125125654
            ],
            [
              315717.78614652622,
              1532476.4615514334
            ],
            [
              315734.8943008231,
              1532507.9456212576
            ],
            [
              315698.60767972842,
              1532505.7828404978
            ],
            [
              315688.94337308966,
              1532557.5574376639
            ],
            [
              315665.22389066592,
              1532614.5856359061
            ],
            [
              315669.24854887091,
              1532682.1039464548
            ],
            [
              315690.06886136811,
              1532740.1300694998
            ],
            [
              315727.5407851981,
              1532773.6115148142
            ],
            [
              315694.26930082217,
              1532788.882205734
            ],
            [
              315654.54640043247,
              1532843.6163976267
            ],
            [
              315618.83595121372,
              1532875.5237462576
            ],
            [
              315606.65821683779,
              1532914.9579503629
            ],
            [
              315569.43775785435,
              1532983.452518234
            ],
            [
              315598.94337308779,
              1532996.9946935251
            ],
            [
              315618.38184965122,
              1533008.6362340525
            ],
            [
              315577.18800199404,
              1533027.5424840525
            ],
            [
              315578.97511136997,
              1533057.5171544608
            ],
            [
              315546.27857816778,
              1533099.7077062204
            ],
            [
              315561.40919340029,
              1533156.1987950895
            ],
            [
              315556.27857816592,
              1533242.2760655917
            ],
            [
              315559.64161527529,
              1533298.7076451853
            ],
            [
              315603.04737699404,
              1533296.1206700876
            ],
            [
              315587.94483793154,
              1533338.2129552439
            ],
            [
              315621.40797269717,
              1533336.2183263358
            ],
            [
              315617.02808988467,
              1533409.6958043668
            ],
            [
              315555.9148086356,
              1533448.5639073923
            ],
            [
              315533.72608793247,
              1533473.3975865915
            ],
            [
              315553.78101957403,
              1533491.3162877634
            ],
            [
              315513.01441800967,
              1533543.9203527048
            ],
            [
              315503.66261136904,
              1533552.2760655936
            ],
            [
              315308.76270902529,
              1533457.1759679373
            ],
            [
              315133.95802152622,
              1533385.4877355173
            ],
            [
              314932.30030668341,
              1533325.5136754587
            ],
            [
              314750.36305082217,
              1533285.5759313162
            ],
            [
              314608.5857070731,
              1533262.4960973337
            ],
            [
              314378.87135160342,
              1533242.067630535
            ],
            [
              314089.6013320731,
              1533247.9712560251
            ],
            [
              313906.43726957403,
              1533268.7760045603
            ],
            [
              313717.51026761997,
              1533301.0010411795
            ],
            [
              313766.88282621372,
              1533121.4960362967
            ],
            [
              313800.3630508231,
              1532968.9761998728
            ],
            [
              313827.92530668341,
              1532799.6634557284
            ],
            [
              313865.57057035435,
              1532652.7735021189
            ],
            [
              313924.92970121466,
              1532366.4673497751
            ],
            [
              313954.48536527622,
              1532154.7473790701
            ],
            [
              313968.56251371279,
              1531867.1759679373
            ],
            [
              313980.01759183872,
              1531800.0159337595
            ],
            [
              314007.99244535435,
              1531599.6253087595
            ],
            [
              314038.76270902622,
              1531467.3761632517
            ],
            [
              314060.36305082217,
              1531368.9758946951
            ],
            [
              314078.56251371279,
              1531257.1759679373
            ],
            [
              314136.41041410342,
              1531057.2870519217
            ],
            [
              314387.25758207217,
              1531044.3622472361
            ],
            [
              314559.47682035342,
              1531024.8004796598
            ],
            [
              314764.48902738467,
              1530986.0559728183
            ],
            [
              314989.45973050967,
              1530924.1785314158
            ],
            [
              315221.60206449591,
              1530834.3976476267
            ],
            [
              315488.47218168154,
              1530696.9196202811
            ],
            [
              315667.85328519717,
              1530581.1817052457
            ],
            [
              315787.68360746279,
              1530490.255191572
            ],
            [
              315906.6716445731,
              1530390.3693273142
            ],
            [
              315933.66261136904,
              1530362.2760655936
            ],
            [
              315943.66261136904,
              1530362.2760655936
            ],
            [
              315943.66261136904,
              1530352.2760655936
            ]
          ]
        ]
      },
      "properties" : {
        "OBJECTID" : 1,
        "gridcode" : 1,
        "Shape_Length" : 10919.784342815232,
        "Shape_Area" : 4414324.5728543745
      }
    },
    {
      "type" : "Feature",
      "id" : 2,
      "geometry" : {
        "type" : "MultiPolygon",
        "coordinates" : [
          [
            [
              [
                315473.66261136904,
                1523762.2760655954
              ],
              [
                315473.66261136904,
                1523772.2760655954
              ],
              [
                315463.66261136811,
                1523772.2760655954
              ],
              [
                315463.66261136811,
                1523762.2760655954
              ],
              [
                315473.66261136904,
                1523762.2760655954
              ]
            ]
          ],
          [
            [
              [
                315579.35230863746,
                1524100.7025792655
              ],
              [
                315577.39063871372,
                1524133.6102941092
              ],
              [
                315545.40333402902,
                1524192.475040203
              ],
              [
                315498.38184965029,
                1524206.9953038748
              ],
              [
                315488.38673246466,
                1524292.3151280936
              ],
              [
                315429.82960355561,
                1524344.6356847361
              ],
              [
                315418.80421293341,
                1524438.7470128573
              ],
              [
                315403.66261136997,
                1524452.2760655954
              ],
              [
                315374.24122464936,
                1524402.7130773105
              ],
              [
                315208.76270902716,
                1524247.1759679373
              ],
              [
                315138.45875394717,
                1524187.2870519236
              ],
              [
                315309.64649808779,
                1524003.4772374686
              ],
              [
                315386.25538481027,
                1523896.9586827811
              ],
              [
                315457.66773832403,
                1523788.0353429392
              ],
              [
                315463.66261136811,
                1523782.2760655954
              ],
              [
                315458.94337308966,
                1523817.5568273123
              ],
              [
                315438.38184965216,
                1523866.9953038767
              ],
              [
                315428.94337309059,
                1523949.7308995761
              ],
              [
                315468.94337308966,
                1524006.9953038748
              ],
              [
                315500.64747465029,
                1524056.8427159842
              ],
              [
                315531.11622465029,
                1524022.7411534823
              ],
              [
                315560.15064848121,
                1524038.5187413748
              ],
              [
                315579.35230863746,
                1524100.7025792655
              ]
            ]
          ],
          [
            [
              [
                315933.66261137091,
                1530362.2760655936
              ],
              [
                315933.66261137091,
                1530352.2760655936
              ],
              [
                315943.66261137184,
                1530352.2760655936
              ],
              [
                315943.66261137184,
                1530362.2760655936
              ],
              [
                315933.66261137091,
                1530362.2760655936
              ]
            ]
          ],
          [
            [
              [
                315613.66261137184,
                1534762.2760655954
              ],
              [
                315644.43653715122,
                1534789.77270866
              ],
              [
                315740.03712308966,
                1534903.2657506522
              ],
              [
                315804.83936918154,
                1534868.0515172519
              ],
              [
                315818.39649808872,
                1534897.5900914725
              ],
              [
                315830.12989652716,
                1534896.8906285837
              ],
              [
                315827.72389066778,
                1534856.517703779
              ],
              [
                315856.89869535714,
                1534830.4495885447
              ],
              [
                315888.71143949684,
                1534847.7368810233
              ],
              [
                315928.38184965216,
                1534816.9946935251
              ],
              [
                315974.22535550967,
                1534802.8385045584
              ],
              [
                316066.97804105841,
                1534769.55786491
              ],
              [
                316098.38184965402,
                1534780.1901891325
              ],
              [
                316078.35133207589,
                1534817.0505406931
              ],
              [
                316080.08228910621,
                1534846.0889318045
              ],
              [
                316043.54420316592,
                1534893.2358434293
              ],
              [
                316058.94337308966,
                1534906.9946935233
              ],
              [
                316076.46290434059,
                1534926.6022374686
              ],
              [
                316058.38184965029,
                1534976.9946935233
              ],
              [
                316048.94337308966,
                1535077.5572850779
              ],
              [
                316037.72877348214,
                1535140.6638219431
              ],
              [
                315997.25269926246,
                1535198.6113622244
              ],
              [
                316001.3444961356,
                1535267.2760655954
              ],
              [
                315997.49806058966,
                1535331.8157079294
              ],
              [
                315977.27711332589,
                1535369.0273168162
              ],
              [
                315980.04810941685,
                1535415.5248143747
              ],
              [
                315965.00660550967,
                1535443.2056310233
              ],
              [
                315943.66261137184,
                1535462.2760655973
              ],
              [
                315938.38184965309,
                1535447.5572850779
              ],
              [
                315904.21070707403,
                1535323.5121800974
              ],
              [
                315845.91602934152,
                1535163.9742162302
              ],
              [
                315784.42677152436,
                1535030.0000646207
              ],
              [
                315689.16920316964,
                1534874.7699620798
              ],
              [
                315618.38184965122,
                1534777.5574376639
              ],
              [
                315613.66261137184,
                1534762.2760655954
              ]
            ]
          ],
          [
            [
              [
                315613.66261137184,
                1534762.2760655954
              ],
              [
                315587.70924223121,
                1534738.2291295603
              ],
              [
                315481.90357816778,
                1534624.0354039744
              ],
              [
                315360.97584379371,
                1534511.9901158884
              ],
              [
                315218.07179105841,
                1534407.1729161814
              ],
              [
                315041.98658598214,
                1534303.6542394236
              ],
              [
                314874.76124418154,
                1534233.2803990915
              ],
              [
                314687.63477933686,
                1534174.0354039744
              ],
              [
                314509.99439848214,
                1534140.1206090506
              ],
              [
                314282.49561918341,
                1534123.3371617869
              ],
              [
                314061.75831449777,
                1534138.6527135465
              ],
              [
                313824.74659574591,
                1534179.9228551462
              ],
              [
                313648.51490629371,
                1534233.6691930387
              ],
              [
                313461.73634184059,
                1534310.3900792673
              ],
              [
                313305.03468168527,
                1534401.2818028983
              ],
              [
                313194.76856840309,
                1534477.1582677457
              ],
              [
                313047.65431059152,
                1534598.4549596366
              ],
              [
                312893.37635648903,
                1534764.9628331736
              ],
              [
                312788.55946195778,
                1534907.8671910856
              ],
              [
                312685.04078520089,
                1535083.9517858103
              ],
              [
                312612.64027250372,
                1535255.9928014334
              ],
              [
                312545.42225492653,
                1535468.3045079764
              ],
              [
                312511.50684965029,
                1535645.9441258963
              ],
              [
                312494.36634672433,
                1535878.2901647147
              ],
              [
                312509.74293363653,
                1536099.9065282438
              ],
              [
                312541.30970609933,
                1536281.1917760447
              ],
              [
                312595.05604398903,
                1536457.4235417936
              ],
              [
                312671.77662503999,
                1536644.2026403043
              ],
              [
                312772.22523344215,
                1536817.3792150076
              ],
              [
                312871.2028945731,
                1536954.1508367117
              ],
              [
                312993.66261137091,
                1537092.2760655936
              ],
              [
                312958.76270902529,
                1537137.3760488108
              ],
              [
                312800.29225004371,
                1537331.8736722544
              ],
              [
                312681.20533598121,
                1537487.2354199942
              ],
              [
                312508.56251371466,
                1537497.1760633048
              ],
              [
                311953.91956937686,
                1537532.8299888447
              ],
              [
                311863.19935453404,
                1537271.1278417166
              ],
              [
                311853.66261137277,
                1537222.2760655954
              ],
              [
                311944.61537015997,
                1537091.3923909739
              ],
              [
                312037.06104887184,
                1536930.8774068411
              ],
              [
                312115.25929105841,
                1536738.0917241648
              ],
              [
                312152.60182035342,
                1536614.6896245554
              ],
              [
                312188.56251371466,
                1536467.1760442331
              ],
              [
                312222.96375883278,
                1536348.3045842703
              ],
              [
                312257.55909574404,
                1536171.0907628611
              ],
              [
                312302.36256254464,
                1535996.2702062186
              ],
              [
                312338.96290434059,
                1535817.5760533866
              ],
              [
                312358.56251371652,
                1535717.1761205252
              ],
              [
                312397.82215726748,
                1535581.516330488
              ],
              [
                312415.01392973121,
                1535480.7243993375
              ],
              [
                312468.56251371652,
                1535147.1761205271
              ],
              [
                312504.95716703683,
                1534985.3812291697
              ],
              [
                312527.26246488746,
                1534810.8759191111
              ],
              [
                312529.78504789528,
                1534687.2760655973
              ],
              [
                312528.00648344122,
                1534600.1193883475
              ],
              [
                312575.73902738746,
                1534347.5476720408
              ],
              [
                312588.56251371372,
                1534177.1759679392
              ],
              [
                312617.02747953404,
                1533982.3853185251
              ],
              [
                312621.12110746372,
                1533781.8128087614
              ],
              [
                312607.76112211403,
                1533585.6088903025
              ],
              [
                312723.82130277716,
                1533387.5467565134
              ],
              [
                312811.64723051339,
                1533195.4489781931
              ],
              [
                312876.77052152716,
                1533023.3679845408
              ],
              [
                312917.82215726748,
                1532881.5164830741
              ],
              [
                312938.96290434152,
                1532757.5760533884
              ],
              [
                312958.56251371466,
                1532617.1759679392
              ],
              [
                313001.78578031808,
                1532474.3396642283
              ],
              [
                313028.56251371652,
                1532337.1759679373
              ],
              [
                313057.36256254185,
                1532196.5643956736
              ],
              [
                313073.86280668247,
                1532067.4762609079
              ],
              [
                313088.56251371559,
                1531767.1759679392
              ],
              [
                313116.77174222842,
                1531601.7914464548
              ],
              [
                313128.56251371559,
                1531457.1759679373
              ],
              [
                313167.31373441499,
                1531323.273990402
              ],
              [
                313188.96290434152,
                1531217.5763585623
              ],
              [
                313217.28687895089,
                1531043.5834386405
              ],
              [
                313286.18214261904,
                1530821.1292150076
              ],
              [
                313316.46290434059,
                1530643.6054113004
              ],
              [
                313333.1023086356,
                1530513.4216954801
              ],
              [
                313350.41676176153,
                1530208.2208898142
              ],
              [
                313347.53224027716,
                1530066.8604161795
              ],
              [
                313497.03663480841,
                1530105.1758458689
              ],
              [
                313739.62452543341,
                1530146.554019697
              ],
              [
                314014.12281645089,
                1530165.2448155954
              ],
              [
                314210.8757461356,
                1530169.2597081717
              ],
              [
                314413.60157621186,
                1530154.0009191092
              ],
              [
                314593.01563871372,
                1530118.975894697
              ],
              [
                314790.01881254464,
                1530055.0476720408
              ],
              [
                314945.19337308779,
                1529989.1760900076
              ],
              [
                315141.48853910528,
                1529872.6508214548
              ],
              [
                315279.66725004278,
                1529765.7227208689
              ],
              [
                315443.17310941592,
                1529608.6286046561
              ],
              [
                315508.76270902622,
                1529527.3761632498
              ],
              [
                315552.18067777809,
                1529472.6123693064
              ],
              [
                315695.65235746559,
                1529350.3955724332
              ],
              [
                315834.35352934059,
                1529196.9330480173
              ],
              [
                315918.84205472935,
                1529079.4562413748
              ],
              [
                315989.16676175967,
                1528966.2036779001
              ],
              [
                316003.66261136997,
                1528952.2760655954
              ],
              [
                316008.75660551339,
                1528957.7735021189
              ],
              [
                316021.39698637184,
                1528917.8479650095
              ],
              [
                316065.00294340216,
                1528940.9229161777
              ],
              [
                316078.47218168434,
                1528997.4664952811
              ],
              [
                316088.85304106027,
                1529007.0856359098
              ],
              [
                316098.47218168247,
                1529038.3405187186
              ],
              [
                315997.13673246652,
                1529103.7775304392
              ],
              [
                315998.97389066871,
                1529150.1355626658
              ],
              [
                316067.39430082589,
                1529213.5303380545
              ],
              [
                316117.47364652902,
                1529187.0307042655
              ],
              [
                316142.47730863467,
                1529188.0219152048
              ],
              [
                316158.47218168154,
                1529210.7581212595
              ],
              [
                316137.77027738467,
                1529289.7632482108
              ],
              [
                316139.23634183686,
                1529326.7432286814
              ],
              [
                316124.78565824684,
                1529354.0515782908
              ],
              [
                316138.85304105841,
                1529367.0856359079
              ],
              [
                316148.47218168341,
                1529387.4664952829
              ],
              [
                316169.27784574497,
                1529406.7444493864
              ],
              [
                316166.86817777902,
                1529467.5452306364
              ],
              [
                316189.02027738746,
                1529466.6675450858
              ],
              [
                316173.91651762184,
                1529538.8580968454
              ],
              [
                316190.51319730841,
                1529570.2216222342
              ],
              [
                316186.64967191871,
                1529587.0856359079
              ],
              [
                316148.85304105934,
                1529567.0856359079
              ],
              [
                316128.47218168527,
                1529557.4664952829
              ],
              [
                316109.74171293527,
                1529537.2510411832
              ],
              [
                316057.28321683779,
                1529527.4664952829
              ],
              [
                316060.35694730747,
                1529605.0116612986
              ],
              [
                316009.07642972935,
                1529688.7616612986
              ],
              [
                316032.53956449497,
                1529710.5005528983
              ],
              [
                316012.42481840309,
                1529748.5144689139
              ],
              [
                316061.26637113467,
                1529746.5784337614
              ],
              [
                316057.87037504464,
                1529832.2760655954
              ],
              [
                316059.60499418247,
                1529876.0462071951
              ],
              [
                316048.47218168154,
                1529897.0856359098
              ],
              [
                316038.85304105934,
                1529977.4664952829
              ],
              [
                316021.51783598028,
                1529997.0856359061
              ],
              [
                316008.70045316964,
                1529956.6022374686
              ],
              [
                315991.63868558966,
                1529992.7527501639
              ],
              [
                315936.64356840309,
                1530028.2660558298
              ],
              [
                315831.84620512091,
                1530141.3709142283
              ],
              [
                315818.85304105934,
                1530240.3906896189
              ],
              [
                315850.37769926339,
                1530299.9677159861
              ],
              [
                315909.30225980654,
                1530354.5636632517
              ],
              [
                315933.66261137091,
                1530362.2760655936
              ],
              [
                315906.67164457496,
                1530390.3693273142
              ],
              [
                315787.68360746559,
                1530490.255191572
              ],
              [
                315667.85328519996,
                1530581.1817052457
              ],
              [
                315488.47218168154,
                1530696.9196202811
              ],
              [
                315221.60206449591,
                1530834.3976476267
              ],
              [
                314989.45973050967,
                1530924.1785314158
              ],
              [
                314764.48902738653,
                1530986.0559728183
              ],
              [
                314559.47682035528,
                1531024.8004796598
              ],
              [
                314387.25758207217,
                1531044.3622472361
              ],
              [
                314136.41041410621,
                1531057.2870519217
              ],
              [
                314078.56251371466,
                1531257.1759679373
              ],
              [
                314060.36305082403,
                1531368.9758946951
              ],
              [
                314038.76270902809,
                1531467.3761632517
              ],
              [
                314007.99244535714,
                1531599.6253087595
              ],
              [
                313980.01759184152,
                1531800.0159337595
              ],
              [
                313968.56251371466,
                1531867.1759679373
              ],
              [
                313954.48536527622,
                1532154.7473790701
              ],
              [
                313924.92970121652,
                1532366.4673497751
              ],
              [
                313865.57057035621,
                1532652.7735021189
              ],
              [
                313827.92530668341,
                1532799.6634557284
              ],
              [
                313800.3630508231,
                1532968.9761998728
              ],
              [
                313766.88282621652,
                1533121.4960362967
              ],
              [
                313717.51026762184,
                1533301.0010411795
              ],
              [
                313906.43726957403,
                1533268.7760045603
              ],
              [
                314089.60133207589,
                1533247.9712560251
              ],
              [
                314378.87135160528,
                1533242.067630535
              ],
              [
                314608.5857070731,
                1533262.4960973337
              ],
              [
                314750.36305082496,
                1533285.5759313162
              ],
              [
                314932.30030668341,
                1533325.5136754587
              ],
              [
                315133.95802152622,
                1533385.4877355173
              ],
              [
                315308.76270902529,
                1533457.1759679373
              ],
              [
                315503.66261137184,
                1533552.2760655936
              ],
              [
                315498.85304105747,
                1533607.4668004569
              ],
              [
                315478.60035551339,
                1533645.7401158884
              ],
              [
                315468.85304105841,
                1533747.4668004587
              ],
              [
                315448.82252348028,
                1533862.5043370817
              ],
              [
                315438.85304105841,
                1533992.9614904001
              ],
              [
                315461.39454496466,
                1534144.1263463572
              ],
              [
                315488.85304105654,
                1534157.0853307322
              ],
              [
                315498.47218168341,
                1534170.7578160819
              ],
              [
                315444.78565824497,
                1534220.5008580759
              ],
              [
                315459.53663480841,
                1534248.3777501639
              ],
              [
                315423.11207426153,
                1534317.2144200876
              ],
              [
                315499.88575590029,
                1534518.4122350309
              ],
              [
                315565.57179105747,
                1534664.1901280936
              ],
              [
                315607.98512113839,
                1534744.3427159861
              ],
              [
                315613.66261137184,
                1534762.2760655954
              ]
            ]
          ]
        ]
      },
      "properties" : {
        "OBJECTID" : 2,
        "gridcode" : 2,
        "Shape_Length" : 31474.372351074569,
        "Shape_Area" : 9155444.970781995
      }
    },
    {
      "type" : "Feature",
      "id" : 3,
      "geometry" : {
        "type" : "MultiPolygon",
        "coordinates" : [
          [
            [
              [
                315077.70069730561,
                1521444.2438390329
              ],
              [
                315006.42872465402,
                1521495.4218175467
              ],
              [
                314983.66261137277,
                1521502.2760655954
              ],
              [
                314955.72804105841,
                1521453.8251378629
              ],
              [
                314820.82569730654,
                1521341.7804601248
              ],
              [
                314733.66261136997,
                1521282.2760655954
              ],
              [
                314738.29029691778,
                1521266.9037511423
              ],
              [
                314772.75318754278,
                1521222.8998448923
              ],
              [
                314832.04151762091,
                1521185.7648351248
              ],
              [
                314851.36646879092,
                1521163.334415203
              ],
              [
                314941.44459379185,
                1521147.6483800486
              ],
              [
                314937.45777738653,
                1521197.2760655954
              ],
              [
                314941.47511137091,
                1521247.2760655954
              ],
              [
                314936.34327543341,
                1521311.1383702829
              ],
              [
                314941.06007231027,
                1521326.9037511386
              ],
              [
                314973.79200590216,
                1521288.9118077829
              ],
              [
                314999.03492582403,
                1521277.6483800467
              ],
              [
                315032.11964262184,
                1521239.2450597342
              ],
              [
                315027.93263090216,
                1521291.3666417673
              ],
              [
                314980.29835355934,
                1521332.4054601267
              ],
              [
                314969.03492582403,
                1521357.6483800486
              ],
              [
                314952.50416410528,
                1521387.2760655954
              ],
              [
                314974.09840238467,
                1521425.980899578
              ],
              [
                315017.91920316499,
                1521401.5326573923
              ],
              [
                315053.49903715122,
                1521385.6561925467
              ],
              [
                315082.22340238746,
                1521387.9633214548
              ],
              [
                315077.70069730561,
                1521444.2438390329
              ]
            ]
          ],
          [
            [
              [
                315119.03492582496,
                1525207.6483800486
              ],
              [
                315063.66261136904,
                1525232.2760655936
              ],
              [
                315024.39747465029,
                1525128.5773351248
              ],
              [
                314950.29347074497,
                1524992.8290441073
              ],
              [
                314874.14356840122,
                1524895.1972081736
              ],
              [
                314798.28663480934,
                1524810.2985265311
              ],
              [
                314668.50636137184,
                1524703.8165929392
              ],
              [
                314608.94337308966,
                1524666.9953038748
              ],
              [
                314510.71827543434,
                1524613.373477703
              ],
              [
                314434.14356840309,
                1524515.1972081717
              ],
              [
                314370.30567777622,
                1524443.7506749686
              ],
              [
                314248.50636137091,
                1524343.8165929411
              ],
              [
                314151.13575590029,
                1524283.6212804392
              ],
              [
                313950.39967191871,
                1524188.1781652048
              ],
              [
                313798.90919340029,
                1524141.6168859098
              ],
              [
                313617.96681059059,
                1524117.5568273142
              ],
              [
                313421.67652738653,
                1524129.9408605155
              ],
              [
                313284.61475980934,
                1524161.8305089548
              ],
              [
                313152.78370512091,
                1524210.0018956717
              ],
              [
                313035.86109770089,
                1524273.8300206754
              ],
              [
                312930.42957914248,
                1524347.475040203
              ],
              [
                312843.66261137184,
                1524352.2760655936
              ],
              [
                312869.0343154734,
                1524317.6483800486
              ],
              [
                312879.23695219215,
                1524239.6735265311
              ],
              [
                312918.29090727121,
                1524184.5929601267
              ],
              [
                312885.84156644624,
                1524120.6085851267
              ],
              [
                312831.76563871186,
                1524044.3414952829
              ],
              [
                312818.29090726841,
                1524007.6483800467
              ],
              [
                312791.78211820871,
                1523890.9650304392
              ],
              [
                312681.01612699404,
                1523795.5341222342
              ],
              [
                312660.21351469029,
                1523659.0180089548
              ],
              [
                312639.03431547247,
                1523621.0578038748
              ],
              [
                312648.69496000372,
                1523554.1034581736
              ],
              [
                312676.96217191871,
                1523503.4393956736
              ],
              [
                312679.71485746279,
                1523469.1767003592
              ],
              [
                312649.0343154734,
                1523366.7450597361
              ],
              [
                312658.29090726748,
                1523286.9037511423
              ],
              [
                312684.7227920359,
                1523214.9274327811
              ],
              [
                312639.35963285621,
                1523150.9479405936
              ],
              [
                312635.36366117559,
                1523101.2201573942
              ],
              [
                312643.66261137277,
                1523032.2760655936
              ],
              [
                312774.65138090216,
                1523055.5731847342
              ],
              [
                312878.56251371372,
                1523067.3761632498
              ],
              [
                312968.76270902529,
                1523077.1759679392
              ],
              [
                313002.20631254464,
                1523229.5319249686
              ],
              [
                313053.57716215309,
                1523367.7826573923
              ],
              [
                313129.85279691778,
                1523505.9381749686
              ],
              [
                313214.65992582217,
                1523612.9059484079
              ],
              [
                313284.78321684152,
                1523685.8917882517
              ],
              [
                313395.16285551246,
                1523774.9933507517
              ],
              [
                313494.71485746559,
                1523835.3644444998
              ],
              [
                313621.87550199591,
                1523892.2894933298
              ],
              [
                313767.66041410714,
                1523934.4782140311
              ],
              [
                313945.23365629371,
                1523957.1759679392
              ],
              [
                314125.03468168154,
                1523942.9120519236
              ],
              [
                314262.72266996559,
                1523909.3463780936
              ],
              [
                314389.16920316778,
                1523862.3615148161
              ],
              [
                314527.32472074684,
                1523786.0858800467
              ],
              [
                314634.29249418434,
                1523701.2787511423
              ],
              [
                314724.45728910621,
                1523614.6503331736
              ],
              [
                314816.37989652809,
                1523500.7758214511
              ],
              [
                314876.75099027902,
                1523401.2238195017
              ],
              [
                314918.76270902809,
                1523307.3761632498
              ],
              [
                314988.56251371559,
                1523107.1759679411
              ],
              [
                315016.32740629464,
                1523038.725040203
              ],
              [
                315138.76270902809,
                1522657.3761632498
              ],
              [
                315158.56251371372,
                1522587.1759679392
              ],
              [
                315187.29420316871,
                1522487.8961827811
              ],
              [
                315193.66261137184,
                1522442.2760655954
              ],
              [
                315204.04347074404,
                1522451.8952062204
              ],
              [
                315237.70924222842,
                1522488.2294347342
              ],
              [
                315278.75294340029,
                1522526.2579991873
              ],
              [
                315470.78297269903,
                1522628.7946202811
              ],
              [
                315468.40382231027,
                1522688.8007237986
              ],
              [
                315365.09937894903,
                1522737.5543859079
              ],
              [
                315316.56544340309,
                1522789.9359777048
              ],
              [
                315263.51246488746,
                1522902.3493077811
              ],
              [
                315268.98487699404,
                1523040.3986241873
              ],
              [
                315289.99439848028,
                1523100.3400304392
              ],
              [
                315401.49464262277,
                1523178.9472081736
              ],
              [
                315450.45704496372,
                1523177.006290203
              ],
              [
                315510.13355863653,
                1523135.941837078
              ],
              [
                315528.66261137184,
                1523096.6815831717
              ],
              [
                315550.66334379464,
                1523097.5531652048
              ],
              [
                315568.47218168527,
                1523140.0238683317
              ],
              [
                315548.47218168434,
                1523197.0856359098
              ],
              [
                315534.45606840216,
                1523255.9247472379
              ],
              [
                315482.54444730934,
                1523228.4552648161
              ],
              [
                315468.85304105841,
                1523257.4664952811
              ],
              [
                315450.58277738653,
                1523274.3952062167
              ],
              [
                315508.85304105934,
                1523297.0856359061
              ],
              [
                315518.47218168434,
                1523347.4664952829
              ],
              [
                315539.25709379464,
                1523357.2760655936
              ],
              [
                315537.33326566871,
                1523405.8124425486
              ],
              [
                315567.41749418154,
                1523449.5319249686
              ],
              [
                315519.45973051153,
                1523493.9667394217
              ],
              [
                315508.85304105934,
                1523527.4664952829
              ],
              [
                315488.47218168154,
                1523537.0856359079
              ],
              [
                315477.72755277716,
                1523548.6823155954
              ],
              [
                315478.94825590216,
                1523579.467227703
              ],
              [
                315499.23634183966,
                1523617.8082921579
              ],
              [
                315496.10645902436,
                1523696.7731359042
              ],
              [
                315478.47218168341,
                1523747.0856359061
              ],
              [
                315473.66261136904,
                1523762.2760655954
              ],
              [
                315463.66261136811,
                1523762.2760655954
              ],
              [
                315463.66261136811,
                1523772.2760655954
              ],
              [
                315463.66261136811,
                1523782.2760655954
              ],
              [
                315457.66773832403,
                1523788.0353429392
              ],
              [
                315386.25538481027,
                1523896.9586827811
              ],
              [
                315309.64649808779,
                1524003.4772374686
              ],
              [
                315138.45875394717,
                1524187.2870519236
              ],
              [
                315208.76270902716,
                1524247.1759679373
              ],
              [
                315374.24122464936,
                1524402.7130773105
              ],
              [
                315403.66261136997,
                1524452.2760655954
              ],
              [
                315399.03492582589,
                1524467.6483800467
              ],
              [
                315376.94752348028,
                1524498.7982823905
              ],
              [
                315357.05494535435,
                1524586.3605382517
              ],
              [
                315308.29029691778,
                1524616.9037511423
              ],
              [
                315280.01759183779,
                1524649.7199132498
              ],
              [
                315302.28687894717,
                1524751.8170812186
              ],
              [
                315283.37818754371,
                1524785.7099034823
              ],
              [
                315258.29029691964,
                1524796.9037511423
              ],
              [
                315230.78297270089,
                1524812.2516515311
              ],
              [
                315219.03492582403,
                1524881.3202550467
              ],
              [
                315258.42457426153,
                1524866.8549230173
              ],
              [
                315282.15870511904,
                1524868.7616612967
              ],
              [
                315278.13038480934,
                1524918.8947179392
              ],
              [
                315299.84181058966,
                1524937.5995519217
              ],
              [
                315297.48341215029,
                1524966.9525792673
              ],
              [
                315309.03492582124,
                1524976.9037511405
              ],
              [
                315318.29029691871,
                1524992.4420812204
              ],
              [
                315297.34547269996,
                1525049.4769933298
              ],
              [
                315238.46607816778,
                1525075.7501866892
              ],
              [
                315229.03492582403,
                1525137.6483800467
              ],
              [
                315155.41554105934,
                1525223.6163976248
              ],
              [
                315138.30860746279,
                1525185.2765538767
              ],
              [
                315119.03492582496,
                1525207.6483800486
              ]
            ]
          ],
          [
            [
              [
                315113.66261137091,
                1525662.2760655936
              ],
              [
                315113.66261137091,
                1525692.2760655936
              ],
              [
                315103.66261137277,
                1525692.2760655936
              ],
              [
                315103.66261137277,
                1525662.2760655936
              ],
              [
                315113.66261137091,
                1525662.2760655936
              ]
            ]
          ],
          [
            [
              [
                315633.66261137184,
                1536652.2760655936
              ],
              [
                315640.71949613467,
                1536684.6282842234
              ],
              [
                315623.82862699684,
                1536714.902408367
              ],
              [
                315565.07374418527,
                1536765.5216863211
              ],
              [
                315549.03492582217,
                1536746.9042089041
              ],
              [
                315538.29029691871,
                1536737.647922283
              ],
              [
                315529.03492582403,
                1536686.9042089079
              ],
              [
                315518.29029691778,
                1536657.6479222849
              ],
              [
                315496.31397855841,
                1536584.652545698
              ],
              [
                315436.75709379371,
                1536589.4380071256
              ],
              [
                315391.21388090402,
                1536526.012714155
              ],
              [
                315299.77711332403,
                1536447.2354772147
              ],
              [
                315271.17725980934,
                1536434.4737126864
              ],
              [
                315249.0349258231,
                1536382.1098210905
              ],
              [
                315269.03492582496,
                1536327.647922283
              ],
              [
                315318.75050199404,
                1536135.1235082224
              ],
              [
                315340.50465238746,
                1536116.3812902048
              ],
              [
                315325.50831449684,
                1536019.7127416227
              ],
              [
                315282.91920316871,
                1535983.0197789725
              ],
              [
                315273.66261137184,
                1535972.2760655936
              ],
              [
                315288.38184965309,
                1535931.2551000211
              ],
              [
                315278.56129301153,
                1535718.7108495329
              ],
              [
                315261.00636136997,
                1535606.0581090543
              ],
              [
                315209.79542386904,
                1535440.2162816562
              ],
              [
                315129.22291410342,
                1535288.7177159879
              ],
              [
                315058.49903715216,
                1535191.265475994
              ],
              [
                314980.30567777716,
                1535103.7500646189
              ],
              [
                314858.50636137184,
                1535003.8165929392
              ],
              [
                314759.43653715309,
                1534942.5711705741
              ],
              [
                314630.58033597842,
                1534884.1309239902
              ],
              [
                314485.46681059059,
                1534841.1588170584
              ],
              [
                314307.96681058872,
                1534817.5574376639
              ],
              [
                314140.91480863374,
                1534829.7235753611
              ],
              [
                313960.71949613746,
                1534863.3569982089
              ],
              [
                313809.28761136904,
                1534917.3725011423
              ],
              [
                313679.54517973121,
                1534987.1211888846
              ],
              [
                313582.65186918154,
                1535057.4393346403
              ],
              [
                313488.41114652809,
                1535141.6431310214
              ],
              [
                313385.20313871652,
                1535267.4323155936
              ],
              [
                313323.95802152809,
                1535366.50244499
              ],
              [
                313266.29078519996,
                1535493.6540868338
              ],
              [
                313213.00343168154,
                1535667.0293309763
              ],
              [
                313188.94337309059,
                1535847.9715612009
              ],
              [
                313201.62525785621,
                1536035.5405309275
              ],
              [
                313233.21705473028,
                1536171.3234593961
              ],
              [
                313281.3884414481,
                1536303.1546666697
              ],
              [
                313357.03175199404,
                1536441.722858198
              ],
              [
                313433.18165433779,
                1536539.3543889597
              ],
              [
                313463.09986723121,
                1536572.8385808524
              ],
              [
                313473.66261137091,
                1536582.2760655973
              ],
              [
                313269.21925199684,
                1536797.5440099314
              ],
              [
                313005.31056058779,
                1537081.0846974924
              ],
              [
                312993.66261137091,
                1537092.2760655936
              ],
              [
                312871.2028945731,
                1536954.1508367117
              ],
              [
                312772.22523344215,
                1536817.3792150076
              ],
              [
                312671.77662503999,
                1536644.2026403043
              ],
              [
                312595.05604398903,
                1536457.4235417936
              ],
              [
                312541.30970609933,
                1536281.1917760447
              ],
              [
                312509.74293363653,
                1536099.9065282438
              ],
              [
                312494.36634672433,
                1535878.2901647147
              ],
              [
                312511.50684965029,
                1535645.9441258963
              ],
              [
                312545.42225492653,
                1535468.3045079764
              ],
              [
                312612.64027250372,
                1535255.9928014334
              ],
              [
                312685.04078520089,
                1535083.9517858103
              ],
              [
                312788.55946195778,
                1534907.8671910856
              ],
              [
                312893.37635648903,
                1534764.9628331736
              ],
              [
                313047.65431059152,
                1534598.4549596366
              ],
              [
                313194.76856840309,
                1534477.1582677457
              ],
              [
                313305.03468168527,
                1534401.2818028983
              ],
              [
                313461.73634184059,
                1534310.3900792673
              ],
              [
                313648.51490629371,
                1534233.6691930387
              ],
              [
                313824.74659574591,
                1534179.9228551462
              ],
              [
                314061.75831449777,
                1534138.6527135465
              ],
              [
                314282.49561918341,
                1534123.3371617869
              ],
              [
                314509.99439848214,
                1534140.1206090506
              ],
              [
                314687.63477933686,
                1534174.0354039744
              ],
              [
                314874.76124418154,
                1534233.2803990915
              ],
              [
                315041.98658598214,
                1534303.6542394236
              ],
              [
                315218.07179105841,
                1534407.1729161814
              ],
              [
                315360.97584379371,
                1534511.9901158884
              ],
              [
                315481.90357816778,
                1534624.0354039744
              ],
              [
                315587.70924223121,
                1534738.2291295603
              ],
              [
                315613.66261137184,
                1534762.2760655954
              ],
              [
                315618.38184965122,
                1534777.5574376639
              ],
              [
                315689.16920316964,
                1534874.7699620798
              ],
              [
                315784.42677152436,
                1535030.0000646207
              ],
              [
                315845.91602934152,
                1535163.9742162302
              ],
              [
                315904.21070707403,
                1535323.5121800974
              ],
              [
                315938.38184965309,
                1535447.5572850779
              ],
              [
                315943.66261137184,
                1535462.2760655973
              ],
              [
                315939.30592191685,
                1535467.9198339079
              ],
              [
                315924.29371488746,
                1535532.7098729666
              ],
              [
                315934.48902738746,
                1535601.7056920584
              ],
              [
                315895.05299223121,
                1535617.8464391306
              ],
              [
                315902.60304105934,
                1535668.9415624216
              ],
              [
                315919.77100980841,
                1535697.4031713065
              ],
              [
                315902.46266019717,
                1535716.632297283
              ],
              [
                315871.22242582217,
                1535676.1589696463
              ],
              [
                315850.24220121559,
                1535679.2594029978
              ],
              [
                315819.05323637091,
                1535698.0725743845
              ],
              [
                315799.17408598121,
                1535695.1351049002
              ],
              [
                315788.15113676246,
                1535709.4170262888
              ],
              [
                315763.66261137184,
                1535705.7982518747
              ],
              [
                315718.66139066871,
                1535712.448337324
              ],
              [
                315679.30592191685,
                1535727.9198339041
              ],
              [
                315646.41651762184,
                1535737.0784642771
              ],
              [
                315650.87940824497,
                1535767.2760655954
              ],
              [
                315647.59571684152,
                1535789.4930150583
              ],
              [
                315533.13404691592,
                1535770.6902196463
              ],
              [
                315481.10645902716,
                1535791.1434056833
              ],
              [
                315493.93360746372,
                1535877.9482152555
              ],
              [
                315471.43360746652,
                1535975.050113447
              ],
              [
                315448.01930082496,
                1536006.632297283
              ],
              [
                315439.30592191871,
                1536094.35400749
              ],
              [
                315470.39600980654,
                1536107.0784642752
              ],
              [
                315458.01930082496,
                1536116.6322972868
              ],
              [
                315449.30592191685,
                1536141.1948278025
              ],
              [
                315469.47682035621,
                1536156.7641332224
              ],
              [
                315465.9587539481,
                1536180.5708959177
              ],
              [
                315438.12916410621,
                1536176.4583470896
              ],
              [
                315429.30592191778,
                1536190.3200414237
              ],
              [
                315460.33375394996,
                1536269.2457463797
              ],
              [
                315478.66261137091,
                1536266.5371587351
              ],
              [
                315494.73927152622,
                1536268.9129521921
              ],
              [
                315472.43458402716,
                1536305.8904912528
              ],
              [
                315506.21021879371,
                1536331.9614293631
              ],
              [
                315519.12891996652,
                1536393.1829717234
              ],
              [
                315542.21241605654,
                1536431.450793989
              ],
              [
                315600.11402738746,
                1536455.1486089323
              ],
              [
                315587.11842191871,
                1536499.720905073
              ],
              [
                315617.37232816592,
                1536495.25000358
              ],
              [
                315623.66261136904,
                1536532.2760655954
              ],
              [
                315611.47022855654,
                1536535.6993749198
              ],
              [
                315620.23975980841,
                1536544.4682958163
              ],
              [
                315623.66261136904,
                1536532.2760655954
              ],
              [
                315642.72511137184,
                1536524.782016525
              ],
              [
                315630.01881254278,
                1536610.7700994089
              ],
              [
                315658.66261137277,
                1536606.5371587332
              ],
              [
                315672.17091214936,
                1536608.5334661063
              ],
              [
                315666.53248441778,
                1536646.6923406199
              ],
              [
                315633.66261137184,
                1536652.2760655936
              ],
              [
                315629.58180082217,
                1536619.9170568064
              ],
              [
                315615.56324613653,
                1536648.6221959665
              ],
              [
                315633.66261137184,
                1536652.2760655936
              ]
            ]
          ],
          [
            [
              [
                312152.60182035342,
                1536614.6896245554
              ],
              [
                312115.25929105841,
                1536738.0917241648
              ],
              [
                312037.06104887184,
                1536930.8774068411
              ],
              [
                311944.61537015997,
                1537091.3923909739
              ],
              [
                311853.66261137277,
                1537222.2760655954
              ],
              [
                311848.56251371466,
                1537217.3760488089
              ],
              [
                311828.09010160528,
                1537165.4709127024
              ],
              [
                311638.49720609933,
                1536606.3927342966
              ],
              [
                311413.66261137277,
                1536612.2760655936
              ],
              [
                311453.12794339936,
                1536525.9558751658
              ],
              [
                311481.91883695684,
                1536426.4697911814
              ],
              [
                311516.98475492653,
                1536282.6291539744
              ],
              [
                311548.86280668247,
                1536172.4761083201
              ],
              [
                311578.56251371652,
                1536007.1761205252
              ],
              [
                311615.66456449684,
                1535878.97192741
              ],
              [
                311666.89564359467,
                1535628.8426854666
              ],
              [
                311678.56251371652,
                1535557.1761205252
              ],
              [
                311721.45374906529,
                1535415.4355504569
              ],
              [
                311748.56251371559,
                1535237.176120529
              ],
              [
                311766.83766019996,
                1535130.0343968924
              ],
              [
                311788.56251371559,
                1534987.1761205271
              ],
              [
                311817.81239164528,
                1534873.0435826853
              ],
              [
                311832.28565824684,
                1534759.8123815116
              ],
              [
                311828.00526273809,
                1534550.0610997751
              ],
              [
                311886.7644180106,
                1534245.965335615
              ],
              [
                311898.56251371559,
                1534077.1759679355
              ],
              [
                311918.49903715402,
                1533960.294254072
              ],
              [
                311923.45509183966,
                1533717.4314000681
              ],
              [
                311907.82948148903,
                1533621.442630535
              ],
              [
                311882.77149809152,
                1533499.1031529959
              ],
              [
                311948.11939847842,
                1533297.7246739957
              ],
              [
                312026.37928617746,
                1533200.7761266306
              ],
              [
                312086.37745512277,
                1533101.8390538767
              ],
              [
                312194.06056058779,
                1532872.0535924472
              ],
              [
                312245.29469144717,
                1532702.7442052439
              ],
              [
                312258.76270902902,
                1532597.3761632517
              ],
              [
                312268.56251371186,
                1532487.1759679411
              ],
              [
                312325.18238676153,
                1532306.9403722361
              ],
              [
                312348.56251371652,
                1532187.1759679392
              ],
              [
                312378.25611722842,
                1532042.2028234061
              ],
              [
                312381.41773832403,
                1531887.2760655936
              ],
              [
                312377.98695219029,
                1531719.1657140311
              ],
              [
                312415.86537015997,
                1531588.2788732108
              ],
              [
                312428.76270902809,
                1531487.3761632573
              ],
              [
                312438.56251371372,
                1531327.1759679392
              ],
              [
                312496.18275297247,
                1531141.1292150095
              ],
              [
                312508.76270902436,
                1531067.376163248
              ],
              [
                312536.66248930153,
                1530895.9900548514
              ],
              [
                312548.56251371372,
                1530847.1759679392
              ],
              [
                312614.50550687686,
                1530637.2614171579
              ],
              [
                312646.45802152902,
                1530400.3095128611
              ],
              [
                312652.46204984654,
                1530106.1163976286
              ],
              [
                312632.70252836403,
                1529951.5308263339
              ],
              [
                312655.35877836403,
                1529818.7030675467
              ],
              [
                312668.56251371559,
                1529697.1759679373
              ],
              [
                312708.37147367559,
                1529486.5308263358
              ],
              [
                312716.71986234933,
                1529077.4835851248
              ],
              [
                312693.42518461123,
                1528934.3884923514
              ],
              [
                312668.56251371559,
                1528837.376163248
              ],
              [
                312656.6960586356,
                1528570.7392003573
              ],
              [
                312620.73231352028,
                1528423.2160070017
              ],
              [
                312588.76270902902,
                1528337.1759679373
              ],
              [
                312541.32496488653,
                1528231.2079503592
              ],
              [
                312591.92005765904,
                1528205.1434972379
              ],
              [
                312617.66285551153,
                1528363.2758214548
              ],
              [
                312675.56996000186,
                1528568.5834386423
              ],
              [
                312723.02906644996,
                1528696.3086583652
              ],
              [
                312837.02992094029,
                1528912.3773839548
              ],
              [
                312924.66053617653,
                1529022.9065587614
              ],
              [
                312994.78382718842,
                1529095.8917882536
              ],
              [
                313105.16285551339,
                1529184.9927403983
              ],
              [
                313195.08228910435,
                1529239.5227696951
              ],
              [
                313434.01295316871,
                1529362.6080968454
              ],
              [
                313622.55055082496,
                1529420.9992101248
              ],
              [
                313833.19630277716,
                1529456.9287755545
              ],
              [
                314240.46314848028,
                1529475.0061681345
              ],
              [
                314405.68653715029,
                1529448.1091954783
              ],
              [
                314581.27613676153,
                1529391.1298253611
              ],
              [
                314735.86720121559,
                1529307.2412755527
              ],
              [
                314844.29249418341,
                1529221.2781407908
              ],
              [
                314917.27833402902,
                1529151.1548497751
              ],
              [
                314982.16236722935,
                1529070.7758214567
              ],
              [
                315048.56251371372,
                1528977.1759679373
              ],
              [
                315162.01588285528,
                1528893.0737950876
              ],
              [
                315247.27833402716,
                1528811.1548497733
              ],
              [
                315336.37989652716,
                1528700.775821453
              ],
              [
                315368.76270902809,
                1528647.3761632498
              ],
              [
                315438.56251371559,
                1528517.1759679373
              ],
              [
                315443.66261136997,
                1528512.2760655954
              ],
              [
                315479.76734769717,
                1528549.8548009433
              ],
              [
                315594.46217191778,
                1528631.2195470408
              ],
              [
                315732.67140043527,
                1528650.5139806345
              ],
              [
                315768.46241605841,
                1528632.0758702848
              ],
              [
                315812.80201566964,
                1528610.5646398142
              ],
              [
                315839.36207426339,
                1528638.2086827811
              ],
              [
                315862.62135160621,
                1528709.8847081717
              ],
              [
                315842.35157621186,
                1528749.2316319998
              ],
              [
                315858.76270902902,
                1528797.1759679373
              ],
              [
                315876.5251601981,
                1528851.9135167655
              ],
              [
                315959.34742582403,
                1528927.1759679411
              ],
              [
                315988.64308012184,
                1528896.6846349314
              ],
              [
                315998.56251371559,
                1528937.3761632517
              ],
              [
                316003.66261136997,
                1528952.2760655954
              ],
              [
                315989.16676175967,
                1528966.2036779001
              ],
              [
                315918.84205472935,
                1529079.4562413748
              ],
              [
                315834.35352934059,
                1529196.9330480173
              ],
              [
                315695.65235746559,
                1529350.3955724332
              ],
              [
                315552.18067777809,
                1529472.6123693064
              ],
              [
                315508.76270902622,
                1529527.3761632498
              ],
              [
                315443.17310941592,
                1529608.6286046561
              ],
              [
                315279.66725004278,
                1529765.7227208689
              ],
              [
                315141.48853910528,
                1529872.6508214548
              ],
              [
                314945.19337308779,
                1529989.1760900076
              ],
              [
                314790.01881254464,
                1530055.0476720408
              ],
              [
                314593.01563871372,
                1530118.975894697
              ],
              [
                314413.60157621186,
                1530154.0009191092
              ],
              [
                314210.8757461356,
                1530169.2597081717
              ],
              [
                314014.12281645089,
                1530165.2448155954
              ],
              [
                313739.62452543341,
                1530146.554019697
              ],
              [
                313497.03663480841,
                1530105.1758458689
              ],
              [
                313347.53224027716,
                1530066.8604161795
              ],
              [
                313350.41676176153,
                1530208.2208898142
              ],
              [
                313333.1023086356,
                1530513.4216954801
              ],
              [
                313316.46290434059,
                1530643.6054113004
              ],
              [
                313286.18214261904,
                1530821.1292150076
              ],
              [
                313217.28687895089,
                1531043.5834386405
              ],
              [
                313188.96290434152,
                1531217.5763585623
              ],
              [
                313167.31373441499,
                1531323.273990402
              ],
              [
                313128.56251371559,
                1531457.1759679373
              ],
              [
                313116.77174222842,
                1531601.7914464548
              ],
              [
                313088.56251371559,
                1531767.1759679392
              ],
              [
                313073.86280668247,
                1532067.4762609079
              ],
              [
                313057.36256254185,
                1532196.5643956736
              ],
              [
                313028.56251371652,
                1532337.1759679373
              ],
              [
                313001.78578031808,
                1532474.3396642283
              ],
              [
                312958.56251371466,
                1532617.1759679392
              ],
              [
                312938.96290434152,
                1532757.5760533884
              ],
              [
                312917.82215726748,
                1532881.5164830741
              ],
              [
                312876.77052152716,
                1533023.3679845408
              ],
              [
                312811.64723051339,
                1533195.4489781931
              ],
              [
                312723.82130277716,
                1533387.5467565134
              ],
              [
                312607.76112211403,
                1533585.6088903025
              ],
              [
                312621.12110746372,
                1533781.8128087614
              ],
              [
                312617.02747953404,
                1533982.3853185251
              ],
              [
                312588.56251371372,
                1534177.1759679392
              ],
              [
                312575.73902738746,
                1534347.5476720408
              ],
              [
                312528.00648344122,
                1534600.1193883475
              ],
              [
                312529.78504789528,
                1534687.2760655973
              ],
              [
                312527.26246488746,
                1534810.8759191111
              ],
              [
                312504.95716703683,
                1534985.3812291697
              ],
              [
                312468.56251371652,
                1535147.1761205271
              ],
              [
                312415.01392973121,
                1535480.7243993375
              ],
              [
                312397.82215726748,
                1535581.516330488
              ],
              [
                312358.56251371652,
                1535717.1761205252
              ],
              [
                312338.96290434059,
                1535817.5760533866
              ],
              [
                312302.36256254464,
                1535996.2702062186
              ],
              [
                312257.55909574404,
                1536171.0907628611
              ],
              [
                312222.96375883278,
                1536348.3045842703
              ],
              [
                312188.56251371466,
                1536467.1760442331
              ],
              [
                312152.60182035342,
                1536614.6896245554
              ]
            ]
          ]
        ]
      },
      "properties" : {
        "OBJECTID" : 3,
        "gridcode" : 3,
        "Shape_Length" : 53309.990774391408,
        "Shape_Area" : 13951312.055040706
      }
    },
    {
      "type" : "Feature",
      "id" : 4,
      "geometry" : {
        "type" : "MultiPolygon",
        "coordinates" : [
          [
            [
              [
                314876.75099027902,
                1523401.2238195017
              ],
              [
                314816.37989652809,
                1523500.7758214511
              ],
              [
                314724.45728910621,
                1523614.6503331736
              ],
              [
                314634.29249418434,
                1523701.2787511423
              ],
              [
                314527.32472074684,
                1523786.0858800467
              ],
              [
                314389.16920316778,
                1523862.3615148161
              ],
              [
                314262.72266996559,
                1523909.3463780936
              ],
              [
                314125.03468168154,
                1523942.9120519236
              ],
              [
                313945.23365629371,
                1523957.1759679392
              ],
              [
                313767.66041410714,
                1523934.4782140311
              ],
              [
                313621.87550199591,
                1523892.2894933298
              ],
              [
                313494.71485746559,
                1523835.3644444998
              ],
              [
                313395.16285551246,
                1523774.9933507517
              ],
              [
                313284.78321684152,
                1523685.8917882517
              ],
              [
                313214.65992582217,
                1523612.9059484079
              ],
              [
                313129.85279691778,
                1523505.9381749686
              ],
              [
                313053.57716215309,
                1523367.7826573923
              ],
              [
                313002.20631254464,
                1523229.5319249686
              ],
              [
                312968.76270902529,
                1523077.1759679392
              ],
              [
                312878.56251371372,
                1523067.3761632498
              ],
              [
                312774.65138090216,
                1523055.5731847342
              ],
              [
                312643.66261137277,
                1523032.2760655936
              ],
              [
                312638.47157133371,
                1523015.0348546579
              ],
              [
                312599.03431547247,
                1522981.0578038767
              ],
              [
                312616.33289945684,
                1522917.2296788767
              ],
              [
                312669.2296279734,
                1522827.3163487967
              ],
              [
                312718.29090726934,
                1522716.7963292692
              ],
              [
                312705.75428617559,
                1522676.3104894254
              ],
              [
                312646.23463285621,
                1522607.2260167673
              ],
              [
                312568.29090727028,
                1522577.6483800504
              ],
              [
                312492.21058500372,
                1522521.9037511423
              ],
              [
                312416.16322172061,
                1522493.0451085623
              ],
              [
                312356.22120512091,
                1522441.4032628592
              ],
              [
                312313.50330961403,
                1522367.3102452829
              ],
              [
                312278.29090726655,
                1522317.6483800486
              ],
              [
                312219.03431547154,
                1522206.9037511442
              ],
              [
                312176.05946195778,
                1522169.8786046579
              ],
              [
                312106.63746488746,
                1522089.301212078
              ],
              [
                312036.80348050874,
                1522029.1351964548
              ],
              [
                312007.52918851934,
                1521995.1569249704
              ],
              [
                311919.76490629185,
                1521955.9943273161
              ],
              [
                311918.24146879092,
                1521937.0380284879
              ],
              [
                311936.69239652716,
                1521886.7938878611
              ],
              [
                311942.40040434059,
                1521815.7550694998
              ],
              [
                311899.73133695778,
                1521755.5756261405
              ],
              [
                311893.63819731027,
                1521679.7418859079
              ],
              [
                311908.29090727121,
                1521646.9037511423
              ],
              [
                311928.47157133278,
                1521610.7330968454
              ],
              [
                311939.20338285528,
                1521551.9013097361
              ],
              [
                312000.78175199591,
                1521570.4413487986
              ],
              [
                312048.73463285435,
                1521607.9962804392
              ],
              [
                312061.57581938058,
                1521593.090274578
              ],
              [
                312167.58289945778,
                1521601.6083409861
              ],
              [
                312229.0343154734,
                1521587.6483800486
              ],
              [
                312267.50416410342,
                1521573.5211827811
              ],
              [
                312295.46070707496,
                1521605.9699132498
              ],
              [
                312443.90553129464,
                1521594.0424230136
              ],
              [
                312484.88087309059,
                1521616.9037511405
              ],
              [
                312519.03431547247,
                1521597.6483800486
              ],
              [
                312572.82642972749,
                1521559.5075109079
              ],
              [
                312648.29090727028,
                1521536.9037511442
              ],
              [
                312683.66261137091,
                1521532.2760655954
              ],
              [
                312678.85304105841,
                1521537.4664952829
              ],
              [
                312580.99598539434,
                1521594.9957921579
              ],
              [
                312493.71571195684,
                1521695.6293370798
              ],
              [
                312449.40662992559,
                1521803.5004308298
              ],
              [
                312442.87830961403,
                1521968.2135655954
              ],
              [
                312469.82777250372,
                1522053.3331945017
              ],
              [
                312508.85304106027,
                1522127.0856359061
              ],
              [
                312535.89893949684,
                1522212.5104405936
              ],
              [
                312594.57447660621,
                1522303.3746984079
              ],
              [
                312697.01588285528,
                1522392.2235753611
              ],
              [
                312801.27796781715,
                1522435.0495030936
              ],
              [
                312991.50807035342,
                1522457.0856359079
              ],
              [
                313132.94850004278,
                1522444.4110753592
              ],
              [
                313242.30030668247,
                1522392.8046300467
              ],
              [
                313359.32179105561,
                1522284.3768956736
              ],
              [
                313426.18458402529,
                1522158.0194737967
              ],
              [
                313438.85304105654,
                1522097.4664952811
              ],
              [
                313443.66261137091,
                1521992.2760655954
              ],
              [
                313704.20948637184,
                1522074.535587078
              ],
              [
                313778.47218168527,
                1522087.4664952811
              ],
              [
                313813.66261137091,
                1522092.2760655936
              ],
              [
                313788.76270902622,
                1522137.3761632498
              ],
              [
                313737.00001371466,
                1522213.7384679392
              ],
              [
                313640.26295316964,
                1522401.5228917655
              ],
              [
                313610.38258207496,
                1522518.1134679411
              ],
              [
                313578.76270902809,
                1522951.4935948905
              ],
              [
                313594.73560941964,
                1523058.8751866892
              ],
              [
                313645.76222074497,
                1523164.0534093454
              ],
              [
                313740.99781644903,
                1523263.1757237986
              ],
              [
                313843.87989652809,
                1523316.1762120798
              ],
              [
                313946.40919340216,
                1523337.1759679411
              ],
              [
                314075.59376371186,
                1523323.4674718436
              ],
              [
                314185.43995512091,
                1523270.1764562204
              ],
              [
                314303.76270902529,
                1523156.4935948923
              ],
              [
                314347.93141019903,
                1523070.7550695017
              ],
              [
                314368.56251371652,
                1523007.1759679392
              ],
              [
                314388.96290434152,
                1522947.5763585623
              ],
              [
                314408.56251371466,
                1522887.1759679411
              ],
              [
                314445.48634184059,
                1522801.8353917655
              ],
              [
                314468.56251371559,
                1522707.1759679373
              ],
              [
                314490.08717191778,
                1522654.1107823923
              ],
              [
                314513.46241605934,
                1522582.0758702848
              ],
              [
                314538.96290433779,
                1522507.5763585623
              ],
              [
                314558.56251371372,
                1522427.1759679411
              ],
              [
                314587.36256254278,
                1522343.0353429411
              ],
              [
                314608.50880277809,
                1522239.7894933298
              ],
              [
                314611.63136137184,
                1522086.8317296598
              ],
              [
                314580.13600004278,
                1521989.7760655973
              ],
              [
                314533.40504301246,
                1521918.4992101286
              ],
              [
                314433.46241605841,
                1521822.4762609061
              ],
              [
                314423.66261137277,
                1521812.2760655973
              ],
              [
                314487.25391996466,
                1521714.8224523142
              ],
              [
                314504.44386136997,
                1521640.9381749704
              ],
              [
                314538.38184965122,
                1521566.9953038748
              ],
              [
                314554.22535550967,
                1521537.8388097379
              ],
              [
                314580.30445707496,
                1521481.0162999704
              ],
              [
                314644.21314847842,
                1521423.9142491873
              ],
              [
                314713.11207426153,
                1521300.6378819998
              ],
              [
                314733.66261136997,
                1521282.2760655954
              ],
              [
                314820.82569730654,
                1521341.7804601248
              ],
              [
                314955.72804105841,
                1521453.8251378629
              ],
              [
                314983.66261137277,
                1521502.2760655954
              ],
              [
                314958.56251371279,
                1521517.1759679392
              ],
              [
                314928.37696683872,
                1521588.2843663767
              ],
              [
                314928.97877348214,
                1521617.7802159842
              ],
              [
                314974.1814101981,
                1521616.8573644236
              ],
              [
                314955.04810941871,
                1521653.998477703
              ],
              [
                314968.76270902436,
                1521667.1759679392
              ],
              [
                314978.56251371466,
                1521707.3761632498
              ],
              [
                314998.02906645089,
                1521745.1642491892
              ],
              [
                314957.76417387277,
                1521798.2294347342
              ],
              [
                314959.41212308779,
                1521878.9765050486
              ],
              [
                314998.40626371466,
                1521916.4411046561
              ],
              [
                315018.36231840402,
                1521957.5763585642
              ],
              [
                315059.58302152902,
                1521997.1796300486
              ],
              [
                315057.56519926339,
                1522096.0614659861
              ],
              [
                315098.20973051246,
                1522149.6259191092
              ],
              [
                315063.39405668434,
                1522217.2089269217
              ],
              [
                315079.36207426153,
                1522279.5172765329
              ],
              [
                315100.85987699684,
                1522321.2482335623
              ],
              [
                315193.66261137184,
                1522442.2760655954
              ],
              [
                315187.29420316871,
                1522487.8961827811
              ],
              [
                315158.56251371372,
                1522587.1759679392
              ],
              [
                315138.76270902809,
                1522657.3761632498
              ],
              [
                315016.32740629464,
                1523038.725040203
              ],
              [
                314988.56251371559,
                1523107.1759679411
              ],
              [
                314918.76270902809,
                1523307.3761632498
              ],
              [
                314876.75099027902,
                1523401.2238195017
              ]
            ]
          ],
          [
            [
              [
                305313.66261137091,
                1525042.2760655936
              ],
              [
                305320.70194853097,
                1525034.1058995817
              ],
              [
                305478.29060209356,
                1524986.9037511405
              ],
              [
                305503.66261137091,
                1524982.2760655936
              ],
              [
                305497.76600492559,
                1525002.8998448923
              ],
              [
                305381.51569974981,
                1525033.7897374686
              ],
              [
                305313.66261137091,
                1525042.2760655936
              ]
            ]
          ],
          [
            [
              [
                305313.66261137091,
                1525042.2760655936
              ],
              [
                305313.66261137091,
                1525052.2760655936
              ],
              [
                305273.66261136997,
                1525052.2760655936
              ],
              [
                305273.66261136997,
                1525042.2760655936
              ],
              [
                305313.66261137091,
                1525042.2760655936
              ]
            ]
          ],
          [
            [
              [
                305273.66261136997,
                1525052.2760655936
              ],
              [
                305273.66261136997,
                1525062.2760655936
              ],
              [
                305243.66261137184,
                1525062.2760655936
              ],
              [
                305243.66261137184,
                1525052.2760655936
              ],
              [
                305273.66261136997,
                1525052.2760655936
              ]
            ]
          ],
          [
            [
              [
                305233.66261136997,
                1525062.2760655936
              ],
              [
                305233.66261136997,
                1525072.2760655954
              ],
              [
                305213.66261137184,
                1525072.2760655954
              ],
              [
                305213.66261137184,
                1525062.2760655936
              ],
              [
                305233.66261136997,
                1525062.2760655936
              ]
            ]
          ],
          [
            [
              [
                307387.74708402716,
                1526998.1915929392
              ],
              [
                307411.01551664248,
                1527092.1649816111
              ],
              [
                307437.65827787574,
                1527155.5975987986
              ],
              [
                307319.57813871559,
                1527126.3605382536
              ],
              [
                307226.19129789248,
                1527118.0536534861
              ],
              [
                307303.8438857859,
                1527033.549258953
              ],
              [
                307383.66261137277,
                1526992.2760655936
              ],
              [
                307387.74708402716,
                1526998.1915929392
              ]
            ]
          ],
          [
            [
              [
                314748.94337309059,
                1526697.5568273123
              ],
              [
                314686.51783598028,
                1526707.2846105155
              ],
              [
                314658.94337309152,
                1526740.1898839548
              ],
              [
                314678.94337308966,
                1526776.9953038767
              ],
              [
                314699.75514066499,
                1526873.9557530954
              ],
              [
                314698.35377348028,
                1526897.4555089511
              ],
              [
                314708.94337308966,
                1526936.9953038748
              ],
              [
                314727.99122465122,
                1527018.8580968454
              ],
              [
                314742.31007230841,
                1527141.0895421561
              ],
              [
                314737.92896879278,
                1527214.5831945017
              ],
              [
                314743.66261137184,
                1527252.2760655936
              ],
              [
                314729.86744535435,
                1527239.0216710623
              ],
              [
                314688.76270902622,
                1527187.1759679373
              ],
              [
                314616.47755277902,
                1527105.0055577811
              ],
              [
                314509.86012113746,
                1527020.4755284842
              ],
              [
                314397.70069730841,
                1526956.8878819998
              ],
              [
                314370.04933012277,
                1526928.1073644217
              ],
              [
                314358.76270902809,
                1526694.8017003592
              ],
              [
                314398.76270902716,
                1526477.3761632517
              ],
              [
                314408.56251371466,
                1526377.1759679392
              ],
              [
                314460.58766019903,
                1526263.3832433298
              ],
              [
                314496.62281644996,
                1526152.3371007498
              ],
              [
                314487.23438871372,
                1525692.2760655936
              ],
              [
                314491.36402738746,
                1525489.8798253592
              ],
              [
                314477.56275785342,
                1525422.4933507498
              ],
              [
                314423.76270902716,
                1525318.0585363004
              ],
              [
                314305.43995512091,
                1525204.3756749723
              ],
              [
                314199.34132230841,
                1525152.9022862967
              ],
              [
                314058.56251371186,
                1525097.3761632498
              ],
              [
                314038.76270902809,
                1525047.1759679392
              ],
              [
                314003.65894926339,
                1524966.0431554392
              ],
              [
                313913.41358793527,
                1524861.4057042692
              ],
              [
                313754.91993559152,
                1524775.3986241892
              ],
              [
                313657.92408598214,
                1524743.9240148105
              ],
              [
                313476.77296293154,
                1524747.6203038786
              ],
              [
                313369.66602933779,
                1524791.0663487986
              ],
              [
                313276.55323636811,
                1524869.2304112948
              ],
              [
                313212.91309965309,
                1524966.2982823923
              ],
              [
                313178.72730863746,
                1525087.5006749704
              ],
              [
                313125.49610746372,
                1525047.1088292673
              ],
              [
                313055.60963285528,
                1525005.6232335623
              ],
              [
                312953.78224027809,
                1524972.5800206717
              ],
              [
                312716.26026762091,
                1524977.4274327829
              ],
              [
                312617.45655668247,
                1525011.2457921561
              ],
              [
                312531.52821195684,
                1524993.6456945036
              ],
              [
                312329.01112211309,
                1524997.7789952811
              ],
              [
                312173.66261137184,
                1525072.2760655954
              ],
              [
                312187.17152250465,
                1525029.6076085623
              ],
              [
                312264.84181059152,
                1524983.9459874704
              ],
              [
                312278.85304105934,
                1524957.4664952792
              ],
              [
                312288.47218168154,
                1524877.0856359079
              ],
              [
                312328.49659574404,
                1524824.8908116892
              ],
              [
                312339.74049223121,
                1524590.6610753592
              ],
              [
                312464.66419828311,
                1524566.810977703
              ],
              [
                312527.54566801246,
                1524481.0809972361
              ],
              [
                312626.45008695591,
                1524462.1979405973
              ],
              [
                312678.85304105841,
                1524437.4664952829
              ],
              [
                312772.75318753999,
                1524379.9725987986
              ],
              [
                312828.47218168341,
                1524357.0856359061
              ],
              [
                312843.66261137184,
                1524352.2760655936
              ],
              [
                312930.42957914248,
                1524347.475040203
              ],
              [
                313035.86109770089,
                1524273.8300206754
              ],
              [
                313152.78370512091,
                1524210.0018956717
              ],
              [
                313284.61475980934,
                1524161.8305089548
              ],
              [
                313421.67652738653,
                1524129.9408605155
              ],
              [
                313617.96681059059,
                1524117.5568273142
              ],
              [
                313798.90919340029,
                1524141.6168859098
              ],
              [
                313950.39967191871,
                1524188.1781652048
              ],
              [
                314151.13575590029,
                1524283.6212804392
              ],
              [
                314248.50636137091,
                1524343.8165929411
              ],
              [
                314370.30567777622,
                1524443.7506749686
              ],
              [
                314434.14356840309,
                1524515.1972081717
              ],
              [
                314510.71827543434,
                1524613.373477703
              ],
              [
                314608.94337308966,
                1524666.9953038748
              ],
              [
                314668.50636137184,
                1524703.8165929392
              ],
              [
                314798.28663480934,
                1524810.2985265311
              ],
              [
                314874.14356840122,
                1524895.1972081736
              ],
              [
                314950.29347074497,
                1524992.8290441073
              ],
              [
                315024.39747465029,
                1525128.5773351248
              ],
              [
                315063.66261136904,
                1525232.2760655936
              ],
              [
                315038.92994535528,
                1525272.6691319998
              ],
              [
                315064.14356840216,
                1525417.4689366892
              ],
              [
                315038.85304105934,
                1525465.2631261423
              ],
              [
                315048.47218168154,
                1525497.4664952811
              ],
              [
                315059.93458402902,
                1525530.1715734061
              ],
              [
                315056.49342191499,
                1525616.9916417673
              ],
              [
                315074.03004300967,
                1525617.6874425504
              ],
              [
                315093.01197660435,
                1525577.4664952829
              ],
              [
                315100.2653945731,
                1525601.8292882498
              ],
              [
                315098.07545316778,
                1525657.0990636405
              ],
              [
                315103.66261137277,
                1525662.2760655936
              ],
              [
                315103.66261137277,
                1525692.2760655936
              ],
              [
                315088.46119535342,
                1525686.8219640311
              ],
              [
                315074.19483793341,
                1525717.903506998
              ],
              [
                315058.40992582403,
                1525716.9635655954
              ],
              [
                315039.19483793341,
                1525738.4686925486
              ],
              [
                315028.57227934059,
                1525726.5790441129
              ],
              [
                315018.94337308966,
                1525747.5568273161
              ],
              [
                314988.09986723028,
                1525761.7133214548
              ],
              [
                314958.94337308779,
                1525807.5568273123
              ],
              [
                314910.55836332589,
                1525869.9933507517
              ],
              [
                314898.72730863839,
                1525856.752383953
              ],
              [
                314867.06593168434,
                1525878.8690831717
              ],
              [
                314848.18653715309,
                1525940.0092198905
              ],
              [
                314799.14845121559,
                1526010.2130773142
              ],
              [
                314750.72437894996,
                1526175.6378820017
              ],
              [
                314738.94337308779,
                1526283.0353429392
              ],
              [
                314798.94337309152,
                1526296.9953038767
              ],
              [
                314808.38184965216,
                1526310.1898839548
              ],
              [
                314785.86598051153,
                1526351.6242101286
              ],
              [
                314743.66261137184,
                1526328.6908605155
              ],
              [
                314706.27369535621,
                1526349.0082433298
              ],
              [
                314668.94337309152,
                1526449.125430828
              ],
              [
                314689.54151762091,
                1526467.5287511423
              ],
              [
                314687.66285550967,
                1526499.046085123
              ],
              [
                314718.94337308966,
                1526526.9953038767
              ],
              [
                314728.91529691778,
                1526538.1549718436
              ],
              [
                314753.66261137184,
                1526536.6803624704
              ],
              [
                314768.66261137277,
                1526537.5739171579
              ],
              [
                314792.00611723028,
                1526536.1823155936
              ],
              [
                314787.17213285714,
                1526617.2760655954
              ],
              [
                314789.25831449777,
                1526652.2760655954
              ],
              [
                314788.31226957217,
                1526668.148868328
              ],
              [
                314758.57227933966,
                1526666.3764073942
              ],
              [
                314748.94337309059,
                1526697.5568273123
              ]
            ]
          ],
          [
            [
              [
                314773.66261136997,
                1527302.2760655936
              ],
              [
                314763.66261137277,
                1527302.2760655936
              ],
              [
                314763.66261137277,
                1527292.2760655936
              ],
              [
                314773.66261136997,
                1527292.2760655936
              ],
              [
                314773.66261136997,
                1527302.2760655936
              ]
            ]
          ],
          [
            [
              [
                306073.66261136811,
                1527592.2760655954
              ],
              [
                306085.85499418154,
                1527595.6995275095
              ],
              [
                306077.08576810919,
                1527604.4684484079
              ],
              [
                306073.66261136811,
                1527592.2760655954
              ]
            ]
          ],
          [
            [
              [
                306073.66261136811,
                1527592.2760655954
              ],
              [
                306032.11781156622,
                1527562.9871251676
              ],
              [
                305938.85334623419,
                1527487.0856359061
              ],
              [
                305852.96345365699,
                1527426.5332677457
              ],
              [
                305712.92133939825,
                1527344.2035558298
              ],
              [
                305617.22218168061,
                1527313.9050939158
              ],
              [
                305439.36665189918,
                1527282.2931554373
              ],
              [
                305294.8866714295,
                1527288.0206944998
              ],
              [
                305187.01588285714,
                1527332.3291661795
              ],
              [
                305084.57447660435,
                1527421.1774327811
              ],
              [
                305025.89893949591,
                1527512.0416905973
              ],
              [
                304992.01450956613,
                1527619.0674474314
              ],
              [
                304978.84998929873,
                1527797.5104405954
              ],
              [
                304888.85319364443,
                1527787.0856359079
              ],
              [
                304648.47202909645,
                1527777.4664952829
              ],
              [
                304637.69505155459,
                1527552.9559972361
              ],
              [
                304594.21055448707,
                1527447.0917394217
              ],
              [
                304514.97059476934,
                1527353.3234288748
              ],
              [
                304423.89698636904,
                1527294.5123937186
              ],
              [
                304320.7123245066,
                1527261.8439366873
              ],
              [
                304161.88755643927,
                1527268.139102703
              ],
              [
                304048.85326994024,
                1527317.4664952829
              ],
              [
                304000.95005643833,
                1527337.0856359079
              ],
              [
                303988.8532699421,
                1527290.1312902048
              ],
              [
                304053.52207792271,
                1527269.6564366892
              ],
              [
                304120.30933988653,
                1527242.2235753592
              ],
              [
                304222.75074613467,
                1527153.3746984079
              ],
              [
                304281.42628324404,
                1527062.5104405954
              ],
              [
                304314.44706571475,
                1526958.2135655936
              ],
              [
                304307.91844022833,
                1526793.500430828
              ],
              [
                304263.60966337472,
                1526685.6293370761
              ],
              [
                304176.32938993722,
                1526584.9957921561
              ],
              [
                304066.56574857887,
                1526520.4669835642
              ],
              [
                304023.66261137184,
                1526512.2760655973
              ],
              [
                304028.39352262765,
                1526316.4923741892
              ],
              [
                304104.31446683966,
                1526070.6281163786
              ],
              [
                304113.66261136997,
                1526062.2760655973
              ],
              [
                304203.40702665411,
                1526087.338321453
              ],
              [
                304423.30540311802,
                1526096.9953038767
              ],
              [
                304558.76011503022,
                1526056.8829991892
              ],
              [
                304688.82847440615,
                1525996.7877843454
              ],
              [
                304739.86302030366,
                1526088.1000402048
              ],
              [
                304834.76612699591,
                1526193.4589269217
              ],
              [
                304927.94392240606,
                1526252.7191808298
              ],
              [
                305039.79557645973,
                1526287.2577550486
              ],
              [
                305327.36363065895,
                1526297.288272623
              ],
              [
                305554.3007339295,
                1526367.0380284861
              ],
              [
                305588.38001859747,
                1526513.5114171579
              ],
              [
                305623.79261625465,
                1526598.6530187204
              ],
              [
                305704.06086576544,
                1526693.0097081717
              ],
              [
                305795.69386137184,
                1526751.2872960623
              ],
              [
                305906.35700834356,
                1526785.4596593436
              ],
              [
                306065.49854887277,
                1526775.9747960642
              ],
              [
                306149.30683744326,
                1526800.7929112986
              ],
              [
                306224.65046537668,
                1526818.3222081736
              ],
              [
                306261.09760892857,
                1526936.3532140348
              ],
              [
                306169.46125638951,
                1526987.5690343436
              ],
              [
                306092.92896879278,
                1527052.6740148142
              ],
              [
                306034.65077054873,
                1527144.3073155954
              ],
              [
                306000.47871244419,
                1527254.9701573905
              ],
              [
                306009.40052641183,
                1527404.6582677439
              ],
              [
                306054.78748929873,
                1527531.1511876658
              ],
              [
                306073.66261136811,
                1527592.2760655954
              ]
            ]
          ],
          [
            [
              [
                303022.00102460757,
                1528486.3764073905
              ],
              [
                303114.89498746954,
                1528540.4596593454
              ],
              [
                303231.73771513067,
                1528567.6447179373
              ],
              [
                303297.53761900123,
                1528603.4009435251
              ],
              [
                303349.61079252139,
                1528627.3010900114
              ],
              [
                303275.55256498232,
                1528655.7709386405
              ],
              [
                303093.45888746437,
                1528667.9968907889
              ],
              [
                303053.66261136811,
                1528682.2760655954
              ],
              [
                303041.24466550909,
                1528642.061832197
              ],
              [
                302948.14589155372,
                1528437.0386388395
              ],
              [
                302973.66261137091,
                1528432.2760655954
              ],
              [
                303022.00102460757,
                1528486.3764073905
              ]
            ]
          ],
          [
            [
              [
                303005.79479826055,
                1528677.426212078
              ],
              [
                303033.66261137277,
                1528682.2760655954
              ],
              [
                303028.76261365786,
                1528687.3761632498
              ],
              [
                302931.69446600135,
                1528744.9982335642
              ],
              [
                302783.66261137184,
                1528882.2760655954
              ],
              [
                302788.59159243759,
                1528831.7841222342
              ],
              [
                302835.66698683053,
                1528754.280460123
              ],
              [
                302889.72028386872,
                1528721.4490392264
              ],
              [
                302941.42822874244,
                1528680.0415685251
              ],
              [
                302974.65866697393,
                1528638.5443761423
              ],
              [
                303005.79479826055,
                1528677.426212078
              ]
            ]
          ],
          [
            [
              [
                314103.84571684152,
                1535465.3073766306
              ],
              [
                314008.38673246466,
                1535509.1197850797
              ],
              [
                313901.31886137277,
                1535604.7844579294
              ],
              [
                313843.16212309059,
                1535711.8056371268
              ],
              [
                313808.94337308779,
                1535839.5691564139
              ],
              [
                313820.94044340029,
                1535989.5581700858
              ],
              [
                313869.59278715402,
                1536095.5614354666
              ],
              [
                313943.66261136904,
                1536182.2760655936
              ],
              [
                313938.56251371466,
                1536187.1761205252
              ],
              [
                313817.87281644903,
                1536268.9860417899
              ],
              [
                313672.81056059059,
                1536396.5967443064
              ],
              [
                313473.66261137091,
                1536582.2760655973
              ],
              [
                313463.09986723121,
                1536572.8385808524
              ],
              [
                313433.18165433779,
                1536539.3543889597
              ],
              [
                313357.03175199404,
                1536441.722858198
              ],
              [
                313281.3884414481,
                1536303.1546666697
              ],
              [
                313233.21705473028,
                1536171.3234593961
              ],
              [
                313201.62525785621,
                1536035.5405309275
              ],
              [
                313188.94337309059,
                1535847.9715612009
              ],
              [
                313213.00343168154,
                1535667.0293309763
              ],
              [
                313266.29078519996,
                1535493.6540868338
              ],
              [
                313323.95802152809,
                1535366.50244499
              ],
              [
                313385.20313871652,
                1535267.4323155936
              ],
              [
                313488.41114652809,
                1535141.6431310214
              ],
              [
                313582.65186918154,
                1535057.4393346403
              ],
              [
                313679.54517973121,
                1534987.1211888846
              ],
              [
                313809.28761136904,
                1534917.3725011423
              ],
              [
                313960.71949613746,
                1534863.3569982089
              ],
              [
                314140.91480863374,
                1534829.7235753611
              ],
              [
                314307.96681058872,
                1534817.5574376639
              ],
              [
                314485.46681059059,
                1534841.1588170584
              ],
              [
                314630.58033597842,
                1534884.1309239902
              ],
              [
                314759.43653715309,
                1534942.5711705741
              ],
              [
                314858.50636137184,
                1535003.8165929392
              ],
              [
                314980.30567777716,
                1535103.7500646189
              ],
              [
                315058.49903715216,
                1535191.265475994
              ],
              [
                315129.22291410342,
                1535288.7177159879
              ],
              [
                315209.79542386904,
                1535440.2162816562
              ],
              [
                315261.00636136997,
                1535606.0581090543
              ],
              [
                315278.56129301153,
                1535718.7108495329
              ],
              [
                315288.38184965309,
                1535931.2551000211
              ],
              [
                315273.66261137184,
                1535972.2760655936
              ],
              [
                315258.29029691964,
                1535967.6479222849
              ],
              [
                315151.31641996372,
                1535899.1577794645
              ],
              [
                315051.62403715216,
                1535854.6729161814
              ],
              [
                314912.64942777809,
                1535829.3224217966
              ],
              [
                314757.64210355841,
                1535841.777408367
              ],
              [
                314663.66261136997,
                1535862.2760655954
              ],
              [
                314658.54420316871,
                1535748.085849531
              ],
              [
                314632.67384184059,
                1535664.3073155954
              ],
              [
                314574.39625394996,
                1535572.6741674002
              ],
              [
                314480.03956449404,
                1535492.4062230662
              ],
              [
                314374.52442777809,
                1535448.5195043162
              ],
              [
                314237.53346097935,
                1535440.3545262869
              ],
              [
                314103.84571684152,
                1535465.3073766306
              ]
            ]
          ],
          [
            [
              [
                314773.66261136997,
                1527302.2760655936
              ],
              [
                314815.47779691778,
                1527315.5145909842
              ],
              [
                314930.75977934059,
                1527439.9353673533
              ],
              [
                314951.52149808872,
                1527483.9295079783
              ],
              [
                314968.47218168154,
                1527537.4664952829
              ],
              [
                315007.69581449497,
                1527640.2588536795
              ],
              [
                315047.53956449684,
                1527766.1066320017
              ],
              [
                315058.47218168341,
                1527857.4664952792
              ],
              [
                315068.85304105934,
                1527897.0856359042
              ],
              [
                315078.47218168434,
                1527947.4664952811
              ],
              [
                315088.85304105747,
                1527997.0856359079
              ],
              [
                315101.42384184152,
                1528102.1301915701
              ],
              [
                315164.73316801246,
                1528239.8779943082
              ],
              [
                315355.32276762091,
                1528416.4697911814
              ],
              [
                315393.91651762184,
                1528428.6884191111
              ],
              [
                315428.47218168247,
                1528487.4664952829
              ],
              [
                315443.66261136997,
                1528512.2760655954
              ],
              [
                315438.56251371559,
                1528517.1759679373
              ],
              [
                315368.76270902809,
                1528647.3761632498
              ],
              [
                315336.37989652716,
                1528700.775821453
              ],
              [
                315247.27833402716,
                1528811.1548497733
              ],
              [
                315162.01588285528,
                1528893.0737950876
              ],
              [
                315048.56251371372,
                1528977.1759679373
              ],
              [
                314982.16236722935,
                1529070.7758214567
              ],
              [
                314917.27833402902,
                1529151.1548497751
              ],
              [
                314844.29249418341,
                1529221.2781407908
              ],
              [
                314735.86720121559,
                1529307.2412755527
              ],
              [
                314581.27613676153,
                1529391.1298253611
              ],
              [
                314405.68653715029,
                1529448.1091954783
              ],
              [
                314240.46314848028,
                1529475.0061681345
              ],
              [
                313833.19630277716,
                1529456.9287755545
              ],
              [
                313622.55055082496,
                1529420.9992101248
              ],
              [
                313434.01295316871,
                1529362.6080968454
              ],
              [
                313195.08228910435,
                1529239.5227696951
              ],
              [
                313105.16285551339,
                1529184.9927403983
              ],
              [
                312994.78382718842,
                1529095.8917882536
              ],
              [
                312924.66053617653,
                1529022.9065587614
              ],
              [
                312837.02992094029,
                1528912.3773839548
              ],
              [
                312723.02906644996,
                1528696.3086583652
              ],
              [
                312675.56996000186,
                1528568.5834386423
              ],
              [
                312617.66285551153,
                1528363.2758214548
              ],
              [
                312591.92005765904,
                1528205.1434972379
              ],
              [
                312541.32496488653,
                1528231.2079503592
              ],
              [
                312588.76270902902,
                1528337.1759679373
              ],
              [
                312620.73231352028,
                1528423.2160070017
              ],
              [
                312656.6960586356,
                1528570.7392003573
              ],
              [
                312668.56251371559,
                1528837.376163248
              ],
              [
                312693.42518461123,
                1528934.3884923514
              ],
              [
                312716.71986234933,
                1529077.4835851248
              ],
              [
                312708.37147367559,
                1529486.5308263358
              ],
              [
                312668.56251371559,
                1529697.1759679373
              ],
              [
                312655.35877836403,
                1529818.7030675467
              ],
              [
                312632.70252836403,
                1529951.5308263339
              ],
              [
                312652.46204984654,
                1530106.1163976286
              ],
              [
                312646.45802152902,
                1530400.3095128611
              ],
              [
                312614.50550687686,
                1530637.2614171579
              ],
              [
                312548.56251371372,
                1530847.1759679392
              ],
              [
                312536.66248930153,
                1530895.9900548514
              ],
              [
                312508.76270902436,
                1531067.376163248
              ],
              [
                312496.18275297247,
                1531141.1292150095
              ],
              [
                312438.56251371372,
                1531327.1759679392
              ],
              [
                312428.76270902809,
                1531487.3761632573
              ],
              [
                312415.86537015997,
                1531588.2788732108
              ],
              [
                312377.98695219029,
                1531719.1657140311
              ],
              [
                312381.41773832403,
                1531887.2760655936
              ],
              [
                312378.25611722842,
                1532042.2028234061
              ],
              [
                312348.56251371652,
                1532187.1759679392
              ],
              [
                312325.18238676153,
                1532306.9403722361
              ],
              [
                312268.56251371186,
                1532487.1759679411
              ],
              [
                312258.76270902902,
                1532597.3761632517
              ],
              [
                312245.29469144717,
                1532702.7442052439
              ],
              [
                312194.06056058779,
                1532872.0535924472
              ],
              [
                312086.37745512277,
                1533101.8390538767
              ],
              [
                312026.37928617746,
                1533200.7761266306
              ],
              [
                311948.11939847842,
                1533297.7246739957
              ],
              [
                311882.77149809152,
                1533499.1031529959
              ],
              [
                311907.82948148903,
                1533621.442630535
              ],
              [
                311923.45509183966,
                1533717.4314000681
              ],
              [
                311918.49903715402,
                1533960.294254072
              ],
              [
                311898.56251371559,
                1534077.1759679355
              ],
              [
                311886.7644180106,
                1534245.965335615
              ],
              [
                311828.00526273809,
                1534550.0610997751
              ],
              [
                311832.28565824684,
                1534759.8123815116
              ],
              [
                311817.81239164528,
                1534873.0435826853
              ],
              [
                311788.56251371559,
                1534987.1761205271
              ],
              [
                311766.83766019996,
                1535130.0343968924
              ],
              [
                311748.56251371559,
                1535237.176120529
              ],
              [
                311721.45374906529,
                1535415.4355504569
              ],
              [
                311678.56251371652,
                1535557.1761205252
              ],
              [
                311666.89564359467,
                1535628.8426854666
              ],
              [
                311615.66456449684,
                1535878.97192741
              ],
              [
                311578.56251371652,
                1536007.1761205252
              ],
              [
                311548.86280668247,
                1536172.4761083201
              ],
              [
                311516.98475492653,
                1536282.6291539744
              ],
              [
                311481.91883695684,
                1536426.4697911814
              ],
              [
                311453.12794339936,
                1536525.9558751658
              ],
              [
                311413.66261137277,
                1536612.2760655936
              ],
              [
                311108.29090727028,
                1536616.904208906
              ],
              [
                311068.66261137184,
                1536620.0883367155
              ],
              [
                310998.66261136904,
                1536614.4637944754
              ],
              [
                310939.14417875372,
                1536619.2461278532
              ],
              [
                310889.0343154734,
                1536637.6479222849
              ],
              [
                310784.02454984747,
                1536646.904208906
              ],
              [
                310751.42750394624,
                1536503.4213903006
              ],
              [
                310743.66261137277,
                1536482.2760655954
              ],
              [
                310824.9626601981,
                1536404.1642644461
              ],
              [
                310873.99037016183,
                1536308.9927556589
              ],
              [
                310916.98475492653,
                1536132.6291539762
              ],
              [
                310952.22950589936,
                1536010.8428075369
              ],
              [
                310968.71143949684,
                1535875.9563329294
              ],
              [
                311007.36256254278,
                1535763.0348851755
              ],
              [
                311018.76270902809,
                1535707.3760106601
              ],
              [
                311028.56251371466,
                1535657.1761205271
              ],
              [
                311057.80323637091,
                1535527.1858861502
              ],
              [
                311068.56251371466,
                1535417.1761205271
              ],
              [
                311107.98939359654,
                1535319.9761083182
              ],
              [
                311118.76270902809,
                1535267.3760106619
              ],
              [
                311129.61781156715,
                1535189.6160008963
              ],
              [
                311164.94801176153,
                1534982.4838903025
              ],
              [
                311178.56251371466,
                1534857.1759679392
              ],
              [
                311208.51124418434,
                1534769.6781041678
              ],
              [
                311211.36463773809,
                1534629.8798253592
              ],
              [
                311196.5440810984,
                1534557.5214269236
              ],
              [
                311271.53736723214,
                1534173.1531407926
              ],
              [
                311268.36598051246,
                1534017.7500035837
              ],
              [
                311298.51124418434,
                1533929.6781041678
              ],
              [
                311302.59083402529,
                1533729.7897985037
              ],
              [
                311270.13600004371,
                1533629.7760655973
              ],
              [
                311230.2745498484,
                1533568.9774205741
              ],
              [
                311176.01551664621,
                1533504.3414952811
              ],
              [
                311207.53834379371,
                1533424.4187047537
              ],
              [
                311317.02686918341,
                1533253.1674840525
              ],
              [
                311338.67664945871,
                1533168.6911656912
              ],
              [
                311348.6443008231,
                1533015.9207799509
              ],
              [
                311512.96253812779,
                1532858.0466344431
              ],
              [
                311589.58485258184,
                1532709.3094518241
              ],
              [
                311637.61036527622,
                1532590.9091832712
              ],
              [
                311648.56251371279,
                1532367.1759679373
              ],
              [
                311679.82227933966,
                1532294.9268224314
              ],
              [
                311698.56251371466,
                1532237.1759679392
              ],
              [
                311726.03504789248,
                1532156.9129064139
              ],
              [
                311738.56251371466,
                1532067.1759679355
              ],
              [
                311768.56251371372,
                1531950.117252117
              ],
              [
                311758.76270902809,
                1531787.1759679392
              ],
              [
                311748.08460844029,
                1531672.2321202811
              ],
              [
                311758.56251371279,
                1531597.1759679411
              ],
              [
                311808.25367582496,
                1531482.3279454745
              ],
              [
                311810.80555570684,
                1531357.2760655936
              ],
              [
                311807.77332914528,
                1531208.7079503629
              ],
              [
                311855.56263578404,
                1531115.9406163748
              ],
              [
                311887.36256254092,
                1531023.0347325876
              ],
              [
                311898.76270902809,
                1530967.3761632517
              ],
              [
                311908.91895902716,
                1530884.2597081754
              ],
              [
                311928.76270902622,
                1530787.3761632517
              ],
              [
                311942.15382230934,
                1530705.1154210642
              ],
              [
                312007.76234281342,
                1530513.4351232108
              ],
              [
                312026.53431547247,
                1530366.5759923514
              ],
              [
                312031.5001357859,
                1530123.226993328
              ],
              [
                312008.76270902809,
                1529989.9213292673
              ],
              [
                312018.80604398623,
                1529874.3775060251
              ],
              [
                312038.76270902902,
                1529757.3761632498
              ],
              [
                312050.31910551246,
                1529627.4231603183
              ],
              [
                312098.56251371372,
                1529391.8817784842
              ],
              [
                312088.08766019903,
                1529044.8194005582
              ],
              [
                312048.56251371186,
                1528947.3761632517
              ],
              [
                312037.75562894903,
                1528616.3245275095
              ],
              [
                311972.16236723028,
                1528481.123111492
              ],
              [
                311879.34071195778,
                1528384.5123937186
              ],
              [
                311765.29286039434,
                1528319.8529698905
              ],
              [
                311738.36231840309,
                1528267.5763585661
              ],
              [
                311700.13600004185,
                1528149.7760655954
              ],
              [
                311641.25355375372,
                1528059.9646642301
              ],
              [
                311540.84339750465,
                1527947.5360753592
              ],
              [
                311780.21168363467,
                1527936.3757970408
              ],
              [
                311921.96644437965,
                1527890.3760411814
              ],
              [
                312079.28578031436,
                1527814.0527989939
              ],
              [
                312166.50562894903,
                1527749.3976476248
              ],
              [
                312306.34571683966,
                1527598.388736492
              ],
              [
                312372.13612211403,
                1527484.1553380545
              ],
              [
                312459.64466703497,
                1527295.4743077848
              ],
              [
                312482.43031156436,
                1527225.258243328
              ],
              [
                312547.45655668247,
                1527139.5612218436
              ],
              [
                312624.74476469122,
                1526972.9157140329
              ],
              [
                312685.60352933966,
                1526818.6176183298
              ],
              [
                312744.22657621466,
                1526739.5355870798
              ],
              [
                312780.92762601841,
                1526801.3605382536
              ],
              [
                312819.27052152716,
                1526857.9254796579
              ],
              [
                312857.18922269996,
                1526974.7760655954
              ],
              [
                312916.47633207403,
                1527065.2045323923
              ],
              [
                313018.09986723121,
                1527152.8510167655
              ],
              [
                313126.77296293341,
                1527196.9318273161
              ],
              [
                313218.66261137091,
                1527198.8068273123
              ],
              [
                313298.76148832496,
                1527197.1723058298
              ],
              [
                313314.20216215402,
                1527307.7771642301
              ],
              [
                313364.69044340216,
                1527411.8433263376
              ],
              [
                313461.25172269996,
                1527519.962222822
              ],
              [
                313349.88941801246,
                1527586.0700109061
              ],
              [
                313265.98805082403,
                1527683.350894697
              ],
              [
                313209.76246488653,
                1527792.4939611051
              ],
              [
                313188.76270902529,
                1527895.0232579783
              ],
              [
                313198.56251371559,
                1528047.3761632517
              ],
              [
                313208.76270902716,
                1528097.1759679373
              ],
              [
                313220.52906644996,
                1528229.4928624686
              ],
              [
                313281.03321683872,
                1528432.9328038748
              ],
              [
                313372.79225004278,
                1528602.0270421579
              ],
              [
                313471.24806059059,
                1528686.9409825876
              ],
              [
                313681.73878324591,
                1528795.3760411795
              ],
              [
                313801.91944730747,
                1528826.176212078
              ],
              [
                313922.39063871559,
                1528843.7805821951
              ],
              [
                314248.51612699684,
                1528850.4364659879
              ],
              [
                314346.16261136997,
                1528818.7494542655
              ],
              [
                314436.70826566778,
                1528759.3854405936
              ],
              [
                314505.7976211356,
                1528677.0825841501
              ],
              [
                314596.32740629278,
                1528513.1116368845
              ],
              [
                314724.8161758231,
                1528450.775821453
              ],
              [
                314824.5622695731,
                1528354.9408605173
              ],
              [
                314877.56275785621,
                1528252.0581700858
              ],
              [
                314898.56251371372,
                1528149.5288732126
              ],
              [
                314888.76270902809,
                1528037.1759679355
              ],
              [
                314866.87550199684,
                1527939.873111492
              ],
              [
                314871.50196684059,
                1527713.1745030954
              ],
              [
                314822.3943008231,
                1527449.1858556345
              ],
              [
                314798.96290434059,
                1527376.9757726267
              ],
              [
                314778.56251371372,
                1527317.3761632498
              ],
              [
                314773.66261136997,
                1527302.2760655936
              ]
            ]
          ]
        ]
      },
      "properties" : {
        "OBJECTID" : 4,
        "gridcode" : 4,
        "Shape_Length" : 75097.335761648705,
        "Shape_Area" : 18528065.749998547
      }
    },
    {
      "type" : "Feature",
      "id" : 5,
      "geometry" : {
        "type" : "MultiPolygon",
        "coordinates" : [
          [
            [
              [
                312928.76637113653,
                1521637.1771886405
              ],
              [
                312927.75990141183,
                1521686.5204503611
              ],
              [
                313289.41334379185,
                1521922.9010655954
              ],
              [
                313408.56251371466,
                1521977.3761632498
              ],
              [
                313443.66261137091,
                1521992.2760655954
              ],
              [
                313438.85304105654,
                1522097.4664952811
              ],
              [
                313426.18458402529,
                1522158.0194737967
              ],
              [
                313359.32179105561,
                1522284.3768956736
              ],
              [
                313242.30030668247,
                1522392.8046300467
              ],
              [
                313132.94850004278,
                1522444.4110753592
              ],
              [
                312991.50807035342,
                1522457.0856359079
              ],
              [
                312801.27796781715,
                1522435.0495030936
              ],
              [
                312697.01588285528,
                1522392.2235753611
              ],
              [
                312594.57447660621,
                1522303.3746984079
              ],
              [
                312535.89893949684,
                1522212.5104405936
              ],
              [
                312508.85304106027,
                1522127.0856359061
              ],
              [
                312469.82777250372,
                1522053.3331945017
              ],
              [
                312442.87830961403,
                1521968.2135655954
              ],
              [
                312449.40662992559,
                1521803.5004308298
              ],
              [
                312493.71571195684,
                1521695.6293370798
              ],
              [
                312580.99598539434,
                1521594.9957921579
              ],
              [
                312678.85304105841,
                1521537.4664952829
              ],
              [
                312683.66261137091,
                1521532.2760655954
              ],
              [
                312716.22791898903,
                1521542.8436925486
              ],
              [
                312728.76270902902,
                1521567.1759679373
              ],
              [
                312739.43409574404,
                1521621.8390538767
              ],
              [
                312799.87904203404,
                1521607.1039464548
              ],
              [
                312842.84168852121,
                1521584.9713780954
              ],
              [
                312865.20863187779,
                1521631.0748937186
              ],
              [
                312888.56373441778,
                1521606.7670323905
              ],
              [
                312898.56251371559,
                1521627.3761632517
              ],
              [
                312928.76637113653,
                1521637.1771886405
              ]
            ]
          ],
          [
            [
              [
                314608.50880277809,
                1522239.7894933298
              ],
              [
                314587.36256254278,
                1522343.0353429411
              ],
              [
                314558.56251371372,
                1522427.1759679411
              ],
              [
                314538.96290433779,
                1522507.5763585623
              ],
              [
                314513.46241605934,
                1522582.0758702848
              ],
              [
                314490.08717191778,
                1522654.1107823923
              ],
              [
                314468.56251371559,
                1522707.1759679373
              ],
              [
                314445.48634184059,
                1522801.8353917655
              ],
              [
                314408.56251371466,
                1522887.1759679411
              ],
              [
                314388.96290434152,
                1522947.5763585623
              ],
              [
                314368.56251371652,
                1523007.1759679392
              ],
              [
                314347.93141019903,
                1523070.7550695017
              ],
              [
                314303.76270902529,
                1523156.4935948923
              ],
              [
                314185.43995512091,
                1523270.1764562204
              ],
              [
                314075.59376371186,
                1523323.4674718436
              ],
              [
                313946.40919340216,
                1523337.1759679411
              ],
              [
                313843.87989652809,
                1523316.1762120798
              ],
              [
                313740.99781644903,
                1523263.1757237986
              ],
              [
                313645.76222074497,
                1523164.0534093454
              ],
              [
                313594.73560941964,
                1523058.8751866892
              ],
              [
                313578.76270902809,
                1522951.4935948905
              ],
              [
                313610.38258207496,
                1522518.1134679411
              ],
              [
                313640.26295316964,
                1522401.5228917655
              ],
              [
                313737.00001371466,
                1522213.7384679392
              ],
              [
                313788.76270902622,
                1522137.3761632498
              ],
              [
                313813.66261137091,
                1522092.2760655936
              ],
              [
                313857.19410551246,
                1522107.1759679392
              ],
              [
                314160.78297269903,
                1522095.8014562186
              ],
              [
                314316.46290434059,
                1522020.2741124686
              ],
              [
                314358.62721097935,
                1521958.0719640311
              ],
              [
                314372.52247465309,
                1521886.8952062204
              ],
              [
                314417.6677383231,
                1521818.0353429373
              ],
              [
                314423.66261137277,
                1521812.2760655973
              ],
              [
                314433.46241605841,
                1521822.4762609061
              ],
              [
                314533.40504301246,
                1521918.4992101286
              ],
              [
                314580.13600004278,
                1521989.7760655973
              ],
              [
                314611.63136137184,
                1522086.8317296598
              ],
              [
                314608.50880277809,
                1522239.7894933298
              ]
            ]
          ],
          [
            [
              [
                314374.52442777809,
                1535448.5195043162
              ],
              [
                314480.03956449404,
                1535492.4062230662
              ],
              [
                314574.39625394996,
                1535572.6741674002
              ],
              [
                314632.67384184059,
                1535664.3073155954
              ],
              [
                314658.54420316871,
                1535748.085849531
              ],
              [
                314663.66261136997,
                1535862.2760655954
              ],
              [
                314569.29615629278,
                1535883.7134435251
              ],
              [
                314415.8806289481,
                1535931.508243328
              ],
              [
                314114.25709378999,
                1536070.1355626658
              ],
              [
                313943.66261136904,
                1536182.2760655936
              ],
              [
                313869.59278715402,
                1536095.5614354666
              ],
              [
                313820.94044340029,
                1535989.5581700858
              ],
              [
                313808.94337308779,
                1535839.5691564139
              ],
              [
                313843.16212309059,
                1535711.8056371268
              ],
              [
                313901.31886137277,
                1535604.7844579294
              ],
              [
                314008.38673246466,
                1535509.1197850797
              ],
              [
                314103.84571684152,
                1535465.3073766306
              ],
              [
                314237.53346097935,
                1535440.3545262869
              ],
              [
                314374.52442777809,
                1535448.5195043162
              ]
            ]
          ],
          [
            [
              [
                306073.66261136811,
                1527592.2760655954
              ],
              [
                306054.78748929873,
                1527531.1511876658
              ],
              [
                306009.40052641183,
                1527404.6582677439
              ],
              [
                306000.47871244419,
                1527254.9701573905
              ],
              [
                306034.65077054873,
                1527144.3073155954
              ],
              [
                306092.92896879278,
                1527052.6740148142
              ],
              [
                306169.46125638951,
                1526987.5690343436
              ],
              [
                306261.09760892857,
                1526936.3532140348
              ],
              [
                306224.65046537668,
                1526818.3222081736
              ],
              [
                306149.30683744326,
                1526800.7929112986
              ],
              [
                306065.49854887277,
                1526775.9747960642
              ],
              [
                305906.35700834356,
                1526785.4596593436
              ],
              [
                305795.69386137184,
                1526751.2872960623
              ],
              [
                305704.06086576544,
                1526693.0097081717
              ],
              [
                305623.79261625465,
                1526598.6530187204
              ],
              [
                305588.38001859747,
                1526513.5114171579
              ],
              [
                305554.3007339295,
                1526367.0380284861
              ],
              [
                305327.36363065895,
                1526297.288272623
              ],
              [
                305039.79557645973,
                1526287.2577550486
              ],
              [
                304927.94392240606,
                1526252.7191808298
              ],
              [
                304834.76612699591,
                1526193.4589269217
              ],
              [
                304739.86302030366,
                1526088.1000402048
              ],
              [
                304688.82847440615,
                1525996.7877843454
              ],
              [
                304558.76011503022,
                1526056.8829991892
              ],
              [
                304423.30540311802,
                1526096.9953038767
              ],
              [
                304203.40702665411,
                1526087.338321453
              ],
              [
                304113.66261136997,
                1526062.2760655973
              ],
              [
                304124.69593656715,
                1526005.7587316111
              ],
              [
                304156.46641386207,
                1525940.2716710623
              ],
              [
                304198.56266630255,
                1525887.1759679373
              ],
              [
                304288.78773344215,
                1525787.3480870798
              ],
              [
                304274.99073637091,
                1525692.9328038786
              ],
              [
                304308.83152616583,
                1525627.2418859079
              ],
              [
                304275.21000516973,
                1525594.9396398123
              ],
              [
                304562.14726103004,
                1525359.2218663748
              ],
              [
                304709.82700956427,
                1525240.010440601
              ],
              [
                304776.31352079473,
                1525218.4357335623
              ],
              [
                304871.58177030738,
                1525177.2162511423
              ],
              [
                305002.28001249488,
                1525132.4811437204
              ],
              [
                305167.70207059849,
                1525081.2482335642
              ],
              [
                305213.66261137184,
                1525072.2760655954
              ],
              [
                305233.66261136997,
                1525072.2760655954
              ],
              [
                305233.66261136997,
                1525062.2760655936
              ],
              [
                305243.66261137184,
                1525062.2760655936
              ],
              [
                305273.66261136997,
                1525062.2760655936
              ],
              [
                305273.66261136997,
                1525052.2760655936
              ],
              [
                305313.66261137091,
                1525052.2760655936
              ],
              [
                305313.66261137091,
                1525042.2760655936
              ],
              [
                305381.51569974981,
                1525033.7897374686
              ],
              [
                305497.76600492559,
                1525002.8998448923
              ],
              [
                305503.66261137091,
                1524982.2760655936
              ],
              [
                305542.51942289528,
                1524968.9765050467
              ],
              [
                305860.24098051246,
                1524887.5495030973
              ],
              [
                305903.55854643136,
                1524886.6657140348
              ],
              [
                306004.18934477028,
                1525022.4164464548
              ],
              [
                306075.96272123512,
                1525097.1185948923
              ],
              [
                306190.84553373419,
                1525198.1818273161
              ],
              [
                306330.83149565011,
                1525232.3078038748
              ],
              [
                306389.36543119606,
                1525270.6842687204
              ],
              [
                306410.03285062779,
                1525460.9088780936
              ],
              [
                306521.68446195778,
                1525640.7172277048
              ],
              [
                306643.26588285435,
                1525751.6681554373
              ],
              [
                306804.16157377139,
                1525851.5753819998
              ],
              [
                306866.52699125279,
                1525933.7665441129
              ],
              [
                306907.31739652529,
                1525995.9821202811
              ],
              [
                307039.4444717234,
                1526143.9252355155
              ],
              [
                307076.0042251423,
                1526197.8595616873
              ],
              [
                307117.74372709449,
                1526326.4850499704
              ],
              [
                307170.58186185732,
                1526362.3017003592
              ],
              [
                307394.60743558779,
                1526393.5761144217
              ],
              [
                307418.63789213169,
                1526416.6644933317
              ],
              [
                307447.86854398809,
                1526536.5704991892
              ],
              [
                307506.02528227028,
                1526575.9918859079
              ],
              [
                307749.75941313058,
                1526681.4472081717
              ],
              [
                307848.42213285435,
                1526633.5809972361
              ],
              [
                308020.62916410435,
                1526509.7296788767
              ],
              [
                308120.96424711216,
                1526480.6928136405
              ],
              [
                308432.49378812872,
                1526577.1759679392
              ],
              [
                308511.86817777716,
                1526563.3515050486
              ],
              [
                308698.56251371279,
                1526467.1759679411
              ],
              [
                309248.76270902622,
                1526187.3761632498
              ],
              [
                309594.27235258184,
                1526009.3866612986
              ],
              [
                309698.31471098121,
                1525962.8107335642
              ],
              [
                310328.76270902622,
                1525927.376163248
              ],
              [
                310508.56251371466,
                1525917.1759679392
              ],
              [
                311038.76270902622,
                1525887.3761632517
              ],
              [
                311898.56251371559,
                1525837.1759679373
              ],
              [
                312198.09803617653,
                1525819.9286534842
              ],
              [
                312199.75941312965,
                1525738.5236241873
              ],
              [
                312157.16175688058,
                1525655.8331944998
              ],
              [
                312158.76637113374,
                1525577.1869542673
              ],
              [
                312128.81397855934,
                1525489.6784093436
              ],
              [
                312126.18946684059,
                1525361.0895421561
              ],
              [
                312138.76270902902,
                1525287.3761632498
              ],
              [
                312152.30457914248,
                1525176.5546300467
              ],
              [
                312173.66261137184,
                1525072.2760655954
              ],
              [
                312329.01112211309,
                1524997.7789952811
              ],
              [
                312531.52821195684,
                1524993.6456945036
              ],
              [
                312617.45655668247,
                1525011.2457921561
              ],
              [
                312716.26026762091,
                1524977.4274327829
              ],
              [
                312953.78224027809,
                1524972.5800206717
              ],
              [
                313055.60963285528,
                1525005.6232335623
              ],
              [
                313125.49610746372,
                1525047.1088292673
              ],
              [
                313178.72730863746,
                1525087.5006749704
              ],
              [
                313212.91309965309,
                1524966.2982823923
              ],
              [
                313276.55323636811,
                1524869.2304112948
              ],
              [
                313369.66602933779,
                1524791.0663487986
              ],
              [
                313476.77296293154,
                1524747.6203038786
              ],
              [
                313657.92408598214,
                1524743.9240148105
              ],
              [
                313754.91993559152,
                1524775.3986241892
              ],
              [
                313913.41358793527,
                1524861.4057042692
              ],
              [
                314003.65894926339,
                1524966.0431554392
              ],
              [
                314038.76270902809,
                1525047.1759679392
              ],
              [
                314058.56251371186,
                1525097.3761632498
              ],
              [
                314199.34132230841,
                1525152.9022862967
              ],
              [
                314305.43995512091,
                1525204.3756749723
              ],
              [
                314423.76270902716,
                1525318.0585363004
              ],
              [
                314477.56275785342,
                1525422.4933507498
              ],
              [
                314491.36402738746,
                1525489.8798253592
              ],
              [
                314487.23438871372,
                1525692.2760655936
              ],
              [
                314496.62281644996,
                1526152.3371007498
              ],
              [
                314460.58766019903,
                1526263.3832433298
              ],
              [
                314408.56251371466,
                1526377.1759679392
              ],
              [
                314398.76270902716,
                1526477.3761632517
              ],
              [
                314358.76270902809,
                1526694.8017003592
              ],
              [
                314370.04933012277,
                1526928.1073644217
              ],
              [
                314397.70069730841,
                1526956.8878819998
              ],
              [
                314509.86012113746,
                1527020.4755284842
              ],
              [
                314616.47755277902,
                1527105.0055577811
              ],
              [
                314688.76270902622,
                1527187.1759679373
              ],
              [
                314729.86744535435,
                1527239.0216710623
              ],
              [
                314743.66261137184,
                1527252.2760655936
              ],
              [
                314747.74708402529,
                1527268.1915929355
              ],
              [
                314763.66261137277,
                1527292.2760655936
              ],
              [
                314763.66261137277,
                1527302.2760655936
              ],
              [
                314773.66261136997,
                1527302.2760655936
              ],
              [
                314778.56251371372,
                1527317.3761632498
              ],
              [
                314798.96290434059,
                1527376.9757726267
              ],
              [
                314822.3943008231,
                1527449.1858556345
              ],
              [
                314871.50196684059,
                1527713.1745030954
              ],
              [
                314866.87550199684,
                1527939.873111492
              ],
              [
                314888.76270902809,
                1528037.1759679355
              ],
              [
                314898.56251371372,
                1528149.5288732126
              ],
              [
                314877.56275785621,
                1528252.0581700858
              ],
              [
                314824.5622695731,
                1528354.9408605173
              ],
              [
                314724.8161758231,
                1528450.775821453
              ],
              [
                314596.32740629278,
                1528513.1116368845
              ],
              [
                314505.7976211356,
                1528677.0825841501
              ],
              [
                314436.70826566778,
                1528759.3854405936
              ],
              [
                314346.16261136997,
                1528818.7494542655
              ],
              [
                314248.51612699684,
                1528850.4364659879
              ],
              [
                313922.39063871559,
                1528843.7805821951
              ],
              [
                313801.91944730747,
                1528826.176212078
              ],
              [
                313681.73878324591,
                1528795.3760411795
              ],
              [
                313471.24806059059,
                1528686.9409825876
              ],
              [
                313372.79225004278,
                1528602.0270421579
              ],
              [
                313281.03321683872,
                1528432.9328038748
              ],
              [
                313220.52906644996,
                1528229.4928624686
              ],
              [
                313208.76270902716,
                1528097.1759679373
              ],
              [
                313198.56251371559,
                1528047.3761632517
              ],
              [
                313188.76270902529,
                1527895.0232579783
              ],
              [
                313209.76246488653,
                1527792.4939611051
              ],
              [
                313265.98805082403,
                1527683.350894697
              ],
              [
                313349.88941801246,
                1527586.0700109061
              ],
              [
                313461.25172269996,
                1527519.962222822
              ],
              [
                313364.69044340216,
                1527411.8433263376
              ],
              [
                313314.20216215402,
                1527307.7771642301
              ],
              [
                313298.76148832496,
                1527197.1723058298
              ],
              [
                313218.66261137091,
                1527198.8068273123
              ],
              [
                313126.77296293341,
                1527196.9318273161
              ],
              [
                313018.09986723121,
                1527152.8510167655
              ],
              [
                312916.47633207403,
                1527065.2045323923
              ],
              [
                312857.18922269996,
                1526974.7760655954
              ],
              [
                312819.27052152716,
                1526857.9254796579
              ],
              [
                312780.92762601841,
                1526801.3605382536
              ],
              [
                312744.22657621466,
                1526739.5355870798
              ],
              [
                312685.60352933966,
                1526818.6176183298
              ],
              [
                312624.74476469122,
                1526972.9157140329
              ],
              [
                312547.45655668247,
                1527139.5612218436
              ],
              [
                312482.43031156436,
                1527225.258243328
              ],
              [
                312459.64466703497,
                1527295.4743077848
              ],
              [
                312372.13612211403,
                1527484.1553380545
              ],
              [
                312306.34571683966,
                1527598.388736492
              ],
              [
                312166.50562894903,
                1527749.3976476248
              ],
              [
                312079.28578031436,
                1527814.0527989939
              ],
              [
                311921.96644437965,
                1527890.3760411814
              ],
              [
                311780.21168363467,
                1527936.3757970408
              ],
              [
                311540.84339750465,
                1527947.5360753592
              ],
              [
                311641.25355375372,
                1528059.9646642301
              ],
              [
                311700.13600004185,
                1528149.7760655954
              ],
              [
                311738.36231840309,
                1528267.5763585661
              ],
              [
                311765.29286039434,
                1528319.8529698905
              ],
              [
                311879.34071195778,
                1528384.5123937186
              ],
              [
                311972.16236723028,
                1528481.123111492
              ],
              [
                312037.75562894903,
                1528616.3245275095
              ],
              [
                312048.56251371186,
                1528947.3761632517
              ],
              [
                312088.08766019903,
                1529044.8194005582
              ],
              [
                312098.56251371372,
                1529391.8817784842
              ],
              [
                312050.31910551246,
                1529627.4231603183
              ],
              [
                312038.76270902902,
                1529757.3761632498
              ],
              [
                312018.80604398623,
                1529874.3775060251
              ],
              [
                312008.76270902809,
                1529989.9213292673
              ],
              [
                312031.5001357859,
                1530123.226993328
              ],
              [
                312026.53431547247,
                1530366.5759923514
              ],
              [
                312007.76234281342,
                1530513.4351232108
              ],
              [
                311942.15382230934,
                1530705.1154210642
              ],
              [
                311928.76270902622,
                1530787.3761632517
              ],
              [
                311908.91895902716,
                1530884.2597081754
              ],
              [
                311898.76270902809,
                1530967.3761632517
              ],
              [
                311887.36256254092,
                1531023.0347325876
              ],
              [
                311855.56263578404,
                1531115.9406163748
              ],
              [
                311807.77332914528,
                1531208.7079503629
              ],
              [
                311810.80555570684,
                1531357.2760655936
              ],
              [
                311808.25367582496,
                1531482.3279454745
              ],
              [
                311758.56251371279,
                1531597.1759679411
              ],
              [
                311748.08460844029,
                1531672.2321202811
              ],
              [
                311758.76270902809,
                1531787.1759679392
              ],
              [
                311768.56251371372,
                1531950.117252117
              ],
              [
                311738.56251371466,
                1532067.1759679355
              ],
              [
                311726.03504789248,
                1532156.9129064139
              ],
              [
                311698.56251371466,
                1532237.1759679392
              ],
              [
                311679.82227933966,
                1532294.9268224314
              ],
              [
                311648.56251371279,
                1532367.1759679373
              ],
              [
                311637.61036527622,
                1532590.9091832712
              ],
              [
                311589.58485258184,
                1532709.3094518241
              ],
              [
                311512.96253812779,
                1532858.0466344431
              ],
              [
                311348.6443008231,
                1533015.9207799509
              ],
              [
                311338.67664945871,
                1533168.6911656912
              ],
              [
                311317.02686918341,
                1533253.1674840525
              ],
              [
                311207.53834379371,
                1533424.4187047537
              ],
              [
                311176.01551664621,
                1533504.3414952811
              ],
              [
                311230.2745498484,
                1533568.9774205741
              ],
              [
                311270.13600004371,
                1533629.7760655973
              ],
              [
                311302.59083402529,
                1533729.7897985037
              ],
              [
                311298.51124418434,
                1533929.6781041678
              ],
              [
                311268.36598051246,
                1534017.7500035837
              ],
              [
                311271.53736723214,
                1534173.1531407926
              ],
              [
                311196.5440810984,
                1534557.5214269236
              ],
              [
                311211.36463773809,
                1534629.8798253592
              ],
              [
                311208.51124418434,
                1534769.6781041678
              ],
              [
                311178.56251371466,
                1534857.1759679392
              ],
              [
                311164.94801176153,
                1534982.4838903025
              ],
              [
                311129.61781156715,
                1535189.6160008963
              ],
              [
                311118.76270902809,
                1535267.3760106619
              ],
              [
                311107.98939359654,
                1535319.9761083182
              ],
              [
                311068.56251371466,
                1535417.1761205271
              ],
              [
                311057.80323637091,
                1535527.1858861502
              ],
              [
                311028.56251371466,
                1535657.1761205271
              ],
              [
                311018.76270902809,
                1535707.3760106601
              ],
              [
                311007.36256254278,
                1535763.0348851755
              ],
              [
                310968.71143949684,
                1535875.9563329294
              ],
              [
                310952.22950589936,
                1536010.8428075369
              ],
              [
                310916.98475492653,
                1536132.6291539762
              ],
              [
                310873.99037016183,
                1536308.9927556589
              ],
              [
                310824.9626601981,
                1536404.1642644461
              ],
              [
                310743.66261137277,
                1536482.2760655954
              ],
              [
                310737.53407133278,
                1536425.8682134207
              ],
              [
                310718.76270902436,
                1536387.1760442313
              ],
              [
                310688.26649320778,
                1536377.2799565867
              ],
              [
                310666.31275785528,
                1536309.6260716971
              ],
              [
                310628.56251371559,
                1536297.3760869578
              ],
              [
                310583.49171293434,
                1536191.2016942594
              ],
              [
                310488.76270902716,
                1536175.7807042673
              ],
              [
                310498.56251371466,
                1536117.176120529
              ],
              [
                310508.76270902529,
                1536107.3760106638
              ],
              [
                310546.16261136997,
                1535899.2204930857
              ],
              [
                310568.56251371652,
                1535797.1761205252
              ],
              [
                310598.76270902716,
                1535667.3760106638
              ],
              [
                310608.56251371466,
                1535587.1761205271
              ],
              [
                310620.52601468936,
                1535493.5803868845
              ],
              [
                310616.38783109561,
                1535290.8095433787
              ],
              [
                310644.65565336309,
                1535235.9366490915
              ],
              [
                310636.46229398996,
                1534834.4644811209
              ],
              [
                310652.83070219308,
                1534784.023502117
              ],
              [
                310757.04456938058,
                1534606.1771276053
              ],
              [
                310768.56251371559,
                1534547.1759679373
              ],
              [
                310793.16395414528,
                1534462.1683385447
              ],
              [
                310858.56251371559,
                1534159.427860029
              ],
              [
                310841.53919828404,
                1534016.5482213553
              ],
              [
                310799.68128812779,
                1533887.5574376639
              ],
              [
                310652.96864164528,
                1533553.5883214567
              ],
              [
                310618.76270902529,
                1533420.1172521207
              ],
              [
                310735.35694730841,
                1533102.4240758494
              ],
              [
                310817.23744047247,
                1532888.3511998747
              ],
              [
                311057.37354886904,
                1532300.4315831754
              ],
              [
                311128.56251371652,
                1532037.1759679411
              ],
              [
                311198.14137113746,
                1531817.8058507517
              ],
              [
                311201.58619535621,
                1531649.0332677439
              ],
              [
                311179.78993070778,
                1531492.9010655954
              ],
              [
                311128.56251371652,
                1531207.3761632517
              ],
              [
                311090.64747465309,
                1530958.056705242
              ],
              [
                311052.60548246559,
                1530763.1860997751
              ],
              [
                310944.05018461403,
                1530593.3954503592
              ],
              [
                310788.56251371652,
                1530297.3761632517
              ],
              [
                310562.38514555059,
                1529854.6942784842
              ],
              [
                310448.76270902809,
                1529637.1759679373
              ],
              [
                310108.56251371559,
                1528987.3761632517
              ],
              [
                309914.66053617466,
                1528616.1719396189
              ],
              [
                309720.05665433872,
                1528245.2942540701
              ],
              [
                309172.43031156808,
                1528334.9628331736
              ],
              [
                308604.41456449684,
                1528425.6281163786
              ],
              [
                308208.8682998484,
                1528433.7006261423
              ],
              [
                308101.7155898856,
                1528398.9288976248
              ],
              [
                308021.60938871652,
                1528351.3757970389
              ],
              [
                307998.56251371652,
                1528317.3761632517
              ],
              [
                307793.12794340216,
                1528014.0949132517
              ],
              [
                307564.60468900856,
                1527701.4881017301
              ],
              [
                307441.21937406715,
                1527592.9462316111
              ],
              [
                307291.307569867,
                1527567.3761632498
              ],
              [
                307159.06056058779,
                1527579.9902989939
              ],
              [
                307063.40351713169,
                1527603.3093907889
              ],
              [
                307015.14027250465,
                1527649.6796300486
              ],
              [
                307021.05488432106,
                1527939.4959142283
              ],
              [
                306980.44727933686,
                1528064.6338536795
              ],
              [
                306943.31135404576,
                1528114.7296788748
              ],
              [
                306899.78748930153,
                1528137.1509435233
              ],
              [
                306814.80915678293,
                1528138.8855626639
              ],
              [
                306583.26862943824,
                1528117.3761632517
              ],
              [
                306409.61720121559,
                1528133.6292150114
              ],
              [
                306278.56251371559,
                1528157.1759679392
              ],
              [
                306164.6446670359,
                1528178.1336095426
              ],
              [
                306066.31275785342,
                1528162.1259191129
              ],
              [
                306018.49598539621,
                1528130.7758214548
              ],
              [
                305844.66847074591,
                1527941.8585851248
              ],
              [
                305780.67402494512,
                1527891.1218907926
              ],
              [
                305576.20655668527,
                1527719.4782140329
              ],
              [
                305427.82673490327,
                1527678.6670568082
              ],
              [
                305388.78712309059,
                1527716.176212078
              ],
              [
                305386.78028715216,
                1527814.5044591483
              ],
              [
                305427.88746488746,
                1527894.3012120798
              ],
              [
                305429.72950590029,
                1527984.5514562204
              ],
              [
                305409.04255521949,
                1528044.9896886405
              ],
              [
                305372.03999174293,
                1528213.5565831736
              ],
              [
                305340.49030912481,
                1528246.3941075895
              ],
              [
                305264.92222440988,
                1528277.0465734061
              ],
              [
                305136.73084867653,
                1528279.662540203
              ],
              [
                304764.44492948707,
                1528237.3761632498
              ],
              [
                304570.40577543341,
                1528248.8397862967
              ],
              [
                304451.99543607794,
                1528295.5432775076
              ],
              [
                304354.3402541941,
                1528350.9088780936
              ],
              [
                304273.68961942568,
                1528444.4208409842
              ],
              [
                303992.78378141206,
                1528823.360660322
              ],
              [
                303864.29684293922,
                1528939.4885900095
              ],
              [
                303587.29923856817,
                1529046.6168859061
              ],
              [
                303421.86772001442,
                1529061.3287999704
              ],
              [
                303232.70107877906,
                1529102.852847822
              ],
              [
                303162.06055296212,
                1529125.7758214548
              ],
              [
                303099.37462461647,
                1529156.1878087576
              ],
              [
                303080.02047193702,
                1529193.7579991892
              ],
              [
                303065.60557020362,
                1529326.4337804373
              ],
              [
                303011.91515577491,
                1529408.3252599314
              ],
              [
                302914.2342532929,
                1529487.1759679392
              ],
              [
                302894.63438642304,
                1529462.4127843417
              ],
              [
                302856.87023771461,
                1529300.101993328
              ],
              [
                302859.98948705755,
                1529147.2589757498
              ],
              [
                302794.2742408542,
                1529029.7046544626
              ],
              [
                302814.19952524453,
                1528971.4917638358
              ],
              [
                302783.66261137184,
                1528882.2760655954
              ],
              [
                302931.69446600135,
                1528744.9982335642
              ],
              [
                303028.76261365786,
                1528687.3761632498
              ],
              [
                303033.66261137277,
                1528682.2760655954
              ],
              [
                303053.66261136811,
                1528682.2760655954
              ],
              [
                303093.45888746437,
                1528667.9968907889
              ],
              [
                303275.55256498232,
                1528655.7709386405
              ],
              [
                303349.61079252139,
                1528627.3010900114
              ],
              [
                303297.53761900123,
                1528603.4009435251
              ],
              [
                303231.73771513067,
                1528567.6447179373
              ],
              [
                303114.89498746954,
                1528540.4596593454
              ],
              [
                303022.00102460757,
                1528486.3764073905
              ],
              [
                302973.66261137091,
                1528432.2760655954
              ],
              [
                303008.56260908302,
                1528427.1759679392
              ],
              [
                303164.73847044166,
                1528410.2081945017
              ],
              [
                303237.11460722145,
                1528352.8259923514
              ],
              [
                303248.76259458717,
                1528307.3761632517
              ],
              [
                303258.56262815744,
                1528087.1759679373
              ],
              [
                303273.86261594761,
                1527982.4762609098
              ],
              [
                303294.42928922549,
                1527835.1514318045
              ],
              [
                303331.92627561558,
                1527681.3373448923
              ],
              [
                303415.26959074102,
                1527503.490665203
              ],
              [
                303507.32639921084,
                1527188.8703038767
              ],
              [
                303568.80703581031,
                1527124.8810460661
              ],
              [
                303816.87069547828,
                1526919.672305828
              ],
              [
                303853.91262662783,
                1526865.0263097361
              ],
              [
                303926.50257719122,
                1526724.115665203
              ],
              [
                303978.76263273321,
                1526607.3761632498
              ],
              [
                304018.5625900086,
                1526517.1759679373
              ],
              [
                304023.66261137184,
                1526512.2760655973
              ],
              [
                304066.56574857887,
                1526520.4669835642
              ],
              [
                304176.32938993722,
                1526584.9957921561
              ],
              [
                304263.60966337472,
                1526685.6293370761
              ],
              [
                304307.91844022833,
                1526793.500430828
              ],
              [
                304314.44706571475,
                1526958.2135655936
              ],
              [
                304281.42628324404,
                1527062.5104405954
              ],
              [
                304222.75074613467,
                1527153.3746984079
              ],
              [
                304120.30933988653,
                1527242.2235753592
              ],
              [
                304053.52207792271,
                1527269.6564366892
              ],
              [
                303988.8532699421,
                1527290.1312902048
              ],
              [
                304000.95005643833,
                1527337.0856359079
              ],
              [
                304048.85326994024,
                1527317.4664952829
              ],
              [
                304161.88755643927,
                1527268.139102703
              ],
              [
                304320.7123245066,
                1527261.8439366873
              ],
              [
                304423.89698636904,
                1527294.5123937186
              ],
              [
                304514.97059476934,
                1527353.3234288748
              ],
              [
                304594.21055448707,
                1527447.0917394217
              ],
              [
                304637.69505155459,
                1527552.9559972361
              ],
              [
                304648.47202909645,
                1527777.4664952829
              ],
              [
                304888.85319364443,
                1527787.0856359079
              ],
              [
                304978.84998929873,
                1527797.5104405954
              ],
              [
                304992.01450956613,
                1527619.0674474314
              ],
              [
                305025.89893949591,
                1527512.0416905973
              ],
              [
                305084.57447660435,
                1527421.1774327811
              ],
              [
                305187.01588285714,
                1527332.3291661795
              ],
              [
                305294.8866714295,
                1527288.0206944998
              ],
              [
                305439.36665189918,
                1527282.2931554373
              ],
              [
                305617.22218168061,
                1527313.9050939158
              ],
              [
                305712.92133939825,
                1527344.2035558298
              ],
              [
                305852.96345365699,
                1527426.5332677457
              ],
              [
                305938.85334623419,
                1527487.0856359061
              ],
              [
                306032.11781156622,
                1527562.9871251676
              ],
              [
                306073.66261136811,
                1527592.2760655954
              ],
              [
                306077.08576810919,
                1527604.4684484079
              ],
              [
                306085.85499418154,
                1527595.6995275095
              ],
              [
                306073.66261136811,
                1527592.2760655954
              ]
            ],
            [
              [
                307303.8438857859,
                1527033.549258953
              ],
              [
                307226.19129789248,
                1527118.0536534861
              ],
              [
                307319.57813871559,
                1527126.3605382536
              ],
              [
                307437.65827787574,
                1527155.5975987986
              ],
              [
                307411.01551664248,
                1527092.1649816111
              ],
              [
                307387.74708402716,
                1526998.1915929392
              ],
              [
                307383.66261137277,
                1526992.2760655936
              ],
              [
                307303.8438857859,
                1527033.549258953
              ]
            ]
          ]
        ]
      },
      "properties" : {
        "OBJECTID" : 5,
        "gridcode" : 5,
        "Shape_Length" : 71350.463560635355,
        "Shape_Area" : 35109621.198861577
      }
    }
  ]
}