{
  "type" : "FeatureCollection",
  "crs" : {
    "type" : "name",
    "properties" : {
      "name" : "EPSG:32649"
    }
  },
  "features" : [
    {
      "type" : "Feature",
      "id" : 1,
      "geometry" : {
        "type" : "MultiPolygon",
        "coordinates" : [
          [
            [
              [
                314933.66261137091,
                1521202.2760655936
              ],
              [
                314868.29029691592,
                1521206.9037511423
              ],
              [
                314783.66261137277,
                1521222.2760655936
              ],
              [
                314793.78101957403,
                1521209.1669347342
              ],
              [
                314833.54420316778,
                1521185.385196453
              ],
              [
                314851.52393949777,
                1521162.0917394236
              ],
              [
                314946.25782621559,
                1521147.9193761423
              ],
              [
                314933.66261137091,
                1521202.2760655936
              ]
            ]
          ],
          [
            [
              [
                316189.42310941871,
                1521989.2829015348
              ],
              [
                316193.66261137184,
                1522182.2760655954
              ],
              [
                316180.17384184059,
                1522170.6549718436
              ],
              [
                316129.53785551339,
                1522089.8114659842
              ],
              [
                316113.66261136997,
                1522062.2760655917
              ],
              [
                316137.64698637091,
                1522045.7160069998
              ],
              [
                316147.74708402809,
                1522006.360538248
              ],
              [
                316162.32960355841,
                1521971.6400792655
              ],
              [
                316189.42310941871,
                1521989.2829015348
              ]
            ]
          ],
          [
            [
              [
                312313.29029691871,
                1521673.2892491855
              ],
              [
                312274.15943754371,
                1521760.9833409861
              ],
              [
                312232.65431059059,
                1521898.8385655954
              ],
              [
                312211.75282133278,
                1522081.1652257517
              ],
              [
                312223.66261137091,
                1522202.2760655954
              ],
              [
                312197.07386625279,
                1522194.2706945017
              ],
              [
                312106.6374648856,
                1522089.301212078
              ],
              [
                312036.80348050874,
                1522029.1351964548
              ],
              [
                312007.52918852121,
                1521995.1569249704
              ],
              [
                311919.76490629185,
                1521955.9943273161
              ],
              [
                311918.24146879092,
                1521937.0380284879
              ],
              [
                311936.69239652716,
                1521886.7938878611
              ],
              [
                311942.40040434059,
                1521815.7550694998
              ],
              [
                311899.73133695778,
                1521755.5756261405
              ],
              [
                311893.63819730747,
                1521679.7418859079
              ],
              [
                311908.29090726841,
                1521646.9037511423
              ],
              [
                311928.47157132998,
                1521610.7330968454
              ],
              [
                311939.20338285528,
                1521551.9013097361
              ],
              [
                312000.78175199591,
                1521570.4413487986
              ],
              [
                312048.73463285621,
                1521607.9962804392
              ],
              [
                312061.57581937779,
                1521593.090274578
              ],
              [
                312167.58289945778,
                1521601.6083409861
              ],
              [
                312229.0343154734,
                1521587.6483800486
              ],
              [
                312267.50416410528,
                1521573.5211827811
              ],
              [
                312288.29090726934,
                1521597.6483800486
              ],
              [
                312353.66261137091,
                1521602.2760655973
              ],
              [
                312313.29029691871,
                1521673.2892491855
              ]
            ]
          ],
          [
            [
              [
                315079.30592191778,
                1525707.9193761405
              ],
              [
                315073.66261137184,
                1525712.2760655936
              ],
              [
                315065.17628324591,
                1525690.1984288767
              ],
              [
                315073.66261137184,
                1525622.2760655973
              ],
              [
                315088.09132230841,
                1525586.4533116873
              ],
              [
                315106.50929105747,
                1525589.1742589548
              ],
              [
                315096.52149808872,
                1525656.7645909861
              ],
              [
                315109.30592191592,
                1525666.6327550467
              ],
              [
                315118.01930082217,
                1525690.8759191073
              ],
              [
                315088.0925430106,
                1525686.4533116892
              ],
              [
                315079.30592191778,
                1525707.9193761405
              ]
            ]
          ],
          [
            [
              [
                312548.85304105841,
                1524497.4664952848
              ],
              [
                312534.84242094122,
                1524631.9135167655
              ],
              [
                312483.76576078497,
                1524849.8297765311
              ],
              [
                312468.85304105654,
                1525067.4664952829
              ],
              [
                312458.47218168527,
                1525127.0856359079
              ],
              [
                312444.69593656529,
                1525242.2052648142
              ],
              [
                312450.64320219029,
                1525392.2528722361
              ],
              [
                312480.77686918434,
                1525536.2787511405
              ],
              [
                312333.39649809059,
                1525627.2565343454
              ],
              [
                312203.66261136997,
                1525742.2760655954
              ],
              [
                312155.70240629278,
                1525656.9635655936
              ],
              [
                312158.86707914248,
                1525577.1246984042
              ],
              [
                312129.05018461496,
                1525492.0538976267
              ],
              [
                312124.26258695871,
                1525371.2604405936
              ],
              [
                312138.85304105654,
                1525287.4664952829
              ],
              [
                312154.73316800967,
                1525154.7650792673
              ],
              [
                312184.1173232859,
                1525031.4032628573
              ],
              [
                312264.84181058872,
                1524983.9459874704
              ],
              [
                312278.85304105934,
                1524957.4664952792
              ],
              [
                312288.47218168154,
                1524877.0856359079
              ],
              [
                312328.49659574591,
                1524824.8908116892
              ],
              [
                312339.74049222842,
                1524590.6610753592
              ],
              [
                312464.66419828311,
                1524566.810977703
              ],
              [
                312519.10023344215,
                1524492.5946691092
              ],
              [
                312553.66261137277,
                1524472.2760655954
              ],
              [
                312548.85304105841,
                1524497.4664952848
              ]
            ]
          ],
          [
            [
              [
                311162.9265273856,
                1526447.9035069998
              ],
              [
                311039.38221586309,
                1526468.9765050467
              ],
              [
                310859.99806059059,
                1526530.3766515329
              ],
              [
                310750.73048246466,
                1526586.6657140329
              ],
              [
                310569.32057035342,
                1526652.1832921561
              ],
              [
                310425.74024809152,
                1526734.8761632517
              ],
              [
                310296.56239164434,
                1526839.1522862948
              ],
              [
                310188.84571683872,
                1526969.3646886423
              ],
              [
                310010.21412503999,
                1526938.8947179392
              ],
              [
                309358.76270902622,
                1526817.1759679392
              ],
              [
                309181.24378812872,
                1526784.1547277011
              ],
              [
                308658.43556059059,
                1526688.1732823923
              ],
              [
                308638.76270902529,
                1526527.1759679373
              ],
              [
                308633.66261137277,
                1526502.2760655954
              ],
              [
                308698.47218168154,
                1526467.0856359079
              ],
              [
                309248.85304105934,
                1526187.4664952829
              ],
              [
                309427.37110746466,
                1526093.0036046561
              ],
              [
                309697.51759184152,
                1525962.7228429392
              ],
              [
                310328.85304105841,
                1525927.4664952811
              ],
              [
                310508.47218168434,
                1525917.0856359061
              ],
              [
                311038.85304105934,
                1525887.4664952811
              ],
              [
                312049.50489652716,
                1525828.2330968454
              ],
              [
                312078.47218168434,
                1525827.0856359079
              ],
              [
                312143.66261136904,
                1525822.2760655954
              ],
              [
                312068.96900785621,
                1525939.1046788767
              ],
              [
                312017.23438871279,
                1526060.9760167692
              ],
              [
                311978.09254300874,
                1526199.7516515329
              ],
              [
                311828.24268949404,
                1526258.8556554373
              ],
              [
                311683.26344144903,
                1526346.7755773142
              ],
              [
                311535.03040922433,
                1526480.7489659861
              ],
              [
                311421.67896879185,
                1526457.5324132536
              ],
              [
                311317.12452543527,
                1526444.7565343454
              ],
              [
                311162.9265273856,
                1526447.9035069998
              ]
            ]
          ],
          [
            [
              [
                310033.66261136904,
                1528832.2760655936
              ],
              [
                310023.66261136904,
                1528832.2760655936
              ],
              [
                310023.66261136904,
                1528822.2760655936
              ],
              [
                310033.66261136904,
                1528822.2760655936
              ],
              [
                310033.66261136904,
                1528832.2760655936
              ]
            ]
          ],
          [
            [
              [
                310033.66261136904,
                1528832.2760655936
              ],
              [
                310097.21546781715,
                1528837.9279210623
              ],
              [
                310790.84461820778,
                1528962.3743321951
              ],
              [
                310855.6462539481,
                1529001.6718175467
              ],
              [
                310873.8249648856,
                1529150.4419591501
              ],
              [
                310833.46241605747,
                1529387.0758702829
              ],
              [
                310813.97938383091,
                1529546.5210607126
              ],
              [
                310796.02894437872,
                1529913.2227208689
              ],
              [
                310799.41395414248,
                1530079.0881993826
              ],
              [
                310785.94593656715,
                1530250.4743077829
              ],
              [
                310773.66261137091,
                1530262.2760655954
              ],
              [
                310768.56251371559,
                1530257.3761632498
              ],
              [
                310568.76270902809,
                1529867.1759679373
              ],
              [
                310543.26283109747,
                1529817.675845867
              ],
              [
                310043.93665921967,
                1528863.9374425504
              ],
              [
                310033.66261136904,
                1528832.2760655936
              ]
            ]
          ],
          [
            [
              [
                316095.62306058966,
                1530971.2744786814
              ],
              [
                316099.85523832589,
                1531042.2760655936
              ],
              [
                316097.91676176153,
                1531074.786441572
              ],
              [
                316058.38184965029,
                1531086.994693527
              ],
              [
                316033.04737699777,
                1531126.8292882517
              ],
              [
                316018.94337309152,
                1531157.5574376639
              ],
              [
                316008.38184965402,
                1531176.9946935233
              ],
              [
                315998.94337308872,
                1531227.5574376639
              ],
              [
                315984.94923246372,
                1531266.5601232145
              ],
              [
                315948.94337308966,
                1531246.9946935251
              ],
              [
                315933.66261137091,
                1531242.2760655936
              ],
              [
                315926.8034805106,
                1531234.3146398123
              ],
              [
                315859.40601957496,
                1531181.5320470389
              ],
              [
                315737.87281644717,
                1531107.392642742
              ],
              [
                315830.86720121279,
                1530998.7970616873
              ],
              [
                315907.32472074777,
                1530876.3019445017
              ],
              [
                315952.17457426246,
                1530775.7886388376
              ],
              [
                316007.13429105934,
                1530677.2840001639
              ],
              [
                316039.77833402809,
                1530588.3917882498
              ],
              [
                316053.66261136904,
                1530542.2760655973
              ],
              [
                316058.94337308966,
                1530546.9946935251
              ],
              [
                316068.40992582589,
                1530557.589175947
              ],
              [
                316098.57227934152,
                1530555.791080242
              ],
              [
                316109.35230863467,
                1530590.7019689139
              ],
              [
                316108.24146879464,
                1530609.3372228201
              ],
              [
                316054.27784574684,
                1530606.1206700876
              ],
              [
                316072.63233793061,
                1530657.2760655973
              ],
              [
                316055.22755277902,
                1530705.7831456754
              ],
              [
                316069.40601957217,
                1530758.7219884451
              ],
              [
                316099.25465238467,
                1530756.9428136423
              ],
              [
                316138.38184965216,
                1530770.1898839548
              ],
              [
                316098.28907621559,
                1530806.0120275076
              ],
              [
                316099.14478910528,
                1530820.3699376658
              ],
              [
                316130.78419340309,
                1530848.6395909842
              ],
              [
                316163.66261137091,
                1530846.6797521207
              ],
              [
                316181.31764066592,
                1530847.7326085623
              ],
              [
                316176.49586332217,
                1530928.6371495817
              ],
              [
                316135.88184965309,
                1530926.2164952829
              ],
              [
                316095.62306058966,
                1530971.2744786814
              ]
            ]
          ],
          [
            [
              [
                315593.66261137091,
                1536872.2760655936
              ],
              [
                315588.10963285342,
                1536876.7229344901
              ],
              [
                315565.28736723121,
                1536905.2217748221
              ],
              [
                315553.66261136997,
                1536812.2760655973
              ],
              [
                315573.66261136811,
                1536802.2760655973
              ],
              [
                315593.66261137091,
                1536872.2760655936
              ]
            ]
          ],
          [
            [
              [
                315593.66261137091,
                1536872.2760655936
              ],
              [
                315614.3913711356,
                1536863.9439275321
              ],
              [
                315627.92774809059,
                1536898.0104711112
              ],
              [
                315657.75807035621,
                1536937.6525762156
              ],
              [
                315624.27418363746,
                1536956.541698223
              ],
              [
                315598.25977933966,
                1536921.5703466013
              ],
              [
                315593.66261137091,
                1536872.2760655936
              ]
            ]
          ]
        ]
      },
      "properties" : {
        "OBJECTID" : 1,
        "gridcode" : 2,
        "Shape_Length" : 20130.070366253385,
        "Shape_Area" : 3370915.4284192421
      }
    },
    {
      "type" : "Feature",
      "id" : 2,
      "geometry" : {
        "type" : "MultiPolygon",
        "coordinates" : [
          [
            [
              [
                314953.66261137184,
                1521642.2760655936
              ],
              [
                314890.61085355841,
                1521648.7079503592
              ],
              [
                314803.74439847935,
                1521680.6073644236
              ],
              [
                314696.63380277622,
                1521749.1840245798
              ],
              [
                314613.80421293341,
                1521845.3266027067
              ],
              [
                314558.17921293247,
                1521767.8607823905
              ],
              [
                314493.66261136904,
                1521712.2760655936
              ],
              [
                314500.1140273856,
                1521650.3729894217
              ],
              [
                314538.38184965122,
                1521566.9953038748
              ],
              [
                314554.22535550967,
                1521537.8388097379
              ],
              [
                314580.30445707496,
                1521481.0162999704
              ],
              [
                314644.21314848028,
                1521423.9142491873
              ],
              [
                314721.11500394903,
                1521286.3202550486
              ],
              [
                314757.25636136997,
                1521245.8698155936
              ],
              [
                314783.66261137277,
                1521222.2760655936
              ],
              [
                314868.29029691592,
                1521206.9037511423
              ],
              [
                314933.66261137091,
                1521202.2760655936
              ],
              [
                314943.03883207403,
                1521227.8095128629
              ],
              [
                314936.34327543341,
                1521311.1383702829
              ],
              [
                314941.06007231027,
                1521326.9037511386
              ],
              [
                314973.79200590216,
                1521288.9118077829
              ],
              [
                314999.03492582403,
                1521277.6483800467
              ],
              [
                315032.11964261904,
                1521239.2450597342
              ],
              [
                315027.93263090402,
                1521291.3666417673
              ],
              [
                314980.29835355934,
                1521332.4054601267
              ],
              [
                314969.03492582589,
                1521357.6483800486
              ],
              [
                314952.50416410528,
                1521387.2760655954
              ],
              [
                314974.09840238653,
                1521425.980899578
              ],
              [
                315017.91920316499,
                1521401.5326573923
              ],
              [
                315053.49903715122,
                1521385.6561925467
              ],
              [
                315082.22340238467,
                1521387.9633214548
              ],
              [
                315077.70069730561,
                1521444.2438390329
              ],
              [
                315010.37647855934,
                1521492.5861241911
              ],
              [
                314958.83595121559,
                1521515.5853917655
              ],
              [
                314927.73853910435,
                1521590.7807042692
              ],
              [
                314930.02003324497,
                1521619.1754796598
              ],
              [
                314966.75953519996,
                1521616.2238194998
              ],
              [
                314978.29029691592,
                1521619.6735265311
              ],
              [
                314963.66261137184,
                1521632.2760655936
              ],
              [
                314953.66261137184,
                1521632.2760655936
              ],
              [
                314953.66261137184,
                1521642.2760655936
              ]
            ]
          ],
          [
            [
              [
                316029.08497465309,
                1522459.2511632517
              ],
              [
                315971.24439847935,
                1522500.2619054355
              ],
              [
                315898.74561918154,
                1522584.4110753592
              ],
              [
                315885.75489652716,
                1522655.6244542673
              ],
              [
                315863.66261137184,
                1522662.2760655954
              ],
              [
                315859.48048246466,
                1522566.2982823923
              ],
              [
                315843.35499418247,
                1522485.8624913767
              ],
              [
                315822.01222074497,
                1522433.9264562242
              ],
              [
                315813.66261137091,
                1522402.2760655954
              ],
              [
                315826.73145902622,
                1522385.3449132498
              ],
              [
                315937.75440824591,
                1522366.4850499723
              ],
              [
                315978.01930082403,
                1522336.6327550467
              ],
              [
                316009.30592191871,
                1522317.9193761442
              ],
              [
                316018.01930082217,
                1522276.6327550467
              ],
              [
                316029.30592191871,
                1522237.9193761423
              ],
              [
                316041.08814848028,
                1522168.5675695036
              ],
              [
                316062.37476957496,
                1522140.9882238004
              ],
              [
                316079.30592191778,
                1522127.9193761405
              ],
              [
                316099.17774808779,
                1522073.4564855155
              ],
              [
                316113.66261136997,
                1522062.2760655917
              ],
              [
                316129.53785551339,
                1522089.8114659842
              ],
              [
                316180.17384184059,
                1522170.6549718436
              ],
              [
                316193.66261137184,
                1522182.2760655954
              ],
              [
                316189.0349258231,
                1522367.6483800467
              ],
              [
                316176.83399808872,
                1522389.516055828
              ],
              [
                316181.42750394996,
                1522446.6791417673
              ],
              [
                316160.57789457217,
                1522542.2626378611
              ],
              [
                316129.19361723214,
                1522556.9037511423
              ],
              [
                316089.03492582589,
                1522466.9037511405
              ],
              [
                316075.79517973121,
                1522455.4975011423
              ],
              [
                316029.08497465309,
                1522459.2511632517
              ]
            ]
          ],
          [
            [
              [
                315875.21412504371,
                1522833.0536534879
              ],
              [
                315861.51905668341,
                1522894.1412999686
              ],
              [
                315833.66261136904,
                1522952.2760655973
              ],
              [
                315821.83155668341,
                1522944.1071202811
              ],
              [
                315794.22657621466,
                1522904.1266515348
              ],
              [
                315819.57813871559,
                1522848.1915929373
              ],
              [
                315823.66261137091,
                1522822.2760655936
              ],
              [
                315849.07642973028,
                1522816.0333898123
              ],
              [
                315875.21412504371,
                1522833.0536534879
              ]
            ]
          ],
          [
            [
              [
                314373.66261137091,
                1523612.2760655973
              ],
              [
                314408.39527738746,
                1523467.1161534861
              ],
              [
                314418.56251371466,
                1523197.1759679373
              ],
              [
                314428.76270902716,
                1523057.3761632498
              ],
              [
                314454.23512113653,
                1522684.0350987986
              ],
              [
                314493.88844144903,
                1522637.3761632498
              ],
              [
                314461.95973051339,
                1522761.9599034842
              ],
              [
                314448.76270902529,
                1522859.9213292673
              ],
              [
                314472.51881254092,
                1522999.1986730155
              ],
              [
                314552.37965238839,
                1523177.5934484061
              ],
              [
                314524.48292387184,
                1523259.0961339548
              ],
              [
                314466.06617582217,
                1523508.9081456736
              ],
              [
                314392.64088285714,
                1523594.0412023123
              ],
              [
                314373.66261137091,
                1523612.2760655973
              ]
            ]
          ],
          [
            [
              [
                314373.66261137091,
                1523612.2760655973
              ],
              [
                314369.65748441778,
                1523635.0018956717
              ],
              [
                314360.66578519996,
                1523617.8375890311
              ],
              [
                314373.66261137091,
                1523612.2760655973
              ]
            ]
          ],
          [
            [
              [
                314323.66261136997,
                1523712.2760655936
              ],
              [
                314327.08546293341,
                1523700.0836827811
              ],
              [
                314335.85499418247,
                1523708.8532140311
              ],
              [
                314323.66261136997,
                1523712.2760655936
              ]
            ]
          ],
          [
            [
              [
                314323.66261136997,
                1523712.2760655936
              ],
              [
                314323.66261136997,
                1523732.2760655954
              ],
              [
                314313.66261136997,
                1523732.2760655954
              ],
              [
                314313.66261136997,
                1523712.2760655936
              ],
              [
                314323.66261136997,
                1523712.2760655936
              ]
            ]
          ],
          [
            [
              [
                314313.66261136997,
                1523732.2760655954
              ],
              [
                314308.85304105747,
                1523767.4664952829
              ],
              [
                314294.58546293154,
                1523849.4061925486
              ],
              [
                314301.42384184059,
                1524021.9476964585
              ],
              [
                314220.65357816778,
                1524195.336368328
              ],
              [
                314168.47218168341,
                1524257.0856359079
              ],
              [
                314105.72437894996,
                1524346.0883214548
              ],
              [
                314058.85304105934,
                1524457.4664952829
              ],
              [
                314021.91090238746,
                1524542.1198155954
              ],
              [
                313990.10304105747,
                1524577.0856359061
              ],
              [
                314015.38380277902,
                1524456.2506749723
              ],
              [
                314048.47218168341,
                1524277.0856359079
              ],
              [
                314062.66529691778,
                1524209.2438390329
              ],
              [
                314083.42823636997,
                1524130.0067784842
              ],
              [
                314111.14063871559,
                1524050.9406163748
              ],
              [
                314141.38111723028,
                1523993.7897374704
              ],
              [
                314236.84620512184,
                1523829.2047765311
              ],
              [
                314268.85304105934,
                1523787.4664952829
              ],
              [
                314300.1530898856,
                1523744.7931554373
              ],
              [
                314313.66261136997,
                1523732.2760655954
              ]
            ]
          ],
          [
            [
              [
                313990.23975980934,
                1524594.4684484061
              ],
              [
                313981.47022855747,
                1524585.6989171617
              ],
              [
                313993.66261136997,
                1524582.2760655936
              ],
              [
                313990.23975980934,
                1524594.4684484061
              ]
            ]
          ],
          [
            [
              [
                315299.52198637091,
                1525097.562930828
              ],
              [
                315282.37476957496,
                1525125.9882237986
              ],
              [
                315262.06959379278,
                1525175.6000402048
              ],
              [
                315248.92506254092,
                1525186.6327550467
              ],
              [
                315239.30592191871,
                1525094.1693761423
              ],
              [
                315293.66261137184,
                1525072.2760655954
              ],
              [
                315299.52198637091,
                1525097.562930828
              ]
            ]
          ],
          [
            [
              [
                314706.27369535621,
                1526349.0082433298
              ],
              [
                314668.94337308872,
                1526449.125430828
              ],
              [
                314694.85523832217,
                1526472.2760655954
              ],
              [
                314683.66261137091,
                1526482.2760655954
              ],
              [
                314548.3952773856,
                1526457.4530675467
              ],
              [
                314561.32252347935,
                1526395.6659581717
              ],
              [
                314598.85304105934,
                1526267.4664952848
              ],
              [
                314633.02296293341,
                1526140.1227452829
              ],
              [
                314658.08277738467,
                1525956.7621495835
              ],
              [
                314624.29615629092,
                1525665.0897863004
              ],
              [
                314641.78028715122,
                1525547.8375890292
              ],
              [
                314684.34986723028,
                1525352.2052648123
              ],
              [
                314748.85304105747,
                1525237.4664952811
              ],
              [
                314899.34498441592,
                1524962.3712804392
              ],
              [
                314958.47218168154,
                1524837.0856359061
              ],
              [
                315018.85304105841,
                1524767.4664952811
              ],
              [
                315056.34083402902,
                1524716.3568761423
              ],
              [
                315126.63380277809,
                1524567.4115636423
              ],
              [
                315305.67799223028,
                1524535.5890538748
              ],
              [
                315358.47218168527,
                1524517.0856359098
              ],
              [
                315373.66261137091,
                1524512.2760655973
              ],
              [
                315356.96705473028,
                1524585.7697179373
              ],
              [
                315308.47218168434,
                1524617.0856359061
              ],
              [
                315280.1433242606,
                1524647.6593663786
              ],
              [
                315301.90968168341,
                1524751.6913487986
              ],
              [
                315284.35230863653,
                1524784.8712804392
              ],
              [
                315258.47218168061,
                1524797.0856359061
              ],
              [
                315231.25660550967,
                1524811.4862706717
              ],
              [
                315218.85304105561,
                1524880.971133953
              ],
              [
                315258.51124418247,
                1524867.0722081717
              ],
              [
                315280.42042387184,
                1524867.9401280973
              ],
              [
                315278.42945707403,
                1524918.1610753592
              ],
              [
                315299.24976957217,
                1524937.4530675486
              ],
              [
                315298.07545316685,
                1524967.0990636405
              ],
              [
                315308.85304105747,
                1524977.0856359098
              ],
              [
                315318.47218168434,
                1524990.023868328
              ],
              [
                315298.00099027716,
                1525048.4308507536
              ],
              [
                315238.56861723028,
                1525076.4789464548
              ],
              [
                315228.85304105841,
                1525137.4664952829
              ],
              [
                315156.07838285621,
                1525223.5846593436
              ],
              [
                315138.47706449497,
                1525186.2872960642
              ],
              [
                315118.85304105841,
                1525207.4664952811
              ],
              [
                315063.35377348028,
                1525233.6591222342
              ],
              [
                315038.85304105654,
                1525272.2272374686
              ],
              [
                315064.14356840216,
                1525417.4689366892
              ],
              [
                315048.47218168341,
                1525447.0856359061
              ],
              [
                315038.85304105654,
                1525470.023868328
              ],
              [
                315059.93458402902,
                1525530.1715734061
              ],
              [
                315056.89991605654,
                1525606.7450597361
              ],
              [
                315073.66261137184,
                1525622.2760655973
              ],
              [
                315065.17628324591,
                1525690.1984288767
              ],
              [
                315073.66261137184,
                1525712.2760655936
              ],
              [
                315068.91529691499,
                1525717.5885655936
              ],
              [
                315058.40992582589,
                1525716.9635655954
              ],
              [
                315039.19483793527,
                1525738.4686925486
              ],
              [
                315028.57227933779,
                1525726.5790441129
              ],
              [
                315018.94337309152,
                1525747.5568273161
              ],
              [
                314988.09986723028,
                1525761.7133214548
              ],
              [
                314958.94337308779,
                1525807.5568273123
              ],
              [
                314910.5583633231,
                1525869.9933507517
              ],
              [
                314898.7273086356,
                1525856.752383953
              ],
              [
                314867.06593168434,
                1525878.8690831717
              ],
              [
                314848.18653715309,
                1525940.0092198905
              ],
              [
                314799.14845121372,
                1526010.2130773142
              ],
              [
                314750.72437894717,
                1526175.6378820017
              ],
              [
                314738.94337308779,
                1526283.0353429392
              ],
              [
                314798.94337309152,
                1526296.9953038767
              ],
              [
                314808.38184965216,
                1526310.1898839548
              ],
              [
                314785.86598051153,
                1526351.6242101286
              ],
              [
                314743.66261137184,
                1526328.6908605155
              ],
              [
                314706.27369535621,
                1526349.0082433298
              ]
            ]
          ],
          [
            [
              [
                310910.50160062686,
                1527004.5148351267
              ],
              [
                310821.08814848121,
                1527026.3117101248
              ],
              [
                310755.31361234747,
                1527048.8251378611
              ],
              [
                310649.36634672061,
                1527113.0744054392
              ],
              [
                310555.71400297247,
                1527210.5499913748
              ],
              [
                310498.76270902716,
                1527287.3761632498
              ],
              [
                310448.42945707403,
                1527353.7091710661
              ],
              [
                310389.67030179873,
                1527452.6929357108
              ],
              [
                309862.41139066592,
                1527358.0951573923
              ],
              [
                309268.76270902716,
                1527247.1759679392
              ],
              [
                309091.24378812686,
                1527214.1547277067
              ],
              [
                308618.56251371279,
                1527127.3761632498
              ],
              [
                308505.37098539528,
                1527106.5521886405
              ],
              [
                308432.2374404734,
                1527081.5192296579
              ],
              [
                308294.28028715309,
                1527054.5880773123
              ],
              [
                308241.77174223121,
                1526988.3576085623
              ],
              [
                308207.75196684059,
                1526605.8124425467
              ],
              [
                308183.66261137277,
                1526502.2760655954
              ],
              [
                308238.85304105934,
                1526517.0856359079
              ],
              [
                308431.44581449777,
                1526577.0856359061
              ],
              [
                308502.97169340029,
                1526565.1007726267
              ],
              [
                308633.66261137277,
                1526502.2760655954
              ],
              [
                308638.76270902529,
                1526527.1759679373
              ],
              [
                308658.43556059059,
                1526688.1732823923
              ],
              [
                309181.24378812872,
                1526784.1547277011
              ],
              [
                309358.76270902622,
                1526817.1759679392
              ],
              [
                310010.21412503999,
                1526938.8947179392
              ],
              [
                310188.84571683872,
                1526969.3646886423
              ],
              [
                310296.56239164434,
                1526839.1522862948
              ],
              [
                310425.74024809152,
                1526734.8761632517
              ],
              [
                310569.32057035342,
                1526652.1832921561
              ],
              [
                310750.73048246466,
                1526586.6657140329
              ],
              [
                310859.99806059059,
                1526530.3766515329
              ],
              [
                311039.38221586309,
                1526468.9765050467
              ],
              [
                311162.9265273856,
                1526447.9035069998
              ],
              [
                311317.12452543527,
                1526444.7565343454
              ],
              [
                311421.67896879185,
                1526457.5324132536
              ],
              [
                311535.03040922433,
                1526480.7489659861
              ],
              [
                311683.26344144903,
                1526346.7755773142
              ],
              [
                311828.24268949404,
                1526258.8556554373
              ],
              [
                311978.09254300874,
                1526199.7516515329
              ],
              [
                312017.23438871279,
                1526060.9760167692
              ],
              [
                312068.96900785621,
                1525939.1046788767
              ],
              [
                312143.66261136904,
                1525822.2760655954
              ],
              [
                312196.04725492373,
                1525816.9330480173
              ],
              [
                312203.66261136997,
                1525742.2760655954
              ],
              [
                312333.39649809059,
                1525627.2565343454
              ],
              [
                312480.77686918434,
                1525536.2787511405
              ],
              [
                312450.64320219029,
                1525392.2528722361
              ],
              [
                312444.69593656529,
                1525242.2052648142
              ],
              [
                312458.47218168527,
                1525127.0856359079
              ],
              [
                312468.85304105654,
                1525067.4664952829
              ],
              [
                312483.76576078497,
                1524849.8297765311
              ],
              [
                312534.84242094122,
                1524631.9135167655
              ],
              [
                312548.85304105841,
                1524497.4664952848
              ],
              [
                312553.66261137277,
                1524472.2760655954
              ],
              [
                312620.07069242559,
                1524465.2081945017
              ],
              [
                312678.85304105841,
                1524437.4664952829
              ],
              [
                312728.47218168154,
                1524407.0856359061
              ],
              [
                312866.81751859747,
                1524332.3627355192
              ],
              [
                312879.40418851748,
                1524240.2631261423
              ],
              [
                312918.47218168341,
                1524183.4882237986
              ],
              [
                312886.77967680059,
                1524123.1366613004
              ],
              [
                312830.18971098214,
                1524040.8978917655
              ],
              [
                312818.47218168341,
                1524007.4664952829
              ],
              [
                312791.77418363746,
                1523895.385196453
              ],
              [
                312680.88978422154,
                1523792.6447179373
              ],
              [
                312659.48536527716,
                1523658.2807042655
              ],
              [
                312638.85304106027,
                1523619.2890050486
              ],
              [
                312648.71266019903,
                1523555.5292394236
              ],
              [
                312677.94911039434,
                1523500.2765538767
              ],
              [
                312679.21558988839,
                1523468.3234288767
              ],
              [
                312648.85304105561,
                1523364.6112706754
              ],
              [
                312658.47218168247,
                1523287.0856359061
              ],
              [
                312683.9275039481,
                1523214.4586827811
              ],
              [
                312638.93177640811,
                1523149.0704991873
              ],
              [
                312637.27528226748,
                1523107.2760655936
              ],
              [
                312640.80738676339,
                1523018.1610753611
              ],
              [
                312598.85304105934,
                1522979.2890050486
              ],
              [
                312618.02845609654,
                1522915.0910070017
              ],
              [
                312671.77906644717,
                1522822.4225499686
              ],
              [
                312718.47218168154,
                1522715.4254796561
              ],
              [
                312704.34620511904,
                1522673.8068273142
              ],
              [
                312641.39271390997,
                1522605.8624913748
              ],
              [
                312568.47218168527,
                1522577.4664952811
              ],
              [
                312492.23621976934,
                1522522.2968175486
              ],
              [
                312413.95741117373,
                1522491.8146398123
              ],
              [
                312353.21400297154,
                1522435.5329015311
              ],
              [
                312315.07801664528,
                1522370.6635167655
              ],
              [
                312261.08448637091,
                1522292.1991612967
              ],
              [
                312228.47218168527,
                1522217.4664952829
              ],
              [
                312223.66261137091,
                1522202.2760655954
              ],
              [
                312211.75282133278,
                1522081.1652257517
              ],
              [
                312232.65431059059,
                1521898.8385655954
              ],
              [
                312274.15943754371,
                1521760.9833409861
              ],
              [
                312313.29029691871,
                1521673.2892491855
              ],
              [
                312353.66261137091,
                1521602.2760655973
              ],
              [
                312442.72328031622,
                1521593.8422277048
              ],
              [
                312468.47218168341,
                1521607.4664952811
              ],
              [
                312490.34229886811,
                1521617.0856359098
              ],
              [
                312574.48780668527,
                1521559.1840245798
              ],
              [
                312680.67555082403,
                1521527.4664952829
              ],
              [
                312725.85316312779,
                1521551.3727452792
              ],
              [
                312738.54969633184,
                1521617.8754308317
              ],
              [
                312783.66444242653,
                1521616.0871007498
              ],
              [
                312843.00221098028,
                1521584.6881749723
              ],
              [
                312865.10182035714,
                1521631.5155675486
              ],
              [
                312888.47645414341,
                1521606.2872960642
              ],
              [
                312898.47218168527,
                1521627.4664952811
              ],
              [
                312928.97328031622,
                1521637.1234777048
              ],
              [
                312923.66261136904,
                1521652.2760655936
              ],
              [
                312859.07948148903,
                1521690.6146886442
              ],
              [
                312787.0280898856,
                1521748.7763097361
              ],
              [
                312725.32398832217,
                1521832.0148351267
              ],
              [
                312687.16236722842,
                1521910.6745030954
              ],
              [
                312667.10438383091,
                1521972.4860265348
              ],
              [
                312648.76270902716,
                1522089.9213292655
              ],
              [
                312669.29615629464,
                1522210.3034093454
              ],
              [
                312697.45350492746,
                1522292.5665929392
              ],
              [
                312756.76746977121,
                1522390.3766515292
              ],
              [
                312818.79200590402,
                1522467.2125890329
              ],
              [
                312788.56251371559,
                1522637.1759679392
              ],
              [
                312778.76270902529,
                1522899.9213292692
              ],
              [
                312799.84913481027,
                1523023.5468175486
              ],
              [
                312788.56251371559,
                1523167.1759679373
              ],
              [
                312778.76270902529,
                1523339.9213292673
              ],
              [
                312800.09937895089,
                1523465.0128819998
              ],
              [
                312839.82899320871,
                1523569.994571453
              ],
              [
                312910.2995742606,
                1523686.2006261405
              ],
              [
                312999.50733793341,
                1523789.6344640329
              ],
              [
                313100.31544340122,
                1523980.6989171561
              ],
              [
                313064.10084379092,
                1524136.3544347342
              ],
              [
                313034.80274809152,
                1524299.4159581736
              ],
              [
                312986.74122465216,
                1524521.898868328
              ],
              [
                312965.29347074497,
                1524719.3060948905
              ],
              [
                312919.02699125465,
                1524918.1598546561
              ],
              [
                312908.76270902809,
                1525117.3761632498
              ],
              [
                312889.33643949404,
                1525212.2211339548
              ],
              [
                312878.76270902529,
                1525279.9213292673
              ],
              [
                312899.29615629464,
                1525400.3034093436
              ],
              [
                312921.16261136997,
                1525464.1876866873
              ],
              [
                312965.03162992373,
                1525549.3451573923
              ],
              [
                313043.09010160528,
                1525642.3309972361
              ],
              [
                313251.22730863746,
                1525778.7921788767
              ],
              [
                313401.36280668527,
                1525842.5250890329
              ],
              [
                313488.76270902622,
                1525867.1759679373
              ],
              [
                313598.56251371652,
                1525917.3761632536
              ],
              [
                313671.06983793154,
                1525948.1549718436
              ],
              [
                313667.58595121279,
                1525977.1759679392
              ],
              [
                313608.96290433872,
                1525946.9757726248
              ],
              [
                313565.26417386811,
                1525925.775821453
              ],
              [
                313503.45265043527,
                1525905.7184484042
              ],
              [
                313386.01734769903,
                1525887.3761632517
              ],
              [
                313260.92579496559,
                1525908.7128331736
              ],
              [
                313148.3122695731,
                1525951.3312413767
              ],
              [
                313042.22828519624,
                1525908.3002355155
              ],
              [
                313003.45326078311,
                1525895.7184484098
              ],
              [
                312886.01734769996,
                1525877.3761632517
              ],
              [
                312765.63587797061,
                1525897.9096105155
              ],
              [
                312701.75099027529,
                1525919.7760655954
              ],
              [
                312619.68739164248,
                1525962.0514562223
              ],
              [
                312537.02808988746,
                1526028.7763097361
              ],
              [
                312475.32398832403,
                1526112.0148351267
              ],
              [
                312437.16236723028,
                1526190.6745030973
              ],
              [
                312417.10438383278,
                1526252.4860265292
              ],
              [
                312398.76270902716,
                1526369.9213292655
              ],
              [
                312419.29615629371,
                1526490.3034093473
              ],
              [
                312447.45350492653,
                1526572.5665929411
              ],
              [
                312507.03114164528,
                1526670.8112218417
              ],
              [
                312402.22828519903,
                1526628.3002355155
              ],
              [
                312357.26612699777,
                1526613.7103917673
              ],
              [
                312236.0173476981,
                1526597.376163248
              ],
              [
                312115.6358779734,
                1526617.9096105155
              ],
              [
                312051.75099027809,
                1526639.7760655954
              ],
              [
                311969.68739164528,
                1526682.0514562186
              ],
              [
                311887.0280898856,
                1526748.7763097379
              ],
              [
                311825.32398832217,
                1526832.0148351248
              ],
              [
                311770.0310195731,
                1526945.9857823905
              ],
              [
                311659.55555570591,
                1527067.0465734098
              ],
              [
                311568.76270902809,
                1526987.1759679373
              ],
              [
                311523.92445219122,
                1526953.9374425467
              ],
              [
                311445.26478422433,
                1526915.7758214548
              ],
              [
                311377.26612699591,
                1526893.7103917673
              ],
              [
                311256.01734769903,
                1526877.3761632498
              ],
              [
                311134.07215727121,
                1526898.1757237967
              ],
              [
                311023.37208402809,
                1526936.0663487986
              ],
              [
                310910.50160062686,
                1527004.5148351267
              ]
            ]
          ],
          [
            [
              [
                315020.32154691871,
                1527675.6165196989
              ],
              [
                315049.20826566685,
                1527776.6480138395
              ],
              [
                315053.66261136904,
                1527822.2760655954
              ],
              [
                315047.83741605934,
                1527818.1012609061
              ],
              [
                315030.61817777622,
                1527773.4552648142
              ],
              [
                314987.83741605561,
                1527708.1012609079
              ],
              [
                314976.53370511997,
                1527651.7200353201
              ],
              [
                315003.66261137277,
                1527632.2760655973
              ],
              [
                315020.32154691871,
                1527675.6165196989
              ]
            ]
          ],
          [
            [
              [
                315093.66261136997,
                1527992.2760655954
              ],
              [
                315093.66261136997,
                1528002.2760655954
              ],
              [
                315083.66261137184,
                1528002.2760655954
              ],
              [
                315083.66261137184,
                1527992.2760655954
              ],
              [
                315093.66261136997,
                1527992.2760655954
              ]
            ]
          ],
          [
            [
              [
                308992.10438383371,
                1528188.0274083689
              ],
              [
                309468.22498929873,
                1528276.6162755582
              ],
              [
                309473.66261136904,
                1528282.2760655954
              ],
              [
                309450.36610258184,
                1528290.2503087576
              ],
              [
                308622.47547758184,
                1528422.9608800486
              ],
              [
                308403.66261136997,
                1528432.2760655954
              ],
              [
                308488.76270902716,
                1528337.3761632517
              ],
              [
                308533.29212797247,
                1528277.305972822
              ],
              [
                308597.16358793434,
                1528115.3699376676
              ],
              [
                308992.10438383371,
                1528188.0274083689
              ]
            ]
          ],
          [
            [
              [
                316059.55616605561,
                1529606.0669591501
              ],
              [
                316027.4235976981,
                1529659.0552403983
              ],
              [
                316013.66261137277,
                1529672.2760655936
              ],
              [
                316038.47218168527,
                1529533.7653234061
              ],
              [
                316024.96021879371,
                1529397.9621007517
              ],
              [
                316001.52149808872,
                1529323.9295079783
              ],
              [
                315964.76734769717,
                1529246.0492589511
              ],
              [
                315908.67603910435,
                1529169.5758702829
              ],
              [
                315793.28175199684,
                1529062.6575353257
              ],
              [
                315688.84327543434,
                1528949.9396398142
              ],
              [
                315586.55567777716,
                1528887.3102452792
              ],
              [
                315504.31080472935,
                1528858.4833409861
              ],
              [
                315383.61378324497,
                1528837.4664952811
              ],
              [
                315268.19386137184,
                1528854.5093419626
              ],
              [
                315205.31544340309,
                1528874.4165685251
              ],
              [
                315158.09132230747,
                1528896.7041661795
              ],
              [
                315112.67384184059,
                1528920.7367589548
              ],
              [
                315091.52149808872,
                1528853.9295079783
              ],
              [
                315054.76734769717,
                1528776.0492589567
              ],
              [
                315018.85304105841,
                1528727.0856359079
              ],
              [
                314967.20142973121,
                1528665.9625890329
              ],
              [
                314929.6159805106,
                1528586.3226964567
              ],
              [
                314863.72486722749,
                1528490.567691572
              ],
              [
                314945.80372465029,
                1528430.3644445017
              ],
              [
                315012.44068754371,
                1528348.4833409861
              ],
              [
                315053.89698637091,
                1528270.1386144217
              ],
              [
                315077.45533597935,
                1528202.924258953
              ],
              [
                315088.85304105747,
                1528137.4664952811
              ],
              [
                315093.66261136997,
                1528082.2760655973
              ],
              [
                315098.76270902716,
                1528087.1759679373
              ],
              [
                315108.56251371279,
                1528117.3761632517
              ],
              [
                315161.95973051153,
                1528234.1699864939
              ],
              [
                315349.62574613653,
                1528414.4757726267
              ],
              [
                315393.79566801153,
                1528428.8092687204
              ],
              [
                315455.38258207403,
                1528532.5562169645
              ],
              [
                315594.46217191964,
                1528631.2195470408
              ],
              [
                315732.67140043247,
                1528650.5139806345
              ],
              [
                315768.46241606027,
                1528632.0758702848
              ],
              [
                315812.80201566685,
                1528610.5646398142
              ],
              [
                315839.3620742606,
                1528638.2086827811
              ],
              [
                315862.62135160621,
                1528709.8847081717
              ],
              [
                315842.35157621186,
                1528749.2316319998
              ],
              [
                315858.76270902902,
                1528797.1759679429
              ],
              [
                315876.5251601981,
                1528851.9135167655
              ],
              [
                315959.34742582403,
                1528927.1759679411
              ],
              [
                315988.64308011904,
                1528896.6846349314
              ],
              [
                316005.72193754278,
                1528966.7450597379
              ],
              [
                316021.45558012184,
                1528918.2605626639
              ],
              [
                316064.70753324404,
                1528940.5414464567
              ],
              [
                316078.56251371466,
                1528997.3761632517
              ],
              [
                316088.76270902716,
                1529007.1759679373
              ],
              [
                316098.56251371466,
                1529037.8381993845
              ],
              [
                315997.87891996466,
                1529103.8495519217
              ],
              [
                315998.79566801246,
                1529148.7763097361
              ],
              [
                316066.41041410621,
                1529213.7396886423
              ],
              [
                316118.0046523856,
                1529187.160709152
              ],
              [
                316140.94044340402,
                1529187.6288487986
              ],
              [
                316158.56251371372,
                1529209.1370275076
              ],
              [
                316138.18043363746,
                1529288.6658361014
              ],
              [
                316138.96290433779,
                1529326.9873693082
              ],
              [
                316125.04810941685,
                1529353.9990880564
              ],
              [
                316138.76270902809,
                1529367.1759679411
              ],
              [
                316148.56251371372,
                1529387.3761632517
              ],
              [
                316168.97511136997,
                1529406.9873693045
              ],
              [
                316167.74220121652,
                1529467.396915203
              ],
              [
                316188.84693754278,
                1529466.9660069998
              ],
              [
                316174.13624418527,
                1529538.7848546561
              ],
              [
                316188.76270902902,
                1529567.1759679392
              ],
              [
                316198.56251371466,
                1529592.8308751639
              ],
              [
                316148.76270902809,
                1529567.1759679392
              ],
              [
                316128.56251371559,
                1529557.3761632498
              ],
              [
                316109.24366605561,
                1529537.2687413767
              ],
              [
                316057.9509414481,
                1529527.3761632498
              ],
              [
                316059.55616605561,
                1529606.0669591501
              ]
            ]
          ],
          [
            [
              [
                316033.66261137091,
                1529702.2760655936
              ],
              [
                316037.08546293154,
                1529690.0836827811
              ],
              [
                316045.85499418341,
                1529698.8526036795
              ],
              [
                316033.66261137091,
                1529702.2760655936
              ]
            ]
          ],
          [
            [
              [
                309848.76270902716,
                1528347.1759679373
              ],
              [
                310591.19129789434,
                1528480.4096105155
              ],
              [
                311019.51100004371,
                1528557.5470616892
              ],
              [
                311108.71021879185,
                1528650.3864171598
              ],
              [
                311194.06056058966,
                1528710.9345128611
              ],
              [
                311272.06043852028,
                1528748.7763097361
              ],
              [
                311331.90479886997,
                1528768.1958653983
              ],
              [
                311318.56251371559,
                1528807.1759679373
              ],
              [
                311307.10438383278,
                1528842.4854161814
              ],
              [
                311288.76270902716,
                1528959.9213292636
              ],
              [
                311310.77137602028,
                1529088.9520909861
              ],
              [
                311308.20362699777,
                1529214.7717931326
              ],
              [
                311268.56251371466,
                1529447.1759679373
              ],
              [
                311254.66236722749,
                1529532.5617101267
              ],
              [
                311236.02894437872,
                1529913.2227208689
              ],
              [
                311239.41395414248,
                1530079.0881993826
              ],
              [
                311224.28761137277,
                1530271.5778234098
              ],
              [
                311195.5626357859,
                1530411.8231847361
              ],
              [
                311158.36231840216,
                1530556.9757726267
              ],
              [
                311130.13600004092,
                1530672.7631261405
              ],
              [
                311089.99073637091,
                1530896.195743328
              ],
              [
                311083.66261136997,
                1530902.2760655954
              ],
              [
                311078.56251371279,
                1530887.3761632498
              ],
              [
                311050.62000883091,
                1530760.0806310233
              ],
              [
                310944.05018461123,
                1530593.3954503648
              ],
              [
                310779.37916410342,
                1530279.892642742
              ],
              [
                310773.66261137091,
                1530262.2760655954
              ],
              [
                310785.94593656715,
                1530250.4743077829
              ],
              [
                310799.41395414248,
                1530079.0881993826
              ],
              [
                310796.02894437872,
                1529913.2227208689
              ],
              [
                310813.97938383091,
                1529546.5210607126
              ],
              [
                310833.46241605747,
                1529387.0758702829
              ],
              [
                310873.8249648856,
                1529150.4419591501
              ],
              [
                310855.6462539481,
                1529001.6718175467
              ],
              [
                310790.84461820778,
                1528962.3743321951
              ],
              [
                310097.21546781715,
                1528837.9279210623
              ],
              [
                310033.66261136904,
                1528832.2760655936
              ],
              [
                310033.66261136904,
                1528822.2760655936
              ],
              [
                310023.66261136904,
                1528822.2760655936
              ],
              [
                309979.02577055153,
                1528739.7431066129
              ],
              [
                309768.56251371559,
                1528337.3761632517
              ],
              [
                309763.66261136811,
                1528332.2760655936
              ],
              [
                309848.76270902716,
                1528347.1759679373
              ]
            ]
          ],
          [
            [
              [
                316033.66261137091,
                1529702.2760655936
              ],
              [
                316028.85304105841,
                1529717.4664952811
              ],
              [
                316012.42481840029,
                1529748.5144689139
              ],
              [
                316061.26637113467,
                1529746.5784337614
              ],
              [
                316057.87037504185,
                1529832.2760655954
              ],
              [
                316059.60499418434,
                1529876.0462071951
              ],
              [
                316048.47218168341,
                1529897.0856359098
              ],
              [
                316038.85304105654,
                1529977.4664952829
              ],
              [
                316021.51783598214,
                1529997.0856359117
              ],
              [
                316008.70045316964,
                1529956.6022374686
              ],
              [
                315991.63868558966,
                1529992.7527501639
              ],
              [
                315936.64356840309,
                1530028.2660558298
              ],
              [
                315831.84620512277,
                1530141.3709142283
              ],
              [
                315818.85304105654,
                1530240.3906896189
              ],
              [
                315850.3776992606,
                1530299.9677159861
              ],
              [
                315913.10963285528,
                1530358.0908849314
              ],
              [
                315968.29517972749,
                1530355.9033849295
              ],
              [
                315978.47950590122,
                1530377.481754072
              ],
              [
                315999.28150785528,
                1530376.6571691111
              ],
              [
                315997.67140043341,
                1530417.2760655954
              ],
              [
                315999.07398832589,
                1530452.6416661814
              ],
              [
                316040.30567777529,
                1530430.8234288804
              ],
              [
                316036.96827543061,
                1530515.0116612986
              ],
              [
                316053.66261136904,
                1530542.2760655973
              ],
              [
                316039.77833402809,
                1530588.3917882498
              ],
              [
                316007.13429105934,
                1530677.2840001639
              ],
              [
                315952.17457426246,
                1530775.7886388376
              ],
              [
                315907.32472074777,
                1530876.3019445017
              ],
              [
                315830.86720121279,
                1530998.7970616873
              ],
              [
                315737.87281644717,
                1531107.392642742
              ],
              [
                315859.40601957496,
                1531181.5320470389
              ],
              [
                315926.8034805106,
                1531234.3146398123
              ],
              [
                315933.66261137091,
                1531242.2760655936
              ],
              [
                315922.54688871372,
                1531251.1780431326
              ],
              [
                315847.02686918434,
                1531345.559756998
              ],
              [
                315821.58863675967,
                1531405.929019697
              ],
              [
                315785.27149808966,
                1531435.0116613004
              ],
              [
                315789.65626371186,
                1531470.2619054373
              ],
              [
                315822.54444730654,
                1531466.1713292673
              ],
              [
                315806.40186918341,
                1531522.7033116855
              ],
              [
                315767.16847074684,
                1531499.6411778983
              ],
              [
                315714.02516020089,
                1531530.8808019236
              ],
              [
                315729.59889066499,
                1531557.3755528983
              ],
              [
                315713.23902738839,
                1531576.723087078
              ],
              [
                315677.27589261904,
                1531555.5829503592
              ],
              [
                315652.03907621652,
                1531558.721988447
              ],
              [
                315623.66261136904,
                1531552.2760655936
              ],
              [
                315560.11036527716,
                1531511.298892742
              ],
              [
                315498.57716215029,
                1531483.0573155936
              ],
              [
                315435.07740629185,
                1531463.4491613004
              ],
              [
                315321.48853910621,
                1531447.5574376639
              ],
              [
                315200.50343168154,
                1531469.0570714567
              ],
              [
                315136.02345121279,
                1531492.1930577848
              ],
              [
                315194.80396879464,
                1531362.5879552457
              ],
              [
                315223.45997465309,
                1531258.5571935251
              ],
              [
                315247.01588285435,
                1531082.4329259489
              ],
              [
                315236.87428129464,
                1530912.2760655954
              ],
              [
                315299.78809965309,
                1530883.4009435233
              ],
              [
                315362.25269925874,
                1530849.457462078
              ],
              [
                315443.18043363467,
                1530783.0573155936
              ],
              [
                315511.94386137091,
                1530688.3069493845
              ],
              [
                315558.38184965402,
                1530576.9946935251
              ],
              [
                315595.31544340216,
                1530517.249820482
              ],
              [
                315632.31861723214,
                1530436.6278722342
              ],
              [
                315658.38184965122,
                1530296.9946935233
              ],
              [
                315679.50611722842,
                1530258.1195714567
              ],
              [
                315707.31861723121,
                1530197.5214269198
              ],
              [
                315728.38184965309,
                1530106.9946935251
              ],
              [
                315782.10865629371,
                1530030.0775792655
              ],
              [
                315838.38184965309,
                1529926.9946935251
              ],
              [
                315928.94337308966,
                1529827.5574376639
              ],
              [
                315967.31129301246,
                1529774.6893956717
              ],
              [
                316006.99024809059,
                1529688.2379796561
              ],
              [
                316013.66261137277,
                1529682.2760655936
              ],
              [
                316013.66261137277,
                1529702.2760655936
              ],
              [
                316033.66261137091,
                1529702.2760655936
              ]
            ]
          ],
          [
            [
              [
                313033.66261137091,
                1532172.2760655936
              ],
              [
                313030.23975981027,
                1532184.4684484061
              ],
              [
                313021.47022855841,
                1532175.6995275076
              ],
              [
                313033.66261137091,
                1532172.2760655936
              ]
            ]
          ],
          [
            [
              [
                315735.64137113746,
                1532496.9708898123
              ],
              [
                315728.68458402716,
                1532515.0916173514
              ],
              [
                315723.66261136904,
                1532502.2760655954
              ],
              [
                315723.66261136904,
                1532492.2760655954
              ],
              [
                315735.64137113746,
                1532496.9708898123
              ]
            ]
          ],
          [
            [
              [
                313033.66261137091,
                1532172.2760655936
              ],
              [
                313038.56251371652,
                1532117.1759679373
              ],
              [
                313087.13795316871,
                1531815.3345372751
              ],
              [
                313138.56251371372,
                1531477.1759679373
              ],
              [
                313174.32667387091,
                1531282.7753331736
              ],
              [
                313588.56251371372,
                1531357.3761632498
              ],
              [
                313691.30787504371,
                1531367.1759679411
              ],
              [
                313811.68995512184,
                1531346.6425206736
              ],
              [
                313875.57423246372,
                1531324.7760655936
              ],
              [
                313957.63722074777,
                1531282.501285322
              ],
              [
                314040.29713285621,
                1531215.7758214511
              ],
              [
                314099.45973051153,
                1531135.9656407889
              ],
              [
                314176.70094144903,
                1531137.5421788767
              ],
              [
                314128.56251371559,
                1531197.1759679373
              ],
              [
                314075.00416410435,
                1531272.6740148123
              ],
              [
                314037.16236722842,
                1531350.673892742
              ],
              [
                314014.1228164481,
                1531421.6748693064
              ],
              [
                313998.61378324404,
                1531548.5956456736
              ],
              [
                313975.16285551246,
                1531617.1094396189
              ],
              [
                313938.86280668341,
                1531782.4762609098
              ],
              [
                313868.16212309059,
                1531886.7761876639
              ],
              [
                313837.16236723121,
                1531950.6738927439
              ],
              [
                313811.93043363374,
                1532028.4302403983
              ],
              [
                313798.76270902809,
                1532179.921329271
              ],
              [
                313820.48512113467,
                1532307.2760655936
              ],
              [
                313804.36695707217,
                1532401.7755773123
              ],
              [
                313809.36451566964,
                1532646.6437413748
              ],
              [
                313800.71339261904,
                1532657.1759679392
              ],
              [
                313772.16236723028,
                1532527.1094396207
              ],
              [
                313756.16261137091,
                1532480.3644445017
              ],
              [
                313711.33717191685,
                1532393.350894697
              ],
              [
                313626.89747465216,
                1532295.4450109079
              ],
              [
                313543.92384183779,
                1532233.9374425504
              ],
              [
                313455.37037504278,
                1532190.9760167655
              ],
              [
                313345.76222074497,
                1532164.2554357108
              ],
              [
                313186.01734769717,
                1532147.3761632517
              ],
              [
                313068.76270902436,
                1532167.3761632536
              ],
              [
                313033.66261137091,
                1532172.2760655936
              ]
            ]
          ],
          [
            [
              [
                315613.66261136904,
                1532872.2760655936
              ],
              [
                315617.83741605934,
                1532846.4511754569
              ],
              [
                315633.43800199404,
                1532808.4888341501
              ],
              [
                315649.48780668154,
                1532728.1009557322
              ],
              [
                315657.83741605561,
                1532626.4511754569
              ],
              [
                315663.66261136997,
                1532622.2760655936
              ],
              [
                315670.1628555106,
                1532684.6524694022
              ],
              [
                315690.06886136811,
                1532740.1300694998
              ],
              [
                315727.54078519996,
                1532773.6115148142
              ],
              [
                315694.26930082403,
                1532788.882205734
              ],
              [
                315648.44288480654,
                1532852.0270421579
              ],
              [
                315613.66261136904,
                1532872.2760655936
              ]
            ]
          ],
          [
            [
              [
                315613.66261136904,
                1532872.2760655936
              ],
              [
                315607.54933011904,
                1532921.1560704764
              ],
              [
                315593.66261137091,
                1532932.2760655954
              ],
              [
                315602.37476957217,
                1532880.9885289725
              ],
              [
                315613.66261136904,
                1532872.2760655936
              ]
            ]
          ],
          [
            [
              [
                310783.66261137091,
                1532992.2760655973
              ],
              [
                310783.66261137091,
                1533002.2760655973
              ],
              [
                310773.66261137091,
                1533002.2760655973
              ],
              [
                310773.66261137091,
                1532992.2760655973
              ],
              [
                310783.66261137091,
                1532992.2760655973
              ]
            ]
          ],
          [
            [
              [
                310683.66261137091,
                1533252.2760655936
              ],
              [
                310699.76124418247,
                1533198.8062169608
              ],
              [
                310768.29090727028,
                1533016.9040563181
              ],
              [
                310773.66261137091,
                1533012.2760655973
              ],
              [
                310768.94398344029,
                1533067.5574376658
              ],
              [
                310747.06898344308,
                1533211.3626744822
              ],
              [
                310710.5821670359,
                1533243.9636876639
              ],
              [
                310683.66261137091,
                1533252.2760655936
              ]
            ]
          ],
          [
            [
              [
                310683.66261137091,
                1533252.2760655936
              ],
              [
                310683.66261137091,
                1533262.2760655936
              ],
              [
                310673.66261137091,
                1533262.2760655936
              ],
              [
                310673.66261137091,
                1533252.2760655936
              ],
              [
                310683.66261137091,
                1533252.2760655936
              ]
            ]
          ],
          [
            [
              [
                315613.93116605841,
                1533409.7605016287
              ],
              [
                315583.66261137091,
                1533432.2760655954
              ],
              [
                315567.75684965216,
                1533359.352786785
              ],
              [
                315579.03492582217,
                1533307.6480748728
              ],
              [
                315583.66261137091,
                1533302.2760655936
              ],
              [
                315587.92774808966,
                1533296.5418126639
              ],
              [
                315607.43702543247,
                1533288.0103185233
              ],
              [
                315586.44093168341,
                1533340.2408483103
              ],
              [
                315627.10499418341,
                1533333.2401158866
              ],
              [
                315613.93116605841,
                1533409.7605016287
              ]
            ]
          ],
          [
            [
              [
                314468.47218168527,
                1533467.4668004587
              ],
              [
                314538.85304106027,
                1533477.0853307322
              ],
              [
                314558.47218168247,
                1533547.4668004606
              ],
              [
                314588.85304105654,
                1533627.0853307303
              ],
              [
                314601.72779691685,
                1533774.8276403025
              ],
              [
                314571.67774808966,
                1533906.9583776053
              ],
              [
                314558.79688871279,
                1533987.8177526072
              ],
              [
                314469.86622465122,
                1533891.8375279941
              ],
              [
                314348.32447660621,
                1533802.6886632536
              ],
              [
                314161.34205473121,
                1533703.6917760465
              ],
              [
                314270.16895902622,
                1533602.8577306326
              ],
              [
                314339.65260160714,
                1533495.2570226248
              ],
              [
                314369.51100004371,
                1533467.5913121793
              ],
              [
                314463.66261137091,
                1533462.2760655973
              ],
              [
                314468.47218168527,
                1533467.4668004587
              ]
            ]
          ],
          [
            [
              [
                315633.66261137184,
                1536652.2760655936
              ],
              [
                315641.68873441778,
                1536684.9513127916
              ],
              [
                315616.75953519717,
                1536723.2334783133
              ],
              [
                315579.67823637277,
                1536748.8359716013
              ],
              [
                315573.66261136811,
                1536772.2760655954
              ],
              [
                315562.91920316964,
                1536763.0197789744
              ],
              [
                315549.03492582403,
                1536746.9042089041
              ],
              [
                315538.29029691592,
                1536737.647922283
              ],
              [
                315529.03492582589,
                1536686.9042089079
              ],
              [
                315518.29029691778,
                1536657.6479222849
              ],
              [
                315496.31397855841,
                1536584.652545698
              ],
              [
                315436.75709379092,
                1536589.4380071256
              ],
              [
                315391.21388090122,
                1536526.012714155
              ],
              [
                315299.77711332403,
                1536447.2354772147
              ],
              [
                315269.39015043061,
                1536433.6764409598
              ],
              [
                315263.66261137091,
                1536402.2760655936
              ],
              [
                315379.63307035435,
                1536398.095767742
              ],
              [
                315460.07618558966,
                1536381.9687535837
              ],
              [
                315497.83741605934,
                1536366.4510991629
              ],
              [
                315513.66261137184,
                1536362.2760655973
              ],
              [
                315518.82862699404,
                1536392.6832463797
              ],
              [
                315542.21241605841,
                1536431.450793989
              ],
              [
                315600.11402738746,
                1536455.1486089323
              ],
              [
                315587.11842191871,
                1536499.720905073
              ],
              [
                315617.37232816778,
                1536495.25000358
              ],
              [
                315623.66261136904,
                1536532.2760655954
              ],
              [
                315611.47022855654,
                1536535.6993749198
              ],
              [
                315620.23975980841,
                1536544.4682958163
              ],
              [
                315623.66261136904,
                1536532.2760655954
              ],
              [
                315642.72511136904,
                1536524.782016525
              ],
              [
                315630.01881254278,
                1536610.7700994089
              ],
              [
                315658.66261136997,
                1536606.5371587332
              ],
              [
                315672.17091214936,
                1536608.5334661063
              ],
              [
                315666.53248441778,
                1536646.6923406199
              ],
              [
                315633.66261137184,
                1536652.2760655936
              ],
              [
                315629.58180082403,
                1536619.9170568064
              ],
              [
                315615.56324613839,
                1536648.6221959665
              ],
              [
                315633.66261137184,
                1536652.2760655936
              ]
            ]
          ],
          [
            [
              [
                315573.66261136811,
                1536772.2760655954
              ],
              [
                315608.67848051246,
                1536746.1395146903
              ],
              [
                315618.0193008231,
                1536753.4761693534
              ],
              [
                315591.59474027902,
                1536797.2826268766
              ],
              [
                315573.66261136811,
                1536802.2760655973
              ],
              [
                315553.66261136997,
                1536812.2760655973
              ],
              [
                315547.40894926339,
                1536807.4491765555
              ],
              [
                315573.66261136811,
                1536772.2760655954
              ]
            ]
          ]
        ]
      },
      "properties" : {
        "OBJECTID" : 2,
        "gridcode" : 3,
        "Shape_Length" : 67101.233593480458,
        "Shape_Area" : 8472657.1258544903
      }
    },
    {
      "type" : "Feature",
      "id" : 3,
      "geometry" : {
        "type" : "MultiPolygon",
        "coordinates" : [
          [
            [
              [
                314953.66261137184,
                1521642.2760655936
              ],
              [
                314953.66261137184,
                1521632.2760655936
              ],
              [
                314963.66261137184,
                1521632.2760655936
              ],
              [
                314963.66261137184,
                1521642.2760655936
              ],
              [
                314953.66261137184,
                1521642.2760655936
              ]
            ]
          ],
          [
            [
              [
                315822.01222074497,
                1522433.9264562242
              ],
              [
                315843.35499418247,
                1522485.8624913767
              ],
              [
                315859.48048246466,
                1522566.2982823923
              ],
              [
                315863.66261137184,
                1522662.2760655954
              ],
              [
                315824.02149808872,
                1522650.3412511405
              ],
              [
                315789.03492582217,
                1522622.1100499686
              ],
              [
                315809.03492582496,
                1522567.6483800504
              ],
              [
                315818.29029691685,
                1522485.4962804392
              ],
              [
                315770.88673246466,
                1522464.3439366929
              ],
              [
                315759.03492582124,
                1522433.7714269236
              ],
              [
                315813.66261137091,
                1522402.2760655954
              ],
              [
                315822.01222074497,
                1522433.9264562242
              ]
            ]
          ],
          [
            [
              [
                313633.66261137184,
                1522942.2760655973
              ],
              [
                313648.38673246372,
                1522855.7184484061
              ],
              [
                313748.97144926339,
                1522865.9711339548
              ],
              [
                313758.19996488746,
                1522916.3873937223
              ],
              [
                313688.19996488653,
                1522926.8134191111
              ],
              [
                313633.66261137184,
                1522942.2760655973
              ]
            ]
          ],
          [
            [
              [
                313633.66261137184,
                1522942.2760655973
              ],
              [
                313630.23975980654,
                1522954.4684484098
              ],
              [
                313621.47022855934,
                1522945.6989171561
              ],
              [
                313633.66261137184,
                1522942.2760655973
              ]
            ]
          ],
          [
            [
              [
                315774.68922269903,
                1523025.3778722342
              ],
              [
                315749.93092191499,
                1523029.6405675486
              ],
              [
                315744.02882230654,
                1522995.3571202829
              ],
              [
                315769.70631254278,
                1522937.3114659842
              ],
              [
                315757.92774809059,
                1522908.0109288767
              ],
              [
                315749.39747465309,
                1522876.5412023142
              ],
              [
                315735.51319730747,
                1522842.0014073923
              ],
              [
                315759.39747465309,
                1522788.0109288748
              ],
              [
                315769.25587308966,
                1522751.6425206736
              ],
              [
                315794.27418363374,
                1522718.0109288786
              ],
              [
                315814.33521879185,
                1522729.3280675504
              ],
              [
                315799.46217191685,
                1522815.7147862986
              ],
              [
                315823.66261137091,
                1522822.2760655936
              ],
              [
                315819.57813871559,
                1522848.1915929373
              ],
              [
                315794.22657621466,
                1522904.1266515348
              ],
              [
                315821.83155668341,
                1522944.1071202811
              ],
              [
                315833.66261136904,
                1522952.2760655973
              ],
              [
                315828.09498441964,
                1522959.760196453
              ],
              [
                315794.06544340216,
                1522953.9020421579
              ],
              [
                315774.68922269903,
                1523025.3778722342
              ]
            ]
          ],
          [
            [
              [
                314953.66261137184,
                1521642.2760655936
              ],
              [
                314958.47218168154,
                1521657.4664952811
              ],
              [
                314968.85304105747,
                1521667.0856359061
              ],
              [
                314978.47218168434,
                1521707.4664952829
              ],
              [
                314998.36598051246,
                1521745.0617101267
              ],
              [
                314956.94996488746,
                1521799.0704991873
              ],
              [
                314960.17872465309,
                1521880.5170323905
              ],
              [
                314998.52467191592,
                1521916.0455968454
              ],
              [
                315003.66261137277,
                1521932.2760655936
              ],
              [
                314959.38038480934,
                1521940.7306554373
              ],
              [
                314894.70631254278,
                1521974.9530675486
              ],
              [
                314841.64234769624,
                1522047.2980382517
              ],
              [
                314828.85304105934,
                1522167.4664952829
              ],
              [
                314818.47218168341,
                1522207.0856359079
              ],
              [
                314808.85304105654,
                1522321.4923741873
              ],
              [
                314831.0271133231,
                1522427.4762609079
              ],
              [
                314798.47218168527,
                1522577.0856359061
              ],
              [
                314788.85304105841,
                1522707.4664952848
              ],
              [
                314758.47218168434,
                1522807.0856359061
              ],
              [
                314748.85304105747,
                1522883.9264562186
              ],
              [
                314808.85304105654,
                1523017.0856359061
              ],
              [
                314893.31104887184,
                1523211.6522862986
              ],
              [
                314854.4987930106,
                1523262.2675206717
              ],
              [
                314816.60938871559,
                1523320.9418370798
              ],
              [
                314769.12159574497,
                1523520.3021886423
              ],
              [
                314752.24537504278,
                1523696.4264562204
              ],
              [
                314698.28175199497,
                1523721.8952062186
              ],
              [
                314663.08888090402,
                1523740.5170323923
              ],
              [
                314625.42164457217,
                1523781.1701085642
              ],
              [
                314595.21046293527,
                1523845.1850011423
              ],
              [
                314598.99464262091,
                1523940.6586339548
              ],
              [
                314633.56617582217,
                1524005.9918859061
              ],
              [
                314589.94679106027,
                1524112.1869542673
              ],
              [
                314473.55030668434,
                1524362.0514562204
              ],
              [
                314408.47218168154,
                1524437.0856359079
              ],
              [
                314370.15308988467,
                1524489.3280675486
              ],
              [
                314313.79322660714,
                1524623.2526280954
              ],
              [
                314138.66016996372,
                1524945.1178624742
              ],
              [
                314081.12721098121,
                1525039.0802648142
              ],
              [
                314039.23390043247,
                1525127.8473546598
              ],
              [
                314008.09132230934,
                1525156.7047765329
              ],
              [
                313980.30811918154,
                1525186.6889073923
              ],
              [
                313948.85304105934,
                1525267.4664952811
              ],
              [
                313829.38404691871,
                1525277.8778722342
              ],
              [
                313731.36036527809,
                1525233.7091710642
              ],
              [
                313618.52711332217,
                1525197.9865148161
              ],
              [
                313601.79249418434,
                1525040.7404210623
              ],
              [
                313630.52662504185,
                1524931.0822179373
              ],
              [
                313652.78248441499,
                1524814.5050695036
              ],
              [
                313671.24683988746,
                1524641.0138585623
              ],
              [
                313718.85304105934,
                1524417.4664952829
              ],
              [
                313751.94141996652,
                1524238.3014562204
              ],
              [
                313774.5720351981,
                1524130.1325109079
              ],
              [
                313803.18043363746,
                1524020.9528234079
              ],
              [
                313843.37574613653,
                1523915.6146886405
              ],
              [
                313881.38111723214,
                1523843.7897374704
              ],
              [
                313986.17848051246,
                1523663.1171300467
              ],
              [
                314028.85304105654,
                1523607.4664952848
              ],
              [
                314081.20533598028,
                1523533.2086827829
              ],
              [
                314108.50147855747,
                1523446.9928624667
              ],
              [
                314118.47218168247,
                1523177.0856359098
              ],
              [
                314128.85304105841,
                1523037.4664952811
              ],
              [
                314160.53028715122,
                1522566.4838292636
              ],
              [
                314250.59010160342,
                1522459.9115636405
              ],
              [
                314325.21290434152,
                1522327.3456456736
              ],
              [
                314366.88404691964,
                1522214.2572667673
              ],
              [
                314388.47218168341,
                1522093.7946202867
              ],
              [
                314367.70924223121,
                1522014.5563390311
              ],
              [
                314343.66261136811,
                1521992.2760655954
              ],
              [
                314348.38184965216,
                1521976.9953038748
              ],
              [
                314358.94337308966,
                1521957.5568273161
              ],
              [
                314371.77052152809,
                1521888.8361241873
              ],
              [
                314409.01539457496,
                1521830.2741124704
              ],
              [
                314488.38184965029,
                1521716.995303873
              ],
              [
                314493.66261136904,
                1521712.2760655936
              ],
              [
                314558.17921293247,
                1521767.8607823905
              ],
              [
                314613.80421293341,
                1521845.3266027067
              ],
              [
                314696.63380277622,
                1521749.1840245798
              ],
              [
                314803.74439847935,
                1521680.6073644236
              ],
              [
                314890.61085355841,
                1521648.7079503592
              ],
              [
                314953.66261137184,
                1521642.2760655936
              ]
            ],
            [
              [
                314373.66261137091,
                1523612.2760655973
              ],
              [
                314392.64088285714,
                1523594.0412023123
              ],
              [
                314466.06617582217,
                1523508.9081456736
              ],
              [
                314524.48292387184,
                1523259.0961339548
              ],
              [
                314552.37965238839,
                1523177.5934484061
              ],
              [
                314472.51881254092,
                1522999.1986730155
              ],
              [
                314448.76270902529,
                1522859.9213292673
              ],
              [
                314461.95973051339,
                1522761.9599034842
              ],
              [
                314493.88844144903,
                1522637.3761632498
              ],
              [
                314454.23512113653,
                1522684.0350987986
              ],
              [
                314428.76270902716,
                1523057.3761632498
              ],
              [
                314418.56251371466,
                1523197.1759679373
              ],
              [
                314408.39527738746,
                1523467.1161534861
              ],
              [
                314373.66261137091,
                1523612.2760655973
              ],
              [
                314360.66578519996,
                1523617.8375890311
              ],
              [
                314369.65748441778,
                1523635.0018956717
              ],
              [
                314373.66261137091,
                1523612.2760655973
              ]
            ],
            [
              [
                314323.66261136997,
                1523712.2760655936
              ],
              [
                314335.85499418247,
                1523708.8532140311
              ],
              [
                314327.08546293341,
                1523700.0836827811
              ],
              [
                314323.66261136997,
                1523712.2760655936
              ],
              [
                314313.66261136997,
                1523712.2760655936
              ],
              [
                314313.66261136997,
                1523732.2760655954
              ],
              [
                314300.1530898856,
                1523744.7931554373
              ],
              [
                314268.85304105934,
                1523787.4664952829
              ],
              [
                314236.84620512184,
                1523829.2047765311
              ],
              [
                314141.38111723028,
                1523993.7897374704
              ],
              [
                314111.14063871559,
                1524050.9406163748
              ],
              [
                314083.42823636997,
                1524130.0067784842
              ],
              [
                314062.66529691778,
                1524209.2438390329
              ],
              [
                314048.47218168341,
                1524277.0856359079
              ],
              [
                314015.38380277902,
                1524456.2506749723
              ],
              [
                313990.10304105747,
                1524577.0856359061
              ],
              [
                314021.91090238746,
                1524542.1198155954
              ],
              [
                314058.85304105934,
                1524457.4664952829
              ],
              [
                314105.72437894996,
                1524346.0883214548
              ],
              [
                314168.47218168341,
                1524257.0856359079
              ],
              [
                314220.65357816778,
                1524195.336368328
              ],
              [
                314301.42384184059,
                1524021.9476964585
              ],
              [
                314294.58546293154,
                1523849.4061925486
              ],
              [
                314308.85304105747,
                1523767.4664952829
              ],
              [
                314313.66261136997,
                1523732.2760655954
              ],
              [
                314323.66261136997,
                1523732.2760655954
              ],
              [
                314323.66261136997,
                1523712.2760655936
              ]
            ],
            [
              [
                313993.66261136997,
                1524582.2760655936
              ],
              [
                313981.47022855747,
                1524585.6989171617
              ],
              [
                313990.23975980934,
                1524594.4684484061
              ],
              [
                313993.66261136997,
                1524582.2760655936
              ]
            ]
          ],
          [
            [
              [
                305221.79768216982,
                1526165.7611730155
              ],
              [
                305199.38221586216,
                1526183.7116124704
              ],
              [
                305183.03867948428,
                1526108.1732823942
              ],
              [
                305203.66261137091,
                1526102.2760655936
              ],
              [
                305221.79768216982,
                1526165.7611730155
              ]
            ]
          ],
          [
            [
              [
                307523.66261137277,
                1526622.2760655936
              ],
              [
                307527.08576810919,
                1526610.0836827811
              ],
              [
                307535.85499418061,
                1526618.8532140311
              ],
              [
                307523.66261137277,
                1526622.2760655936
              ]
            ]
          ],
          [
            [
              [
                307523.66261137277,
                1526622.2760655936
              ],
              [
                307520.23945463169,
                1526634.4684484117
              ],
              [
                307511.47022856027,
                1526625.6989171579
              ],
              [
                307523.66261137277,
                1526622.2760655936
              ]
            ]
          ],
          [
            [
              [
                314683.66261137091,
                1526822.2760655936
              ],
              [
                314598.94337308966,
                1526767.8815343436
              ],
              [
                314505.31910551246,
                1526764.1705968436
              ],
              [
                314432.7702773856,
                1526789.5990636405
              ],
              [
                314323.57472074684,
                1526773.3161046579
              ],
              [
                314208.85304106027,
                1526777.8632237986
              ],
              [
                314224.05445707496,
                1526492.1771886405
              ],
              [
                314263.43800199591,
                1526357.6459386405
              ],
              [
                314298.47218168154,
                1526227.0856359079
              ],
              [
                314337.82642972935,
                1526092.6569249686
              ],
              [
                314354.66725004371,
                1525947.2760655973
              ],
              [
                314320.64991606027,
                1525653.617618328
              ],
              [
                314356.55811918434,
                1525451.5875890311
              ],
              [
                314408.34522855654,
                1525223.6249425467
              ],
              [
                314468.66016996559,
                1525125.1178624686
              ],
              [
                314638.46607816964,
                1524813.0426671561
              ],
              [
                314706.06373441499,
                1524669.8090245761
              ],
              [
                314797.33204496466,
                1524566.5631749704
              ],
              [
                314868.79688871466,
                1524403.5309484079
              ],
              [
                314938.74195707496,
                1524255.3241612967
              ],
              [
                315050.32765043154,
                1524274.7553136405
              ],
              [
                315250.61329496652,
                1524242.8497960623
              ],
              [
                315320.98560941964,
                1524191.2323644217
              ],
              [
                315358.33058012091,
                1524120.6586339548
              ],
              [
                315362.11475980934,
                1524025.1850011405
              ],
              [
                315331.90357816964,
                1523961.1701085642
              ],
              [
                315294.23634183779,
                1523920.5170323905
              ],
              [
                315233.46241605841,
                1523888.3588292655
              ],
              [
                315102.22950590216,
                1523876.9232823905
              ],
              [
                315121.39210355654,
                1523785.3327062223
              ],
              [
                315139.12159574591,
                1523600.3021886405
              ],
              [
                315173.09132231027,
                1523457.6947667673
              ],
              [
                315188.80299223121,
                1523457.0722081736
              ],
              [
                315265.18116605747,
                1523477.0856359061
              ],
              [
                315335.92823637184,
                1523461.5033605155
              ],
              [
                315408.47218168154,
                1523417.0856359098
              ],
              [
                315480.01148832496,
                1523405.6891515311
              ],
              [
                315533.66261137184,
                1523382.2760655973
              ],
              [
                315538.38184965122,
                1523407.5568273142
              ],
              [
                315567.78736723214,
                1523449.6552159861
              ],
              [
                315519.74415434152,
                1523492.582462078
              ],
              [
                315508.94337308779,
                1523527.5568273105
              ],
              [
                315488.38184965029,
                1523536.9953038748
              ],
              [
                315477.29908598028,
                1523549.3976476248
              ],
              [
                315479.15821684059,
                1523580.5841710661
              ],
              [
                315499.51100004371,
                1523618.0390050486
              ],
              [
                315494.50367582217,
                1523702.0636632498
              ],
              [
                315469.79054105934,
                1523770.9357335623
              ],
              [
                315458.94337309152,
                1523817.5568273123
              ],
              [
                315438.38184965402,
                1523866.9953038767
              ],
              [
                315428.94337309059,
                1523949.7308995761
              ],
              [
                315468.94337309152,
                1524006.9953038748
              ],
              [
                315500.64747465216,
                1524056.8427159842
              ],
              [
                315531.11622465216,
                1524022.7411534823
              ],
              [
                315560.15064848121,
                1524038.5187413748
              ],
              [
                315579.35230863746,
                1524100.7025792655
              ],
              [
                315577.39063871559,
                1524133.6102941092
              ],
              [
                315545.40333402902,
                1524192.475040203
              ],
              [
                315498.38184965029,
                1524206.9953038748
              ],
              [
                315488.38673246466,
                1524292.3151280936
              ],
              [
                315429.82960355561,
                1524344.6356847361
              ],
              [
                315418.75172269996,
                1524439.2011144236
              ],
              [
                315378.38184965029,
                1524496.9953038748
              ],
              [
                315373.66261137091,
                1524512.2760655973
              ],
              [
                315358.47218168527,
                1524517.0856359098
              ],
              [
                315305.67799223028,
                1524535.5890538748
              ],
              [
                315126.63380277809,
                1524567.4115636423
              ],
              [
                315056.34083402902,
                1524716.3568761423
              ],
              [
                315018.85304105841,
                1524767.4664952811
              ],
              [
                314958.47218168154,
                1524837.0856359061
              ],
              [
                314899.34498441592,
                1524962.3712804392
              ],
              [
                314748.85304105747,
                1525237.4664952811
              ],
              [
                314684.34986723028,
                1525352.2052648123
              ],
              [
                314641.78028715122,
                1525547.8375890292
              ],
              [
                314624.29615629092,
                1525665.0897863004
              ],
              [
                314658.08277738467,
                1525956.7621495835
              ],
              [
                314633.02296293341,
                1526140.1227452829
              ],
              [
                314598.85304105934,
                1526267.4664952848
              ],
              [
                314561.32252347935,
                1526395.6659581717
              ],
              [
                314548.3952773856,
                1526457.4530675467
              ],
              [
                314683.66261137091,
                1526482.2760655954
              ],
              [
                314689.63673246372,
                1526503.7311437204
              ],
              [
                314719.30592191964,
                1526526.6327550467
              ],
              [
                314729.17408598028,
                1526539.4171788767
              ],
              [
                314753.66261137184,
                1526535.7977941111
              ],
              [
                314768.66261136997,
                1526538.0145909861
              ],
              [
                314797.30641019717,
                1526533.7824132517
              ],
              [
                314784.96876371559,
                1526617.2760655954
              ],
              [
                314790.14088285249,
                1526652.2760655954
              ],
              [
                314787.61891019996,
                1526669.3390538748
              ],
              [
                314758.46485746466,
                1526665.0299718436
              ],
              [
                314749.30592191778,
                1526697.9193761423
              ],
              [
                314684.65626371466,
                1526707.1100499704
              ],
              [
                314659.30592191592,
                1526743.4760167673
              ],
              [
                314679.30592191871,
                1526776.6327550467
              ],
              [
                314683.66261137091,
                1526822.2760655936
              ]
            ]
          ],
          [
            [
              [
                314683.66261137091,
                1526822.2760655936
              ],
              [
                314693.66261137091,
                1526822.2760655936
              ],
              [
                314693.66261137091,
                1526842.2760655936
              ],
              [
                314683.66261137091,
                1526842.2760655936
              ],
              [
                314683.66261137091,
                1526822.2760655936
              ]
            ]
          ],
          [
            [
              [
                314733.66261137184,
                1527112.2760655954
              ],
              [
                314693.65162504185,
                1527105.4791905954
              ],
              [
                314713.41602933779,
                1527020.1850011405
              ],
              [
                314723.66261136904,
                1527012.2760655936
              ],
              [
                314730.30323637091,
                1527025.6354405954
              ],
              [
                314733.66261137184,
                1527112.2760655954
              ]
            ]
          ],
          [
            [
              [
                314733.66261137184,
                1527112.2760655954
              ],
              [
                314743.66261137184,
                1527112.2760655954
              ],
              [
                314743.66261137184,
                1527122.2760655954
              ],
              [
                314733.66261137184,
                1527122.2760655954
              ],
              [
                314733.66261137184,
                1527112.2760655954
              ]
            ]
          ],
          [
            [
              [
                306487.92835844215,
                1527298.0109288748
              ],
              [
                306507.10468900856,
                1527312.2754552439
              ],
              [
                306463.05653226934,
                1527326.5418126658
              ],
              [
                306439.39686429873,
                1527297.5604894217
              ],
              [
                306483.66261137184,
                1527292.2760655936
              ],
              [
                306487.92835844215,
                1527298.0109288748
              ]
            ]
          ],
          [
            [
              [
                304523.66261137091,
                1527578.4650304373
              ],
              [
                304475.56812894903,
                1527576.5589025095
              ],
              [
                304492.75868070778,
                1527461.2763097361
              ],
              [
                304543.43815458473,
                1527424.1034581754
              ],
              [
                304573.04691922944,
                1527392.1478917692
              ],
              [
                304613.28129423223,
                1527306.8945958689
              ],
              [
                304634.04392851144,
                1527267.6569249723
              ],
              [
                304652.11460722052,
                1527229.3671300486
              ],
              [
                304648.0630935505,
                1527127.1503331754
              ],
              [
                304714.82746732887,
                1527116.5155675486
              ],
              [
                305078.18653715216,
                1526988.4027745817
              ],
              [
                305125.67692411412,
                1526963.2733800486
              ],
              [
                305177.01649320778,
                1526907.8632237967
              ],
              [
                305208.47202909645,
                1526827.0856359061
              ],
              [
                305235.49030912481,
                1526802.0514562204
              ],
              [
                305271.834913617,
                1526752.5006749704
              ],
              [
                305309.2345107859,
                1526717.8473546561
              ],
              [
                305333.28129423317,
                1526691.8952062204
              ],
              [
                305343.66261137184,
                1526682.2760655954
              ],
              [
                305351.67835844215,
                1526724.2609288748
              ],
              [
                305382.69459379371,
                1526830.2069737986
              ],
              [
                305350.09785307106,
                1526891.8097570017
              ],
              [
                305338.14381254371,
                1527004.1315343454
              ],
              [
                305215.04719388857,
                1527048.3148839548
              ],
              [
                305164.70585477818,
                1527074.9530675467
              ],
              [
                305116.48747099191,
                1527140.6915929373
              ],
              [
                305098.85319364816,
                1527220.7575109079
              ],
              [
                305123.36094510835,
                1527314.2890050486
              ],
              [
                305048.47202909552,
                1527367.0856359079
              ],
              [
                304938.85319364723,
                1527467.4664952811
              ],
              [
                304850.01316679176,
                1527481.6187169626
              ],
              [
                304761.44856107887,
                1527542.5617101286
              ],
              [
                304669.65641629975,
                1527578.3063390348
              ],
              [
                304598.66261136997,
                1527575.492618328
              ],
              [
                304523.66261137091,
                1527578.4650304373
              ]
            ]
          ],
          [
            [
              [
                314056.27125394717,
                1527432.9370763358
              ],
              [
                314178.76270902902,
                1527477.1759679392
              ],
              [
                314200.89161527436,
                1527488.5761144236
              ],
              [
                314250.56202543341,
                1527540.2741124686
              ],
              [
                314277.50904691964,
                1527595.8161046561
              ],
              [
                313958.76270902436,
                1527537.1759679392
              ],
              [
                313547.54200590309,
                1527467.2022130545
              ],
              [
                313549.77100981027,
                1527357.9578282926
              ],
              [
                313613.66261137184,
                1527352.2760655954
              ],
              [
                313618.56251371466,
                1527357.3761632498
              ],
              [
                313745.62550199684,
                1527380.2057530954
              ],
              [
                313870.91602933779,
                1527397.1759679373
              ],
              [
                313959.02393949684,
                1527367.0178868845
              ],
              [
                314056.27125394717,
                1527432.9370763358
              ]
            ]
          ],
          [
            [
              [
                303643.66261137091,
                1527802.2760655954
              ],
              [
                303648.1094802646,
                1527776.723087078
              ],
              [
                303659.21574247349,
                1527737.8290441111
              ],
              [
                303668.10948026739,
                1527696.7230870798
              ],
              [
                303685.93525541481,
                1527677.8290441111
              ],
              [
                303728.10948026646,
                1527737.8290441111
              ],
              [
                303760.00820768252,
                1527777.7136876658
              ],
              [
                303698.10948026832,
                1527786.723087078
              ],
              [
                303643.66261137091,
                1527802.2760655954
              ]
            ]
          ],
          [
            [
              [
                303643.66261137091,
                1527802.2760655954
              ],
              [
                303640.23930204567,
                1527814.4684484079
              ],
              [
                303631.47038114537,
                1527805.6995275095
              ],
              [
                303643.66261137091,
                1527802.2760655954
              ]
            ]
          ],
          [
            [
              [
                307023.66261137184,
                1527922.2760655936
              ],
              [
                306991.24531400762,
                1527904.6582677439
              ],
              [
                307023.66261137184,
                1527882.2760655917
              ],
              [
                307023.66261137184,
                1527922.2760655936
              ]
            ]
          ],
          [
            [
              [
                307933.66261137184,
                1528212.2760655954
              ],
              [
                307923.66261137184,
                1528212.2760655954
              ],
              [
                307923.66261137184,
                1528202.2760655954
              ],
              [
                307933.66261137184,
                1528202.2760655954
              ],
              [
                307933.66261137184,
                1528212.2760655954
              ]
            ]
          ],
          [
            [
              [
                313101.92310941592,
                1527464.7321202811
              ],
              [
                313060.58277738746,
                1527504.4507482108
              ],
              [
                313025.46314847842,
                1527551.8262364939
              ],
              [
                312999.46339262184,
                1527685.0110509451
              ],
              [
                312988.76270902529,
                1527829.5288732108
              ],
              [
                313020.98438871559,
                1527923.6664464548
              ],
              [
                312963.78834379278,
                1528276.6394689139
              ],
              [
                312865.5577529734,
                1528256.5198400076
              ],
              [
                312918.76270902809,
                1527957.3761632498
              ],
              [
                312981.19007719029,
                1527606.1267736033
              ],
              [
                312978.52528226934,
                1527475.5383946951
              ],
              [
                312946.96278227028,
                1527414.2700841483
              ],
              [
                312906.68934477028,
                1527375.576236492
              ],
              [
                312844.53419340029,
                1527345.4218175467
              ],
              [
                312746.92494047154,
                1527347.4133946989
              ],
              [
                312675.64320219029,
                1527384.1345861014
              ],
              [
                312624.05872953311,
                1527453.7213780917
              ],
              [
                312548.76270902529,
                1527877.3761632517
              ],
              [
                312496.34144438058,
                1528172.1143224295
              ],
              [
                312374.64466703497,
                1528151.3568761405
              ],
              [
                312470.99842679873,
                1527556.7261388376
              ],
              [
                312467.23560941778,
                1527372.3541905954
              ],
              [
                312478.76270902622,
                1527327.3761632498
              ],
              [
                312488.56251371652,
                1527265.022647623
              ],
              [
                312458.17371976934,
                1527176.2396886405
              ],
              [
                312459.58119047433,
                1527107.2760655936
              ],
              [
                312458.52528227028,
                1527055.5390050467
              ],
              [
                312426.56239164434,
                1526993.4931066111
              ],
              [
                312376.06495512277,
                1526944.9762609042
              ],
              [
                312294.13014066871,
                1526905.2252843454
              ],
              [
                312186.92494047154,
                1526907.4140050504
              ],
              [
                312115.64320219029,
                1526944.1351964511
              ],
              [
                312063.04127347935,
                1527015.0946691092
              ],
              [
                312048.76270902902,
                1527117.3761632498
              ],
              [
                311987.30274808686,
                1527157.6703527067
              ],
              [
                311939.16248929966,
                1527207.7765538767
              ],
              [
                311881.59290922247,
                1527263.0878331736
              ],
              [
                311844.53175199591,
                1527313.0835607108
              ],
              [
                311782.25697172433,
                1527668.7616612986
              ],
              [
                311746.9005264109,
                1527755.9271886423
              ],
              [
                311748.7999404734,
                1527849.0137364939
              ],
              [
                311782.81788481027,
                1527915.0482823942
              ],
              [
                311724.56532133184,
                1527971.0162999704
              ],
              [
                311655.37281644717,
                1527929.0564611014
              ],
              [
                311582.65736234933,
                1527905.4596593436
              ],
              [
                311488.57411039248,
                1527907.3798253592
              ],
              [
                311422.73914945684,
                1527884.8456456736
              ],
              [
                311278.14198148809,
                1527887.7966954764
              ],
              [
                311280.09144437872,
                1527792.2760655954
              ],
              [
                311278.37696683872,
                1527708.266055828
              ],
              [
                311294.3126357859,
                1527614.8377111014
              ],
              [
                311325.52113187965,
                1527554.2566564139
              ],
              [
                311391.48792875465,
                1527505.3558995798
              ],
              [
                311420.36244047154,
                1527475.3027989957
              ],
              [
                311450.51685941871,
                1527413.1476476248
              ],
              [
                311448.52528226748,
                1527315.538394697
              ],
              [
                311411.80409086309,
                1527244.2560460623
              ],
              [
                311343.68885648996,
                1527193.7628820036
              ],
              [
                311256.80164945778,
                1527177.3761632517
              ],
              [
                311159.49940336403,
                1527202.3126866892
              ],
              [
                311048.76270902902,
                1527277.3761632498
              ],
              [
                311011.08326566592,
                1527295.6561925486
              ],
              [
                310912.42481840309,
                1527309.4287755564
              ],
              [
                310835.65662992559,
                1527348.9758946951
              ],
              [
                310795.71400297061,
                1527390.5493810233
              ],
              [
                310738.76270902716,
                1527467.3761632536
              ],
              [
                310690.99171293341,
                1527530.3327062186
              ],
              [
                310640.09571684059,
                1527635.2399327811
              ],
              [
                310628.63636625558,
                1527799.1840245798
              ],
              [
                309841.79676664621,
                1527657.9804112986
              ],
              [
                309248.76270902622,
                1527547.1759679392
              ],
              [
                309071.24378812872,
                1527514.154727703
              ],
              [
                308598.56251371466,
                1527427.3761632517
              ],
              [
                308412.93202055246,
                1527392.2943761423
              ],
              [
                308340.25807035435,
                1527367.4194982108
              ],
              [
                308278.56251371279,
                1527357.3761632498
              ],
              [
                308216.56239164528,
                1527344.6771886386
              ],
              [
                308146.29749906436,
                1527316.176212078
              ],
              [
                308086.51356352121,
                1527275.6513097342
              ],
              [
                308066.14918363746,
                1527254.4562413767
              ],
              [
                307968.0046523856,
                1527116.1078527048
              ],
              [
                307941.79127348028,
                1527008.578555828
              ],
              [
                307908.76270902622,
                1526637.1759679392
              ],
              [
                307903.66261136904,
                1526602.2760655936
              ],
              [
                307924.80274808966,
                1526577.738712078
              ],
              [
                308019.72279203404,
                1526510.4364659898
              ],
              [
                308122.25636136904,
                1526479.7260167692
              ],
              [
                308183.66261137277,
                1526502.2760655954
              ],
              [
                308207.75196684059,
                1526605.8124425467
              ],
              [
                308241.77174223121,
                1526988.3576085623
              ],
              [
                308294.28028715309,
                1527054.5880773123
              ],
              [
                308432.2374404734,
                1527081.5192296579
              ],
              [
                308505.37098539528,
                1527106.5521886405
              ],
              [
                308618.56251371279,
                1527127.3761632498
              ],
              [
                309091.24378812686,
                1527214.1547277067
              ],
              [
                309268.76270902716,
                1527247.1759679392
              ],
              [
                309862.41139066592,
                1527358.0951573923
              ],
              [
                310389.67030179873,
                1527452.6929357108
              ],
              [
                310448.42945707403,
                1527353.7091710661
              ],
              [
                310498.76270902716,
                1527287.3761632498
              ],
              [
                310555.71400297247,
                1527210.5499913748
              ],
              [
                310649.36634672061,
                1527113.0744054392
              ],
              [
                310755.31361234747,
                1527048.8251378611
              ],
              [
                310821.08814848121,
                1527026.3117101248
              ],
              [
                310910.50160062686,
                1527004.5148351267
              ],
              [
                311023.37208402809,
                1526936.0663487986
              ],
              [
                311134.07215727121,
                1526898.1757237967
              ],
              [
                311256.01734769903,
                1526877.3761632498
              ],
              [
                311377.26612699591,
                1526893.7103917673
              ],
              [
                311445.26478422433,
                1526915.7758214548
              ],
              [
                311523.92445219122,
                1526953.9374425467
              ],
              [
                311568.76270902809,
                1526987.1759679373
              ],
              [
                311659.55555570591,
                1527067.0465734098
              ],
              [
                311770.0310195731,
                1526945.9857823905
              ],
              [
                311825.32398832217,
                1526832.0148351248
              ],
              [
                311887.0280898856,
                1526748.7763097379
              ],
              [
                311969.68739164528,
                1526682.0514562186
              ],
              [
                312051.75099027809,
                1526639.7760655954
              ],
              [
                312115.6358779734,
                1526617.9096105155
              ],
              [
                312236.0173476981,
                1526597.376163248
              ],
              [
                312357.26612699777,
                1526613.7103917673
              ],
              [
                312402.22828519903,
                1526628.3002355155
              ],
              [
                312507.03114164528,
                1526670.8112218417
              ],
              [
                312447.45350492653,
                1526572.5665929411
              ],
              [
                312419.29615629371,
                1526490.3034093473
              ],
              [
                312398.76270902716,
                1526369.9213292655
              ],
              [
                312417.10438383278,
                1526252.4860265292
              ],
              [
                312437.16236723028,
                1526190.6745030973
              ],
              [
                312475.32398832403,
                1526112.0148351267
              ],
              [
                312537.02808988746,
                1526028.7763097361
              ],
              [
                312619.68739164248,
                1525962.0514562223
              ],
              [
                312701.75099027529,
                1525919.7760655954
              ],
              [
                312765.63587797061,
                1525897.9096105155
              ],
              [
                312886.01734769996,
                1525877.3761632517
              ],
              [
                313003.45326078311,
                1525895.7184484098
              ],
              [
                313042.22828519624,
                1525908.3002355155
              ],
              [
                313148.3122695731,
                1525951.3312413767
              ],
              [
                313260.92579496559,
                1525908.7128331736
              ],
              [
                313386.01734769903,
                1525887.3761632517
              ],
              [
                313503.45265043527,
                1525905.7184484042
              ],
              [
                313565.26417386811,
                1525925.775821453
              ],
              [
                313608.96290433872,
                1525946.9757726248
              ],
              [
                313667.58595121279,
                1525977.1759679392
              ],
              [
                313671.06983793154,
                1525948.1549718436
              ],
              [
                313598.56251371652,
                1525917.3761632536
              ],
              [
                313488.76270902622,
                1525867.1759679373
              ],
              [
                313401.36280668527,
                1525842.5250890329
              ],
              [
                313251.22730863746,
                1525778.7921788767
              ],
              [
                313043.09010160528,
                1525642.3309972361
              ],
              [
                312965.03162992373,
                1525549.3451573923
              ],
              [
                312921.16261136997,
                1525464.1876866873
              ],
              [
                312899.29615629464,
                1525400.3034093436
              ],
              [
                312878.76270902529,
                1525279.9213292673
              ],
              [
                312889.33643949404,
                1525212.2211339548
              ],
              [
                312908.76270902809,
                1525117.3761632498
              ],
              [
                312919.02699125465,
                1524918.1598546561
              ],
              [
                312965.29347074497,
                1524719.3060948905
              ],
              [
                312986.74122465216,
                1524521.898868328
              ],
              [
                313034.80274809152,
                1524299.4159581736
              ],
              [
                313064.10084379092,
                1524136.3544347342
              ],
              [
                313100.31544340122,
                1523980.6989171561
              ],
              [
                312999.50733793341,
                1523789.6344640329
              ],
              [
                312910.2995742606,
                1523686.2006261405
              ],
              [
                312839.82899320871,
                1523569.994571453
              ],
              [
                312800.09937895089,
                1523465.0128819998
              ],
              [
                312778.76270902529,
                1523339.9213292673
              ],
              [
                312788.56251371559,
                1523167.1759679373
              ],
              [
                312799.84913481027,
                1523023.5468175486
              ],
              [
                312778.76270902529,
                1522899.9213292692
              ],
              [
                312788.56251371559,
                1522637.1759679392
              ],
              [
                312818.79200590402,
                1522467.2125890329
              ],
              [
                312756.76746977121,
                1522390.3766515292
              ],
              [
                312697.45350492746,
                1522292.5665929392
              ],
              [
                312669.29615629464,
                1522210.3034093454
              ],
              [
                312648.76270902716,
                1522089.9213292655
              ],
              [
                312667.10438383091,
                1521972.4860265348
              ],
              [
                312687.16236722842,
                1521910.6745030954
              ],
              [
                312725.32398832217,
                1521832.0148351267
              ],
              [
                312787.0280898856,
                1521748.7763097361
              ],
              [
                312859.07948148903,
                1521690.6146886442
              ],
              [
                312923.66261136904,
                1521652.2760655936
              ],
              [
                312930.82630765717,
                1521688.9716222342
              ],
              [
                313239.58058011811,
                1521890.1715734098
              ],
              [
                313293.66261137184,
                1521922.2760655936
              ],
              [
                313269.02638090122,
                1521947.9181554429
              ],
              [
                313218.86280668247,
                1521922.0758702848
              ],
              [
                313184.53419340309,
                1521905.4218175467
              ],
              [
                313086.92555082496,
                1521907.4140050486
              ],
              [
                313025.65724027809,
                1521938.9765050486
              ],
              [
                312986.96278226655,
                1521979.2499425486
              ],
              [
                312956.80836332403,
                1522041.4044835642
              ],
              [
                312958.79994047247,
                1522139.0131261405
              ],
              [
                312997.42176664434,
                1522213.9850499704
              ],
              [
                313115.77931058872,
                1522344.9396398142
              ],
              [
                313129.12403715309,
                1522399.6784093436
              ],
              [
                313128.44532621466,
                1522432.9364659879
              ],
              [
                313088.56251371279,
                1522657.1759679411
              ],
              [
                313078.76270902716,
                1522879.9213292673
              ],
              [
                313102.00123441964,
                1523016.1627843454
              ],
              [
                313088.56251371279,
                1523187.1759679373
              ],
              [
                313078.76270902716,
                1523339.1364171561
              ],
              [
                313099.23267973121,
                1523419.0106847342
              ],
              [
                313162.18189848214,
                1523522.8143956717
              ],
              [
                313218.76270902529,
                1523577.1759679373
              ],
              [
                313236.04298246372,
                1523595.1618077811
              ],
              [
                313416.6569961356,
                1523937.484805828
              ],
              [
                313358.56251371372,
                1524187.1759679392
              ],
              [
                313330.84278715122,
                1524341.4557530954
              ],
              [
                313285.93067777809,
                1524549.359805828
              ],
              [
                313268.76270902622,
                1524707.3761632517
              ],
              [
                313254.16309965029,
                1524807.2858312204
              ],
              [
                313215.13722074497,
                1524959.5587804392
              ],
              [
                313218.76515043247,
                1525137.2760655936
              ],
              [
                313218.52833402809,
                1525148.8446691111
              ],
              [
                313187.00245512184,
                1525240.9491612967
              ],
              [
                313188.80055082403,
                1525329.0131261423
              ],
              [
                313226.34815824497,
                1525401.9013097342
              ],
              [
                313357.19044340122,
                1525493.0475499704
              ],
              [
                313485.17506254092,
                1525555.1386144236
              ],
              [
                313598.76270902622,
                1525587.1759679373
              ],
              [
                313755.12501371559,
                1525659.6954991892
              ],
              [
                313940.28004301246,
                1525655.9162023142
              ],
              [
                313970.65724027716,
                1525904.5209386442
              ],
              [
                313968.52345121279,
                1526009.0936925467
              ],
              [
                313928.56251371372,
                1526147.1759679392
              ],
              [
                313883.86280668247,
                1526312.4762609061
              ],
              [
                313854.72340238839,
                1526397.6080968454
              ],
              [
                313838.76270902902,
                1526707.3761632517
              ],
              [
                313828.56251371652,
                1526787.1759679429
              ],
              [
                313818.32935941685,
                1527006.6767003592
              ],
              [
                313624.56104887091,
                1526976.5216710623
              ],
              [
                313679.76246488653,
                1526652.8864171579
              ],
              [
                313710.90016019996,
                1526561.9159581736
              ],
              [
                313708.32081449497,
                1526435.5341222342
              ],
              [
                313647.35035551246,
                1526345.5878331717
              ],
              [
                313558.56251371559,
                1526287.3761632517
              ],
              [
                313529.16309965402,
                1526256.7755773123
              ],
              [
                313496.68873441778,
                1526225.5756261405
              ],
              [
                313434.53419340309,
                1526195.4218175467
              ],
              [
                313336.92555082589,
                1526197.4140050486
              ],
              [
                313275.65724027902,
                1526228.9765050504
              ],
              [
                313236.96217191592,
                1526269.2499425504
              ],
              [
                313206.80836332217,
                1526331.4044835642
              ],
              [
                313208.92262113746,
                1526434.9884679373
              ],
              [
                313265.56202543341,
                1526528.3881261423
              ],
              [
                313254.11915433872,
                1526577.1759679392
              ],
              [
                313204.64527738746,
                1526489.9140050486
              ],
              [
                313173.15479887091,
                1526425.0055577811
              ],
              [
                313114.29859769717,
                1526352.0941808298
              ],
              [
                313053.71143949777,
                1526270.3620030936
              ],
              [
                312996.68934477028,
                1526215.5756261405
              ],
              [
                312934.53419340216,
                1526185.4218175467
              ],
              [
                312836.9249404734,
                1526187.4140050486
              ],
              [
                312775.65662992653,
                1526218.9765050504
              ],
              [
                312736.96278226841,
                1526259.2499425504
              ],
              [
                312706.8083633231,
                1526321.4044835642
              ],
              [
                312709.04896390811,
                1526431.2006261405
              ],
              [
                312880.76527250558,
                1526675.3217198905
              ],
              [
                312908.56251371372,
                1526751.2824132536
              ],
              [
                312842.63905180153,
                1526838.1610753611
              ],
              [
                312816.61244047433,
                1526891.8085362986
              ],
              [
                312818.79994046967,
                1526999.0131261405
              ],
              [
                312855.52113187872,
                1527070.2960851248
              ],
              [
                312920.54432523623,
                1527118.4967687186
              ],
              [
                313000.52357328683,
                1527137.1759679411
              ],
              [
                313083.37330472935,
                1527115.9430577792
              ],
              [
                313173.87623441778,
                1527042.8864171561
              ],
              [
                313101.92310941592,
                1527464.7321202811
              ]
            ]
          ],
          [
            [
              [
                303043.66261137277,
                1528632.2760655936
              ],
              [
                303033.66261136997,
                1528632.2760655936
              ],
              [
                303033.66261136997,
                1528622.2760655936
              ],
              [
                303043.66261137277,
                1528622.2760655936
              ],
              [
                303043.66261137277,
                1528632.2760655936
              ]
            ]
          ],
          [
            [
              [
                312338.87501371466,
                1528567.7008702829
              ],
              [
                312422.20631254371,
                1528588.0152013376
              ],
              [
                312362.00611723028,
                1528926.4917638376
              ],
              [
                312245.25318754185,
                1528906.5772130545
              ],
              [
                312302.95765531715,
                1528568.2703282908
              ],
              [
                312333.66261136811,
                1528562.2760655936
              ],
              [
                312338.87501371466,
                1528567.7008702829
              ]
            ]
          ],
          [
            [
              [
                312828.56251371186,
                1528677.3761632498
              ],
              [
                312886.74732816685,
                1528696.2573888358
              ],
              [
                312831.03443754278,
                1529009.5032384451
              ],
              [
                312734.40174711403,
                1528993.0206944998
              ],
              [
                312790.28919828497,
                1528678.7909581736
              ],
              [
                312823.66261136904,
                1528672.2760655954
              ],
              [
                312828.56251371186,
                1528677.3761632498
              ]
            ]
          ],
          [
            [
              [
                303043.66261137277,
                1528632.2760655936
              ],
              [
                303066.55541074555,
                1528638.821475748
              ],
              [
                303051.19949949533,
                1528762.2760655973
              ],
              [
                303060.42282712925,
                1528836.4276769236
              ],
              [
                302957.81485212408,
                1528849.2615392264
              ],
              [
                302890.81687582098,
                1528888.6444738004
              ],
              [
                302842.34830988105,
                1528957.5995519217
              ],
              [
                302828.88754022494,
                1529050.0842931326
              ],
              [
                302813.66261136997,
                1529062.2760655936
              ],
              [
                302794.14303672686,
                1529030.0879552439
              ],
              [
                302813.49836958013,
                1528973.5401036795
              ],
              [
                302778.76261127461,
                1528853.5126378611
              ],
              [
                302830.11566770729,
                1528759.2706945017
              ],
              [
                302906.39239919651,
                1528709.2609288767
              ],
              [
                302939.16260374337,
                1528677.7759435233
              ],
              [
                302973.85868681129,
                1528641.6638829783
              ],
              [
                303017.58614194766,
                1528687.1759679411
              ],
              [
                303050.18768919166,
                1528676.9281652011
              ],
              [
                303043.66261137277,
                1528632.2760655936
              ]
            ]
          ],
          [
            [
              [
                313368.47218168341,
                1528797.4664952811
              ],
              [
                313402.64088285528,
                1528808.284366373
              ],
              [
                313351.89503324591,
                1529099.7138097342
              ],
              [
                313258.85304105934,
                1529090.7868077829
              ],
              [
                313311.32374418154,
                1528797.8461339548
              ],
              [
                313363.66261137091,
                1528792.2760655936
              ],
              [
                313368.47218168341,
                1528797.4664952811
              ]
            ]
          ],
          [
            [
              [
                313818.47218168341,
                1528897.4664952829
              ],
              [
                313885.89405668434,
                1528913.5266759451
              ],
              [
                313841.91944730747,
                1529187.9810216483
              ],
              [
                313723.52955472935,
                1529170.3272130545
              ],
              [
                313770.92945707403,
                1528898.1165196951
              ],
              [
                313813.66261137091,
                1528892.2760655954
              ],
              [
                313818.47218168341,
                1528897.4664952829
              ]
            ]
          ],
          [
            [
              [
                314268.29029691964,
                1528997.647769697
              ],
              [
                314340.99781644903,
                1529014.1657140329
              ],
              [
                314363.70655668247,
                1529163.1860997751
              ],
              [
                314347.95216215216,
                1529279.3994786814
              ],
              [
                314213.71632230841,
                1529255.0617101248
              ],
              [
                314255.22389066871,
                1528999.5465734061
              ],
              [
                314263.66261137091,
                1528992.2760655917
              ],
              [
                314268.29029691964,
                1528997.647769697
              ]
            ]
          ],
          [
            [
              [
                312228.47218168527,
                1529287.4664952811
              ],
              [
                312278.85304105934,
                1529297.0856359061
              ],
              [
                312298.47218168434,
                1529307.3682286795
              ],
              [
                312238.90370023623,
                1529649.4653966501
              ],
              [
                312122.32777250186,
                1529644.845035322
              ],
              [
                312180.36183012184,
                1529288.1940343454
              ],
              [
                312223.66261137091,
                1529282.2760655936
              ],
              [
                312228.47218168527,
                1529287.4664952811
              ]
            ]
          ],
          [
            [
              [
                312688.56251371372,
                1529367.3761632498
              ],
              [
                312763.88905180153,
                1529385.7392003592
              ],
              [
                312706.14735257998,
                1529742.0813634451
              ],
              [
                312610.05360258184,
                1529725.6903722398
              ],
              [
                312669.76246488653,
                1529375.6311681345
              ],
              [
                312683.66261137091,
                1529362.2760655954
              ],
              [
                312688.56251371372,
                1529367.3761632498
              ]
            ]
          ],
          [
            [
              [
                313248.47218168061,
                1529467.4664952811
              ],
              [
                313286.36524808779,
                1529479.4641759451
              ],
              [
                313225.44483793434,
                1529829.3286779001
              ],
              [
                313125.19947660342,
                1529825.3552892264
              ],
              [
                313173.29273832496,
                1529556.8524816129
              ],
              [
                313196.38111722935,
                1529468.7378575876
              ],
              [
                313243.66261137091,
                1529462.2760655936
              ],
              [
                313248.47218168061,
                1529467.4664952811
              ]
            ]
          ],
          [
            [
              [
                313698.56251371372,
                1529547.3761632498
              ],
              [
                313776.03443754371,
                1529562.500064617
              ],
              [
                313718.06812894717,
                1529920.2265050467
              ],
              [
                313597.17579496279,
                1529902.5604894236
              ],
              [
                313657.7751601981,
                1529547.2858312204
              ],
              [
                313693.66261137091,
                1529542.2760655954
              ],
              [
                313698.56251371372,
                1529547.3761632498
              ]
            ]
          ],
          [
            [
              [
                314148.29029691964,
                1529767.6477696951
              ],
              [
                314182.17701566778,
                1529782.7686193064
              ],
              [
                314162.78614652809,
                1529998.009097822
              ],
              [
                314089.43043363839,
                1529992.1149327811
              ],
              [
                314125.43507230747,
                1529767.7637364939
              ],
              [
                314143.66261137091,
                1529762.2760655936
              ],
              [
                314148.29029691964,
                1529767.6477696951
              ]
            ]
          ],
          [
            [
              [
                312578.29090726841,
                1530307.647769697
              ],
              [
                312605.13600004371,
                1530319.6271398142
              ],
              [
                312577.68849027809,
                1530490.6574132498
              ],
              [
                312476.82118070591,
                1530475.0098302439
              ],
              [
                312507.28748930059,
                1530306.9751622751
              ],
              [
                312573.66261137091,
                1530302.2760655954
              ],
              [
                312578.29090726841,
                1530307.647769697
              ]
            ]
          ],
          [
            [
              [
                313633.66261137184,
                1530672.2760655954
              ],
              [
                313578.47218168527,
                1530667.4664952829
              ],
              [
                313466.02100981027,
                1530647.8858068045
              ],
              [
                313529.96143949777,
                1530284.2999913767
              ],
              [
                313648.47218168434,
                1530306.2940099332
              ],
              [
                313618.47218168154,
                1530497.0856359079
              ],
              [
                313608.85304105934,
                1530582.7612950839
              ],
              [
                313633.66261137184,
                1530672.2760655954
              ]
            ]
          ],
          [
            [
              [
                313633.66261137184,
                1530672.2760655954
              ],
              [
                313645.85499418434,
                1530675.6995275095
              ],
              [
                313637.08546293527,
                1530684.4684484079
              ],
              [
                313633.66261137184,
                1530672.2760655954
              ]
            ]
          ],
          [
            [
              [
                313853.66261137184,
                1530782.2760655917
              ],
              [
                313841.47022855934,
                1530778.8526036832
              ],
              [
                313850.23975980654,
                1530770.0836827848
              ],
              [
                313853.66261137184,
                1530782.2760655917
              ]
            ]
          ],
          [
            [
              [
                311959.91932523716,
                1530849.0289952829
              ],
              [
                312022.04334867373,
                1530889.1455724332
              ],
              [
                311988.90370023809,
                1531079.4653966483
              ],
              [
                311910.39845121559,
                1531076.3538243826
              ],
              [
                311940.64137113746,
                1530854.3408849295
              ],
              [
                311953.66261137184,
                1530842.2760655936
              ],
              [
                311959.91932523716,
                1530849.0289952829
              ]
            ]
          ],
          [
            [
              [
                313853.66261137184,
                1530782.2760655917
              ],
              [
                313959.36451566592,
                1530791.6760900095
              ],
              [
                314038.76270902622,
                1530807.1759679373
              ],
              [
                314114.20094144903,
                1530826.5094640348
              ],
              [
                314255.62550199591,
                1530847.1759679392
              ],
              [
                314336.31031644996,
                1530828.8458898161
              ],
              [
                314401.80348051153,
                1530780.2954747733
              ],
              [
                314447.62257230747,
                1530691.3526036795
              ],
              [
                314476.87916410249,
                1530561.2940099314
              ],
              [
                314508.56251371466,
                1530327.1759679373
              ],
              [
                314528.76270902716,
                1530237.3761632498
              ],
              [
                314564.53175199404,
                1529889.0497472361
              ],
              [
                314587.75562894996,
                1529770.0873448905
              ],
              [
                314632.43092191871,
                1529649.8541905973
              ],
              [
                314696.31397855561,
                1529618.8611486033
              ],
              [
                314748.56251371466,
                1529587.1759679411
              ],
              [
                314842.13062894903,
                1529571.9440343454
              ],
              [
                314911.8034805106,
                1529520.2954747751
              ],
              [
                314948.52467191964,
                1529449.0137364902
              ],
              [
                314950.51685941964,
                1529351.4044835623
              ],
              [
                314920.36305082589,
                1529289.249332197
              ],
              [
                314898.96290433966,
                1529266.9757726248
              ],
              [
                314878.56251371279,
                1529247.3761632517
              ],
              [
                314838.26832426153,
                1529185.9162023123
              ],
              [
                314808.52100980934,
                1529157.3364903983
              ],
              [
                314828.56251371652,
                1529079.1370275095
              ],
              [
                314815.52174223121,
                1528956.7639806345
              ],
              [
                314765.99171293434,
                1528889.9475743845
              ],
              [
                314708.56251371372,
                1528847.3761632498
              ],
              [
                314670.36305082496,
                1528729.6576573886
              ],
              [
                314612.44557035714,
                1528669.376285322
              ],
              [
                314554.89674222842,
                1528639.7296788748
              ],
              [
                313385.30567777809,
                1528372.3383214567
              ],
              [
                313476.9060195731,
                1527838.5553624704
              ],
              [
                313878.76270902716,
                1527907.1759679373
              ],
              [
                314071.90479886904,
                1527942.7088048514
              ],
              [
                314277.09522855654,
                1527978.6347081717
              ],
              [
                314294.69654691778,
                1528068.7940099314
              ],
              [
                314326.74854886904,
                1528134.8627355173
              ],
              [
                314421.03199613839,
                1528243.1940343454
              ],
              [
                314486.92555082403,
                1528277.1387364939
              ],
              [
                314581.88892973121,
                1528279.076602703
              ],
              [
                314706.69727934152,
                1528238.5761144217
              ],
              [
                314756.96217191964,
                1528190.2820470389
              ],
              [
                314788.52467191592,
                1528129.013736492
              ],
              [
                314790.55348051339,
                1528029.6076085642
              ],
              [
                314773.33058011811,
                1527923.8080480192
              ],
              [
                314736.74244535621,
                1527874.4507482089
              ],
              [
                314698.60523832496,
                1527837.8089025095
              ],
              [
                314688.54298246466,
                1527734.9243810251
              ],
              [
                314651.20533598028,
                1527552.6300695036
              ],
              [
                314708.05592191778,
                1527510.4865148105
              ],
              [
                314820.58888090122,
                1527382.5653722361
              ],
              [
                314833.66261136904,
                1527342.2760655954
              ],
              [
                314883.64063871186,
                1527382.2980382498
              ],
              [
                314934.74659574591,
                1527446.1176183317
              ],
              [
                314956.95973050967,
                1527498.8318517283
              ],
              [
                314968.10963285435,
                1527537.8290441129
              ],
              [
                314999.21558988746,
                1527616.723087078
              ],
              [
                315003.66261137277,
                1527632.2760655973
              ],
              [
                314976.53370511997,
                1527651.7200353201
              ],
              [
                314987.83741605561,
                1527708.1012609079
              ],
              [
                315030.61817777622,
                1527773.4552648142
              ],
              [
                315047.83741605934,
                1527818.1012609061
              ],
              [
                315053.66261136904,
                1527822.2760655954
              ],
              [
                315058.10963285621,
                1527857.8290441092
              ],
              [
                315073.65650785714,
                1527912.2730138376
              ],
              [
                315083.66261137184,
                1527992.2760655954
              ],
              [
                315083.66261137184,
                1528002.2760655954
              ],
              [
                315093.66261136997,
                1528002.2760655954
              ],
              [
                315093.66261136997,
                1528082.2760655973
              ],
              [
                315088.85304105747,
                1528137.4664952811
              ],
              [
                315077.45533597935,
                1528202.924258953
              ],
              [
                315053.89698637091,
                1528270.1386144217
              ],
              [
                315012.44068754371,
                1528348.4833409861
              ],
              [
                314945.80372465029,
                1528430.3644445017
              ],
              [
                314863.72486722749,
                1528490.567691572
              ],
              [
                314929.6159805106,
                1528586.3226964567
              ],
              [
                314967.20142973121,
                1528665.9625890329
              ],
              [
                315018.85304105841,
                1528727.0856359079
              ],
              [
                315054.76734769717,
                1528776.0492589567
              ],
              [
                315091.52149808872,
                1528853.9295079783
              ],
              [
                315112.67384184059,
                1528920.7367589548
              ],
              [
                315158.09132230747,
                1528896.7041661795
              ],
              [
                315205.31544340309,
                1528874.4165685251
              ],
              [
                315268.19386137184,
                1528854.5093419626
              ],
              [
                315383.61378324497,
                1528837.4664952811
              ],
              [
                315504.31080472935,
                1528858.4833409861
              ],
              [
                315586.55567777716,
                1528887.3102452792
              ],
              [
                315688.84327543434,
                1528949.9396398142
              ],
              [
                315793.28175199684,
                1529062.6575353257
              ],
              [
                315908.67603910435,
                1529169.5758702829
              ],
              [
                315964.76734769717,
                1529246.0492589511
              ],
              [
                316001.52149808872,
                1529323.9295079783
              ],
              [
                316024.96021879371,
                1529397.9621007517
              ],
              [
                316038.47218168527,
                1529533.7653234061
              ],
              [
                316013.66261137277,
                1529672.2760655936
              ],
              [
                316013.66261137277,
                1529682.2760655936
              ],
              [
                316006.99024809059,
                1529688.2379796561
              ],
              [
                315967.31129301246,
                1529774.6893956717
              ],
              [
                315928.94337308966,
                1529827.5574376639
              ],
              [
                315838.38184965309,
                1529926.9946935251
              ],
              [
                315782.10865629371,
                1530030.0775792655
              ],
              [
                315728.38184965309,
                1530106.9946935251
              ],
              [
                315707.31861723121,
                1530197.5214269198
              ],
              [
                315679.50611722842,
                1530258.1195714567
              ],
              [
                315658.38184965122,
                1530296.9946935233
              ],
              [
                315632.31861723214,
                1530436.6278722342
              ],
              [
                315595.31544340216,
                1530517.249820482
              ],
              [
                315558.38184965402,
                1530576.9946935251
              ],
              [
                315511.94386137091,
                1530688.3069493845
              ],
              [
                315443.18043363467,
                1530783.0573155936
              ],
              [
                315362.25269925874,
                1530849.457462078
              ],
              [
                315299.78809965309,
                1530883.4009435233
              ],
              [
                315236.87428129464,
                1530912.2760655954
              ],
              [
                315247.01588285435,
                1531082.4329259489
              ],
              [
                315223.45997465309,
                1531258.5571935251
              ],
              [
                315194.80396879464,
                1531362.5879552457
              ],
              [
                315136.02345121279,
                1531492.1930577848
              ],
              [
                315200.50343168154,
                1531469.0570714567
              ],
              [
                315321.48853910621,
                1531447.5574376639
              ],
              [
                315435.07740629185,
                1531463.4491613004
              ],
              [
                315498.57716215029,
                1531483.0573155936
              ],
              [
                315560.11036527716,
                1531511.298892742
              ],
              [
                315623.66261136904,
                1531552.2760655936
              ],
              [
                315619.0349258231,
                1531557.6477696951
              ],
              [
                315563.29029691871,
                1531655.6995275114
              ],
              [
                315528.45509183779,
                1531733.7677648142
              ],
              [
                315489.03492582496,
                1531837.647769697
              ],
              [
                315483.66261137091,
                1531842.2760655954
              ],
              [
                315456.58375394717,
                1531796.6596105173
              ],
              [
                315380.39967191592,
                1531757.413394697
              ],
              [
                315282.79102934059,
                1531755.4218175467
              ],
              [
                315220.63648832403,
                1531785.576236492
              ],
              [
                315151.56300199684,
                1531851.9409825858
              ],
              [
                315120.24220121466,
                1531912.7393224314
              ],
              [
                315098.76270902716,
                1532097.3761632517
              ],
              [
                315083.46241605747,
                1532142.0758702829
              ],
              [
                315057.71534574404,
                1532221.4179112967
              ],
              [
                314924.76734769903,
                1532305.0525548495
              ],
              [
                314888.76270902529,
                1532317.3761632517
              ],
              [
                314808.56251371372,
                1532327.1759679373
              ],
              [
                314678.76270902529,
                1532367.3761632517
              ],
              [
                314628.56251371466,
                1532377.1759679373
              ],
              [
                314510.22022855747,
                1532409.7254064158
              ],
              [
                314538.56251371279,
                1532299.1370275076
              ],
              [
                314528.76270902716,
                1532227.1759679392
              ],
              [
                314514.93214262184,
                1532159.6521642245
              ],
              [
                314588.09254300967,
                1532039.0112950895
              ],
              [
                314608.62965238653,
                1531958.8776280936
              ],
              [
                314619.70020902716,
                1531834.3787267264
              ],
              [
                314667.62257230747,
                1531741.3526036832
              ],
              [
                314678.56251371559,
                1531607.1759679411
              ],
              [
                314720.52540433872,
                1531555.1917150076
              ],
              [
                314758.56251371466,
                1531497.1759679392
              ],
              [
                314812.67140043434,
                1531425.8679845389
              ],
              [
                314897.19288481027,
                1531301.1762120798
              ],
              [
                314928.16212308966,
                1531210.6976964548
              ],
              [
                314948.56251371652,
                1531031.0974767283
              ],
              [
                314934.60377347935,
                1530940.0507237986
              ],
              [
                314872.33936918341,
                1530848.1958654001
              ],
              [
                314937.4284805106,
                1530738.5498693045
              ],
              [
                315039.64771879092,
                1530648.6273839548
              ],
              [
                315141.01246488839,
                1530632.1259191073
              ],
              [
                315230.01148832217,
                1530573.7763097361
              ],
              [
                315257.97779691592,
                1530519.486758953
              ],
              [
                315288.56251371186,
                1530437.1759679392
              ],
              [
                315346.81690824684,
                1530351.2360265329
              ],
              [
                315358.56251371559,
                1530207.1759679392
              ],
              [
                315425.07740629371,
                1530101.4411046561
              ],
              [
                315448.71388090122,
                1529956.2464025058
              ],
              [
                315516.56300199497,
                1529891.0584142264
              ],
              [
                315549.16309965402,
                1529827.7759435233
              ],
              [
                315601.55445707496,
                1529719.7840001658
              ],
              [
                315689.64771879278,
                1529654.4806554392
              ],
              [
                315728.52467191685,
                1529579.0137364939
              ],
              [
                315731.10523832217,
                1529452.6160314139
              ],
              [
                315700.3630508231,
                1529389.2493321933
              ],
              [
                315636.93897855654,
                1529323.2373693045
              ],
              [
                315577.07691800967,
                1529278.861758953
              ],
              [
                315510.05299223028,
                1529188.4467198923
              ],
              [
                315430.39967191685,
                1529147.4133946933
              ],
              [
                315332.79102933686,
                1529145.4218175467
              ],
              [
                315270.63648832496,
                1529175.576236492
              ],
              [
                315201.56300199777,
                1529241.9409825876
              ],
              [
                315168.80055082589,
                1529305.5383946951
              ],
              [
                315164.65382230561,
                1529508.7067296561
              ],
              [
                315188.36231840216,
                1529557.5763585642
              ],
              [
                315228.56251371559,
                1529635.6116368826
              ],
              [
                315215.49000394996,
                1529651.3043859061
              ],
              [
                315141.16261137184,
                1529722.7173497733
              ],
              [
                315100.31666410342,
                1529802.0069005545
              ],
              [
                315078.56251371466,
                1529877.1759679373
              ],
              [
                315064.75147855841,
                1529962.0136144217
              ],
              [
                315010.36305082496,
                1530014.2700841501
              ],
              [
                314969.60011137277,
                1530093.3985021189
              ],
              [
                314957.19654691871,
                1530258.1903722361
              ],
              [
                314938.22804105934,
                1530277.9321935214
              ],
              [
                314842.23560941592,
                1530324.503238447
              ],
              [
                314721.26148832496,
                1530424.5777013376
              ],
              [
                314607.90211332217,
                1530551.5058019236
              ],
              [
                314548.88722074777,
                1530653.9758946951
              ],
              [
                314489.07154691778,
                1530792.2241857108
              ],
              [
                314485.88673246372,
                1530948.3124425467
              ],
              [
                314511.62891996466,
                1531027.6428868826
              ],
              [
                314567.12940824777,
                1531109.5184972323
              ],
              [
                314545.18238676153,
                1531154.7565343454
              ],
              [
                314498.76270902622,
                1531217.3761632517
              ],
              [
                314468.56251371559,
                1531257.1759679429
              ],
              [
                314417.01466215309,
                1531329.8389318045
              ],
              [
                314361.04176176153,
                1531383.6176183298
              ],
              [
                314310.81593168247,
                1531466.4411046579
              ],
              [
                314293.5173476981,
                1531625.6537511405
              ],
              [
                314252.05860746372,
                1531727.8644445017
              ],
              [
                314236.96339262091,
                1531897.6068761423
              ],
              [
                314142.48097074404,
                1532010.157535322
              ],
              [
                314108.80055082217,
                1532075.538394697
              ],
              [
                314105.82935941685,
                1532221.1292150076
              ],
              [
                314123.46241605841,
                1532257.4762609079
              ],
              [
                314145.61573637184,
                1532300.4798009451
              ],
              [
                314098.76270902716,
                1532415.9900548514
              ],
              [
                314108.56251371559,
                1532587.3761632517
              ],
              [
                314118.95558011811,
                1532627.9285314176
              ],
              [
                314117.74464262091,
                1532687.2760655917
              ],
              [
                314119.54151762091,
                1532775.3409459665
              ],
              [
                314058.69801176153,
                1532838.6676671598
              ],
              [
                313984.01783598028,
                1532901.3590123747
              ],
              [
                313874.91016996466,
                1532944.3933751658
              ],
              [
                313810.63648832496,
                1532975.57593132
              ],
              [
                313731.96217191685,
                1533051.1643102244
              ],
              [
                313713.46241605934,
                1533087.0761754587
              ],
              [
                313689.19850003999,
                1533137.0905187204
              ],
              [
                313582.57984769903,
                1533206.9928624704
              ],
              [
                313538.46241606027,
                1533272.0761754569
              ],
              [
                313507.38453519717,
                1533319.4769933298
              ],
              [
                313521.09058988653,
                1532943.5330846366
              ],
              [
                313504.67335355934,
                1532708.6798741911
              ],
              [
                313481.86207426153,
                1532591.8265416697
              ],
              [
                313420.05299222842,
                1532508.4467198905
              ],
              [
                313340.90992582124,
                1532467.6761510428
              ],
              [
                313182.09156644717,
                1532447.3761632498
              ],
              [
                313094.82350004371,
                1532472.8827550467
              ],
              [
                313025.52174223121,
                1532524.2566564158
              ],
              [
                312994.10267484561,
                1532585.2451207694
              ],
              [
                312936.37440336309,
                1532795.1325109079
              ],
              [
                312918.76270902809,
                1532867.3761632498
              ],
              [
                312808.56251371372,
                1533317.1759679392
              ],
              [
                312782.56825102028,
                1533423.8065221366
              ],
              [
                312668.76270902809,
                1533407.1759679355
              ],
              [
                312513.57166898809,
                1533391.9977452811
              ],
              [
                312595.74574125092,
                1532880.1431920622
              ],
              [
                312678.56251371559,
                1532417.1759679392
              ],
              [
                312731.66248929873,
                1532140.0519445017
              ],
              [
                312787.13734281622,
                1531795.3345372751
              ],
              [
                312842.49012602028,
                1531431.3489415683
              ],
              [
                312938.65772855934,
                1530935.0800206736
              ],
              [
                313537.88990629371,
                1531045.3217198923
              ],
              [
                313666.01734769996,
                1531067.1759679392
              ],
              [
                313761.75343168341,
                1531052.2229650095
              ],
              [
                313831.80348051153,
                1531000.2954747733
              ],
              [
                313868.52467191778,
                1530929.0137364939
              ],
              [
                313870.28614652809,
                1530842.7155187204
              ],
              [
                313853.66261137184,
                1530782.2760655917
              ]
            ],
            [
              [
                313033.66261137091,
                1532172.2760655936
              ],
              [
                313068.76270902436,
                1532167.3761632536
              ],
              [
                313186.01734769717,
                1532147.3761632517
              ],
              [
                313345.76222074497,
                1532164.2554357108
              ],
              [
                313455.37037504278,
                1532190.9760167655
              ],
              [
                313543.92384183779,
                1532233.9374425504
              ],
              [
                313626.89747465216,
                1532295.4450109079
              ],
              [
                313711.33717191685,
                1532393.350894697
              ],
              [
                313756.16261137091,
                1532480.3644445017
              ],
              [
                313772.16236723028,
                1532527.1094396207
              ],
              [
                313800.71339261904,
                1532657.1759679392
              ],
              [
                313809.36451566964,
                1532646.6437413748
              ],
              [
                313804.36695707217,
                1532401.7755773123
              ],
              [
                313820.48512113467,
                1532307.2760655936
              ],
              [
                313798.76270902809,
                1532179.921329271
              ],
              [
                313811.93043363374,
                1532028.4302403983
              ],
              [
                313837.16236723121,
                1531950.6738927439
              ],
              [
                313868.16212309059,
                1531886.7761876639
              ],
              [
                313938.86280668341,
                1531782.4762609098
              ],
              [
                313975.16285551246,
                1531617.1094396189
              ],
              [
                313998.61378324404,
                1531548.5956456736
              ],
              [
                314014.1228164481,
                1531421.6748693064
              ],
              [
                314037.16236722842,
                1531350.673892742
              ],
              [
                314075.00416410435,
                1531272.6740148123
              ],
              [
                314128.56251371559,
                1531197.1759679373
              ],
              [
                314176.70094144903,
                1531137.5421788767
              ],
              [
                314099.45973051153,
                1531135.9656407889
              ],
              [
                314040.29713285621,
                1531215.7758214511
              ],
              [
                313957.63722074777,
                1531282.501285322
              ],
              [
                313875.57423246372,
                1531324.7760655936
              ],
              [
                313811.68995512184,
                1531346.6425206736
              ],
              [
                313691.30787504371,
                1531367.1759679411
              ],
              [
                313588.56251371372,
                1531357.3761632498
              ],
              [
                313174.32667387091,
                1531282.7753331736
              ],
              [
                313138.56251371372,
                1531477.1759679373
              ],
              [
                313087.13795316871,
                1531815.3345372751
              ],
              [
                313038.56251371652,
                1532117.1759679373
              ],
              [
                313033.66261137091,
                1532172.2760655936
              ],
              [
                313021.47022855841,
                1532175.6995275076
              ],
              [
                313030.23975981027,
                1532184.4684484061
              ],
              [
                313033.66261137091,
                1532172.2760655936
              ]
            ]
          ],
          [
            [
              [
                307933.66261137184,
                1528212.2760655954
              ],
              [
                307997.85023344215,
                1528240.0476720426
              ],
              [
                308140.40028227028,
                1528237.138736492
              ],
              [
                308203.22132719308,
                1528204.7760655936
              ],
              [
                308270.76283109747,
                1528134.4782140348
              ],
              [
                308357.41932523809,
                1527867.4335363004
              ],
              [
                308418.96290433779,
                1527837.5763585661
              ],
              [
                308479.44508207217,
                1527796.5778234061
              ],
              [
                308519.45362699684,
                1527797.3944737967
              ],
              [
                309054.60804594122,
                1527895.8472325876
              ],
              [
                309758.56251371559,
                1528027.3761632498
              ],
              [
                310648.76270902529,
                1528187.1759679392
              ],
              [
                311038.56251371186,
                1528257.3761632498
              ],
              [
                311214.81739652716,
                1528289.0442540701
              ],
              [
                311237.07752836123,
                1528334.9268224295
              ],
              [
                311277.69642484467,
                1528401.9080236033
              ],
              [
                311342.24171293434,
                1528449.7547032889
              ],
              [
                311403.59852445591,
                1528479.5221593454
              ],
              [
                311520.40028227028,
                1528477.138736492
              ],
              [
                311578.74012601655,
                1528447.0844152048
              ],
              [
                311588.56251371652,
                1528487.3761632517
              ],
              [
                311609.34925688058,
                1528559.2029454783
              ],
              [
                311687.58839262091,
                1528688.2196691092
              ],
              [
                311708.56251371652,
                1528780.1111486033
              ],
              [
                311647.07691801153,
                1528825.6903722342
              ],
              [
                311605.08412016183,
                1528882.3389318045
              ],
              [
                311588.76270902622,
                1528969.5288732108
              ],
              [
                311624.74964750279,
                1529074.6674230192
              ],
              [
                311603.29579008091,
                1529263.5431554373
              ],
              [
                311568.56251371372,
                1529467.1759679373
              ],
              [
                311554.66236722935,
                1529552.5617101286
              ],
              [
                311536.60511625372,
                1529921.4533116911
              ],
              [
                311540.06214750465,
                1530090.8417394236
              ],
              [
                311524.13746488374,
                1530293.486392742
              ],
              [
                311484.56287992653,
                1530486.7053868826
              ],
              [
                311443.46241605841,
                1530647.0758702829
              ],
              [
                311424.00074613653,
                1530726.9098546561
              ],
              [
                311388.86280668154,
                1530922.4762609061
              ],
              [
                311355.61939848121,
                1531103.1726720426
              ],
              [
                311358.96900785528,
                1531267.2760655954
              ],
              [
                311358.12733304873,
                1531308.5022618845
              ],
              [
                311307.87953031622,
                1531570.7398107108
              ],
              [
                311277.00306547247,
                1531660.9485509451
              ],
              [
                311278.76637113653,
                1531747.3560216539
              ],
              [
                311258.56251371652,
                1531857.1759679373
              ],
              [
                311248.76270902622,
                1531927.3761632517
              ],
              [
                311220.70301664341,
                1531981.8451573905
              ],
              [
                311208.76270902529,
                1532067.3761632517
              ],
              [
                311188.36231840309,
                1532086.9757726267
              ],
              [
                311166.96278226841,
                1532109.2493321951
              ],
              [
                311136.8083633231,
                1532171.4044835642
              ],
              [
                311138.92201078497,
                1532274.9884679373
              ],
              [
                311198.35987699591,
                1532373.0017736033
              ],
              [
                311138.56251371652,
                1532587.1759679373
              ],
              [
                311116.96278226934,
                1532685.5759313181
              ],
              [
                311094.62940824404,
                1532822.7664830778
              ],
              [
                311078.08277738653,
                1533025.7153966483
              ],
              [
                311038.56251371186,
                1533287.1759679392
              ],
              [
                311026.71314848028,
                1533384.1480138358
              ],
              [
                311006.55628813058,
                1533443.0383946951
              ],
              [
                310927.34608304873,
                1533462.3483922575
              ],
              [
                310875.65662992653,
                1533488.9761998691
              ],
              [
                310836.96278226841,
                1533529.2496373691
              ],
              [
                310807.96253812872,
                1533589.0250279978
              ],
              [
                310781.42933500279,
                1533724.9405553397
              ],
              [
                310773.66261137091,
                1533812.2760655954
              ],
              [
                310761.32008207217,
                1533800.8399083689
              ],
              [
                310653.77186430059,
                1533555.4929235037
              ],
              [
                310618.85304105747,
                1533423.0597570017
              ],
              [
                310659.23451078311,
                1533307.8479650095
              ],
              [
                310673.66261137091,
                1533262.2760655936
              ],
              [
                310683.66261137091,
                1533262.2760655936
              ],
              [
                310683.66261137091,
                1533252.2760655936
              ],
              [
                310710.5821670359,
                1533243.9636876639
              ],
              [
                310747.06898344308,
                1533211.3626744822
              ],
              [
                310768.94398344029,
                1533067.5574376658
              ],
              [
                310773.66261137091,
                1533012.2760655973
              ],
              [
                310773.66261137091,
                1533002.2760655973
              ],
              [
                310783.66261137091,
                1533002.2760655973
              ],
              [
                310783.66261137091,
                1532992.2760655973
              ],
              [
                310791.78639066964,
                1532950.6629064158
              ],
              [
                311057.37354887091,
                1532300.4315831754
              ],
              [
                311128.56251371372,
                1532037.1759679411
              ],
              [
                311198.14137113746,
                1531817.8058507517
              ],
              [
                311201.58619535621,
                1531649.0332677439
              ],
              [
                311179.78993070498,
                1531492.9010655954
              ],
              [
                311128.56251371372,
                1531207.3761632517
              ],
              [
                311108.76270902809,
                1531077.1759679392
              ],
              [
                311088.56251371279,
                1530947.3761632517
              ],
              [
                311083.66261136997,
                1530902.2760655954
              ],
              [
                311089.99073637091,
                1530896.195743328
              ],
              [
                311130.13600004092,
                1530672.7631261405
              ],
              [
                311158.36231840216,
                1530556.9757726267
              ],
              [
                311195.5626357859,
                1530411.8231847361
              ],
              [
                311224.28761137277,
                1530271.5778234098
              ],
              [
                311239.41395414248,
                1530079.0881993826
              ],
              [
                311236.02894437872,
                1529913.2227208689
              ],
              [
                311254.66236722749,
                1529532.5617101267
              ],
              [
                311268.56251371466,
                1529447.1759679373
              ],
              [
                311308.20362699777,
                1529214.7717931326
              ],
              [
                311310.77137602028,
                1529088.9520909861
              ],
              [
                311288.76270902716,
                1528959.9213292636
              ],
              [
                311307.10438383278,
                1528842.4854161814
              ],
              [
                311318.56251371559,
                1528807.1759679373
              ],
              [
                311331.90479886997,
                1528768.1958653983
              ],
              [
                311272.06043852028,
                1528748.7763097361
              ],
              [
                311194.06056058966,
                1528710.9345128611
              ],
              [
                311108.71021879185,
                1528650.3864171598
              ],
              [
                311019.51100004371,
                1528557.5470616892
              ],
              [
                310591.19129789434,
                1528480.4096105155
              ],
              [
                309848.76270902716,
                1528347.1759679373
              ],
              [
                309763.66261136811,
                1528332.2760655936
              ],
              [
                309718.41358793341,
                1528244.9091222361
              ],
              [
                309519.30653226934,
                1528277.9199864939
              ],
              [
                309473.66261136904,
                1528282.2760655954
              ],
              [
                309468.22498929873,
                1528276.6162755582
              ],
              [
                308992.10438383371,
                1528188.0274083689
              ],
              [
                308597.16358793434,
                1528115.3699376676
              ],
              [
                308533.29212797247,
                1528277.305972822
              ],
              [
                308488.76270902716,
                1528337.3761632517
              ],
              [
                308403.66261136997,
                1528432.2760655954
              ],
              [
                308198.38123930059,
                1528427.5574376658
              ],
              [
                308133.14747465309,
                1528413.6200597342
              ],
              [
                308024.20948636997,
                1528354.4220616892
              ],
              [
                307940.78968656342,
                1528235.355899578
              ],
              [
                307933.66261137184,
                1528212.2760655954
              ]
            ]
          ],
          [
            [
              [
                312458.65406644903,
                1534107.4130895212
              ],
              [
                312397.62745512091,
                1534082.6593663767
              ],
              [
                312447.92286527716,
                1533787.7908971384
              ],
              [
                312453.66261137091,
                1533782.2760655936
              ],
              [
                312458.56251371559,
                1533787.3761632498
              ],
              [
                312713.86280668154,
                1533832.0761754587
              ],
              [
                312802.19593656715,
                1533862.3108556345
              ],
              [
                312758.36231840309,
                1533926.9760778006
              ],
              [
                312736.80836332403,
                1533971.4047887381
              ],
              [
                312739.52137602028,
                1534104.3622472342
              ],
              [
                312638.76270902716,
                1534087.1759679373
              ],
              [
                312546.40980375372,
                1534077.3761632517
              ],
              [
                312458.65406644903,
                1534107.4130895212
              ]
            ]
          ],
          [
            [
              [
                313418.10963285714,
                1534117.8290441092
              ],
              [
                313504.32911527809,
                1534148.5446813181
              ],
              [
                313404.88453520089,
                1534185.3092076853
              ],
              [
                313338.54176176246,
                1534238.3685948905
              ],
              [
                313314.14600980561,
                1534207.9044225272
              ],
              [
                313361.42872465216,
                1534170.0415685233
              ],
              [
                313397.00367582403,
                1534125.6168248709
              ],
              [
                313413.66261137184,
                1534112.2760655973
              ],
              [
                313418.10963285714,
                1534117.8290441092
              ]
            ]
          ],
          [
            [
              [
                315716.94264066778,
                1532475.1819493845
              ],
              [
                315723.66261136904,
                1532492.2760655954
              ],
              [
                315723.66261136904,
                1532502.2760655954
              ],
              [
                315697.02198636904,
                1532505.6354405936
              ],
              [
                315690.30323636997,
                1532558.9166905936
              ],
              [
                315667.02198637091,
                1532605.6354405954
              ],
              [
                315663.66261136997,
                1532622.2760655936
              ],
              [
                315657.83741605561,
                1532626.4511754569
              ],
              [
                315649.48780668154,
                1532728.1009557322
              ],
              [
                315633.43800199404,
                1532808.4888341501
              ],
              [
                315617.83741605934,
                1532846.4511754569
              ],
              [
                315613.66261136904,
                1532872.2760655936
              ],
              [
                315602.37476957217,
                1532880.9885289725
              ],
              [
                315593.66261137091,
                1532932.2760655954
              ],
              [
                315588.94337308966,
                1532947.5574376639
              ],
              [
                315569.43775785621,
                1532983.452518234
              ],
              [
                315618.38184965309,
                1533005.9158971366
              ],
              [
                315598.94337308966,
                1533017.5574376639
              ],
              [
                315577.18800199591,
                1533027.5424840525
              ],
              [
                315578.97511137184,
                1533057.5171544608
              ],
              [
                315546.27857816964,
                1533099.7077062204
              ],
              [
                315561.40919340029,
                1533156.1987950895
              ],
              [
                315553.94703520089,
                1533281.4017369822
              ],
              [
                315568.38184965216,
                1533297.5574376658
              ],
              [
                315583.66261137091,
                1533302.2760655936
              ],
              [
                315579.03492582217,
                1533307.6480748728
              ],
              [
                315567.75684965216,
                1533359.352786785
              ],
              [
                315583.66261137091,
                1533432.2760655954
              ],
              [
                315555.54005277902,
                1533448.4903600253
              ],
              [
                315533.77247465122,
                1533473.7552526053
              ],
              [
                315554.05811918247,
                1533491.2326695975
              ],
              [
                315510.01026762091,
                1533547.4774816092
              ],
              [
                315499.03492582496,
                1533607.6480748728
              ],
              [
                315478.51856840216,
                1533644.4180944022
              ],
              [
                315469.03492582217,
                1533747.6480748728
              ],
              [
                315448.85182035342,
                1533858.9670445994
              ],
              [
                315439.03492582403,
                1533997.9804113004
              ],
              [
                315461.80348051246,
                1534144.7531774137
              ],
              [
                315489.03492582496,
                1534156.90405632
              ],
              [
                315498.29029691964,
                1534173.8269689158
              ],
              [
                315444.24244535342,
                1534220.3919103201
              ],
              [
                315461.59718168341,
                1534251.498172529
              ],
              [
                315423.66261137184,
                1534312.2760655954
              ],
              [
                315368.94337308966,
                1534296.9946935233
              ],
              [
                315298.38184965309,
                1534287.5574376639
              ],
              [
                315284.50611722935,
                1534154.4104650095
              ],
              [
                315248.38184965216,
                1534067.5574376639
              ],
              [
                315238.94337309152,
                1534012.6334264372
              ],
              [
                315278.94337308966,
                1533877.5574376639
              ],
              [
                315288.38184965309,
                1533461.1667516287
              ],
              [
                315256.81934965216,
                1533373.2037999686
              ],
              [
                315259.96266019903,
                1533320.45630241
              ],
              [
                315308.38307035342,
                1533185.510928873
              ],
              [
                315318.38184965122,
                1533043.7274816092
              ],
              [
                315276.34693754371,
                1532942.6654698923
              ],
              [
                315298.57350004371,
                1532880.719974285
              ],
              [
                315308.61988676246,
                1532794.9582555369
              ],
              [
                315334.22535550967,
                1532747.8385045603
              ],
              [
                315354.68189848028,
                1532703.2669713572
              ],
              [
                315348.06080473121,
                1532592.1738317087
              ],
              [
                315305.08839262277,
                1532513.095767742
              ],
              [
                315349.22535551246,
                1532492.8385045622
              ],
              [
                315398.09864652716,
                1532466.2802770212
              ],
              [
                315450.42286527809,
                1532394.1821935251
              ],
              [
                315468.38184965216,
                1532316.9946935251
              ],
              [
                315518.96778715309,
                1532271.7963292655
              ],
              [
                315553.66261136997,
                1532222.2760655936
              ],
              [
                315609.10694730747,
                1532244.072330242
              ],
              [
                315645.72071683966,
                1532221.9867589548
              ],
              [
                315674.51222074777,
                1532259.2883946951
              ],
              [
                315650.7439101981,
                1532298.6920812204
              ],
              [
                315660.13355863746,
                1532362.230899578
              ],
              [
                315710.24342191778,
                1532354.8255040739
              ],
              [
                315728.0193008231,
                1532377.982852703
              ],
              [
                315690.10548246279,
                1532464.7415807322
              ],
              [
                315735.83790433779,
                1532430.8350255582
              ],
              [
                315748.01930082124,
                1532451.1948278006
              ],
              [
                315716.94264066778,
                1532475.1819493845
              ]
            ]
          ],
          [
            [
              [
                311744.58424222935,
                1534634.8065831717
              ],
              [
                311573.46546781715,
                1534555.443485029
              ],
              [
                311476.92494047061,
                1534557.4136998728
              ],
              [
                311388.90186918341,
                1534602.7588536795
              ],
              [
                311424.06239164341,
                1534327.6761510447
              ],
              [
                311448.56251371559,
                1534127.1759679373
              ],
              [
                311518.76270902716,
                1533557.3761632498
              ],
              [
                311533.46241606027,
                1533437.0761754625
              ],
              [
                311548.76270902529,
                1533347.3761632498
              ],
              [
                311628.56251371466,
                1532877.1759679392
              ],
              [
                311638.76270902716,
                1532817.3761632517
              ],
              [
                311718.56251371466,
                1532347.1759679373
              ],
              [
                311772.01405180059,
                1532033.8043859079
              ],
              [
                311855.78663480747,
                1531457.4774816111
              ],
              [
                311903.66261137091,
                1531452.2760655917
              ],
              [
                311908.56251371372,
                1531457.3761632517
              ],
              [
                311922.78370512091,
                1531471.0394933298
              ],
              [
                311846.93897855654,
                1531967.8113439158
              ],
              [
                311848.79994047061,
                1532059.0137364939
              ],
              [
                311880.36244047154,
                1532120.2820470408
              ],
              [
                311920.63587797154,
                1532158.975894697
              ],
              [
                311982.79102933966,
                1532189.1303136423
              ],
              [
                312080.40028227028,
                1532187.1387364957
              ],
              [
                312155.16285551153,
                1532148.6243321989
              ],
              [
                312214.69593656529,
                1532057.8211095389
              ],
              [
                312295.87025296967,
                1531535.8923986033
              ],
              [
                312395.66334379371,
                1531537.9291417636
              ],
              [
                312328.46241605841,
                1531922.0758702829
              ],
              [
                312268.76270902902,
                1532267.3761632498
              ],
              [
                312171.61244047247,
                1532822.7261998728
              ],
              [
                312113.86280668527,
                1533177.4759557303
              ],
              [
                312086.77967680059,
                1533336.2567784879
              ],
              [
                311993.23170316592,
                1533349.3161656912
              ],
              [
                311935.65662992559,
                1533378.9761998728
              ],
              [
                311896.96278226934,
                1533419.2496373728
              ],
              [
                311866.80836332217,
                1533481.4047887381
              ],
              [
                311868.7999404734,
                1533579.0134313144
              ],
              [
                311900.36244046967,
                1533640.2820470408
              ],
              [
                311940.63587796967,
                1533678.9761998728
              ],
              [
                312022.03663481027,
                1533718.4674718492
              ],
              [
                311932.22096097935,
                1533716.6342809275
              ],
              [
                311858.96290433966,
                1533666.9760778006
              ],
              [
                311814.53419340216,
                1533645.4215123709
              ],
              [
                311716.9249404734,
                1533647.4136998728
              ],
              [
                311645.64320219215,
                1533684.1345861014
              ],
              [
                311597.44190824497,
                1533749.1577794608
              ],
              [
                311578.76270902809,
                1533829.1367223337
              ],
              [
                311599.37489164341,
                1533909.5639684275
              ],
              [
                311659.71180570405,
                1533998.5761144236
              ],
              [
                311746.00147855841,
                1534062.5418737028
              ],
              [
                311949.34010160528,
                1534099.076602703
              ],
              [
                311948.12977445405,
                1534158.3759191092
              ],
              [
                311927.93812406808,
                1534177.7759435251
              ],
              [
                311810.56629789434,
                1534200.6891515311
              ],
              [
                311745.64320219215,
                1534234.1345861033
              ],
              [
                311695.93922269717,
                1534301.1847569998
              ],
              [
                311678.76270902809,
                1534384.9906041678
              ],
              [
                311718.76270902902,
                1534517.1759679411
              ],
              [
                311744.58424222935,
                1534634.8065831717
              ]
            ]
          ],
          [
            [
              [
                314865.12745511997,
                1534115.5054357126
              ],
              [
                314893.42579496559,
                1534213.2883336619
              ],
              [
                314821.16261136997,
                1534282.7173497751
              ],
              [
                314782.26124418247,
                1534358.2327916678
              ],
              [
                314764.44630277716,
                1534449.4864537772
              ],
              [
                314679.37428129371,
                1534574.9881627616
              ],
              [
                314668.56251371559,
                1534617.1759679373
              ],
              [
                314656.20045316592,
                1534680.5011632498
              ],
              [
                314528.69679105934,
                1534728.754031904
              ],
              [
                314511.40308988467,
                1534551.923892742
              ],
              [
                314494.78687894996,
                1534466.8076207712
              ],
              [
                314414.21681058966,
                1534284.2117955741
              ],
              [
                314279.89185941778,
                1534121.8338658884
              ],
              [
                314161.45558012277,
                1534041.5518834647
              ],
              [
                313768.97144926153,
                1533851.1386754569
              ],
              [
                313758.76270902716,
                1533757.1759679392
              ],
              [
                313738.76270902436,
                1533659.5288732108
              ],
              [
                313756.05763090402,
                1533620.0803258494
              ],
              [
                313818.76270902622,
                1533547.3761632498
              ],
              [
                313855.62061918247,
                1533497.6550939139
              ],
              [
                313952.13062894903,
                1533481.9440343436
              ],
              [
                314037.4919570731,
                1533418.6664464548
              ],
              [
                314083.31837309059,
                1533329.7095372751
              ],
              [
                314098.56251371279,
                1533267.1759679373
              ],
              [
                314186.69727933966,
                1533238.5761144236
              ],
              [
                314234.26319730934,
                1533192.8760411795
              ],
              [
                314280.26295316685,
                1533144.9979283884
              ],
              [
                314336.69117582124,
                1533159.4592931326
              ],
              [
                314448.74806058872,
                1533157.172305828
              ],
              [
                314526.80225980934,
                1533177.1759679355
              ],
              [
                314620.71217191499,
                1533162.32275749
              ],
              [
                314715.16041410435,
                1533100.4001500681
              ],
              [
                314778.56251371559,
                1533047.1759679373
              ],
              [
                314813.66261137091,
                1533042.2760655936
              ],
              [
                314825.0114883231,
                1533054.0881993864
              ],
              [
                314928.17677152809,
                1533068.4903600272
              ],
              [
                314929.15455472842,
                1533116.4084508494
              ],
              [
                314907.23805082217,
                1533170.4416539725
              ],
              [
                314888.24635160435,
                1533228.9655187204
              ],
              [
                314838.81275785528,
                1533324.926212078
              ],
              [
                314836.41651762091,
                1533442.3401525076
              ],
              [
                314858.36231840029,
                1533487.5760533884
              ],
              [
                314888.72486723028,
                1533546.5137364939
              ],
              [
                314898.56251371559,
                1533717.3761632517
              ],
              [
                314914.22657621279,
                1533778.4958531931
              ],
              [
                314868.80177152902,
                1533935.4587438144
              ],
              [
                314865.12745511997,
                1534115.5054357126
              ]
            ],
            [
              [
                314369.51100004371,
                1533467.5913121793
              ],
              [
                314339.65260160714,
                1533495.2570226248
              ],
              [
                314270.16895902622,
                1533602.8577306326
              ],
              [
                314161.34205473121,
                1533703.6917760465
              ],
              [
                314348.32447660621,
                1533802.6886632536
              ],
              [
                314469.86622465122,
                1533891.8375279941
              ],
              [
                314558.79688871279,
                1533987.8177526072
              ],
              [
                314571.67774808966,
                1533906.9583776053
              ],
              [
                314601.72779691685,
                1533774.8276403025
              ],
              [
                314588.85304105654,
                1533627.0853307303
              ],
              [
                314558.47218168247,
                1533547.4668004606
              ],
              [
                314538.85304106027,
                1533477.0853307322
              ],
              [
                314468.47218168527,
                1533467.4668004587
              ],
              [
                314463.66261137091,
                1533462.2760655973
              ],
              [
                314369.51100004371,
                1533467.5913121793
              ]
            ]
          ],
          [
            [
              [
                316098.01930082403,
                1534783.4763219412
              ],
              [
                316077.86549223028,
                1534816.8857457731
              ],
              [
                316083.03761137184,
                1534851.8833043668
              ],
              [
                316043.66261137091,
                1534882.2760655936
              ],
              [
                316038.86036527809,
                1534820.9351232145
              ],
              [
                316023.66261136811,
                1534782.2760655973
              ],
              [
                316079.90162504185,
                1534769.2444493845
              ],
              [
                316098.01930082403,
                1534783.4763219412
              ]
            ]
          ],
          [
            [
              [
                315718.66139066871,
                1535712.448337324
              ],
              [
                315679.30592191871,
                1535727.9198339041
              ],
              [
                315643.66261137184,
                1535732.2760655936
              ],
              [
                315633.94459379278,
                1535560.1438024119
              ],
              [
                315599.10206449497,
                1535460.7340123747
              ],
              [
                315689.2497695731,
                1535425.6299474277
              ],
              [
                315725.49000394903,
                1535392.0516088083
              ],
              [
                315775.39723051246,
                1535324.0103795603
              ],
              [
                315860.98560941685,
                1535261.2328221854
              ],
              [
                315889.23390043154,
                1535207.8479650114
              ],
              [
                315908.47218168247,
                1535147.0854833201
              ],
              [
                315949.23390043527,
                1535087.8479650076
              ],
              [
                315968.47218168154,
                1535047.0854833182
              ],
              [
                316022.82154691499,
                1534968.1021764353
              ],
              [
                316043.66261137091,
                1534902.2760655936
              ],
              [
                316059.30592191964,
                1534906.6324498709
              ],
              [
                316076.6862930106,
                1534929.1483190116
              ],
              [
                316058.0193008231,
                1534976.6324498728
              ],
              [
                316049.30592191685,
                1535077.9198339041
              ],
              [
                316036.44947660528,
                1535144.7978856657
              ],
              [
                315995.39600980747,
                1535200.1702001169
              ],
              [
                316005.31300199404,
                1535267.2760655954
              ],
              [
                315994.72218168154,
                1535338.9415624198
              ],
              [
                315975.49244535435,
                1535370.8211400583
              ],
              [
                315982.30152738653,
                1535416.9034459665
              ],
              [
                315938.01930082496,
                1535476.6322972812
              ],
              [
                315923.63819731027,
                1535528.2752111014
              ],
              [
                315934.48902738746,
                1535601.7056920584
              ],
              [
                315895.05299223121,
                1535617.8464391306
              ],
              [
                315902.60304105654,
                1535668.9415624216
              ],
              [
                315919.77100980841,
                1535697.4031713065
              ],
              [
                315902.46266019717,
                1535716.632297283
              ],
              [
                315871.22242582403,
                1535676.1589696463
              ],
              [
                315850.24220121559,
                1535679.2594029978
              ],
              [
                315819.05323637091,
                1535698.0725743845
              ],
              [
                315799.17408598121,
                1535695.1351049002
              ],
              [
                315788.15113675967,
                1535709.4170262888
              ],
              [
                315763.66261137184,
                1535705.7982518747
              ],
              [
                315718.66139066871,
                1535712.448337324
              ]
            ]
          ],
          [
            [
              [
                315656.88526762091,
                1535760.7410314176
              ],
              [
                315642.56275785621,
                1535796.1792638339
              ],
              [
                315633.66261137184,
                1535782.2760655936
              ],
              [
                315640.30323636904,
                1535768.9166905954
              ],
              [
                315643.66261137184,
                1535752.2760655936
              ],
              [
                315656.88526762091,
                1535760.7410314176
              ]
            ]
          ],
          [
            [
              [
                315471.04176176153,
                1536306.6576268729
              ],
              [
                315505.49366605654,
                1536330.4447820261
              ],
              [
                315513.66261137184,
                1536362.2760655973
              ],
              [
                315497.83741605934,
                1536366.4510991629
              ],
              [
                315460.07618558966,
                1536381.9687535837
              ],
              [
                315379.63307035435,
                1536398.095767742
              ],
              [
                315263.66261137091,
                1536402.2760655936
              ],
              [
                315257.74708402809,
                1536398.1916692331
              ],
              [
                315249.57813871559,
                1536375.809238201
              ],
              [
                315269.57813871372,
                1536328.1916692313
              ],
              [
                315318.68702543527,
                1536132.6155736521
              ],
              [
                315339.57813871279,
                1536118.1917455252
              ],
              [
                315343.66261137277,
                1536102.2760655954
              ],
              [
                315391.40919340122,
                1536090.0229528006
              ],
              [
                315427.74708402716,
                1536066.3603856619
              ],
              [
                315443.66261136997,
                1536062.2760655954
              ],
              [
                315447.74708402529,
                1536098.1917455252
              ],
              [
                315471.29810941871,
                1536107.0040013846
              ],
              [
                315457.74708402809,
                1536116.3603856619
              ],
              [
                315449.57813871279,
                1536142.5516393241
              ],
              [
                315469.93336332589,
                1536156.605899578
              ],
              [
                315464.26441800967,
                1536181.894595867
              ],
              [
                315430.13722074684,
                1536174.2438390329
              ],
              [
                315440.72315824497,
                1536221.4700963572
              ],
              [
                315461.14185941592,
                1536270.0829961374
              ],
              [
                315478.66261137091,
                1536266.1551549509
              ],
              [
                315495.02735746466,
                1536269.8237493094
              ],
              [
                315471.04176176153,
                1536306.6576268729
              ]
            ]
          ],
          [
            [
              [
                312488.38123930153,
                1535967.5572850779
              ],
              [
                312568.27198637091,
                1535992.2270848807
              ],
              [
                312679.72401273809,
                1536078.5976293143
              ],
              [
                312794.79298246466,
                1536183.3965184763
              ],
              [
                312757.81910550967,
                1536216.4322545603
              ],
              [
                312729.46278226934,
                1536248.1683995817
              ],
              [
                312697.48158109561,
                1536331.3612248953
              ],
              [
                312642.32227933779,
                1536371.3921239432
              ],
              [
                312609.46278226934,
                1536408.1683995798
              ],
              [
                312576.84437406622,
                1536493.0181005076
              ],
              [
                312555.00233305153,
                1536533.2128789499
              ],
              [
                312413.83595121652,
                1536412.6319005545
              ],
              [
                312347.78065336216,
                1536321.6129949149
              ],
              [
                312294.19361723121,
                1536204.8573949393
              ],
              [
                312277.67445219122,
                1536098.8504674509
              ],
              [
                312279.24854887184,
                1536072.4483373221
              ],
              [
                312304.64954984561,
                1536001.6559484061
              ],
              [
                312379.1759170359,
                1535967.4506261405
              ],
              [
                312483.66261136904,
                1535962.2760655936
              ],
              [
                312488.38123930153,
                1535967.5572850779
              ]
            ]
          ],
          [
            [
              [
                311619.30164945684,
                1535303.3779027518
              ],
              [
                311596.62464750372,
                1535471.548068773
              ],
              [
                311543.1114639109,
                1535511.2168004569
              ],
              [
                311496.96278227028,
                1535559.249484783
              ],
              [
                311466.8083633231,
                1535621.40478874
              ],
              [
                311469.55189359933,
                1535755.844180828
              ],
              [
                311453.46241605841,
                1535787.076022869
              ],
              [
                311436.6124404734,
                1535821.8083837107
              ],
              [
                311438.7999404734,
                1535929.0135839041
              ],
              [
                311470.36244047247,
                1535990.281894451
              ],
              [
                311520.43995511904,
                1536038.3954503592
              ],
              [
                311621.78700101934,
                1536078.3689000662
              ],
              [
                311588.56251371652,
                1536287.1760442331
              ],
              [
                311548.84449613653,
                1536554.0084722117
              ],
              [
                311543.66261137277,
                1536612.2760655936
              ],
              [
                311123.66261137091,
                1536612.2760655936
              ],
              [
                311128.56251371372,
                1536587.1760442313
              ],
              [
                311168.76270902716,
                1536417.3760869559
              ],
              [
                311201.94508207403,
                1536266.210849531
              ],
              [
                311224.72828519903,
                1536103.0081822928
              ],
              [
                311287.33204496652,
                1535394.8628881071
              ],
              [
                311318.76270902529,
                1535317.3760106619
              ],
              [
                311339.77589262091,
                1535264.10010124
              ],
              [
                311406.09364164528,
                1535286.7993810251
              ],
              [
                311450.52357328497,
                1535297.1761205252
              ],
              [
                311528.66871488467,
                1535277.1488072928
              ],
              [
                311619.30164945684,
                1535303.3779027518
              ]
            ]
          ],
          [
            [
              [
                312873.66261136997,
                1537242.2760655973
              ],
              [
                312804.53846586309,
                1537325.5021741446
              ],
              [
                312681.53492582589,
                1537487.5266006049
              ],
              [
                312583.66261137091,
                1537492.2760655917
              ],
              [
                312655.09144437965,
                1537412.3328092173
              ],
              [
                312785.8604873484,
                1537305.5850865897
              ],
              [
                312835.96729887277,
                1537236.5420415457
              ],
              [
                312873.66261136997,
                1537242.2760655973
              ]
            ]
          ]
        ]
      },
      "properties" : {
        "OBJECTID" : 3,
        "gridcode" : 4,
        "Shape_Length" : 162477.27896066432,
        "Shape_Area" : 20111287.284658633
      }
    },
    {
      "type" : "Feature",
      "id" : 4,
      "geometry" : {
        "type" : "MultiPolygon",
        "coordinates" : [
          [
            [
              [
                315543.66261136997,
                1532192.2760655936
              ],
              [
                315547.08546293061,
                1532180.0836827811
              ],
              [
                315555.85499418247,
                1532188.8526036795
              ],
              [
                315543.66261136997,
                1532192.2760655936
              ]
            ]
          ],
          [
            [
              [
                315543.66261136997,
                1532192.2760655936
              ],
              [
                315550.30323637184,
                1532205.6354405973
              ],
              [
                315553.66261136997,
                1532222.2760655936
              ],
              [
                315518.96778715309,
                1532271.7963292655
              ],
              [
                315468.38184965216,
                1532316.9946935251
              ],
              [
                315450.42286527809,
                1532394.1821935251
              ],
              [
                315398.09864652716,
                1532466.2802770212
              ],
              [
                315349.22535551246,
                1532492.8385045622
              ],
              [
                315305.08839262277,
                1532513.095767742
              ],
              [
                315348.06080473121,
                1532592.1738317087
              ],
              [
                315354.68189848028,
                1532703.2669713572
              ],
              [
                315334.22535550967,
                1532747.8385045603
              ],
              [
                315308.61988676246,
                1532794.9582555369
              ],
              [
                315298.57350004371,
                1532880.719974285
              ],
              [
                315276.34693754371,
                1532942.6654698923
              ],
              [
                315318.38184965122,
                1533043.7274816092
              ],
              [
                315308.38307035342,
                1533185.510928873
              ],
              [
                315259.96266019903,
                1533320.45630241
              ],
              [
                315256.81934965216,
                1533373.2037999686
              ],
              [
                315288.38184965309,
                1533461.1667516287
              ],
              [
                315278.94337308966,
                1533877.5574376639
              ],
              [
                315238.94337309152,
                1534012.6334264372
              ],
              [
                315248.38184965216,
                1534067.5574376639
              ],
              [
                315284.50611722935,
                1534154.4104650095
              ],
              [
                315298.38184965309,
                1534287.5574376639
              ],
              [
                315368.94337308966,
                1534296.9946935233
              ],
              [
                315423.66261137184,
                1534312.2760655954
              ],
              [
                315438.49537504278,
                1534359.1260411814
              ],
              [
                315514.47071683966,
                1534554.2328527048
              ],
              [
                315588.42823636904,
                1534710.9421422537
              ],
              [
                315623.76392973121,
                1534765.6619908884
              ],
              [
                315739.91383207589,
                1534902.7796056326
              ],
              [
                315804.78077543247,
                1534868.4558751676
              ],
              [
                315823.01197660342,
                1534907.085330734
              ],
              [
                315829.21681058872,
                1534886.2470128629
              ],
              [
                315827.69581449497,
                1534847.872379072
              ],
              [
                315864.71729886904,
                1534834.8966100272
              ],
              [
                315888.69801176246,
                1534847.5861241873
              ],
              [
                315928.47218168061,
                1534817.0853307322
              ],
              [
                315984.66358793341,
                1534799.2951085642
              ],
              [
                316023.66261136811,
                1534782.2760655973
              ],
              [
                316038.86036527809,
                1534820.9351232145
              ],
              [
                316043.66261137091,
                1534882.2760655936
              ],
              [
                316043.66261137091,
                1534902.2760655936
              ],
              [
                316022.82154691499,
                1534968.1021764353
              ],
              [
                315968.47218168154,
                1535047.0854833182
              ],
              [
                315949.23390043527,
                1535087.8479650076
              ],
              [
                315908.47218168247,
                1535147.0854833201
              ],
              [
                315889.23390043154,
                1535207.8479650114
              ],
              [
                315860.98560941685,
                1535261.2328221854
              ],
              [
                315775.39723051246,
                1535324.0103795603
              ],
              [
                315725.49000394903,
                1535392.0516088083
              ],
              [
                315689.2497695731,
                1535425.6299474277
              ],
              [
                315599.10206449497,
                1535460.7340123747
              ],
              [
                315633.94459379278,
                1535560.1438024119
              ],
              [
                315643.66261137184,
                1535732.2760655936
              ],
              [
                315643.66261137184,
                1535752.2760655936
              ],
              [
                315640.30323636904,
                1535768.9166905954
              ],
              [
                315633.66261137184,
                1535782.2760655936
              ],
              [
                315527.65675199404,
                1535773.4648778513
              ],
              [
                315484.40968168154,
                1535789.3463780936
              ],
              [
                315492.01466215216,
                1535883.9871862028
              ],
              [
                315472.71778715309,
                1535972.4527623747
              ],
              [
                315448.29029691871,
                1536006.9042089079
              ],
              [
                315443.66261136997,
                1536062.2760655954
              ],
              [
                315427.74708402716,
                1536066.3603856619
              ],
              [
                315391.40919340122,
                1536090.0229528006
              ],
              [
                315343.66261137277,
                1536102.2760655954
              ],
              [
                315338.56251371559,
                1536097.3760106638
              ],
              [
                315322.18678129278,
                1536013.4937169608
              ],
              [
                315188.72975004185,
                1535920.5264928453
              ],
              [
                315056.91334379278,
                1535856.5759923533
              ],
              [
                314944.38526762091,
                1535834.6082189139
              ],
              [
                314782.62867582217,
                1535837.9094579294
              ],
              [
                314590.72559965309,
                1535877.2150304392
              ],
              [
                314419.00562895089,
                1535930.3977086619
              ],
              [
                314106.79615629278,
                1536073.1383397635
              ],
              [
                313813.92262113653,
                1536271.6636540927
              ],
              [
                313527.34669340309,
                1536528.6462285575
              ],
              [
                313276.20655668434,
                1536790.0369145926
              ],
              [
                313002.93141019903,
                1537083.6409261301
              ],
              [
                312873.66261136997,
                1537242.2760655973
              ],
              [
                312835.96729887277,
                1537236.5420415457
              ],
              [
                312785.8604873484,
                1537305.5850865897
              ],
              [
                312655.09144437965,
                1537412.3328092173
              ],
              [
                312583.66261137091,
                1537492.2760655917
              ],
              [
                311953.85426176246,
                1537532.8454604242
              ],
              [
                311828.76270902902,
                1537167.1760823783
              ],
              [
                311818.56251371652,
                1537137.3760488108
              ],
              [
                311637.97840726841,
                1536604.8644902781
              ],
              [
                311543.66261137277,
                1536612.2760655936
              ],
              [
                311548.84449613653,
                1536554.0084722117
              ],
              [
                311588.56251371652,
                1536287.1760442331
              ],
              [
                311621.78700101934,
                1536078.3689000662
              ],
              [
                311520.43995511904,
                1536038.3954503592
              ],
              [
                311470.36244047247,
                1535990.281894451
              ],
              [
                311438.7999404734,
                1535929.0135839041
              ],
              [
                311436.6124404734,
                1535821.8083837107
              ],
              [
                311453.46241605841,
                1535787.076022869
              ],
              [
                311469.55189359933,
                1535755.844180828
              ],
              [
                311466.8083633231,
                1535621.40478874
              ],
              [
                311496.96278227028,
                1535559.249484783
              ],
              [
                311543.1114639109,
                1535511.2168004569
              ],
              [
                311596.62464750372,
                1535471.548068773
              ],
              [
                311619.30164945684,
                1535303.3779027518
              ],
              [
                311528.66871488467,
                1535277.1488072928
              ],
              [
                311450.52357328497,
                1535297.1761205252
              ],
              [
                311406.09364164528,
                1535286.7993810251
              ],
              [
                311339.77589262091,
                1535264.10010124
              ],
              [
                311318.76270902529,
                1535317.3760106619
              ],
              [
                311287.33204496652,
                1535394.8628881071
              ],
              [
                311224.72828519903,
                1536103.0081822928
              ],
              [
                311201.94508207403,
                1536266.210849531
              ],
              [
                311168.76270902716,
                1536417.3760869559
              ],
              [
                311128.56251371372,
                1536587.1760442313
              ],
              [
                311123.66261137091,
                1536612.2760655936
              ],
              [
                311093.30799711123,
                1536618.4933354948
              ],
              [
                310998.66261137091,
                1536616.5618016813
              ],
              [
                310946.46046293061,
                1536617.627094036
              ],
              [
                310888.76270902809,
                1536637.3760869559
              ],
              [
                310785.57850492559,
                1536647.1760442313
              ],
              [
                310756.36280668341,
                1536527.331149824
              ],
              [
                310738.76270902716,
                1536437.1760442313
              ],
              [
                310722.00916898716,
                1536388.2295873221
              ],
              [
                310688.26649320778,
                1536377.2799565867
              ],
              [
                310666.31275785528,
                1536309.6260716971
              ],
              [
                310628.56251371279,
                1536297.3760869578
              ],
              [
                310583.49171293434,
                1536191.2016942594
              ],
              [
                310498.56251371466,
                1536177.3760106619
              ],
              [
                310488.76270902902,
                1536126.5917089041
              ],
              [
                310508.76270902716,
                1536107.3760106638
              ],
              [
                310528.56251371279,
                1535997.1761205252
              ],
              [
                310553.24513090029,
                1535863.0112340525
              ],
              [
                310598.76270902902,
                1535667.3760106638
              ],
              [
                310608.56251371466,
                1535587.1761205271
              ],
              [
                310620.52601469122,
                1535493.5803868845
              ],
              [
                310616.38783109747,
                1535290.8095433787
              ],
              [
                310644.65565336309,
                1535235.9366490915
              ],
              [
                310637.54017484747,
                1534887.2760655954
              ],
              [
                310639.17164457124,
                1534807.3334386423
              ],
              [
                310757.04456937779,
                1534606.1771276053
              ],
              [
                310768.56251371559,
                1534547.1759679373
              ],
              [
                310790.78236234747,
                1534470.3961827829
              ],
              [
                310851.17298734654,
                1534195.2844884451
              ],
              [
                310848.27564847935,
                1534053.3151891306
              ],
              [
                310817.59754789434,
                1533933.6112096366
              ],
              [
                310778.56251371559,
                1533837.3761632498
              ],
              [
                310773.66261137091,
                1533812.2760655954
              ],
              [
                310781.42933500279,
                1533724.9405553397
              ],
              [
                310807.96253812872,
                1533589.0250279978
              ],
              [
                310836.96278226841,
                1533529.2496373691
              ],
              [
                310875.65662992653,
                1533488.9761998691
              ],
              [
                310927.34608304873,
                1533462.3483922575
              ],
              [
                311006.55628813058,
                1533443.0383946951
              ],
              [
                311026.71314848028,
                1533384.1480138358
              ],
              [
                311038.56251371186,
                1533287.1759679392
              ],
              [
                311078.08277738653,
                1533025.7153966483
              ],
              [
                311094.62940824404,
                1532822.7664830778
              ],
              [
                311116.96278226934,
                1532685.5759313181
              ],
              [
                311138.56251371652,
                1532587.1759679373
              ],
              [
                311198.35987699591,
                1532373.0017736033
              ],
              [
                311138.92201078497,
                1532274.9884679373
              ],
              [
                311136.8083633231,
                1532171.4044835642
              ],
              [
                311166.96278226841,
                1532109.2493321951
              ],
              [
                311188.36231840309,
                1532086.9757726267
              ],
              [
                311208.76270902529,
                1532067.3761632517
              ],
              [
                311220.70301664341,
                1531981.8451573905
              ],
              [
                311248.76270902622,
                1531927.3761632517
              ],
              [
                311258.56251371652,
                1531857.1759679373
              ],
              [
                311278.76637113653,
                1531747.3560216539
              ],
              [
                311277.00306547247,
                1531660.9485509451
              ],
              [
                311307.87953031622,
                1531570.7398107108
              ],
              [
                311358.12733304873,
                1531308.5022618845
              ],
              [
                311358.96900785528,
                1531267.2760655954
              ],
              [
                311355.61939848121,
                1531103.1726720426
              ],
              [
                311388.86280668154,
                1530922.4762609061
              ],
              [
                311424.00074613653,
                1530726.9098546561
              ],
              [
                311443.46241605841,
                1530647.0758702829
              ],
              [
                311484.56287992653,
                1530486.7053868826
              ],
              [
                311524.13746488374,
                1530293.486392742
              ],
              [
                311540.06214750465,
                1530090.8417394236
              ],
              [
                311536.60511625372,
                1529921.4533116911
              ],
              [
                311554.66236722935,
                1529552.5617101286
              ],
              [
                311568.56251371372,
                1529467.1759679373
              ],
              [
                311603.29579008091,
                1529263.5431554373
              ],
              [
                311624.74964750279,
                1529074.6674230192
              ],
              [
                311588.76270902622,
                1528969.5288732108
              ],
              [
                311605.08412016183,
                1528882.3389318045
              ],
              [
                311647.07691801153,
                1528825.6903722342
              ],
              [
                311708.56251371652,
                1528780.1111486033
              ],
              [
                311687.58839262091,
                1528688.2196691092
              ],
              [
                311609.34925688058,
                1528559.2029454783
              ],
              [
                311588.56251371652,
                1528487.3761632517
              ],
              [
                311578.74012601655,
                1528447.0844152048
              ],
              [
                311520.40028227028,
                1528477.138736492
              ],
              [
                311403.59852445591,
                1528479.5221593454
              ],
              [
                311342.24171293434,
                1528449.7547032889
              ],
              [
                311277.69642484467,
                1528401.9080236033
              ],
              [
                311237.07752836123,
                1528334.9268224295
              ],
              [
                311214.81739652716,
                1528289.0442540701
              ],
              [
                311038.56251371186,
                1528257.3761632498
              ],
              [
                310648.76270902529,
                1528187.1759679392
              ],
              [
                309758.56251371559,
                1528027.3761632498
              ],
              [
                309054.60804594122,
                1527895.8472325876
              ],
              [
                308519.45362699684,
                1527797.3944737967
              ],
              [
                308479.44508207217,
                1527796.5778234061
              ],
              [
                308418.96290433779,
                1527837.5763585661
              ],
              [
                308357.41932523809,
                1527867.4335363004
              ],
              [
                308270.76283109747,
                1528134.4782140348
              ],
              [
                308203.22132719308,
                1528204.7760655936
              ],
              [
                308140.40028227028,
                1528237.138736492
              ],
              [
                307997.85023344215,
                1528240.0476720426
              ],
              [
                307933.66261137184,
                1528212.2760655954
              ],
              [
                307933.66261137184,
                1528202.2760655954
              ],
              [
                307923.66261137184,
                1528202.2760655954
              ],
              [
                307918.56251371466,
                1528197.3761632498
              ],
              [
                307791.57185209449,
                1528012.0941808261
              ],
              [
                307566.83125150856,
                1527704.4074132498
              ],
              [
                307451.95973051153,
                1527601.4588048551
              ],
              [
                307388.93910062965,
                1527581.008365402
              ],
              [
                307246.01765287481,
                1527567.3761632498
              ],
              [
                307096.22425687872,
                1527592.9260900076
              ],
              [
                307022.01374662574,
                1527631.1554601267
              ],
              [
                307008.76270902622,
                1527692.666080242
              ],
              [
                307023.66261137184,
                1527882.2760655917
              ],
              [
                306991.24531400762,
                1527904.6582677439
              ],
              [
                307023.66261137184,
                1527922.2760655936
              ],
              [
                306996.03901517857,
                1528024.4275548514
              ],
              [
                306957.76264799107,
                1528098.7287023142
              ],
              [
                306937.31373441778,
                1528118.3759191092
              ],
              [
                306882.14588773809,
                1528145.1404454764
              ],
              [
                306688.76270902902,
                1528127.1759679429
              ],
              [
                306564.84089506231,
                1528117.3761632517
              ],
              [
                306382.03419340216,
                1528138.1403234098
              ],
              [
                306168.74256742559,
                1528177.3798253611
              ],
              [
                306124.35841215309,
                1528176.4740636405
              ],
              [
                306031.20625150669,
                1528144.5899083689
              ],
              [
                305844.66847074591,
                1527941.8585851248
              ],
              [
                305780.67402494699,
                1527891.1218907926
              ],
              [
                305582.21333158482,
                1527724.5209386405
              ],
              [
                305447.33204496559,
                1527680.7514073923
              ],
              [
                305392.33143461309,
                1527699.5770909879
              ],
              [
                305378.76270902716,
                1527798.9404943045
              ],
              [
                305418.57777250372,
                1527876.2287023142
              ],
              [
                305436.09425199777,
                1527965.9564855155
              ],
              [
                305409.04255521949,
                1528044.9896886405
              ],
              [
                305387.26246488746,
                1528144.2096593454
              ],
              [
                305366.3390029734,
                1528225.8527257517
              ],
              [
                305306.59214628302,
                1528265.0244786795
              ],
              [
                305202.88029325753,
                1528287.1759679373
              ],
              [
                304852.18083036318,
                1528247.3413732126
              ],
              [
                304646.40965116583,
                1528237.3761632498
              ],
              [
                304537.75715482607,
                1528259.6301915701
              ],
              [
                304393.70381009951,
                1528324.1174962576
              ],
              [
                304308.21079862677,
                1528397.8522374667
              ],
              [
                304008.05073393043,
                1528802.7661779001
              ],
              [
                303869.1363967713,
                1528936.2323644217
              ],
              [
                303589.84783781134,
                1529046.3904454801
              ],
              [
                303431.13621366676,
                1529060.5042150095
              ],
              [
                303284.31553495396,
                1529090.5762364939
              ],
              [
                303212.51946103945,
                1529108.9758946989
              ],
              [
                303136.56262052432,
                1529134.9744298514
              ],
              [
                303082.41963041294,
                1529171.6754796579
              ],
              [
                303067.14277876075,
                1529312.285220867
              ],
              [
                303026.96261060517,
                1529390.2820470408
              ],
              [
                302958.15584791359,
                1529456.3904454783
              ],
              [
                302903.80921972543,
                1529487.1759679392
              ],
              [
                302856.68203962594,
                1529309.3244054392
              ],
              [
                302859.97620237526,
                1529147.9102208689
              ],
              [
                302813.66261136997,
                1529062.2760655936
              ],
              [
                302828.88754022494,
                1529050.0842931326
              ],
              [
                302842.34830988105,
                1528957.5995519217
              ],
              [
                302890.81687582098,
                1528888.6444738004
              ],
              [
                302957.81485212408,
                1528849.2615392264
              ],
              [
                303060.42282712925,
                1528836.4276769236
              ],
              [
                303051.19949949533,
                1528762.2760655973
              ],
              [
                303066.55541074555,
                1528638.821475748
              ],
              [
                303043.66261137277,
                1528632.2760655936
              ],
              [
                303043.66261137277,
                1528622.2760655936
              ],
              [
                303033.66261136997,
                1528622.2760655936
              ],
              [
                302945.44741285592,
                1528434.0332677439
              ],
              [
                303164.73847043887,
                1528410.2081945017
              ],
              [
                303237.11460722145,
                1528352.825992357
              ],
              [
                303248.76259458717,
                1528307.3761632517
              ],
              [
                303258.56262815744,
                1528087.1759679373
              ],
              [
                303273.86261594947,
                1527982.4762609098
              ],
              [
                303294.42928922549,
                1527835.1514318045
              ],
              [
                303331.92627561558,
                1527681.3373448923
              ],
              [
                303415.26959074102,
                1527503.490665203
              ],
              [
                303507.3263992127,
                1527188.8703038767
              ],
              [
                303568.80703580752,
                1527124.8810460623
              ],
              [
                303816.87069547549,
                1526919.672305828
              ],
              [
                303853.9126266297,
                1526865.0263097361
              ],
              [
                303926.50257719122,
                1526724.115665203
              ],
              [
                304018.14266813267,
                1526519.4074132517
              ],
              [
                304028.97511137091,
                1526309.1705968454
              ],
              [
                304143.2910598563,
                1525956.8903234061
              ],
              [
                304198.56266630255,
                1525887.1759679373
              ],
              [
                304288.78773344215,
                1525787.3480870798
              ],
              [
                304274.99073637091,
                1525692.9328038786
              ],
              [
                304308.83152616769,
                1525627.2418859079
              ],
              [
                304275.21000516973,
                1525594.9396398123
              ],
              [
                304562.14726102818,
                1525359.2218663748
              ],
              [
                304709.82700956427,
                1525240.0104405973
              ],
              [
                304776.3135207966,
                1525218.4357335623
              ],
              [
                304871.58177030738,
                1525177.2162511423
              ],
              [
                305002.28001249209,
                1525132.4811437204
              ],
              [
                305370.06916654762,
                1525018.5736730192
              ],
              [
                305533.18867338169,
                1524971.3678624723
              ],
              [
                305860.24098051246,
                1524887.5495030973
              ],
              [
                305903.55854643136,
                1524886.6657140348
              ],
              [
                306004.18934476748,
                1525022.4164464548
              ],
              [
                306075.96272123512,
                1525097.1185948923
              ],
              [
                306190.84553373419,
                1525198.1818273161
              ],
              [
                306330.83149564732,
                1525232.3078038748
              ],
              [
                306389.36543119326,
                1525270.6842687204
              ],
              [
                306410.03285062965,
                1525460.9088780936
              ],
              [
                306521.68446195778,
                1525640.7172277048
              ],
              [
                306643.26588285621,
                1525751.6681554373
              ],
              [
                306804.16157377325,
                1525851.5753819998
              ],
              [
                306866.52699125279,
                1525933.7665441129
              ],
              [
                306907.31739652716,
                1525995.9821202811
              ],
              [
                307039.4444717234,
                1526143.9252355155
              ],
              [
                307076.00422513951,
                1526197.8595616873
              ],
              [
                307117.74372709449,
                1526326.4850499704
              ],
              [
                307170.58186185919,
                1526362.3017003592
              ],
              [
                307394.60743558779,
                1526393.5761144217
              ],
              [
                307418.63789213169,
                1526416.6644933317
              ],
              [
                307447.86854398809,
                1526536.5704991892
              ],
              [
                307506.02528227028,
                1526575.9918859079
              ],
              [
                307749.75941312779,
                1526681.4472081717
              ],
              [
                307831.41499174107,
                1526641.8317296579
              ],
              [
                307888.56251371372,
                1526607.1759679392
              ],
              [
                307903.66261136904,
                1526602.2760655936
              ],
              [
                307908.76270902622,
                1526637.1759679392
              ],
              [
                307941.79127348028,
                1527008.578555828
              ],
              [
                307968.0046523856,
                1527116.1078527048
              ],
              [
                308066.14918363746,
                1527254.4562413767
              ],
              [
                308086.51356352121,
                1527275.6513097342
              ],
              [
                308146.29749906436,
                1527316.176212078
              ],
              [
                308216.56239164528,
                1527344.6771886386
              ],
              [
                308278.56251371279,
                1527357.3761632498
              ],
              [
                308340.25807035435,
                1527367.4194982108
              ],
              [
                308412.93202055246,
                1527392.2943761423
              ],
              [
                308598.56251371466,
                1527427.3761632517
              ],
              [
                309071.24378812872,
                1527514.154727703
              ],
              [
                309248.76270902622,
                1527547.1759679392
              ],
              [
                309841.79676664621,
                1527657.9804112986
              ],
              [
                310628.63636625558,
                1527799.1840245798
              ],
              [
                310640.09571684059,
                1527635.2399327811
              ],
              [
                310690.99171293341,
                1527530.3327062186
              ],
              [
                310738.76270902716,
                1527467.3761632536
              ],
              [
                310795.71400297061,
                1527390.5493810233
              ],
              [
                310835.65662992559,
                1527348.9758946951
              ],
              [
                310912.42481840309,
                1527309.4287755564
              ],
              [
                311011.08326566592,
                1527295.6561925486
              ],
              [
                311048.76270902902,
                1527277.3761632498
              ],
              [
                311159.49940336403,
                1527202.3126866892
              ],
              [
                311256.80164945778,
                1527177.3761632517
              ],
              [
                311343.68885648996,
                1527193.7628820036
              ],
              [
                311411.80409086309,
                1527244.2560460623
              ],
              [
                311448.52528226748,
                1527315.538394697
              ],
              [
                311450.51685941871,
                1527413.1476476248
              ],
              [
                311420.36244047154,
                1527475.3027989957
              ],
              [
                311391.48792875465,
                1527505.3558995798
              ],
              [
                311325.52113187965,
                1527554.2566564139
              ],
              [
                311294.3126357859,
                1527614.8377111014
              ],
              [
                311278.37696683872,
                1527708.266055828
              ],
              [
                311280.09144437872,
                1527792.2760655954
              ],
              [
                311278.14198148809,
                1527887.7966954764
              ],
              [
                311422.73914945684,
                1527884.8456456736
              ],
              [
                311488.57411039248,
                1527907.3798253592
              ],
              [
                311582.65736234933,
                1527905.4596593436
              ],
              [
                311655.37281644717,
                1527929.0564611014
              ],
              [
                311724.56532133184,
                1527971.0162999704
              ],
              [
                311782.81788481027,
                1527915.0482823942
              ],
              [
                311748.7999404734,
                1527849.0137364939
              ],
              [
                311746.9005264109,
                1527755.9271886423
              ],
              [
                311782.25697172433,
                1527668.7616612986
              ],
              [
                311844.53175199591,
                1527313.0835607108
              ],
              [
                311881.59290922247,
                1527263.0878331736
              ],
              [
                311939.16248929966,
                1527207.7765538767
              ],
              [
                311987.30274808686,
                1527157.6703527067
              ],
              [
                312048.76270902902,
                1527117.3761632498
              ],
              [
                312063.04127347935,
                1527015.0946691092
              ],
              [
                312115.64320219029,
                1526944.1351964511
              ],
              [
                312186.92494047154,
                1526907.4140050504
              ],
              [
                312294.13014066871,
                1526905.2252843454
              ],
              [
                312376.06495512277,
                1526944.9762609042
              ],
              [
                312426.56239164434,
                1526993.4931066111
              ],
              [
                312458.52528227028,
                1527055.5390050467
              ],
              [
                312459.58119047433,
                1527107.2760655936
              ],
              [
                312458.17371976934,
                1527176.2396886405
              ],
              [
                312488.56251371652,
                1527265.022647623
              ],
              [
                312478.76270902622,
                1527327.3761632498
              ],
              [
                312467.23560941778,
                1527372.3541905954
              ],
              [
                312470.99842679873,
                1527556.7261388376
              ],
              [
                312374.64466703497,
                1528151.3568761405
              ],
              [
                312496.34144438058,
                1528172.1143224295
              ],
              [
                312548.76270902529,
                1527877.3761632517
              ],
              [
                312624.05872953311,
                1527453.7213780917
              ],
              [
                312675.64320219029,
                1527384.1345861014
              ],
              [
                312746.92494047154,
                1527347.4133946989
              ],
              [
                312844.53419340029,
                1527345.4218175467
              ],
              [
                312906.68934477028,
                1527375.576236492
              ],
              [
                312946.96278227028,
                1527414.2700841483
              ],
              [
                312978.52528226934,
                1527475.5383946951
              ],
              [
                312981.19007719029,
                1527606.1267736033
              ],
              [
                312918.76270902809,
                1527957.3761632498
              ],
              [
                312865.5577529734,
                1528256.5198400076
              ],
              [
                312963.78834379278,
                1528276.6394689139
              ],
              [
                313020.98438871559,
                1527923.6664464548
              ],
              [
                312988.76270902529,
                1527829.5288732108
              ],
              [
                312999.46339262184,
                1527685.0110509451
              ],
              [
                313025.46314847842,
                1527551.8262364939
              ],
              [
                313060.58277738746,
                1527504.4507482108
              ],
              [
                313101.92310941592,
                1527464.7321202811
              ],
              [
                313173.87623441778,
                1527042.8864171561
              ],
              [
                313083.37330472935,
                1527115.9430577792
              ],
              [
                313000.52357328683,
                1527137.1759679411
              ],
              [
                312920.54432523623,
                1527118.4967687186
              ],
              [
                312855.52113187872,
                1527070.2960851248
              ],
              [
                312818.79994046967,
                1526999.0131261405
              ],
              [
                312816.61244047433,
                1526891.8085362986
              ],
              [
                312842.63905180153,
                1526838.1610753611
              ],
              [
                312908.56251371372,
                1526751.2824132536
              ],
              [
                312880.76527250558,
                1526675.3217198905
              ],
              [
                312709.04896390811,
                1526431.2006261405
              ],
              [
                312706.8083633231,
                1526321.4044835642
              ],
              [
                312736.96278226841,
                1526259.2499425504
              ],
              [
                312775.65662992653,
                1526218.9765050504
              ],
              [
                312836.9249404734,
                1526187.4140050486
              ],
              [
                312934.53419340216,
                1526185.4218175467
              ],
              [
                312996.68934477028,
                1526215.5756261405
              ],
              [
                313053.71143949777,
                1526270.3620030936
              ],
              [
                313114.29859769717,
                1526352.0941808298
              ],
              [
                313173.15479887091,
                1526425.0055577811
              ],
              [
                313204.64527738746,
                1526489.9140050486
              ],
              [
                313254.11915433872,
                1526577.1759679392
              ],
              [
                313265.56202543341,
                1526528.3881261423
              ],
              [
                313208.92262113746,
                1526434.9884679373
              ],
              [
                313206.80836332217,
                1526331.4044835642
              ],
              [
                313236.96217191592,
                1526269.2499425504
              ],
              [
                313275.65724027902,
                1526228.9765050504
              ],
              [
                313336.92555082589,
                1526197.4140050486
              ],
              [
                313434.53419340309,
                1526195.4218175467
              ],
              [
                313496.68873441778,
                1526225.5756261405
              ],
              [
                313529.16309965402,
                1526256.7755773123
              ],
              [
                313558.56251371559,
                1526287.3761632517
              ],
              [
                313647.35035551246,
                1526345.5878331717
              ],
              [
                313708.32081449497,
                1526435.5341222342
              ],
              [
                313710.90016019996,
                1526561.9159581736
              ],
              [
                313679.76246488653,
                1526652.8864171579
              ],
              [
                313624.56104887091,
                1526976.5216710623
              ],
              [
                313818.32935941685,
                1527006.6767003592
              ],
              [
                313828.56251371652,
                1526787.1759679429
              ],
              [
                313838.76270902902,
                1526707.3761632517
              ],
              [
                313854.72340238839,
                1526397.6080968454
              ],
              [
                313883.86280668247,
                1526312.4762609061
              ],
              [
                313928.56251371372,
                1526147.1759679392
              ],
              [
                313968.52345121279,
                1526009.0936925467
              ],
              [
                313970.65724027716,
                1525904.5209386442
              ],
              [
                313940.28004301246,
                1525655.9162023142
              ],
              [
                313755.12501371559,
                1525659.6954991892
              ],
              [
                313598.76270902622,
                1525587.1759679373
              ],
              [
                313485.17506254092,
                1525555.1386144236
              ],
              [
                313357.19044340122,
                1525493.0475499704
              ],
              [
                313226.34815824497,
                1525401.9013097342
              ],
              [
                313188.80055082403,
                1525329.0131261423
              ],
              [
                313187.00245512184,
                1525240.9491612967
              ],
              [
                313218.52833402809,
                1525148.8446691111
              ],
              [
                313218.76515043247,
                1525137.2760655936
              ],
              [
                313215.13722074497,
                1524959.5587804392
              ],
              [
                313254.16309965029,
                1524807.2858312204
              ],
              [
                313268.76270902622,
                1524707.3761632517
              ],
              [
                313285.93067777809,
                1524549.359805828
              ],
              [
                313330.84278715122,
                1524341.4557530954
              ],
              [
                313358.56251371372,
                1524187.1759679392
              ],
              [
                313416.6569961356,
                1523937.484805828
              ],
              [
                313236.04298246372,
                1523595.1618077811
              ],
              [
                313218.76270902529,
                1523577.1759679373
              ],
              [
                313162.18189848214,
                1523522.8143956717
              ],
              [
                313099.23267973121,
                1523419.0106847342
              ],
              [
                313078.76270902716,
                1523339.1364171561
              ],
              [
                313088.56251371279,
                1523187.1759679373
              ],
              [
                313102.00123441964,
                1523016.1627843454
              ],
              [
                313078.76270902716,
                1522879.9213292673
              ],
              [
                313088.56251371279,
                1522657.1759679411
              ],
              [
                313128.44532621466,
                1522432.9364659879
              ],
              [
                313129.12403715309,
                1522399.6784093436
              ],
              [
                313115.77931058872,
                1522344.9396398142
              ],
              [
                312997.42176664434,
                1522213.9850499704
              ],
              [
                312958.79994047247,
                1522139.0131261405
              ],
              [
                312956.80836332403,
                1522041.4044835642
              ],
              [
                312986.96278226655,
                1521979.2499425486
              ],
              [
                313025.65724027809,
                1521938.9765050486
              ],
              [
                313086.92555082496,
                1521907.4140050486
              ],
              [
                313184.53419340309,
                1521905.4218175467
              ],
              [
                313218.86280668247,
                1521922.0758702848
              ],
              [
                313269.02638090122,
                1521947.9181554429
              ],
              [
                313293.66261137184,
                1521922.2760655936
              ],
              [
                313432.92774808872,
                1521989.0595128592
              ],
              [
                313705.87940824684,
                1522074.8053624686
              ],
              [
                313881.83155668527,
                1522107.1759679392
              ],
              [
                314161.15162504371,
                1522095.6232335623
              ],
              [
                314293.75538480747,
                1522031.2909581736
              ],
              [
                314343.66261136811,
                1521992.2760655954
              ],
              [
                314367.70924223121,
                1522014.5563390311
              ],
              [
                314388.47218168341,
                1522093.7946202867
              ],
              [
                314366.88404691964,
                1522214.2572667673
              ],
              [
                314325.21290434152,
                1522327.3456456736
              ],
              [
                314250.59010160342,
                1522459.9115636405
              ],
              [
                314160.53028715122,
                1522566.4838292636
              ],
              [
                314128.85304105841,
                1523037.4664952811
              ],
              [
                314118.47218168247,
                1523177.0856359098
              ],
              [
                314108.50147855747,
                1523446.9928624667
              ],
              [
                314081.20533598028,
                1523533.2086827829
              ],
              [
                314028.85304105654,
                1523607.4664952848
              ],
              [
                313986.17848051246,
                1523663.1171300467
              ],
              [
                313881.38111723214,
                1523843.7897374704
              ],
              [
                313843.37574613653,
                1523915.6146886405
              ],
              [
                313803.18043363746,
                1524020.9528234079
              ],
              [
                313774.5720351981,
                1524130.1325109079
              ],
              [
                313751.94141996652,
                1524238.3014562204
              ],
              [
                313718.85304105934,
                1524417.4664952829
              ],
              [
                313671.24683988746,
                1524641.0138585623
              ],
              [
                313652.78248441499,
                1524814.5050695036
              ],
              [
                313630.52662504185,
                1524931.0822179373
              ],
              [
                313601.79249418434,
                1525040.7404210623
              ],
              [
                313618.52711332217,
                1525197.9865148161
              ],
              [
                313731.36036527809,
                1525233.7091710642
              ],
              [
                313829.38404691871,
                1525277.8778722342
              ],
              [
                313948.85304105934,
                1525267.4664952811
              ],
              [
                313980.30811918154,
                1525186.6889073923
              ],
              [
                314008.09132230934,
                1525156.7047765329
              ],
              [
                314039.23390043247,
                1525127.8473546598
              ],
              [
                314081.12721098121,
                1525039.0802648142
              ],
              [
                314138.66016996372,
                1524945.1178624742
              ],
              [
                314313.79322660714,
                1524623.2526280954
              ],
              [
                314370.15308988467,
                1524489.3280675486
              ],
              [
                314408.47218168154,
                1524437.0856359079
              ],
              [
                314473.55030668434,
                1524362.0514562204
              ],
              [
                314589.94679106027,
                1524112.1869542673
              ],
              [
                314633.56617582217,
                1524005.9918859061
              ],
              [
                314598.99464262091,
                1523940.6586339548
              ],
              [
                314595.21046293527,
                1523845.1850011423
              ],
              [
                314625.42164457217,
                1523781.1701085642
              ],
              [
                314663.08888090402,
                1523740.5170323923
              ],
              [
                314698.28175199497,
                1523721.8952062186
              ],
              [
                314752.24537504278,
                1523696.4264562204
              ],
              [
                314769.12159574497,
                1523520.3021886423
              ],
              [
                314816.60938871559,
                1523320.9418370798
              ],
              [
                314854.4987930106,
                1523262.2675206717
              ],
              [
                314893.31104887184,
                1523211.6522862986
              ],
              [
                314808.85304105654,
                1523017.0856359061
              ],
              [
                314748.85304105747,
                1522883.9264562186
              ],
              [
                314758.47218168434,
                1522807.0856359061
              ],
              [
                314788.85304105841,
                1522707.4664952848
              ],
              [
                314798.47218168527,
                1522577.0856359061
              ],
              [
                314831.0271133231,
                1522427.4762609079
              ],
              [
                314808.85304105654,
                1522321.4923741873
              ],
              [
                314818.47218168341,
                1522207.0856359079
              ],
              [
                314828.85304105934,
                1522167.4664952829
              ],
              [
                314841.64234769624,
                1522047.2980382517
              ],
              [
                314894.70631254278,
                1521974.9530675486
              ],
              [
                314959.38038480934,
                1521940.7306554373
              ],
              [
                315003.66261137277,
                1521932.2760655936
              ],
              [
                315019.10450589936,
                1521958.2892491892
              ],
              [
                315059.58302152622,
                1521997.1796300486
              ],
              [
                315057.5651992606,
                1522096.0614659861
              ],
              [
                315098.20973050967,
                1522149.6259191092
              ],
              [
                315063.39405668434,
                1522217.2089269217
              ],
              [
                315079.36207426339,
                1522279.5172765329
              ],
              [
                315104.07520902809,
                1522327.4884679392
              ],
              [
                315217.22584378999,
                1522467.660587078
              ],
              [
                315277.00977933779,
                1522525.0995519236
              ],
              [
                315469.76124418434,
                1522628.4332921579
              ],
              [
                315468.54420316964,
                1522688.0756261405
              ],
              [
                315366.69361723121,
                1522737.4884679392
              ],
              [
                315317.56275785621,
                1522788.6249425504
              ],
              [
                315265.86475980747,
                1522895.1862218436
              ],
              [
                315268.79688871559,
                1523038.8446691092
              ],
              [
                315289.65138090122,
                1523099.7724034842
              ],
              [
                315400.15553128999,
                1523178.1635167636
              ],
              [
                315449.58302152716,
                1523177.1552159861
              ],
              [
                315509.44752348121,
                1523136.5766027048
              ],
              [
                315528.66261137184,
                1523096.9696691092
              ],
              [
                315549.77711332217,
                1523097.4005773142
              ],
              [
                315568.56251371559,
                1523138.7445714548
              ],
              [
                315548.56251371279,
                1523197.1759679373
              ],
              [
                315534.34254301246,
                1523255.5048253592
              ],
              [
                315482.60182035714,
                1523228.8507726248
              ],
              [
                315468.76270902809,
                1523257.3761632498
              ],
              [
                315451.03565824404,
                1523274.4074132517
              ],
              [
                315508.76270902622,
                1523297.1759679392
              ],
              [
                315518.56251371466,
                1523347.3761632517
              ],
              [
                315541.75709379278,
                1523358.6286046561
              ],
              [
                315533.66261137184,
                1523382.2760655973
              ],
              [
                315480.01148832496,
                1523405.6891515311
              ],
              [
                315408.47218168154,
                1523417.0856359098
              ],
              [
                315335.92823637184,
                1523461.5033605155
              ],
              [
                315265.18116605747,
                1523477.0856359061
              ],
              [
                315188.80299223121,
                1523457.0722081736
              ],
              [
                315173.09132231027,
                1523457.6947667673
              ],
              [
                315139.12159574591,
                1523600.3021886405
              ],
              [
                315121.39210355654,
                1523785.3327062223
              ],
              [
                315102.22950590216,
                1523876.9232823905
              ],
              [
                315233.46241605841,
                1523888.3588292655
              ],
              [
                315294.23634183779,
                1523920.5170323905
              ],
              [
                315331.90357816964,
                1523961.1701085642
              ],
              [
                315362.11475980934,
                1524025.1850011405
              ],
              [
                315358.33058012091,
                1524120.6586339548
              ],
              [
                315320.98560941964,
                1524191.2323644217
              ],
              [
                315250.61329496652,
                1524242.8497960623
              ],
              [
                315050.32765043154,
                1524274.7553136405
              ],
              [
                314938.74195707496,
                1524255.3241612967
              ],
              [
                314868.79688871466,
                1524403.5309484079
              ],
              [
                314797.33204496466,
                1524566.5631749704
              ],
              [
                314706.06373441499,
                1524669.8090245761
              ],
              [
                314638.46607816964,
                1524813.0426671561
              ],
              [
                314468.66016996559,
                1525125.1178624686
              ],
              [
                314408.34522855654,
                1525223.6249425467
              ],
              [
                314356.55811918434,
                1525451.5875890311
              ],
              [
                314320.64991606027,
                1525653.617618328
              ],
              [
                314354.66725004371,
                1525947.2760655973
              ],
              [
                314337.82642972935,
                1526092.6569249686
              ],
              [
                314298.47218168154,
                1526227.0856359079
              ],
              [
                314263.43800199591,
                1526357.6459386405
              ],
              [
                314224.05445707496,
                1526492.1771886405
              ],
              [
                314208.85304106027,
                1526777.8632237986
              ],
              [
                314323.57472074684,
                1526773.3161046579
              ],
              [
                314432.7702773856,
                1526789.5990636405
              ],
              [
                314505.31910551246,
                1526764.1705968436
              ],
              [
                314598.94337308966,
                1526767.8815343436
              ],
              [
                314683.66261137091,
                1526822.2760655936
              ],
              [
                314683.66261137091,
                1526842.2760655936
              ],
              [
                314693.66261137091,
                1526842.2760655936
              ],
              [
                314700.18482816685,
                1526881.9782140329
              ],
              [
                314697.89234769996,
                1526897.4872472342
              ],
              [
                314712.91554105841,
                1526949.0094640311
              ],
              [
                314723.66261136904,
                1527012.2760655936
              ],
              [
                314713.41602933779,
                1527020.1850011405
              ],
              [
                314693.65162504185,
                1527105.4791905954
              ],
              [
                314733.66261137184,
                1527112.2760655954
              ],
              [
                314733.66261137184,
                1527122.2760655954
              ],
              [
                314743.66261137184,
                1527122.2760655954
              ],
              [
                314737.89356840309,
                1527214.8139073905
              ],
              [
                314749.31202543247,
                1527279.0692784861
              ],
              [
                314813.87745512184,
                1527320.1325109079
              ],
              [
                314833.66261136904,
                1527342.2760655954
              ],
              [
                314820.58888090122,
                1527382.5653722361
              ],
              [
                314708.05592191778,
                1527510.4865148105
              ],
              [
                314651.20533598028,
                1527552.6300695036
              ],
              [
                314688.54298246466,
                1527734.9243810251
              ],
              [
                314698.60523832496,
                1527837.8089025095
              ],
              [
                314736.74244535621,
                1527874.4507482089
              ],
              [
                314773.33058011811,
                1527923.8080480192
              ],
              [
                314790.55348051339,
                1528029.6076085642
              ],
              [
                314788.52467191592,
                1528129.013736492
              ],
              [
                314756.96217191964,
                1528190.2820470389
              ],
              [
                314706.69727934152,
                1528238.5761144217
              ],
              [
                314581.88892973121,
                1528279.076602703
              ],
              [
                314486.92555082403,
                1528277.1387364939
              ],
              [
                314421.03199613839,
                1528243.1940343454
              ],
              [
                314326.74854886904,
                1528134.8627355173
              ],
              [
                314294.69654691778,
                1528068.7940099314
              ],
              [
                314277.09522855654,
                1527978.6347081717
              ],
              [
                314071.90479886904,
                1527942.7088048514
              ],
              [
                313878.76270902716,
                1527907.1759679373
              ],
              [
                313476.9060195731,
                1527838.5553624704
              ],
              [
                313385.30567777809,
                1528372.3383214567
              ],
              [
                314554.89674222842,
                1528639.7296788748
              ],
              [
                314612.44557035714,
                1528669.376285322
              ],
              [
                314670.36305082496,
                1528729.6576573886
              ],
              [
                314708.56251371372,
                1528847.3761632498
              ],
              [
                314765.99171293434,
                1528889.9475743845
              ],
              [
                314815.52174223121,
                1528956.7639806345
              ],
              [
                314828.56251371652,
                1529079.1370275095
              ],
              [
                314808.52100980934,
                1529157.3364903983
              ],
              [
                314838.26832426153,
                1529185.9162023123
              ],
              [
                314878.56251371279,
                1529247.3761632517
              ],
              [
                314898.96290433966,
                1529266.9757726248
              ],
              [
                314920.36305082589,
                1529289.249332197
              ],
              [
                314950.51685941964,
                1529351.4044835623
              ],
              [
                314948.52467191964,
                1529449.0137364902
              ],
              [
                314911.8034805106,
                1529520.2954747751
              ],
              [
                314842.13062894903,
                1529571.9440343454
              ],
              [
                314748.56251371466,
                1529587.1759679411
              ],
              [
                314696.31397855561,
                1529618.8611486033
              ],
              [
                314632.43092191871,
                1529649.8541905973
              ],
              [
                314587.75562894996,
                1529770.0873448905
              ],
              [
                314564.53175199404,
                1529889.0497472361
              ],
              [
                314528.76270902716,
                1530237.3761632498
              ],
              [
                314508.56251371466,
                1530327.1759679373
              ],
              [
                314476.87916410249,
                1530561.2940099314
              ],
              [
                314447.62257230747,
                1530691.3526036795
              ],
              [
                314401.80348051153,
                1530780.2954747733
              ],
              [
                314336.31031644996,
                1530828.8458898161
              ],
              [
                314255.62550199591,
                1530847.1759679392
              ],
              [
                314114.20094144903,
                1530826.5094640348
              ],
              [
                314038.76270902622,
                1530807.1759679373
              ],
              [
                313959.36451566592,
                1530791.6760900095
              ],
              [
                313853.66261137184,
                1530782.2760655917
              ],
              [
                313850.23975980654,
                1530770.0836827848
              ],
              [
                313841.47022855934,
                1530778.8526036832
              ],
              [
                313853.66261137184,
                1530782.2760655917
              ],
              [
                313870.28614652809,
                1530842.7155187204
              ],
              [
                313868.52467191778,
                1530929.0137364939
              ],
              [
                313831.80348051153,
                1531000.2954747733
              ],
              [
                313761.75343168341,
                1531052.2229650095
              ],
              [
                313666.01734769996,
                1531067.1759679392
              ],
              [
                313537.88990629371,
                1531045.3217198923
              ],
              [
                312938.65772855934,
                1530935.0800206736
              ],
              [
                312842.49012602028,
                1531431.3489415683
              ],
              [
                312787.13734281622,
                1531795.3345372751
              ],
              [
                312731.66248929873,
                1532140.0519445017
              ],
              [
                312678.56251371559,
                1532417.1759679392
              ],
              [
                312595.74574125092,
                1532880.1431920622
              ],
              [
                312513.57166898809,
                1533391.9977452811
              ],
              [
                312668.76270902809,
                1533407.1759679355
              ],
              [
                312782.56825102028,
                1533423.8065221366
              ],
              [
                312808.56251371372,
                1533317.1759679392
              ],
              [
                312918.76270902809,
                1532867.3761632498
              ],
              [
                312936.37440336309,
                1532795.1325109079
              ],
              [
                312994.10267484561,
                1532585.2451207694
              ],
              [
                313025.52174223121,
                1532524.2566564158
              ],
              [
                313094.82350004371,
                1532472.8827550467
              ],
              [
                313182.09156644717,
                1532447.3761632498
              ],
              [
                313340.90992582124,
                1532467.6761510428
              ],
              [
                313420.05299222842,
                1532508.4467198905
              ],
              [
                313481.86207426153,
                1532591.8265416697
              ],
              [
                313504.67335355934,
                1532708.6798741911
              ],
              [
                313521.09058988653,
                1532943.5330846366
              ],
              [
                313507.38453519717,
                1533319.4769933298
              ],
              [
                313538.46241606027,
                1533272.0761754569
              ],
              [
                313582.57984769903,
                1533206.9928624704
              ],
              [
                313689.19850003999,
                1533137.0905187204
              ],
              [
                313713.46241605934,
                1533087.0761754587
              ],
              [
                313731.96217191685,
                1533051.1643102244
              ],
              [
                313810.63648832496,
                1532975.57593132
              ],
              [
                313874.91016996466,
                1532944.3933751658
              ],
              [
                313984.01783598028,
                1532901.3590123747
              ],
              [
                314058.69801176153,
                1532838.6676671598
              ],
              [
                314119.54151762091,
                1532775.3409459665
              ],
              [
                314117.74464262091,
                1532687.2760655917
              ],
              [
                314118.95558011811,
                1532627.9285314176
              ],
              [
                314108.56251371559,
                1532587.3761632517
              ],
              [
                314098.76270902716,
                1532415.9900548514
              ],
              [
                314145.61573637184,
                1532300.4798009451
              ],
              [
                314123.46241605841,
                1532257.4762609079
              ],
              [
                314105.82935941685,
                1532221.1292150076
              ],
              [
                314108.80055082217,
                1532075.538394697
              ],
              [
                314142.48097074404,
                1532010.157535322
              ],
              [
                314236.96339262091,
                1531897.6068761423
              ],
              [
                314252.05860746372,
                1531727.8644445017
              ],
              [
                314293.5173476981,
                1531625.6537511405
              ],
              [
                314310.81593168247,
                1531466.4411046579
              ],
              [
                314361.04176176153,
                1531383.6176183298
              ],
              [
                314417.01466215309,
                1531329.8389318045
              ],
              [
                314468.56251371559,
                1531257.1759679429
              ],
              [
                314498.76270902622,
                1531217.3761632517
              ],
              [
                314545.18238676153,
                1531154.7565343454
              ],
              [
                314567.12940824777,
                1531109.5184972323
              ],
              [
                314511.62891996466,
                1531027.6428868826
              ],
              [
                314485.88673246372,
                1530948.3124425467
              ],
              [
                314489.07154691778,
                1530792.2241857108
              ],
              [
                314548.88722074777,
                1530653.9758946951
              ],
              [
                314607.90211332217,
                1530551.5058019236
              ],
              [
                314721.26148832496,
                1530424.5777013376
              ],
              [
                314842.23560941592,
                1530324.503238447
              ],
              [
                314938.22804105934,
                1530277.9321935214
              ],
              [
                314957.19654691871,
                1530258.1903722361
              ],
              [
                314969.60011137277,
                1530093.3985021189
              ],
              [
                315010.36305082496,
                1530014.2700841501
              ],
              [
                315064.75147855841,
                1529962.0136144217
              ],
              [
                315078.56251371466,
                1529877.1759679373
              ],
              [
                315100.31666410342,
                1529802.0069005545
              ],
              [
                315141.16261137184,
                1529722.7173497733
              ],
              [
                315215.49000394996,
                1529651.3043859061
              ],
              [
                315228.56251371559,
                1529635.6116368826
              ],
              [
                315188.36231840216,
                1529557.5763585642
              ],
              [
                315164.65382230561,
                1529508.7067296561
              ],
              [
                315168.80055082589,
                1529305.5383946951
              ],
              [
                315201.56300199777,
                1529241.9409825876
              ],
              [
                315270.63648832496,
                1529175.576236492
              ],
              [
                315332.79102933686,
                1529145.4218175467
              ],
              [
                315430.39967191685,
                1529147.4133946933
              ],
              [
                315510.05299223028,
                1529188.4467198923
              ],
              [
                315577.07691800967,
                1529278.861758953
              ],
              [
                315636.93897855654,
                1529323.2373693045
              ],
              [
                315700.3630508231,
                1529389.2493321933
              ],
              [
                315731.10523832217,
                1529452.6160314139
              ],
              [
                315728.52467191685,
                1529579.0137364939
              ],
              [
                315689.64771879278,
                1529654.4806554392
              ],
              [
                315601.55445707496,
                1529719.7840001658
              ],
              [
                315549.16309965402,
                1529827.7759435233
              ],
              [
                315516.56300199497,
                1529891.0584142264
              ],
              [
                315448.71388090122,
                1529956.2464025058
              ],
              [
                315425.07740629371,
                1530101.4411046561
              ],
              [
                315358.56251371559,
                1530207.1759679392
              ],
              [
                315346.81690824684,
                1530351.2360265329
              ],
              [
                315288.56251371186,
                1530437.1759679392
              ],
              [
                315257.97779691592,
                1530519.486758953
              ],
              [
                315230.01148832217,
                1530573.7763097361
              ],
              [
                315141.01246488839,
                1530632.1259191073
              ],
              [
                315039.64771879092,
                1530648.6273839548
              ],
              [
                314937.4284805106,
                1530738.5498693045
              ],
              [
                314872.33936918341,
                1530848.1958654001
              ],
              [
                314934.60377347935,
                1530940.0507237986
              ],
              [
                314948.56251371652,
                1531031.0974767283
              ],
              [
                314928.16212308966,
                1531210.6976964548
              ],
              [
                314897.19288481027,
                1531301.1762120798
              ],
              [
                314812.67140043434,
                1531425.8679845389
              ],
              [
                314758.56251371466,
                1531497.1759679392
              ],
              [
                314720.52540433872,
                1531555.1917150076
              ],
              [
                314678.56251371559,
                1531607.1759679411
              ],
              [
                314667.62257230747,
                1531741.3526036832
              ],
              [
                314619.70020902716,
                1531834.3787267264
              ],
              [
                314608.62965238653,
                1531958.8776280936
              ],
              [
                314588.09254300967,
                1532039.0112950895
              ],
              [
                314514.93214262184,
                1532159.6521642245
              ],
              [
                314528.76270902716,
                1532227.1759679392
              ],
              [
                314538.56251371279,
                1532299.1370275076
              ],
              [
                314510.22022855747,
                1532409.7254064158
              ],
              [
                314628.56251371466,
                1532377.1759679373
              ],
              [
                314678.76270902529,
                1532367.3761632517
              ],
              [
                314808.56251371372,
                1532327.1759679373
              ],
              [
                314888.76270902529,
                1532317.3761632517
              ],
              [
                314924.76734769903,
                1532305.0525548495
              ],
              [
                315057.71534574404,
                1532221.4179112967
              ],
              [
                315083.46241605747,
                1532142.0758702829
              ],
              [
                315098.76270902716,
                1532097.3761632517
              ],
              [
                315120.24220121466,
                1531912.7393224314
              ],
              [
                315151.56300199684,
                1531851.9409825858
              ],
              [
                315220.63648832403,
                1531785.576236492
              ],
              [
                315282.79102934059,
                1531755.4218175467
              ],
              [
                315380.39967191592,
                1531757.413394697
              ],
              [
                315456.58375394717,
                1531796.6596105173
              ],
              [
                315483.66261137091,
                1531842.2760655954
              ],
              [
                315479.03492582496,
                1531867.647769697
              ],
              [
                315460.09693754092,
                1531936.8433263376
              ],
              [
                315446.99146879278,
                1532070.1178624704
              ],
              [
                315467.09766996279,
                1532136.9006993845
              ],
              [
                315499.03492582496,
                1532156.904361492
              ],
              [
                315512.26246488653,
                1532186.5485265311
              ],
              [
                315543.66261136997,
                1532192.2760655936
              ]
            ],
            [
              [
                314656.20045316592,
                1534680.5011632498
              ],
              [
                314668.56251371559,
                1534617.1759679373
              ],
              [
                314679.37428129371,
                1534574.9881627616
              ],
              [
                314764.44630277716,
                1534449.4864537772
              ],
              [
                314782.26124418247,
                1534358.2327916678
              ],
              [
                314821.16261136997,
                1534282.7173497751
              ],
              [
                314893.42579496559,
                1534213.2883336619
              ],
              [
                314865.12745511997,
                1534115.5054357126
              ],
              [
                314868.80177152902,
                1533935.4587438144
              ],
              [
                314914.22657621279,
                1533778.4958531931
              ],
              [
                314898.56251371559,
                1533717.3761632517
              ],
              [
                314888.72486723028,
                1533546.5137364939
              ],
              [
                314858.36231840029,
                1533487.5760533884
              ],
              [
                314836.41651762091,
                1533442.3401525076
              ],
              [
                314838.81275785528,
                1533324.926212078
              ],
              [
                314888.24635160435,
                1533228.9655187204
              ],
              [
                314907.23805082217,
                1533170.4416539725
              ],
              [
                314929.15455472842,
                1533116.4084508494
              ],
              [
                314928.17677152809,
                1533068.4903600272
              ],
              [
                314825.0114883231,
                1533054.0881993864
              ],
              [
                314813.66261137091,
                1533042.2760655936
              ],
              [
                314778.56251371559,
                1533047.1759679373
              ],
              [
                314715.16041410435,
                1533100.4001500681
              ],
              [
                314620.71217191499,
                1533162.32275749
              ],
              [
                314526.80225980934,
                1533177.1759679355
              ],
              [
                314448.74806058872,
                1533157.172305828
              ],
              [
                314336.69117582124,
                1533159.4592931326
              ],
              [
                314280.26295316685,
                1533144.9979283884
              ],
              [
                314234.26319730934,
                1533192.8760411795
              ],
              [
                314186.69727933966,
                1533238.5761144236
              ],
              [
                314098.56251371279,
                1533267.1759679373
              ],
              [
                314083.31837309059,
                1533329.7095372751
              ],
              [
                314037.4919570731,
                1533418.6664464548
              ],
              [
                313952.13062894903,
                1533481.9440343436
              ],
              [
                313855.62061918247,
                1533497.6550939139
              ],
              [
                313818.76270902622,
                1533547.3761632498
              ],
              [
                313756.05763090402,
                1533620.0803258494
              ],
              [
                313738.76270902436,
                1533659.5288732108
              ],
              [
                313758.76270902716,
                1533757.1759679392
              ],
              [
                313768.97144926153,
                1533851.1386754569
              ],
              [
                314161.45558012277,
                1534041.5518834647
              ],
              [
                314279.89185941778,
                1534121.8338658884
              ],
              [
                314414.21681058966,
                1534284.2117955741
              ],
              [
                314494.78687894996,
                1534466.8076207712
              ],
              [
                314511.40308988467,
                1534551.923892742
              ],
              [
                314528.69679105934,
                1534728.754031904
              ],
              [
                314656.20045316592,
                1534680.5011632498
              ]
            ],
            [
              [
                311940.63587796967,
                1533678.9761998728
              ],
              [
                311900.36244046967,
                1533640.2820470408
              ],
              [
                311868.7999404734,
                1533579.0134313144
              ],
              [
                311866.80836332217,
                1533481.4047887381
              ],
              [
                311896.96278226934,
                1533419.2496373728
              ],
              [
                311935.65662992559,
                1533378.9761998728
              ],
              [
                311993.23170316592,
                1533349.3161656912
              ],
              [
                312086.77967680059,
                1533336.2567784879
              ],
              [
                312113.86280668527,
                1533177.4759557303
              ],
              [
                312171.61244047247,
                1532822.7261998728
              ],
              [
                312268.76270902902,
                1532267.3761632498
              ],
              [
                312328.46241605841,
                1531922.0758702829
              ],
              [
                312395.66334379371,
                1531537.9291417636
              ],
              [
                312295.87025296967,
                1531535.8923986033
              ],
              [
                312214.69593656529,
                1532057.8211095389
              ],
              [
                312155.16285551153,
                1532148.6243321989
              ],
              [
                312080.40028227028,
                1532187.1387364957
              ],
              [
                311982.79102933966,
                1532189.1303136423
              ],
              [
                311920.63587797154,
                1532158.975894697
              ],
              [
                311880.36244047154,
                1532120.2820470408
              ],
              [
                311848.79994047061,
                1532059.0137364939
              ],
              [
                311846.93897855654,
                1531967.8113439158
              ],
              [
                311922.78370512091,
                1531471.0394933298
              ],
              [
                311908.56251371372,
                1531457.3761632517
              ],
              [
                311903.66261137091,
                1531452.2760655917
              ],
              [
                311855.78663480747,
                1531457.4774816111
              ],
              [
                311772.01405180059,
                1532033.8043859079
              ],
              [
                311718.56251371466,
                1532347.1759679373
              ],
              [
                311638.76270902716,
                1532817.3761632517
              ],
              [
                311628.56251371466,
                1532877.1759679392
              ],
              [
                311548.76270902529,
                1533347.3761632498
              ],
              [
                311533.46241606027,
                1533437.0761754625
              ],
              [
                311518.76270902716,
                1533557.3761632498
              ],
              [
                311448.56251371559,
                1534127.1759679373
              ],
              [
                311424.06239164341,
                1534327.6761510447
              ],
              [
                311388.90186918341,
                1534602.7588536795
              ],
              [
                311476.92494047061,
                1534557.4136998728
              ],
              [
                311573.46546781715,
                1534555.443485029
              ],
              [
                311744.58424222935,
                1534634.8065831717
              ],
              [
                311718.76270902902,
                1534517.1759679411
              ],
              [
                311678.76270902809,
                1534384.9906041678
              ],
              [
                311695.93922269717,
                1534301.1847569998
              ],
              [
                311745.64320219215,
                1534234.1345861033
              ],
              [
                311810.56629789434,
                1534200.6891515311
              ],
              [
                311927.93812406808,
                1534177.7759435251
              ],
              [
                311948.12977445405,
                1534158.3759191092
              ],
              [
                311949.34010160528,
                1534099.076602703
              ],
              [
                311746.00147855841,
                1534062.5418737028
              ],
              [
                311659.71180570405,
                1533998.5761144236
              ],
              [
                311599.37489164341,
                1533909.5639684275
              ],
              [
                311578.76270902809,
                1533829.1367223337
              ],
              [
                311597.44190824497,
                1533749.1577794608
              ],
              [
                311645.64320219215,
                1533684.1345861014
              ],
              [
                311716.9249404734,
                1533647.4136998728
              ],
              [
                311814.53419340216,
                1533645.4215123709
              ],
              [
                311858.96290433966,
                1533666.9760778006
              ],
              [
                311932.22096097935,
                1533716.6342809275
              ],
              [
                312022.03663481027,
                1533718.4674718492
              ],
              [
                311940.63587796967,
                1533678.9761998728
              ]
            ],
            [
              [
                313397.00367582403,
                1534125.6168248709
              ],
              [
                313361.42872465216,
                1534170.0415685233
              ],
              [
                313314.14600980561,
                1534207.9044225272
              ],
              [
                313338.54176176246,
                1534238.3685948905
              ],
              [
                313404.88453520089,
                1534185.3092076853
              ],
              [
                313504.32911527809,
                1534148.5446813181
              ],
              [
                313418.10963285714,
                1534117.8290441092
              ],
              [
                313413.66261137184,
                1534112.2760655973
              ],
              [
                313397.00367582403,
                1534125.6168248709
              ]
            ],
            [
              [
                312447.92286527716,
                1533787.7908971384
              ],
              [
                312397.62745512091,
                1534082.6593663767
              ],
              [
                312458.65406644903,
                1534107.4130895212
              ],
              [
                312546.40980375372,
                1534077.3761632517
              ],
              [
                312638.76270902716,
                1534087.1759679373
              ],
              [
                312739.52137602028,
                1534104.3622472342
              ],
              [
                312736.80836332403,
                1533971.4047887381
              ],
              [
                312758.36231840309,
                1533926.9760778006
              ],
              [
                312802.19593656715,
                1533862.3108556345
              ],
              [
                312713.86280668154,
                1533832.0761754587
              ],
              [
                312458.56251371559,
                1533787.3761632498
              ],
              [
                312453.66261137091,
                1533782.2760655936
              ],
              [
                312447.92286527716,
                1533787.7908971384
              ]
            ],
            [
              [
                312576.84437406622,
                1536493.0181005076
              ],
              [
                312609.46278226934,
                1536408.1683995798
              ],
              [
                312642.32227933779,
                1536371.3921239432
              ],
              [
                312697.48158109561,
                1536331.3612248953
              ],
              [
                312729.46278226934,
                1536248.1683995817
              ],
              [
                312757.81910550967,
                1536216.4322545603
              ],
              [
                312794.79298246466,
                1536183.3965184763
              ],
              [
                312679.72401273809,
                1536078.5976293143
              ],
              [
                312568.27198637091,
                1535992.2270848807
              ],
              [
                312488.38123930153,
                1535967.5572850779
              ],
              [
                312483.66261136904,
                1535962.2760655936
              ],
              [
                312379.1759170359,
                1535967.4506261405
              ],
              [
                312304.64954984561,
                1536001.6559484061
              ],
              [
                312279.24854887184,
                1536072.4483373221
              ],
              [
                312277.67445219122,
                1536098.8504674509
              ],
              [
                312294.19361723121,
                1536204.8573949393
              ],
              [
                312347.78065336216,
                1536321.6129949149
              ],
              [
                312413.83595121652,
                1536412.6319005545
              ],
              [
                312555.00233305153,
                1536533.2128789499
              ],
              [
                312576.84437406622,
                1536493.0181005076
              ]
            ],
            [
              [
                311940.64137113746,
                1530854.3408849295
              ],
              [
                311910.39845121559,
                1531076.3538243826
              ],
              [
                311988.90370023809,
                1531079.4653966483
              ],
              [
                312022.04334867373,
                1530889.1455724332
              ],
              [
                311959.91932523716,
                1530849.0289952829
              ],
              [
                311953.66261137184,
                1530842.2760655936
              ],
              [
                311940.64137113746,
                1530854.3408849295
              ]
            ],
            [
              [
                313633.66261137184,
                1530672.2760655954
              ],
              [
                313637.08546293527,
                1530684.4684484079
              ],
              [
                313645.85499418434,
                1530675.6995275095
              ],
              [
                313633.66261137184,
                1530672.2760655954
              ],
              [
                313608.85304105934,
                1530582.7612950839
              ],
              [
                313618.47218168154,
                1530497.0856359079
              ],
              [
                313648.47218168434,
                1530306.2940099332
              ],
              [
                313529.96143949777,
                1530284.2999913767
              ],
              [
                313466.02100981027,
                1530647.8858068045
              ],
              [
                313578.47218168527,
                1530667.4664952829
              ],
              [
                313633.66261137184,
                1530672.2760655954
              ]
            ],
            [
              [
                312605.13600004371,
                1530319.6271398142
              ],
              [
                312578.29090726841,
                1530307.647769697
              ],
              [
                312573.66261137091,
                1530302.2760655954
              ],
              [
                312507.28748930059,
                1530306.9751622751
              ],
              [
                312476.82118070591,
                1530475.0098302439
              ],
              [
                312577.68849027809,
                1530490.6574132498
              ],
              [
                312605.13600004371,
                1530319.6271398142
              ]
            ],
            [
              [
                314089.43043363839,
                1529992.1149327811
              ],
              [
                314162.78614652809,
                1529998.009097822
              ],
              [
                314182.17701566778,
                1529782.7686193064
              ],
              [
                314148.29029691964,
                1529767.6477696951
              ],
              [
                314143.66261137091,
                1529762.2760655936
              ],
              [
                314125.43507230747,
                1529767.7637364939
              ],
              [
                314089.43043363839,
                1529992.1149327811
              ]
            ],
            [
              [
                313776.03443754371,
                1529562.500064617
              ],
              [
                313698.56251371372,
                1529547.3761632498
              ],
              [
                313693.66261137091,
                1529542.2760655954
              ],
              [
                313657.7751601981,
                1529547.2858312204
              ],
              [
                313597.17579496279,
                1529902.5604894236
              ],
              [
                313718.06812894717,
                1529920.2265050467
              ],
              [
                313776.03443754371,
                1529562.500064617
              ]
            ],
            [
              [
                313286.36524808779,
                1529479.4641759451
              ],
              [
                313248.47218168061,
                1529467.4664952811
              ],
              [
                313243.66261137091,
                1529462.2760655936
              ],
              [
                313196.38111722935,
                1529468.7378575876
              ],
              [
                313173.29273832496,
                1529556.8524816129
              ],
              [
                313125.19947660342,
                1529825.3552892264
              ],
              [
                313225.44483793434,
                1529829.3286779001
              ],
              [
                313286.36524808779,
                1529479.4641759451
              ]
            ],
            [
              [
                312763.88905180153,
                1529385.7392003592
              ],
              [
                312688.56251371372,
                1529367.3761632498
              ],
              [
                312683.66261137091,
                1529362.2760655954
              ],
              [
                312669.76246488653,
                1529375.6311681345
              ],
              [
                312610.05360258184,
                1529725.6903722398
              ],
              [
                312706.14735257998,
                1529742.0813634451
              ],
              [
                312763.88905180153,
                1529385.7392003592
              ]
            ],
            [
              [
                312298.47218168434,
                1529307.3682286795
              ],
              [
                312278.85304105934,
                1529297.0856359061
              ],
              [
                312228.47218168527,
                1529287.4664952811
              ],
              [
                312223.66261137091,
                1529282.2760655936
              ],
              [
                312180.36183012184,
                1529288.1940343454
              ],
              [
                312122.32777250186,
                1529644.845035322
              ],
              [
                312238.90370023623,
                1529649.4653966501
              ],
              [
                312298.47218168434,
                1529307.3682286795
              ]
            ],
            [
              [
                314213.71632230841,
                1529255.0617101248
              ],
              [
                314347.95216215216,
                1529279.3994786814
              ],
              [
                314363.70655668247,
                1529163.1860997751
              ],
              [
                314340.99781644903,
                1529014.1657140329
              ],
              [
                314268.29029691964,
                1528997.647769697
              ],
              [
                314263.66261137091,
                1528992.2760655917
              ],
              [
                314255.22389066871,
                1528999.5465734061
              ],
              [
                314213.71632230841,
                1529255.0617101248
              ]
            ],
            [
              [
                313885.89405668434,
                1528913.5266759451
              ],
              [
                313818.47218168341,
                1528897.4664952829
              ],
              [
                313813.66261137091,
                1528892.2760655954
              ],
              [
                313770.92945707403,
                1528898.1165196951
              ],
              [
                313723.52955472935,
                1529170.3272130545
              ],
              [
                313841.91944730747,
                1529187.9810216483
              ],
              [
                313885.89405668434,
                1528913.5266759451
              ]
            ],
            [
              [
                313402.64088285528,
                1528808.284366373
              ],
              [
                313368.47218168341,
                1528797.4664952811
              ],
              [
                313363.66261137091,
                1528792.2760655936
              ],
              [
                313311.32374418154,
                1528797.8461339548
              ],
              [
                313258.85304105934,
                1529090.7868077829
              ],
              [
                313351.89503324591,
                1529099.7138097342
              ],
              [
                313402.64088285528,
                1528808.284366373
              ]
            ],
            [
              [
                312886.74732816685,
                1528696.2573888358
              ],
              [
                312828.56251371186,
                1528677.3761632498
              ],
              [
                312823.66261136904,
                1528672.2760655954
              ],
              [
                312790.28919828497,
                1528678.7909581736
              ],
              [
                312734.40174711403,
                1528993.0206944998
              ],
              [
                312831.03443754278,
                1529009.5032384451
              ],
              [
                312886.74732816685,
                1528696.2573888358
              ]
            ],
            [
              [
                312422.20631254371,
                1528588.0152013376
              ],
              [
                312338.87501371466,
                1528567.7008702829
              ],
              [
                312333.66261136811,
                1528562.2760655936
              ],
              [
                312302.95765531715,
                1528568.2703282908
              ],
              [
                312245.25318754185,
                1528906.5772130545
              ],
              [
                312362.00611723028,
                1528926.4917638376
              ],
              [
                312422.20631254371,
                1528588.0152013376
              ]
            ],
            [
              [
                304761.44856107887,
                1527542.5617101286
              ],
              [
                304850.01316679176,
                1527481.6187169626
              ],
              [
                304938.85319364723,
                1527467.4664952811
              ],
              [
                305048.47202909552,
                1527367.0856359079
              ],
              [
                305123.36094510835,
                1527314.2890050486
              ],
              [
                305098.85319364816,
                1527220.7575109079
              ],
              [
                305116.48747099191,
                1527140.6915929373
              ],
              [
                305164.70585477818,
                1527074.9530675467
              ],
              [
                305215.04719388857,
                1527048.3148839548
              ],
              [
                305338.14381254371,
                1527004.1315343454
              ],
              [
                305350.09785307106,
                1526891.8097570017
              ],
              [
                305382.69459379371,
                1526830.2069737986
              ],
              [
                305351.67835844215,
                1526724.2609288748
              ],
              [
                305343.66261137184,
                1526682.2760655954
              ],
              [
                305333.28129423317,
                1526691.8952062204
              ],
              [
                305309.2345107859,
                1526717.8473546561
              ],
              [
                305271.834913617,
                1526752.5006749704
              ],
              [
                305235.49030912481,
                1526802.0514562204
              ],
              [
                305208.47202909645,
                1526827.0856359061
              ],
              [
                305177.01649320778,
                1526907.8632237967
              ],
              [
                305125.67692411412,
                1526963.2733800486
              ],
              [
                305078.18653715216,
                1526988.4027745817
              ],
              [
                304714.82746732887,
                1527116.5155675486
              ],
              [
                304648.0630935505,
                1527127.1503331754
              ],
              [
                304652.11460722052,
                1527229.3671300486
              ],
              [
                304634.04392851144,
                1527267.6569249723
              ],
              [
                304613.28129423223,
                1527306.8945958689
              ],
              [
                304573.04691922944,
                1527392.1478917692
              ],
              [
                304543.43815458473,
                1527424.1034581754
              ],
              [
                304492.75868070778,
                1527461.2763097361
              ],
              [
                304475.56812894903,
                1527576.5589025095
              ],
              [
                304523.66261137091,
                1527578.4650304373
              ],
              [
                304598.66261136997,
                1527575.492618328
              ],
              [
                304669.65641629975,
                1527578.3063390348
              ],
              [
                304761.44856107887,
                1527542.5617101286
              ]
            ],
            [
              [
                306439.39686429873,
                1527297.5604894217
              ],
              [
                306463.05653226934,
                1527326.5418126658
              ],
              [
                306507.10468900856,
                1527312.2754552439
              ],
              [
                306487.92835844215,
                1527298.0109288748
              ],
              [
                306483.66261137184,
                1527292.2760655936
              ],
              [
                306439.39686429873,
                1527297.5604894217
              ]
            ],
            [
              [
                303643.66261137091,
                1527802.2760655954
              ],
              [
                303698.10948026832,
                1527786.723087078
              ],
              [
                303760.00820768252,
                1527777.7136876658
              ],
              [
                303728.10948026646,
                1527737.8290441111
              ],
              [
                303685.93525541481,
                1527677.8290441111
              ],
              [
                303668.10948026739,
                1527696.7230870798
              ],
              [
                303659.21574247349,
                1527737.8290441111
              ],
              [
                303648.1094802646,
                1527776.723087078
              ],
              [
                303643.66261137091,
                1527802.2760655954
              ],
              [
                303631.47038114537,
                1527805.6995275095
              ],
              [
                303640.23930204567,
                1527814.4684484079
              ],
              [
                303643.66261137091,
                1527802.2760655954
              ]
            ],
            [
              [
                307523.66261137277,
                1526622.2760655936
              ],
              [
                307511.47022856027,
                1526625.6989171579
              ],
              [
                307520.23945463169,
                1526634.4684484117
              ],
              [
                307523.66261137277,
                1526622.2760655936
              ],
              [
                307535.85499418061,
                1526618.8532140311
              ],
              [
                307527.08576810919,
                1526610.0836827811
              ],
              [
                307523.66261137277,
                1526622.2760655936
              ]
            ],
            [
              [
                305183.03867948428,
                1526108.1732823942
              ],
              [
                305199.38221586216,
                1526183.7116124704
              ],
              [
                305221.79768216982,
                1526165.7611730155
              ],
              [
                305203.66261137091,
                1526102.2760655936
              ],
              [
                305183.03867948428,
                1526108.1732823942
              ]
            ],
            [
              [
                313549.77100981027,
                1527357.9578282926
              ],
              [
                313547.54200590309,
                1527467.2022130545
              ],
              [
                313958.76270902436,
                1527537.1759679392
              ],
              [
                314277.50904691964,
                1527595.8161046561
              ],
              [
                314250.56202543341,
                1527540.2741124686
              ],
              [
                314200.89161527436,
                1527488.5761144236
              ],
              [
                314178.76270902902,
                1527477.1759679392
              ],
              [
                314056.27125394717,
                1527432.9370763358
              ],
              [
                313959.02393949684,
                1527367.0178868845
              ],
              [
                313870.91602933779,
                1527397.1759679373
              ],
              [
                313745.62550199684,
                1527380.2057530954
              ],
              [
                313618.56251371466,
                1527357.3761632498
              ],
              [
                313613.66261137184,
                1527352.2760655954
              ],
              [
                313549.77100981027,
                1527357.9578282926
              ]
            ],
            [
              [
                313633.66261137184,
                1522942.2760655973
              ],
              [
                313621.47022855934,
                1522945.6989171561
              ],
              [
                313630.23975980654,
                1522954.4684484098
              ],
              [
                313633.66261137184,
                1522942.2760655973
              ],
              [
                313688.19996488653,
                1522926.8134191111
              ],
              [
                313758.19996488746,
                1522916.3873937223
              ],
              [
                313748.97144926339,
                1522865.9711339548
              ],
              [
                313648.38673246372,
                1522855.7184484061
              ],
              [
                313633.66261137184,
                1522942.2760655973
              ]
            ]
          ]
        ]
      },
      "properties" : {
        "OBJECTID" : 4,
        "gridcode" : 5,
        "Shape_Length" : 139709.73481590382,
        "Shape_Area" : 49353438.878697671
      }
    }
  ]
}